識別碼,案件編號,交通事故主表,縣市識別碼,縣市代碼,所屬縣市簡碼,鄉縣市區識別碼,村里識別碼,里代碼,事故類(A1、A2...An),處理單位代碼,案件時間(西元),案件時間(民國),發生地點,死亡人數,受傷人數(含2~30日內死亡),天氣識別碼,光線識別碼,道路類別識別碼,速限,道路型態識別碼,事故位置識別碼,路面鋪裝識別碼,路面狀態識別碼,路面缺陷識別碼,障礙物視距識別碼,視距識別碼,號誌種類識別碼,號誌動作識別碼,車道劃分設施-分向設施識別碼,快車道或一般車道間識別碼,快慢車道間識別碼,路面邊線識別碼,事故類型及型態識別碼,緯度,經度,本平台資料更新時間(yyyy-MM-dd HH:mm:ss),資料代表時間(yyyy-MM-dd HH:mm:ss),資料代表日期(yyyy-MM-dd)
3017405,10610AB591B0172,10610AB591B0172,15,66000,TXG,233,2400,66000080008,2,,2017-10-02 19:50:00,10610021950,臺中市北屯區水景里環中東路景中巷附近景中巷,0,1,111,114,120,50,126,141,163,172,176,181,188,189,193,197,208,216,218,231,0.0,0.0,2019-05-29 12:05:03,2017-10-02 19:50:00,2017-10-02
2954304,10610AB795B0247,10610AB795B0247,15,66000,TXG,240,2087,66000180006,2,,2017-10-02 09:10:00,10610020910,臺中市大雅區橫山里永和路振興路,0,1,111,112,120,50,134,148,163,172,176,181,188,192,196,201,211,215,217,235,24.2100130127366,120.63022426547,2019-05-29 12:05:03,2017-10-02 09:10:00,2017-10-02
3017444,10610AB795B0254,10610AB795B0254,15,66000,TXG,240,2091,66000180011,2,,2017-10-02 21:05:00,10610022105,臺中市大雅區四德里學府路120巷口附近口,0,2,111,114,120,50,127,141,163,172,176,181,188,192,196,206,211,216,218,230,24.2227052754804,120.649813940104,2019-05-29 12:05:03,2017-10-02 21:05:00,2017-10-02
2954381,10610AB794B0242,10610AB794B0242,15,66000,TXG,238,2041,66000160005,2,,2017-10-02 10:58:00,10610021058,臺中市神岡區社口里八德路520號,0,1,111,112,120,40,126,149,163,172,176,181,188,192,196,206,211,216,217,234,24.2517819287228,120.678024481449,2019-05-29 12:05:03,2017-10-02 10:58:00,2017-10-02
2954256,10610AB691B0189,10610AB691B0189,15,66000,TXG,232,2372,66000060020,2,,2017-10-02 08:20:00,10610020820,臺中市西屯區協和里工業區二十八路28-177樹牌附近28-177樹牌,0,1,111,112,120,50,137,147,163,172,176,181,188,192,196,201,210,215,218,234,24.1740257137757,120.586963250545,2019-05-29 12:05:03,2017-10-02 08:20:00,2017-10-02
2954363,10610AB891B0200,10610AB891B0200,15,66000,TXG,247,2242,66000280006,2,,2017-10-02 10:30:00,10610021030,臺中市大里區日新里福大路11號,0,1,111,112,120,40,127,141,163,172,176,181,188,192,196,206,211,216,218,236,24.1202728223608,120.693217442321,2019-05-29 12:05:03,2017-10-02 10:30:00,2017-10-02
2954378,10610AB691B0190,10610AB691B0190,15,66000,TXG,232,2008,66000060009,2,,2017-10-02 10:50:00,10610021050,臺中市西屯區何安里臺灣大道文心路,0,1,111,112,120,50,127,141,163,172,176,181,188,189,193,201,211,212,218,234,0.0,0.0,2019-05-29 12:05:03,2017-10-02 10:50:00,2017-10-02
2954506,10610AB191B0151,10610AB191B0151,15,66000,TXG,230,2297,66000040001,2,,2017-10-02 13:35:00,10610021335,臺中市西區民生里自由路近民生路附近近民生路,0,1,111,112,120,50,137,149,163,172,176,181,188,192,196,200,210,216,218,230,24.1430347587148,120.548463048527,2019-05-29 12:05:03,2017-10-02 13:35:00,2017-10-02
2954193,10610AB691B0195,10610AB691B0195,15,66000,TXG,232,2321,66000060036,2,,2017-10-02 07:40:00,10610020740,臺中市西屯區福聯里臺灣大道四段1762巷西屯區02497燈桿附近西屯區02497燈桿,0,1,111,112,120,50,126,141,163,172,176,181,188,192,196,206,211,216,218,236,0.0,0.0,2019-05-29 12:05:03,2017-10-02 07:40:00,2017-10-02
2954710,10610AB191B0147,10610AB191B0147,15,66000,TXG,230,2304,66000040008,2,,2017-10-02 17:35:00,10610021735,臺中市西區藍興里三民西路三民路,0,2,111,112,120,50,128,141,163,172,176,181,188,189,193,206,211,216,218,235,24.1320324152747,120.668813014334,2019-05-29 12:05:03,2017-10-02 17:35:00,2017-10-02
2954313,10610AB391B0159,10610AB391B0159,15,66000,TXG,229,2287,66000030013,2,,2017-10-02 09:20:00,10610020920,臺中市南區樹德里復興北路大慶街二段,0,1,111,112,120,40,127,142,163,172,176,181,188,189,193,206,211,216,218,230,24.1158133009107,120.650308698776,2019-05-29 12:05:03,2017-10-02 09:20:00,2017-10-02
2954314,10610AB691B0183,10610AB691B0183,15,66000,TXG,232,2002,66000060003,2,,2017-10-02 09:20:00,10610020920,臺中市西屯區潮洋里朝馬路與朝貴路附近與朝貴路,0,2,111,112,120,50,127,141,163,172,176,181,188,189,193,201,210,215,218,230,24.1695700179881,120.63473854124,2019-05-29 12:05:03,2017-10-02 09:20:00,2017-10-02
3017357,10610AB891B0196,10610AB891B0196,15,66000,TXG,247,2255,66000280014,2,,2017-10-02 18:50:00,10610021850,臺中市大里區仁化里中興路一段418號,0,1,111,114,120,40,137,147,163,172,176,181,188,192,196,197,210,216,218,231,24.092286248385,120.690802464987,2019-05-29 12:05:03,2017-10-02 18:50:00,2017-10-02
3017445,10610AB191B0149,10610AB191B0149,15,66000,TXG,230,2333,66000040016,2,,2017-10-02 21:07:00,10610022107,臺中市西區忠明里健行路與博館路口附近與博館路口,0,1,111,114,120,50,127,141,163,172,176,181,188,189,193,206,211,216,218,235,24.1591914350802,120.669165248205,2019-05-29 12:05:03,2017-10-02 21:07:00,2017-10-02
3017387,10610AB891B0197,10610AB891B0197,15,66000,TXG,247,2261,66000280020,2,,2017-10-02 19:27:00,10610021927,臺中市大里區西湖里草溪東路草湖路,0,1,111,114,120,50,126,142,163,172,176,181,188,189,193,206,211,216,218,235,24.074734380417,120.692589103759,2019-05-29 12:05:03,2017-10-02 19:27:00,2017-10-02
2954623,10610AB891B0203,10610AB891B0203,15,66000,TXG,247,2255,66000280014,2,,2017-10-02 16:10:00,10610021610,臺中市大里區仁化里工業路21巷,0,1,111,113,120,50,127,141,163,172,176,181,188,189,193,206,211,216,218,234,24.0996919590514,120.71593615354,2019-05-29 12:05:03,2017-10-02 16:10:00,2017-10-02
3017511,10610AB591B0176,10610AB591B0176,15,66000,TXG,233,2412,66000080040,2,,2017-10-02 23:20:00,10610022320,臺中市北屯區平昌里北平路柳陽東街,0,1,111,114,120,50,128,141,163,172,176,181,188,192,196,206,211,216,218,234,0.0,0.0,2019-05-29 12:05:03,2017-10-02 23:20:00,2017-10-02
2954379,10610AB191B0144,10610AB191B0144,15,66000,TXG,230,2332,66000040015,2,,2017-10-02 10:50:00,10610021050,臺中市西區昇平里英才路民生路附近民生路,0,1,111,112,120,50,127,142,163,172,176,181,188,189,193,201,208,215,218,231,24.1443370467621,120.665235285048,2019-05-29 12:05:03,2017-10-02 10:50:00,2017-10-02
2954644,10610AB795B0261,10610AB795B0261,15,66000,TXG,240,2084,66000180003,2,,2017-10-02 16:35:00,10610021635,臺中市大雅區六寶里中清路四段和平路,0,1,111,112,120,50,128,141,163,172,176,181,188,190,193,199,210,215,218,220,24.2406549404451,120.630490503235,2019-05-29 12:05:03,2017-10-02 16:35:00,2017-10-02
2954128,10610AB793B0240,10610AB793B0240,15,66000,TXG,239,2564,66000170004,2,,2017-10-02 04:51:00,10610020451,臺中市潭子區福仁里中彰快速道路21.3K(東向西行)附近21.3K(東向西行),0,1,111,114,120,80,137,149,163,172,176,181,188,192,196,205,211,216,217,238,0.0,0.0,2019-05-29 12:05:03,2017-10-02 04:51:00,2017-10-02
3017359,10610AB591B0170,10610AB591B0170,15,66000,TXG,233,2017,66000080018,2,,2017-10-02 18:50:00,10610021850,臺中市北屯區仁美里崇德路三段北屯區00604燈桿處附近北屯區00604燈桿處,0,2,111,114,120,50,137,147,163,172,176,181,188,192,196,197,210,216,218,231,24.1917601799673,120.686467197322,2019-05-29 12:05:03,2017-10-02 18:50:00,2017-10-02
3017325,10610ABC91B0213,10610ABC91B0213,15,66000,TXG,246,2226,66000270029,2,,2017-10-02 18:19:00,10610021819,臺中市太平區新吉里中山路三段2巷1之5號,0,2,111,112,120,40,137,149,163,172,176,181,188,192,196,206,211,216,218,234,24.2229440447256,120.705851802951,2019-05-29 12:05:03,2017-10-02 18:19:00,2017-10-02
2954688,10610AB591B0168,10610AB591B0168,15,66000,TXG,233,2399,66000080007,2,,2017-10-02 17:20:00,10610021720,臺中市北屯區舊社里旱溪西路三段近東山路附近近東山路,0,1,111,112,120,50,137,147,163,172,176,181,188,192,196,201,211,215,218,231,24.1823202896065,120.710790265391,2019-05-29 12:05:03,2017-10-02 17:20:00,2017-10-02
2954647,10610ABA95B0227,10610ABA95B0227,15,66000,TXG,236,2525,66000130013,2,,2017-10-02 16:40:00,10610021640,臺中市沙鹿區晉江里臺灣大道路七段近六晉路口附近近六晉路口,0,1,111,112,120,50,126,148,163,172,176,181,188,192,196,198,210,214,218,247,0.0,0.0,2019-05-29 12:05:03,2017-10-02 16:40:00,2017-10-02
2954375,10610AB691B0187,10610AB691B0187,15,66000,TXG,232,2001,66000060002,2,,2017-10-02 10:49:00,10610021049,臺中市西屯區西墩里僑大路僑光路,0,1,111,112,120,50,127,142,163,172,176,181,188,192,196,201,211,216,218,234,24.189501568014,120.642952414355,2019-05-29 12:05:03,2017-10-02 10:49:00,2017-10-02
3017401,10610AB891B0198,10610AB891B0198,15,66000,TXG,247,2258,66000280017,2,,2017-10-02 19:48:00,10610021948,臺中市大里區瑞城里美村街101號,0,1,111,114,120,50,126,141,163,172,176,181,188,192,196,206,211,216,218,234,24.0845889973684,120.702562291992,2019-05-29 12:05:03,2017-10-02 19:48:00,2017-10-02
2954291,10610ABA95B0231,10610ABA95B0231,15,66000,TXG,236,2518,66000130006,2,,2017-10-02 08:45:00,10610020845,臺中市沙鹿區斗抵里天仁街32號,0,2,111,112,120,50,137,149,163,172,176,181,188,192,196,205,210,215,218,230,24.2220580144133,120.555776995439,2019-05-29 12:05:03,2017-10-02 08:45:00,2017-10-02
2954387,10610AB191B0150,10610AB191B0150,15,66000,TXG,230,2303,66000040007,2,,2017-10-02 11:07:00,10610021107,臺中市西區公民里五權五街五權西一街附近五權西一街,0,1,111,112,120,40,127,141,163,172,176,181,188,189,193,206,211,216,218,234,24.1365357768778,120.664151444864,2019-05-29 12:05:03,2017-10-02 11:07:00,2017-10-02
2954232,10610AB793B0244,10610AB793B0244,15,66000,TXG,239,2570,66000170010,2,,2017-10-02 08:02:00,10610020802,臺中市潭子區栗林里中山路三段253號,0,1,111,112,120,60,127,141,163,172,176,181,188,190,193,206,211,216,218,236,24.1080577886388,120.608308339595,2019-05-29 12:05:03,2017-10-02 08:02:00,2017-10-02
2954235,10610AB691B0185,10610AB691B0185,15,66000,TXG,232,2320,66000060035,2,,2017-10-02 08:03:00,10610020803,臺中市西屯區福恩里臺灣大道四段1347號,0,1,111,112,120,40,137,148,163,172,176,181,188,192,196,197,210,212,218,231,24.1840864028234,120.608838159365,2019-05-29 12:05:03,2017-10-02 08:03:00,2017-10-02
3017299,10610AB795B0251,10610AB795B0251,15,66000,TXG,239,2569,66000170009,2,,2017-10-02 17:56:00,10610021756,臺中市潭子區大豐里大豐路三段219巷,0,1,111,114,120,50,137,149,163,172,176,181,188,192,196,205,210,216,217,235,0.0,0.0,2019-05-29 12:05:03,2017-10-02 17:56:00,2017-10-02
2954498,10610AB793B0248,10610AB793B0248,15,66000,TXG,239,2569,66000170009,2,,2017-10-02 13:22:00,10610021322,臺中市潭子區大豐里潭富路二段18號,0,1,111,112,120,50,137,149,163,172,176,181,188,192,196,201,211,216,217,232,24.2236653122878,120.693651855612,2019-05-29 12:05:03,2017-10-02 13:22:00,2017-10-02
2954250,10610AB794B0243,10610AB794B0243,15,66000,TXG,238,2049,66000160013,2,,2017-10-02 08:16:00,10610020816,臺中市神岡區圳前里三民路510號,0,1,111,112,120,50,137,149,163,172,176,181,188,192,196,205,210,215,218,230,24.2709470314449,120.660541328605,2019-05-29 12:05:03,2017-10-02 08:16:00,2017-10-02
2954581,10610AB291B0154,10610AB291B0154,15,66000,TXG,231,2359,66000050017,2,,2017-10-02 15:30:00,10610021530,臺中市北區育德里學士路美德街,0,2,111,112,120,50,127,141,163,172,176,181,188,190,193,206,211,216,218,235,24.1581444233819,120.680975115366,2019-05-29 12:05:03,2017-10-02 15:30:00,2017-10-02
2954553,10610AB291B0152,10610AB291B0152,15,66000,TXG,231,2350,66000050008,2,,2017-10-02 14:51:00,10610021451,臺中市北區建成里東光路東光五街,0,1,111,112,120,50,126,141,163,172,176,181,188,192,196,206,211,216,218,234,24.154775428666,120.698968135182,2019-05-29 12:05:03,2017-10-02 14:51:00,2017-10-02
3017406,10610ABA95B0233,10610ABA95B0233,15,66000,TXG,236,2526,66000130014,2,,2017-10-02 19:52:00,10610021952,臺中市沙鹿區六路里鎮南路二段46號旁瑞友百貨前附近旁瑞友百貨前,0,1,111,114,120,50,137,148,163,172,176,177,188,192,196,197,210,215,218,234,24.2187786148836,120.569222488074,2019-05-29 12:05:03,2017-10-02 19:52:00,2017-10-02
2954633,10610ABB91B0235,10610ABB91B0235,15,66000,TXG,286,2496,66000110017,2,,2017-10-02 16:24:00,10610021624,臺中市大甲區奉化里大智街雁門路,0,1,111,112,120,50,126,141,163,172,176,181,188,191,193,206,211,216,218,234,24.3558133183564,120.626003024433,2019-05-29 12:05:03,2017-10-02 16:24:00,2017-10-02
2954252,10610AB794B0241,10610AB794B0241,15,66000,TXG,238,2044,66000160008,2,,2017-10-02 08:18:00,10610020818,臺中市神岡區岸裡里大裡街55號,0,1,111,112,120,40,127,142,163,172,176,181,188,192,196,201,211,216,218,234,24.250373102691,120.697301948384,2019-05-29 12:05:03,2017-10-02 08:18:00,2017-10-02
3025432,10610AB591B0171,10610AB591B0171,15,66000,TXG,233,2572,66000080002,2,,2017-10-02 23:33:00,10610022333,臺中市北屯區北屯里太原路三段175號,0,2,111,114,120,50,137,147,163,172,176,181,188,191,193,201,211,216,218,234,24.1607948430825,120.729461945088,2019-05-29 12:05:03,2017-10-02 23:33:00,2017-10-02
2954143,10610AB795B0249,10610AB795B0249,15,66000,TXG,239,2080,66000170015,2,,2017-10-02 06:40:00,10610020640,臺中市潭子區家興里大通街得天南街,0,2,111,112,120,50,137,149,163,172,176,181,188,192,196,205,211,216,217,235,24.1920835819371,120.701126123751,2019-05-29 12:05:03,2017-10-02 06:40:00,2017-10-02
3017409,10610AB591B0177,10610AB591B0177,15,66000,TXG,233,2024,66000080025,2,,2017-10-02 20:07:00,10610022007,臺中市北屯區新平里中清路二段中清路二段515巷,0,2,111,114,120,50,137,147,163,172,176,181,188,189,193,197,208,215,218,231,24.1816439299918,120.666233779293,2019-05-29 12:05:03,2017-10-02 20:07:00,2017-10-02
2954219,10610AB691B0191,10610AB691B0191,15,66000,TXG,232,2008,66000060009,2,,2017-10-02 07:56:00,10610020756,臺中市西屯區何安里西屯路二段95-27號,0,1,111,112,120,50,127,142,163,172,176,181,188,190,193,206,211,216,218,231,24.1652697757628,120.656791025624,2019-05-29 12:05:03,2017-10-02 07:56:00,2017-10-02
2954630,10610AB591B0167,10610AB591B0167,15,66000,TXG,233,2016,66000080017,2,,2017-10-02 16:20:00,10610021620,臺中市北屯區仁和里四平路385號,0,3,111,112,120,50,127,141,163,172,176,181,188,189,193,206,211,216,218,233,24.1895767418346,120.680415272,2019-05-29 12:05:03,2017-10-02 16:20:00,2017-10-02
2954554,10610ABC91B0212,10610ABC91B0212,15,66000,TXG,246,2201,66000270002,2,,2017-10-02 14:54:00,10610021454,臺中市太平區長億里太平一街長億東三街,0,1,111,112,120,40,127,141,163,172,176,181,188,192,196,206,211,216,218,233,24.1165133668786,120.721125615918,2019-05-29 12:05:03,2017-10-02 14:54:00,2017-10-02
2954142,10610AB591B0178,10610AB591B0178,15,66000,TXG,233,2020,66000080021,2,,2017-10-02 06:39:00,10610020639,臺中市北屯區同榮里中彰快速道路更生匝道附近更生匝道,0,1,111,112,120,40,133,156,163,172,176,181,188,192,196,206,211,216,217,231,0.0,0.0,2019-05-29 12:05:03,2017-10-02 06:39:00,2017-10-02
2954172,10610AB191B0140,10610AB191B0140,15,66000,TXG,230,2299,66000040003,2,,2017-10-02 07:29:00,10610020729,臺中市西區三民里三民路與民生路附近與民生路,0,1,111,112,120,50,127,142,163,172,176,181,188,190,193,201,208,216,218,231,24.1387565689529,120.675745862611,2019-05-29 12:05:03,2017-10-02 07:29:00,2017-10-02
2954576,10610AB891B0206,10610AB891B0206,15,66000,TXG,247,2250,66000280009,2,,2017-10-02 15:22:00,10610021522,臺中市大里區東昇里環中東路五段內新橋頭附近內新橋頭,0,1,111,112,120,40,127,141,163,172,176,181,188,189,193,206,211,216,218,234,24.1182965969861,120.700473732637,2019-05-29 12:05:03,2017-10-02 15:22:00,2017-10-02
2954495,10610AB591B0180,10610AB591B0180,15,66000,TXG,233,2025,66000080026,2,,2017-10-02 13:18:00,10610021318,臺中市北屯區平安里崇德路青島路,0,1,111,112,120,50,127,141,163,172,176,181,188,189,193,206,211,216,218,233,24.1856250883422,120.674741297198,2019-05-29 12:05:03,2017-10-02 13:18:00,2017-10-02
2954696,10610AB691B0192,10610AB691B0192,15,66000,TXG,232,2002,66000060003,2,,2017-10-02 17:25:00,10610021725,臺中市西屯區潮洋里環中路三段橋墩3-P102前附近橋墩3-P102前,0,1,111,112,120,50,127,142,163,172,176,181,188,189,193,201,210,216,218,234,24.1605187629479,120.62790910354,2019-05-29 12:05:03,2017-10-02 17:25:00,2017-10-02
2954505,10610AB591B0175,10610AB591B0175,15,66000,TXG,233,2405,66000080013,2,,2017-10-02 13:30:00,10610021330,臺中市北屯區[部]子里景賢路建和路一段,0,2,111,112,120,50,127,141,163,172,176,181,188,189,193,206,211,216,218,234,24.1668148212597,120.724226008773,2019-05-29 12:05:03,2017-10-02 13:30:00,2017-10-02
3017375,10610AB891B0207,10610AB891B0207,15,66000,TXG,245,2186,66000260003,2,,2017-10-02 19:07:00,10610021907,臺中市霧峰區甲寅里錦州路(電桿北溝幹7分3)附近(電桿北溝幹7分3),0,4,111,112,120,50,137,149,163,172,176,181,188,192,196,205,210,216,217,236,24.0795309224545,120.709383261343,2019-05-29 12:05:03,2017-10-02 19:07:00,2017-10-02
3017293,10610AB591B0169,10610AB591B0169,15,66000,TXG,233,2394,66000080001,2,,2017-10-02 17:53:00,10610021753,臺中市北屯區北興里北安街北祥街附近北祥街,0,2,111,114,120,50,127,141,163,172,176,181,188,192,196,201,211,216,218,233,24.1641088629305,120.697873211753,2019-05-29 12:05:03,2017-10-02 17:53:00,2017-10-02
2954582,10610AB795B0252,10610AB795B0252,15,66000,TXG,240,2090,66000180010,2,,2017-10-02 15:30:00,10610021530,臺中市大雅區二和里學府路152巷與學府路大智巷口附近與學府路大智巷口,0,2,111,112,120,40,127,141,163,172,176,181,188,192,196,206,211,216,218,234,24.2207380907608,120.650138198795,2019-05-29 12:05:03,2017-10-02 15:30:00,2017-10-02
3017424,10610AB191B0148,10610AB191B0148,15,66000,TXG,230,2336,66000040019,2,,2017-10-02 20:25:00,10610022025,臺中市西區忠誠里華美西街長春街,0,1,111,112,120,50,127,141,163,172,176,181,188,192,196,206,211,216,218,234,24.1548965467842,120.65944751065,2019-05-29 12:05:03,2017-10-02 20:25:00,2017-10-02
2954123,10610AB691B0181,10610AB691B0181,15,66000,TXG,232,2316,66000060031,2,,2017-10-02 01:47:00,10610020147,臺中市西屯區何成里大墩路917-6號,0,1,111,114,120,40,137,148,163,172,176,181,188,192,196,205,210,215,218,235,24.1569705306013,120.650656965417,2019-05-29 12:05:03,2017-10-02 01:47:00,2017-10-02
3017498,10610AB795B0255,10610AB795B0255,15,66000,TXG,239,2567,66000170007,2,,2017-10-02 22:22:00,10610022222,臺中市潭子區東寶里大富路二段1號,0,1,111,114,120,50,137,149,163,172,176,181,188,192,196,206,210,216,217,235,24.2422259273457,120.690249397776,2019-05-29 12:05:03,2017-10-02 22:22:00,2017-10-02
2954428,10610AB391B0161,10610AB391B0161,15,66000,TXG,228,2243,66000020017,2,,2017-10-02 11:58:00,10610021158,臺中市東區東英里東英十街十全街,0,2,111,112,120,50,127,141,163,172,176,181,188,192,196,206,211,216,218,233,24.1433060557129,120.710018420856,2019-05-29 12:05:03,2017-10-02 11:58:00,2017-10-02
2954190,10610AB691B0182,10610AB691B0182,15,66000,TXG,232,2372,66000060020,2,,2017-10-02 07:37:00,10610020737,臺中市西屯區協和里工業區九路12號,0,1,111,112,120,50,137,149,163,172,176,181,188,192,196,205,211,216,218,234,24.1719320791675,120.601953543673,2019-05-29 12:05:03,2017-10-02 07:37:00,2017-10-02
3017283,10610ABA94B0228,10610ABA94B0228,15,66000,TXG,312,0,66000140000,2,,2017-10-02 17:46:00,10610021746,臺中市梧棲區永興路一段546巷與信義中排附近與信義中排,0,1,111,114,120,40,127,141,163,172,176,181,188,192,196,206,211,216,218,233,0.0,0.0,2019-05-29 12:05:03,2017-10-02 17:46:00,2017-10-02
2954265,10610AB795B0260,10610AB795B0260,15,66000,TXG,240,2086,66000180005,2,,2017-10-02 08:29:00,10610020829,臺中市大雅區忠義里東大路二段515號,0,1,111,112,120,50,137,149,163,172,176,181,188,192,196,199,210,215,217,230,24.2209514149671,120.614770851277,2019-05-29 12:05:03,2017-10-02 08:29:00,2017-10-02
2954317,10610ABD91B0239,10610ABD91B0239,15,66000,TXG,242,2116,66000200010,2,,2017-10-02 09:21:00,10610020921,臺中市石岡區和盛里豐勢路東勢大橋上附近東勢大橋上,0,1,111,112,120,70,137,149,163,172,176,181,188,192,196,197,210,216,217,230,24.2747288207102,120.7824241868,2019-05-29 12:05:03,2017-10-02 09:21:00,2017-10-02
2954704,10610AB794B0259,10610AB794B0259,15,66000,TXG,238,2044,66000160008,2,,2017-10-02 17:30:00,10610021730,臺中市神岡區岸裡里大洲路217巷156號,0,1,111,112,120,40,126,142,163,172,176,181,188,192,196,206,211,216,218,236,24.2597718506841,120.698419991529,2019-05-29 12:05:03,2017-10-02 17:30:00,2017-10-02
2954539,10610AB591B0179,10610AB591B0179,15,66000,TXG,233,2020,66000080021,2,,2017-10-02 14:30:00,10610021430,臺中市北屯區同榮里中彰快速道路匝道近四平路附近匝道近四平路,0,3,111,112,120,40,137,147,163,172,176,181,188,192,196,203,211,216,217,231,0.0,0.0,2019-05-29 12:05:03,2017-10-02 14:30:00,2017-10-02
2954461,10610ABA94B0226,10610ABA94B0226,15,66000,TXG,312,2542,66000140011,2,,2017-10-02 12:30:00,10610021230,臺中市梧棲區大村里文昌路400號路口附近路口,0,1,111,112,120,50,126,141,163,172,176,181,188,189,193,206,211,216,217,232,24.1773727472713,120.530384643737,2019-05-29 12:05:03,2017-10-02 12:30:00,2017-10-02
3017503,10610AB891B0202,10610AB891B0202,15,66000,TXG,247,2253,66000280012,2,,2017-10-02 22:40:00,10610022240,臺中市大里區大元里國中路178號,0,1,111,114,120,50,126,142,163,172,176,181,188,192,196,201,211,216,217,236,24.0886855701091,120.659276545291,2019-05-29 12:05:03,2017-10-02 22:40:00,2017-10-02
2954239,10610AB591B0174,10610AB591B0174,15,66000,TXG,233,2397,66000080005,2,,2017-10-02 08:07:00,10610020807,臺中市北屯區平和里瀋陽路二段36之1號,0,2,111,112,120,50,137,147,163,172,176,181,188,192,196,201,211,215,218,234,24.1738472205366,120.681155841987,2019-05-29 12:05:03,2017-10-02 08:07:00,2017-10-02
2954545,10610AB291B0157,10610AB291B0157,15,66000,TXG,231,2343,66000050001,2,,2017-10-02 14:40:00,10610021440,臺中市北區光大里中清路一段132號,0,1,111,112,120,40,137,148,163,172,176,181,188,192,196,197,210,215,218,230,24.154864270918,120.67726659731,2019-05-29 12:05:03,2017-10-02 14:40:00,2017-10-02
3017362,10610ABA95B0229,10610ABA95B0229,15,66000,TXG,236,2521,66000130009,2,,2017-10-02 18:53:00,10610021853,臺中市沙鹿區竹林里臺灣大道路七段761號附近附近附近,0,1,110,114,120,40,137,148,163,172,176,181,188,190,193,198,210,214,218,236,0.0,0.0,2019-05-29 12:05:03,2017-10-02 18:53:00,2017-10-02
3025429,10610AB891B0199,10610AB891B0199,15,66000,TXG,247,2248,66000280007,2,,2017-10-02 23:30:00,10610022330,臺中市大里區西榮里中興路二段369號,0,1,111,114,120,50,126,142,163,172,176,181,188,192,196,206,211,216,218,230,24.1114558464645,120.68995707962,2019-05-29 12:05:03,2017-10-02 23:30:00,2017-10-02
3017294,10610ABD91B0237,10610ABD91B0237,15,66000,TXG,242,2108,66000200002,2,,2017-10-02 17:54:00,10610021754,臺中市石岡區萬安里明德路175號,0,1,111,113,120,50,137,148,163,172,176,181,188,192,196,197,210,215,217,230,24.2743088117669,120.780263729993,2019-05-29 12:05:03,2017-10-02 17:54:00,2017-10-02
3017335,10610ABC91B0210,10610ABC91B0210,15,66000,TXG,246,2227,66000270030,2,,2017-10-02 18:30:00,10610021830,臺中市太平區新城里樹孝路115巷口附近口,0,2,111,114,120,50,126,141,163,172,176,181,188,192,196,201,211,216,218,247,24.1556271021354,120.719543014671,2019-05-29 12:05:03,2017-10-02 18:30:00,2017-10-02
2954439,10610ABA95B0232,10610ABA95B0232,15,66000,TXG,236,2523,66000130011,2,,2017-10-02 12:05:00,10610021205,臺中市沙鹿區北勢里英才路103巷28號,0,2,111,112,120,40,127,142,163,172,176,181,188,192,196,204,207,216,217,234,24.2265132844148,120.574232203835,2019-05-29 12:05:03,2017-10-02 12:05:00,2017-10-02
2954366,10610AB191B0142,10610AB191B0142,15,66000,TXG,230,2303,66000040007,2,,2017-10-02 10:33:00,10610021033,臺中市西區公民里四維街與金山路附近與金山路,0,2,111,112,120,50,127,141,163,172,176,181,188,192,196,201,211,216,218,234,24.1414454736345,120.671079699436,2019-05-29 12:05:03,2017-10-02 10:33:00,2017-10-02
2954309,10610AB891B0201,10610AB891B0201,15,66000,TXG,247,2254,66000280013,2,,2017-10-02 09:15:00,10610020915,臺中市大里區夏田里環河路一段中投東路三段,0,1,111,112,120,60,126,141,163,172,175,181,188,189,193,206,211,216,218,236,24.0830173698612,120.664359464785,2019-05-29 12:05:03,2017-10-02 09:15:00,2017-10-02
2954137,10610AB291B0155,10610AB291B0155,15,66000,TXG,231,1999,66000050036,2,,2017-10-02 06:13:00,10610020613,臺中市北區賴福里太原路二段綏遠路一段,0,1,111,112,120,50,137,147,163,172,176,181,188,192,196,197,208,215,218,231,24.1653684435189,120.680532729758,2019-05-29 12:05:03,2017-10-02 06:13:00,2017-10-02
3017344,10610ABC91B0209,10610ABC91B0209,15,66000,TXG,246,2209,66000270010,2,,2017-10-02 18:40:00,10610021840,臺中市太平區光華里大興路大興一街,0,1,111,114,120,50,126,142,163,172,176,181,188,192,196,201,211,216,218,235,24.1523424585919,120.733316385717,2019-05-29 12:05:03,2017-10-02 18:40:00,2017-10-02
3017443,10610AB391B0166,10610AB391B0166,15,66000,TXG,229,2280,66000030006,2,,2017-10-02 21:01:00,10610022101,臺中市南區江川里五權南路290號,0,2,110,114,120,50,137,147,163,172,176,181,188,192,196,197,210,216,218,231,24.1230428916336,120.670092036387,2019-05-29 12:05:03,2017-10-02 21:01:00,2017-10-02
2954440,10610AB391B0160,10610AB391B0160,15,66000,TXG,228,2070,66000020010,2,,2017-10-02 12:05:00,10610021205,臺中市東區十甲里樂業路長福路311巷,0,1,111,112,120,50,126,141,163,172,176,181,188,192,196,206,211,216,218,234,24.1398956564837,120.703720930199,2019-05-29 12:05:03,2017-10-02 12:05:00,2017-10-02