識別碼,案件編號,交通事故主表,縣市識別碼,縣市代碼,所屬縣市簡碼,鄉縣市區識別碼,村里識別碼,里代碼,事故類(A1、A2...An),處理單位代碼,案件時間(西元),案件時間(民國),發生地點,死亡人數,受傷人數(含2~30日內死亡),天氣識別碼,光線識別碼,道路類別識別碼,速限,道路型態識別碼,事故位置識別碼,路面鋪裝識別碼,路面狀態識別碼,路面缺陷識別碼,障礙物視距識別碼,視距識別碼,號誌種類識別碼,號誌動作識別碼,車道劃分設施-分向設施識別碼,快車道或一般車道間識別碼,快慢車道間識別碼,路面邊線識別碼,事故類型及型態識別碼,緯度,經度,本平台資料更新時間(yyyy-MM-dd HH:mm:ss),資料代表時間(yyyy-MM-dd HH:mm:ss),資料代表日期(yyyy-MM-dd)
3017494,10610ABA95B0230,10610ABA95B0230,15,66000,TXG,236,2523,66000130011,2,,2017-10-02 22:19:00,10610022219,臺中市沙鹿區北勢里臺灣大道路七段近英才路口附近近英才路口,0,2,110,114,120,40,137,148,163,172,176,181,188,190,193,199,210,214,218,230,0.0,0.0,2019-05-29 12:05:03,2017-10-02 22:19:00,2017-10-02
3025940,10610AB591B0336,10610AB591B0336,15,66000,TXG,233,2017,66000080018,2,,2017-10-03 16:45:00,10610031645,臺中市北屯區仁美里環中路一段380號,0,1,111,112,120,50,137,149,163,172,176,181,188,192,196,197,210,216,218,236,24.201242439286,120.667872204924,2019-05-29 12:05:03,2017-10-03 16:45:00,2017-10-03
3026018,10610AB491B0327,10610AB491B0327,15,66000,TXG,13,2387,66000070019,2,,2017-10-03 17:48:00,10610031748,臺中市南屯區大誠里大墩四街40號,0,1,111,114,120,50,137,149,163,172,176,181,188,192,196,205,211,216,218,234,24.1409812090482,120.653645545511,2019-05-29 12:05:03,2017-10-03 17:48:00,2017-10-03
3025864,10610AB691B0353,10610AB691B0353,15,66000,TXG,232,2324,66000060039,2,,2017-10-03 15:22:00,10610031522,臺中市西屯區福雅里永福路143號,0,1,111,112,120,50,126,141,163,172,176,181,188,192,196,206,211,216,218,235,24.1849804539495,120.621170149995,2019-05-29 12:05:03,2017-10-03 15:22:00,2017-10-03
3026089,10610AB391B0308,10610AB391B0308,15,66000,TXG,228,2076,66000020016,2,,2017-10-03 18:38:00,10610031838,臺中市東區東信里旱溪西路一段1號,0,1,110,114,120,50,127,141,163,172,176,181,188,189,193,206,211,216,218,234,24.1302669014469,120.69871193037,2019-05-29 12:05:03,2017-10-03 18:38:00,2017-10-03
3025865,10610AB391B0303,10610AB391B0303,15,66000,TXG,228,2066,66000020006,2,,2017-10-03 15:22:00,10610031522,臺中市東區泉源里樂業路復興東路,0,2,111,112,120,50,126,141,163,172,176,181,188,192,196,206,211,216,218,234,24.1387052106837,120.690810406653,2019-05-29 12:05:03,2017-10-03 15:22:00,2017-10-03
3026050,10610AB891B0385,10610AB891B0385,15,66000,TXG,247,2257,66000280016,2,,2017-10-03 18:08:00,10610031808,臺中市大里區塗城里美群路光明路,0,2,111,114,120,50,127,141,163,172,176,181,188,189,193,206,211,216,218,234,24.08469923199,120.708601712801,2019-05-29 12:05:03,2017-10-03 18:08:00,2017-10-03
3025981,10610AB591B0333,10610AB591B0333,15,66000,TXG,233,2402,66000080010,2,,2017-10-03 17:19:00,10610031719,臺中市北屯區和平里軍福九路和福路,0,1,111,112,120,50,126,141,163,172,176,181,188,192,196,206,211,216,218,234,24.1695943941154,120.723530050973,2019-05-29 12:05:03,2017-10-03 17:19:00,2017-10-03
3025978,10610AB891B0386,10610AB891B0386,15,66000,TXG,247,2259,66000280018,2,,2017-10-03 17:15:00,10610031715,臺中市大里區金城里塗城路830巷,0,2,111,112,120,50,126,141,163,172,176,181,188,192,196,206,211,216,218,235,24.0864058761335,120.709737123136,2019-05-29 12:05:03,2017-10-03 17:15:00,2017-10-03
3025670,10610AB691B0359,10610AB691B0359,15,66000,TXG,232,2373,66000060021,2,,2017-10-03 10:08:00,10610031008,臺中市西屯區何仁里文心路天水西街口附近天水西街口,0,1,111,112,120,50,126,141,163,172,176,181,188,192,196,206,211,216,218,234,24.1682456150166,120.654706684701,2019-05-29 12:05:03,2017-10-03 10:08:00,2017-10-03
3025557,10610ABB91B0434,10610ABB91B0434,15,66000,TXG,286,2488,66000110009,2,,2017-10-03 07:50:00,10610030750,臺中市大甲區中山里水源路甲東路452巷188弄,0,1,111,112,120,50,126,141,163,171,176,181,188,192,196,206,211,216,218,234,24.3403651373004,120.626702208367,2019-05-29 12:05:03,2017-10-03 07:50:00,2017-10-03
3025568,10610ABB93B0441,10610ABB93B0441,15,66000,TXG,237,2033,66000150015,2,,2017-10-03 07:56:00,10610030756,臺中市后里區泰安里安眉路福興路,0,1,111,112,120,50,126,142,163,172,176,181,188,192,196,206,211,216,218,234,24.325936662502,120.749095736294,2019-05-29 12:05:03,2017-10-03 07:56:00,2017-10-03
3080524,10610ABA95B0433,10610ABA95B0433,15,66000,TXG,236,2518,66000130006,2,,2017-10-03 20:43:00,10610032043,臺中市沙鹿區斗抵里南斗路沙田路392號,0,4,111,114,120,50,126,141,163,172,176,181,188,189,193,206,211,216,218,233,24.2173626043078,120.561149601334,2019-05-29 12:05:03,2017-10-03 20:43:00,2017-10-03
3025689,10610AB391B0312,10610AB391B0312,15,66000,TXG,229,2244,66000030001,2,,2017-10-03 10:40:00,10610031040,臺中市南區城隍里忠孝路138號,0,1,111,112,120,50,127,141,163,172,176,181,188,189,193,206,211,216,218,234,24.2617951101797,120.558894993022,2019-05-29 12:05:03,2017-10-03 10:40:00,2017-10-03
3025958,10610AB191B0271,10610AB191B0271,15,66000,TXG,227,2054,66000010002,2,,2017-10-03 17:00:00,10610031700,臺中市中區大墩里三民路光復路,0,1,111,112,120,50,127,141,163,172,176,181,188,189,193,206,211,216,218,234,24.1438236974333,120.680996529825,2019-05-29 12:05:03,2017-10-03 17:00:00,2017-10-03
3025623,10610AB391B0300,10610AB391B0300,15,66000,TXG,228,2076,66000020016,2,,2017-10-03 08:50:00,10610030850,臺中市東區東信里東英路東和街,0,1,111,112,120,50,126,142,163,172,176,181,188,192,196,206,211,216,218,230,24.1316906650796,120.703940142586,2019-05-29 12:05:03,2017-10-03 08:50:00,2017-10-03
3080536,10610AB291B0286,10610AB291B0286,15,66000,TXG,231,1999,66000050036,2,,2017-10-03 21:20:00,10610032120,臺中市北區賴福里進化北路梅川東路附近梅川東路,0,2,111,114,120,50,127,141,163,172,176,181,188,189,193,206,211,216,218,234,24.1632126959323,120.676775930147,2019-05-29 12:05:03,2017-10-03 21:20:00,2017-10-03
3080514,10610AB691B0365,10610AB691B0365,15,66000,TXG,232,2370,66000060018,2,,2017-10-03 20:27:00,10610032027,臺中市西屯區永安里西屯路三段279號,0,1,111,114,120,50,137,147,163,172,176,181,188,192,196,200,210,215,218,234,24.1901589043481,120.612226878586,2019-05-29 12:05:03,2017-10-03 20:27:00,2017-10-03
3026064,10610AB591B0335,10610AB591B0335,15,66000,TXG,233,2026,66000080027,2,,2017-10-03 18:19:00,10610031819,臺中市北屯區平順里大連路安順東十街附近安順東十街,0,2,111,114,120,50,127,141,163,172,176,181,188,189,193,206,211,216,218,234,24.1751281220365,120.691980113236,2019-05-29 12:05:03,2017-10-03 18:19:00,2017-10-03
3026002,10610AB795B0465,10610AB795B0465,15,66000,TXG,240,2093,66000180013,2,,2017-10-03 17:38:00,10610031738,臺中市大雅區文雅里中清路四段文秀路,0,1,111,113,120,50,127,141,163,172,176,181,188,189,193,206,211,216,218,229,24.2271664460926,120.644260732025,2019-05-29 12:05:03,2017-10-03 17:38:00,2017-10-03
3026081,10610AB691B0367,10610AB691B0367,15,66000,TXG,232,2319,66000060034,2,,2017-10-03 18:31:00,10610031831,臺中市西屯區福中里工業區一路58之1號,0,2,111,114,120,50,127,141,163,172,176,181,188,189,193,206,211,216,218,234,24.1776907429208,120.61376086515,2019-05-29 12:05:03,2017-10-03 18:31:00,2017-10-03
3026007,10610AB691B0357,10610AB691B0357,15,66000,TXG,232,2369,66000060017,2,,2017-10-03 17:40:00,10610031740,臺中市西屯區林厝里西林巷48之22號,0,1,111,112,120,40,137,149,163,172,176,181,188,192,196,206,211,216,218,231,24.1865496873988,120.634485550506,2019-05-29 12:05:03,2017-10-03 17:40:00,2017-10-03
3080594,10610AB291B0292,10610AB291B0292,15,66000,TXG,231,2344,66000050002,2,,2017-10-03 22:51:00,10610032251,臺中市北區文莊里中清路一段近五權路附近近五權路,0,1,111,114,120,50,137,149,163,172,176,181,188,192,196,197,208,216,218,235,24.1602000836737,120.675526487839,2019-05-29 12:05:03,2017-10-03 22:51:00,2017-10-03
3025504,10610AB191B0266,10610AB191B0266,15,66000,TXG,230,2305,66000040009,2,,2017-10-03 07:22:00,10610030722,臺中市西區公[館]里三民路建國北路,0,1,111,112,120,50,128,141,163,172,176,181,188,189,193,206,211,216,218,230,24.1292425660115,120.667064172285,2019-05-29 12:05:03,2017-10-03 07:22:00,2017-10-03
3025700,10610ABA93B0418,10610ABA93B0418,15,66000,TXG,311,186,66000120003,2,,2017-10-03 10:55:00,10610031055,臺中市清水區清水里光華路62號,0,1,111,112,120,50,137,149,163,172,176,181,188,192,196,201,211,216,218,235,24.2453480734576,120.56817603847,2019-05-29 12:05:03,2017-10-03 10:55:00,2017-10-03
3025964,10610AB491B0323,10610AB491B0323,15,66000,TXG,13,2393,66000070025,2,,2017-10-03 17:08:00,10610031708,臺中市南屯區三義里黎明路二段市政南一路,0,1,111,112,120,50,127,141,163,172,176,181,188,190,193,206,211,216,218,234,24.1582395795913,120.634089880837,2019-05-29 12:05:03,2017-10-03 17:08:00,2017-10-03
3025760,10610AB891B0380,10610AB891B0380,15,66000,TXG,247,2255,66000280014,2,,2017-10-03 12:12:00,10610031212,臺中市大里區仁化里成功二路與至善路口附近與至善路口,0,1,111,112,120,50,127,141,163,172,176,181,188,190,193,206,211,216,218,230,24.0931095539783,120.703676166849,2019-05-29 12:05:03,2017-10-03 12:12:00,2017-10-03
3025439,10610AB491B0313,10610AB491B0313,15,66000,TXG,13,2326,66000070002,2,,2017-10-03 00:10:00,10610030010,臺中市南屯區豐樂里三民西路東興路至文心南路中間附近東興路至文心南路中間,0,1,111,114,120,50,137,147,163,172,176,181,188,192,196,197,210,215,218,236,24.1302367199255,120.661509316498,2019-05-29 12:05:03,2017-10-03 00:10:00,2017-10-03
3025549,10610AB391B0298,10610AB391B0298,15,66000,TXG,229,2292,66000030018,2,,2017-10-03 07:48:00,10610030748,臺中市南區平和里新和街美和街,0,2,111,112,120,50,127,141,163,172,176,181,188,191,193,206,211,216,218,233,24.1214505309799,120.665599001916,2019-05-29 12:05:03,2017-10-03 07:48:00,2017-10-03
3026100,10610ABA95B0423,10610ABA95B0423,15,66000,TXG,236,2525,66000130013,2,,2017-10-03 18:46:00,10610031846,臺中市沙鹿區晉江里晉文路301巷與弘光科大14停車場入口附近與弘光科大14停車場入口,0,2,110,114,120,40,126,149,163,172,176,181,188,192,196,206,211,216,218,234,24.2197594808046,120.580972644062,2019-05-29 12:05:03,2017-10-03 18:46:00,2017-10-03
3025573,10610AB691B0349,10610AB691B0349,15,66000,TXG,232,2318,66000060033,2,,2017-10-03 08:00:00,10610030800,臺中市西屯區福和里協和北巷13號,0,1,111,112,120,40,127,141,163,172,176,181,188,192,196,206,211,216,218,235,24.1718590473329,120.619650618468,2019-05-29 12:05:03,2017-10-03 08:00:00,2017-10-03
3080519,10610AB795B0469,10610AB795B0469,15,66000,TXG,240,2093,66000180013,2,,2017-10-03 20:33:00,10610032033,臺中市大雅區文雅里中山北路117巷口附近117巷口,0,2,111,114,120,50,127,142,163,172,176,181,188,191,193,201,211,216,217,234,24.2172805236416,120.647053966015,2019-05-29 12:05:03,2017-10-03 20:33:00,2017-10-03
3025621,10610AB191B0267,10610AB191B0267,15,66000,TXG,230,2297,66000040001,2,,2017-10-03 08:50:00,10610030850,臺中市西區民生里市府路41巷19號,0,2,111,112,120,40,126,141,163,172,176,181,188,192,196,206,211,216,218,234,24.1423242130395,120.681949511078,2019-05-29 12:05:03,2017-10-03 08:50:00,2017-10-03
3026167,10610AB491B0328,10610AB491B0328,15,66000,TXG,13,2386,66000070018,2,,2017-10-03 19:58:00,10610031958,臺中市南屯區向心里南屯路二段229號,0,1,111,114,120,50,137,149,163,172,176,181,188,192,196,201,210,216,218,230,24.1369757302729,120.648497161415,2019-05-29 12:05:03,2017-10-03 19:58:00,2017-10-03
3025999,10610AB794B0453,10610AB794B0453,15,66000,TXG,238,2039,66000160003,2,,2017-10-03 17:35:00,10610031735,臺中市神岡區北庄里中山路1306號,0,2,111,112,120,50,137,149,163,172,176,181,188,192,196,204,209,215,218,230,24.2578851417952,120.665668095308,2019-05-29 12:05:03,2017-10-03 17:35:00,2017-10-03
3026087,10610AB291B0293,10610AB291B0293,15,66000,TXG,231,2360,66000050018,2,,2017-10-03 18:37:00,10610031837,臺中市北區淡溝里西屯路博館路,0,1,111,114,120,50,127,141,163,172,176,181,188,189,193,206,211,216,218,230,24.1564334823887,120.668285515942,2019-05-29 12:05:03,2017-10-03 18:37:00,2017-10-03
3026145,10610AB891B0387,10610AB891B0387,15,66000,TXG,247,2258,66000280017,2,,2017-10-03 19:25:00,10610031925,臺中市大里區瑞城里中興路一段90號,0,1,111,112,120,50,137,152,163,172,176,181,188,192,196,197,210,215,217,235,24.0821506516751,120.697816781009,2019-05-29 12:05:03,2017-10-03 19:25:00,2017-10-03
3025855,10610AB591B0331,10610AB591B0331,15,66000,TXG,233,2398,66000080006,2,,2017-10-03 15:15:00,10610031515,臺中市北屯區東光里東山路一段1號,0,1,111,112,120,50,127,142,163,172,176,181,188,189,193,206,211,216,218,231,24.1697457719449,120.699841873081,2019-05-29 12:05:03,2017-10-03 15:15:00,2017-10-03
3025602,10610AB391B0299,10610AB391B0299,15,66000,TXG,228,2243,66000020017,2,,2017-10-03 08:30:00,10610030830,臺中市東區東英里樂業路(近東英路)附近(近東英路),0,1,111,112,120,50,127,147,163,172,176,181,188,189,193,201,211,215,218,234,24.1387672010688,120.703214545155,2019-05-29 12:05:03,2017-10-03 08:30:00,2017-10-03
3025861,10610ABC91B0403,10610ABC91B0403,15,66000,TXG,246,2200,66000270001,2,,2017-10-03 15:20:00,10610031520,臺中市太平區太平里太平路太平二十一街,0,1,111,112,120,50,127,141,163,172,176,181,188,192,196,206,211,216,218,234,24.1166806025365,120.724257806935,2019-05-29 12:05:03,2017-10-03 15:20:00,2017-10-03
3080559,10610AB491B0325,10610AB491B0325,15,66000,TXG,13,2376,66000070008,2,,2017-10-03 21:58:00,10610032158,臺中市南屯區新生里五權西路二段1168號,0,2,111,114,120,50,127,142,163,172,176,181,188,189,193,197,208,216,218,231,24.1485113691458,120.626358886521,2019-05-29 12:05:03,2017-10-03 21:58:00,2017-10-03
3026031,10610AB191B0274,10610AB191B0274,15,66000,TXG,230,2339,66000040022,2,,2017-10-03 17:56:00,10610031756,臺中市西區公平里東興路﹑大業北路(口)附近﹑大業北路(口),0,2,111,114,120,50,126,141,163,172,176,181,188,192,196,206,211,216,218,234,24.1551879142975,120.653503019333,2019-05-29 12:05:03,2017-10-03 17:56:00,2017-10-03
3080521,10610AB691B0354,10610AB691B0354,15,66000,TXG,232,2371,66000060019,2,,2017-10-03 20:35:00,10610032035,臺中市西屯區福安里西屯路三段79-32號,0,1,111,114,120,50,127,142,163,172,176,181,188,189,193,206,211,216,218,231,24.1833885527303,120.630462322063,2019-05-29 12:05:03,2017-10-03 20:35:00,2017-10-03
3025914,10610ABC91B0398,10610ABC91B0398,15,66000,TXG,246,2229,66000270032,2,,2017-10-03 16:27:00,10610031627,臺中市太平區宜昌里宜昌路493號,0,1,111,112,120,10,137,148,163,172,176,181,188,192,196,201,211,215,217,235,24.1471313117925,120.715301631257,2019-05-29 12:05:03,2017-10-03 16:27:00,2017-10-03
3025816,10610ABA95B0419,10610ABA95B0419,15,66000,TXG,236,2526,66000130014,2,,2017-10-03 14:03:00,10610031403,臺中市沙鹿區六路里臺灣大道路六段912號附近附近附近,0,2,111,112,120,60,137,147,163,172,176,181,188,190,193,199,210,214,218,231,0.0,0.0,2019-05-29 12:05:03,2017-10-03 14:03:00,2017-10-03
3025444,10610AB491B0314,10610AB491B0314,15,66000,TXG,13,2432,66000070005,2,,2017-10-03 01:18:00,10610030118,臺中市南屯區春社里向上路忠勇路,0,2,111,114,120,50,127,149,163,172,176,181,188,189,193,206,211,216,218,234,24.1476990545435,120.615252105659,2019-05-29 12:05:03,2017-10-03 01:18:00,2017-10-03
3025575,10610AB691B0352,10610AB691B0352,15,66000,TXG,232,2372,66000060020,2,,2017-10-03 08:00:00,10610030800,臺中市西屯區協和里朝馬路安和東街附近安和東街,0,1,111,112,120,50,126,142,163,172,176,181,188,192,196,197,210,216,218,230,24.1716522777988,120.628757124821,2019-05-29 12:05:03,2017-10-03 08:00:00,2017-10-03
3026032,10610AB391B0309,10610AB391B0309,15,66000,TXG,229,2288,66000030014,2,,2017-10-03 17:57:00,10610031757,臺中市南區西川里大忠南街223號,0,1,111,112,120,50,126,149,163,172,176,181,188,192,196,205,210,216,218,235,24.1316300390581,120.655230878721,2019-05-29 12:05:03,2017-10-03 17:57:00,2017-10-03
3025946,10610AB191B0272,10610AB191B0272,15,66000,TXG,230,2333,66000040016,2,,2017-10-03 16:48:00,10610031648,臺中市西區忠明里中美街博館三街,0,1,111,112,120,50,127,141,163,172,176,181,188,192,196,206,211,216,218,235,24.1569963714104,120.662352775585,2019-05-29 12:05:03,2017-10-03 16:48:00,2017-10-03
3026017,10610AB191B0278,10610AB191B0278,15,66000,TXG,227,0,66000010000,2,,2017-10-03 17:47:00,10610031747,臺中市中區自由路民族路附近民族路,0,1,111,114,120,50,137,147,163,172,176,181,188,189,193,206,208,216,218,231,24.1386354093505,120.680685282207,2019-05-29 12:05:03,2017-10-03 17:47:00,2017-10-03
3025731,10610AB491B0315,10610AB491B0315,15,66000,TXG,13,2383,66000070015,2,,2017-10-03 11:38:00,10610031138,臺中市南屯區大同里東興路二段大墩五街,0,1,111,112,120,50,127,141,163,172,176,181,188,189,193,201,208,215,218,234,24.1418301087329,120.652997782189,2019-05-29 12:05:03,2017-10-03 11:38:00,2017-10-03
3025522,10610ABA95B0426,10610ABA95B0426,15,66000,TXG,236,2526,66000130014,2,,2017-10-03 07:34:00,10610030734,臺中市沙鹿區六路里臺灣大道路六段與正英路口附近與正英路口,0,1,111,112,120,60,126,141,163,172,176,181,188,190,193,197,207,212,217,234,0.0,0.0,2019-05-29 12:05:03,2017-10-03 07:34:00,2017-10-03
3026072,10610ABA95B0431,10610ABA95B0431,15,66000,TXG,236,2531,66000130019,2,,2017-10-03 18:27:00,10610031827,臺中市沙鹿區西勢里中航路一段595號,0,2,111,113,120,50,126,141,163,172,176,181,188,192,196,206,211,216,218,234,24.2601565269211,120.597317020482,2019-05-29 12:05:03,2017-10-03 18:27:00,2017-10-03
3026085,10610AB491B0322,10610AB491B0322,15,66000,TXG,13,2377,66000070009,2,,2017-10-03 18:36:00,10610031836,臺中市南屯區永定里五權西路三厝街,0,1,111,113,120,50,127,141,163,172,176,181,188,189,193,206,211,216,218,233,24.1601410236232,120.604089299998,2019-05-29 12:05:03,2017-10-03 18:36:00,2017-10-03
3025923,10610AB291B0282,10610AB291B0282,15,66000,TXG,231,1993,66000050030,2,,2017-10-03 16:33:00,10610031633,臺中市北區建德里國強街與富強街口附近與富強街口,0,1,111,112,120,50,127,141,163,172,176,181,188,192,196,206,211,216,218,233,24.1583790007817,120.697326695928,2019-05-29 12:05:03,2017-10-03 16:33:00,2017-10-03
3025735,10610AB795B0459,10610AB795B0459,15,66000,TXG,240,2082,66000180001,2,,2017-10-03 11:40:00,10610031140,臺中市大雅區大雅里民生路一段103巷口附近口,0,3,111,112,120,50,127,141,163,172,176,181,188,192,196,206,211,216,218,234,0.0,0.0,2019-05-29 12:05:03,2017-10-03 11:40:00,2017-10-03
3026060,10610ABB93B0439,10610ABB93B0439,15,66000,TXG,237,2553,66000150008,2,,2017-10-03 18:17:00,10610031817,臺中市后里區墩南里三豐路三段531號,0,1,111,114,120,50,137,148,163,172,176,181,188,192,196,197,209,212,217,231,24.2978773498415,120.723524818012,2019-05-29 12:05:03,2017-10-03 18:17:00,2017-10-03
3025928,10610ABA94B0428,10610ABA94B0428,15,66000,TXG,312,2595,66000140001,2,,2017-10-03 16:37:00,10610031637,臺中市梧棲區頂寮里大智路二段近臨港路四段口附近近臨港路四段口,0,1,111,112,120,50,126,142,163,172,176,181,188,192,196,206,211,216,218,234,24.2575298753479,120.539918322856,2019-05-29 12:05:03,2017-10-03 16:37:00,2017-10-03
3026086,10610ABA95B0420,10610ABA95B0420,15,66000,TXG,236,2532,66000130020,2,,2017-10-03 18:36:00,10610031836,臺中市沙鹿區興安里鎮南路二段沙田路附近沙田路,0,1,111,112,120,50,127,141,163,172,176,181,188,190,193,206,211,216,218,234,24.2347602897151,120.558820825575,2019-05-29 12:05:03,2017-10-03 18:36:00,2017-10-03
3025839,10610AB691B0346,10610AB691B0346,15,66000,TXG,232,2321,66000060036,2,,2017-10-03 14:52:00,10610031452,臺中市西屯區福聯里福順路869號,0,1,111,112,120,50,127,141,163,172,176,181,188,191,193,201,210,215,218,233,24.1860115246745,120.607731910856,2019-05-29 12:05:03,2017-10-03 14:52:00,2017-10-03
3080570,10610AB691B0363,10610AB691B0363,15,66000,TXG,232,2004,66000060005,2,,2017-10-03 22:17:00,10610032217,臺中市西屯區惠來里臺灣大道三段8號(慢車道)附近(慢車道),0,1,111,114,120,40,127,141,163,172,176,181,188,190,193,206,211,216,218,236,24.1706599612721,120.638352741644,2019-05-29 12:05:03,2017-10-03 22:17:00,2017-10-03
3026063,10610ABA95B0424,10610ABA95B0424,15,66000,TXG,236,2515,66000130003,2,,2017-10-03 18:19:00,10610031819,臺中市沙鹿區沙鹿里日新街四平街,0,1,111,114,120,50,127,141,163,172,176,181,188,192,196,206,211,216,218,233,24.2370221512718,120.560783538976,2019-05-29 12:05:03,2017-10-03 18:19:00,2017-10-03
3025968,10610AB491B0321,10610AB491B0321,15,66000,TXG,13,2326,66000070002,2,,2017-10-03 17:10:00,10610031710,臺中市南屯區豐樂里黎明路永春東路,0,1,111,113,120,50,127,141,163,172,176,181,188,189,193,206,211,216,218,231,24.1357352738716,120.636741241851,2019-05-29 12:05:03,2017-10-03 17:10:00,2017-10-03
3025443,10610AB795B0445,10610AB795B0445,15,66000,TXG,240,2084,66000180003,2,,2017-10-03 01:11:00,10610030111,臺中市大雅區六寶里中清路四段897巷口附近897巷口,0,1,111,114,120,70,128,141,163,172,176,181,188,189,193,197,208,215,217,236,24.2405543394831,120.630655401823,2019-05-29 12:05:03,2017-10-03 01:11:00,2017-10-03
3025836,10610AB691B0362,10610AB691B0362,15,66000,TXG,232,2002,66000060003,2,,2017-10-03 14:44:00,10610031444,臺中市西屯區潮洋里臺灣大道三段機車引道往市區附近機車引道往市區,0,2,111,112,120,40,126,141,163,172,176,181,188,192,196,206,211,216,218,236,24.1728867670784,120.634168692419,2019-05-29 12:05:03,2017-10-03 14:44:00,2017-10-03
3025786,10610AB491B0317,10610AB491B0317,15,66000,TXG,13,2392,66000070024,2,,2017-10-03 12:55:00,10610031255,臺中市南屯區三和里惠中路三段92號,0,1,111,112,120,50,126,142,163,172,176,181,188,192,196,197,211,216,218,235,24.1661773237144,120.647332517295,2019-05-29 12:05:03,2017-10-03 12:55:00,2017-10-03
3026131,10610AB391B0307,10610AB391B0307,15,66000,TXG,229,2246,66000030003,2,,2017-10-03 19:10:00,10610031910,臺中市南區南門里合作街近興大路附近近興大路,0,1,111,114,120,40,127,142,163,172,176,181,188,189,193,206,211,216,218,235,24.1212243366567,120.682555381909,2019-05-29 12:05:03,2017-10-03 19:10:00,2017-10-03
3025524,10610AB794B0446,10610AB794B0446,15,66000,TXG,238,2046,66000160010,2,,2017-10-03 07:35:00,10610030735,臺中市神岡區豐洲里國豐路一段豐工路,0,2,111,112,120,50,127,141,163,172,176,181,188,189,193,197,210,216,218,234,24.2753498741341,120.705467447295,2019-05-29 12:05:03,2017-10-03 07:35:00,2017-10-03
3026029,10610AB691B0366,10610AB691B0366,15,66000,TXG,232,2323,66000060038,2,,2017-10-03 17:55:00,10610031755,臺中市西屯區福林里福科路600號,0,2,111,114,120,50,137,147,163,172,176,181,188,192,196,197,210,215,218,231,24.1872935522753,120.613439751546,2019-05-29 12:05:03,2017-10-03 17:55:00,2017-10-03
3025471,10610AB291B0288,10610AB291B0288,15,66000,TXG,231,2358,66000050016,2,,2017-10-03 06:40:00,10610030640,臺中市北區賴村里學士路德化街,0,1,111,112,120,50,127,141,163,172,176,181,188,191,193,206,211,216,218,233,24.1616145565989,120.680960071318,2019-05-29 12:05:03,2017-10-03 06:40:00,2017-10-03
3025657,10610AB291B0295,10610AB291B0295,15,66000,TXG,231,2365,66000050023,2,,2017-10-03 09:40:00,10610030940,臺中市北區長青里中清路一段與武漢街口附近與武漢街口,0,1,111,112,120,50,126,141,163,172,176,181,188,192,196,206,211,216,218,235,24.1674850766692,120.673122849455,2019-05-29 12:05:03,2017-10-03 09:40:00,2017-10-03
3025480,10610AB795B0458,10610AB795B0458,15,66000,TXG,240,2086,66000180005,2,,2017-10-03 06:54:00,10610030654,臺中市大雅區忠義里平和南路33號,0,1,111,112,120,40,126,141,163,172,176,181,188,192,196,206,211,216,218,235,24.227988207185,120.627961739416,2019-05-29 12:05:03,2017-10-03 06:54:00,2017-10-03
3025979,10610ABC91B0399,10610ABC91B0399,15,66000,TXG,246,2206,66000270007,2,,2017-10-03 17:15:00,10610031715,臺中市太平區宜欣里宜欣一街22號,0,1,111,112,120,50,139,149,163,172,176,181,188,192,196,206,211,216,218,235,24.1463743906061,120.716160829129,2019-05-29 12:05:03,2017-10-03 17:15:00,2017-10-03
3080556,10610AB591B0341,10610AB591B0341,15,66000,TXG,233,2032,66000080033,2,,2017-10-03 21:55:00,10610032155,臺中市北屯區松勇里松竹路二段松竹路二段337巷,0,2,111,114,120,50,127,141,163,172,176,181,188,189,193,206,211,216,218,233,24.182694918296,120.692038272124,2019-05-29 12:05:03,2017-10-03 21:55:00,2017-10-03
3080566,10610AB591B0344,10610AB591B0344,15,66000,TXG,233,2394,66000080001,2,,2017-10-03 22:11:00,10610032211,臺中市北屯區北興里旱溪西路(南往北向過天祥街66公尺處)附近(南往北向過天祥街66公尺處),0,2,111,114,120,50,137,147,163,172,176,181,188,192,196,200,211,215,218,247,0.0,0.0,2019-05-29 12:05:03,2017-10-03 22:11:00,2017-10-03
3025766,10610AB691B0360,10610AB691B0360,15,66000,TXG,232,2004,66000060005,2,,2017-10-03 12:19:00,10610031219,臺中市西屯區惠來里惠中路154號,0,1,111,112,120,50,137,149,163,172,176,181,188,192,196,201,210,216,218,228,24.1650239844497,120.646430350831,2019-05-29 12:05:03,2017-10-03 12:19:00,2017-10-03
3025719,10610AB793B0449,10610AB793B0449,15,66000,TXG,239,2562,66000170002,2,,2017-10-03 11:20:00,10610031120,臺中市潭子區潭秀里雅潭路一段60號,0,1,111,112,120,50,127,141,163,172,176,181,188,189,193,206,211,216,218,233,24.2159188652757,120.703454180682,2019-05-29 12:05:03,2017-10-03 11:20:00,2017-10-03
3026162,10610AB191B0273,10610AB191B0273,15,66000,TXG,230,2332,66000040015,2,,2017-10-03 19:50:00,10610031950,臺中市西區昇平里向上南路忠明南路,0,1,111,114,120,50,127,141,163,172,176,181,188,189,193,197,211,216,218,234,24.1451103973879,120.657367664014,2019-05-29 12:05:03,2017-10-03 19:50:00,2017-10-03