識別碼,案件編號,交通事故主表,縣市識別碼,縣市代碼,所屬縣市簡碼,鄉縣市區識別碼,村里識別碼,里代碼,事故類(A1、A2...An),處理單位代碼,案件時間(西元),案件時間(民國),發生地點,死亡人數,受傷人數(含2~30日內死亡),天氣識別碼,光線識別碼,道路類別識別碼,速限,道路型態識別碼,事故位置識別碼,路面鋪裝識別碼,路面狀態識別碼,路面缺陷識別碼,障礙物視距識別碼,視距識別碼,號誌種類識別碼,號誌動作識別碼,車道劃分設施-分向設施識別碼,快車道或一般車道間識別碼,快慢車道間識別碼,路面邊線識別碼,事故類型及型態識別碼,緯度,經度,本平台資料更新時間(yyyy-MM-dd HH:mm:ss),資料代表時間(yyyy-MM-dd HH:mm:ss),資料代表日期(yyyy-MM-dd)
3025872,10610AB191B0269,10610AB191B0269,15,66000,TXG,230,2303,66000040007,2,,2017-10-03 15:31:00,10610031531,臺中市西區公民里四維街與金山路附近與金山路,0,2,111,112,120,50,127,141,163,172,176,181,188,192,196,206,211,216,218,233,24.1414457277561,120.671086230189,2019-05-29 12:05:03,2017-10-03 15:31:00,2017-10-03
3080541,10610AB793B0460,10610AB793B0460,15,66000,TXG,239,2563,66000170003,2,,2017-10-03 21:25:00,10610032125,臺中市潭子區潭北里福潭路918號,0,2,111,114,120,50,137,149,163,172,176,181,188,192,196,205,210,216,218,220,24.215497256931,120.7067001906,2019-05-29 12:05:03,2017-10-03 21:25:00,2017-10-03
3025502,10610AB591B0329,10610AB591B0329,15,66000,TXG,233,2400,66000080008,2,,2017-10-03 07:20:00,10610030720,臺中市北屯區水景里台74線路上太原路匝道燈桿24136附近上太原路匝道燈桿24136,0,2,111,112,122,40,137,156,163,172,176,181,188,192,196,206,211,216,217,231,0.0,0.0,2019-05-29 12:05:03,2017-10-03 07:20:00,2017-10-03
3025445,10610AB291B0291,10610AB291B0291,15,66000,TXG,231,2363,66000050021,2,,2017-10-03 01:24:00,10610030124,臺中市北區健行里西屯路一段忠明路,0,1,111,112,120,50,127,141,163,172,176,181,188,189,193,206,211,216,218,233,24.1620475504345,120.66415579162,2019-05-29 12:05:03,2017-10-03 01:24:00,2017-10-03
3025776,10610AB891B0378,10610AB891B0378,15,66000,TXG,247,2268,66000280027,2,,2017-10-03 12:34:00,10610031234,臺中市大里區仁德里成功二路至善路,0,1,111,112,120,50,127,141,163,172,176,181,188,189,193,206,211,216,218,234,24.0931077498528,120.703691438209,2019-05-29 12:05:03,2017-10-03 12:34:00,2017-10-03
3025708,10610ABA95B0430,10610ABA95B0430,15,66000,TXG,236,2517,66000130005,2,,2017-10-03 11:02:00,10610031102,臺中市沙鹿區興仁里沙田路117號,0,1,111,112,120,50,127,142,163,172,176,181,188,192,196,200,210,215,218,234,24.2352854589002,120.558993154947,2019-05-29 12:05:03,2017-10-03 11:02:00,2017-10-03
3025777,10610ABB91B0435,10610ABB91B0435,15,66000,TXG,286,2490,66000110011,2,,2017-10-03 12:35:00,10610031235,臺中市大甲區薰風里光明路鎮瀾街,0,1,111,112,120,50,128,141,163,172,176,181,188,189,193,206,211,216,218,232,24.3442002597333,120.623535572601,2019-05-29 12:05:03,2017-10-03 12:35:00,2017-10-03
3025936,10610AB691B0356,10610AB691B0356,15,66000,TXG,232,2367,66000060015,2,,2017-10-03 16:40:00,10610031640,臺中市西屯區港尾里中科路7618626燈桿附近7618626燈桿,0,1,111,112,123,50,137,147,163,172,176,181,188,192,196,197,210,212,218,234,24.2021964991383,120.642107966048,2019-05-29 12:05:03,2017-10-03 16:40:00,2017-10-03
3026080,10610ABA94B0425,10610ABA94B0425,15,66000,TXG,312,2595,66000140001,2,,2017-10-03 18:31:00,10610031831,臺中市梧棲區頂寮里大智路二段398巷16號,0,1,111,114,120,50,137,149,163,172,176,181,188,192,196,201,211,216,218,221,24.2607093042285,120.533290466244,2019-05-29 12:05:03,2017-10-03 18:31:00,2017-10-03
3026013,10610AB491B0319,10610AB491B0319,15,66000,TXG,13,2388,66000070020,2,,2017-10-03 17:42:00,10610031742,臺中市南屯區大興里永春東路124號,0,1,111,113,120,50,137,147,163,171,176,181,188,192,196,201,210,215,218,234,24.1349034625318,120.65238081761,2019-05-29 12:05:03,2017-10-03 17:42:00,2017-10-03
3025916,10610AB691B0351,10610AB691B0351,15,66000,TXG,232,2002,66000060003,2,,2017-10-03 16:28:00,10610031628,臺中市西屯區潮洋里市政北二路黎明路,0,1,111,112,120,50,127,141,163,172,176,181,188,189,193,201,210,215,217,234,24.1649147944288,120.634607271826,2019-05-29 12:05:03,2017-10-03 16:28:00,2017-10-03
3025578,10610AB891B0372,10610AB891B0372,15,66000,TXG,247,2238,66000280002,2,,2017-10-03 08:04:00,10610030804,臺中市大里區新里里大里路大新街,0,2,111,112,120,50,126,141,163,172,176,181,188,189,193,200,211,216,217,234,24.0997216386273,120.679582927124,2019-05-29 12:05:03,2017-10-03 08:04:00,2017-10-03
3026115,10610AB391B0311,10610AB391B0311,15,66000,TXG,228,2071,66000020011,2,,2017-10-03 19:00:00,10610031900,臺中市東區東南里南京東路340號,0,2,110,114,120,40,126,147,163,172,176,181,188,192,196,205,211,216,218,234,0.0,0.0,2019-05-29 12:05:03,2017-10-03 19:00:00,2017-10-03
3025789,10610AB291B0280,10610AB291B0280,15,66000,TXG,231,1995,66000050032,2,,2017-10-03 13:03:00,10610031303,臺中市北區賴旺里青島西街27號,0,1,111,112,120,40,137,149,163,172,176,181,188,192,196,201,211,216,218,235,24.1722807625075,120.673078376631,2019-05-29 12:05:03,2017-10-03 13:03:00,2017-10-03
3025926,10610AB691B0368,10610AB691B0368,15,66000,TXG,232,2009,66000060010,2,,2017-10-03 16:35:00,10610031635,臺中市西屯區何厝里漢口路二段29號,0,1,111,112,120,50,126,141,163,172,176,180,188,192,196,206,211,216,218,236,0.0,0.0,2019-05-29 12:05:03,2017-10-03 16:35:00,2017-10-03
3025769,10610AB391B0304,10610AB391B0304,15,66000,TXG,229,2296,66000030022,2,,2017-10-03 12:26:00,10610031226,臺中市南區崇倫里文心南路建國北路,0,1,111,112,120,50,127,141,163,172,176,181,188,190,193,206,211,216,218,234,24.1206421714089,120.650096804718,2019-05-29 12:05:03,2017-10-03 12:26:00,2017-10-03
3026106,10610AB291B0285,10610AB291B0285,15,66000,TXG,231,2354,66000050012,2,,2017-10-03 18:53:00,10610031853,臺中市北區邱厝里健行路崇德路,0,1,111,115,120,50,127,142,163,172,176,181,188,189,193,203,210,215,218,234,24.1590410115676,120.685092018435,2019-05-29 12:05:03,2017-10-03 18:53:00,2017-10-03
3025768,10610AB291B0297,10610AB291B0297,15,66000,TXG,231,2356,66000050014,2,,2017-10-03 12:22:00,10610031222,臺中市北區頂厝里進化北路235號,0,1,111,112,120,40,137,148,163,172,176,181,188,192,196,197,210,215,218,234,24.1629978518524,120.684216152097,2019-05-29 12:05:03,2017-10-03 12:22:00,2017-10-03
3026015,10610AB795B0467,10610AB795B0467,15,66000,TXG,240,2083,66000180002,2,,2017-10-03 17:45:00,10610031745,臺中市大雅區員林里大林路140巷66弄口附近66弄口,0,1,111,112,120,40,127,141,163,172,176,181,188,192,196,206,211,216,218,233,24.2315218800654,120.642762319849,2019-05-29 12:05:03,2017-10-03 17:45:00,2017-10-03
3026111,10610A24WXB0026,10610A24WXB0026,15,66000,TXG,14,0,66000230000,2,,2017-10-03 19:00:00,10610031900,臺中市烏日區國道1號185.0公里北側中線車道,0,1,111,115,116,110,137,147,163,172,176,181,188,192,196,197,209,216,217,235,24.2585429522888,120.691325643981,2019-05-29 12:05:03,2017-10-03 19:00:00,2017-10-03
3080511,10610ABA93B0421,10610ABA93B0421,15,66000,TXG,311,1986,66000120027,2,,2017-10-03 20:15:00,10610032015,臺中市清水區橋頭里民有路橋江南街98巷,0,1,111,114,120,40,127,141,163,172,176,181,188,191,193,206,211,216,218,234,24.2780454738089,120.570789632236,2019-05-29 12:05:03,2017-10-03 20:15:00,2017-10-03
3025980,10610AB891B0391,10610AB891B0391,15,66000,TXG,247,2262,66000280021,2,,2017-10-03 17:18:00,10610031718,臺中市大里區國光里德芳南路德芳南路471巷,0,2,111,112,120,60,128,141,163,172,176,181,188,189,193,206,211,216,218,234,24.1044799814438,120.682365925542,2019-05-29 12:05:03,2017-10-03 17:18:00,2017-10-03
3080512,10610AB591B0340,10610AB591B0340,15,66000,TXG,233,2017,66000080018,2,,2017-10-03 20:18:00,10610032018,臺中市北屯區仁美里豐樂路11-9號,0,1,111,114,120,50,126,141,163,172,176,181,188,192,196,206,211,216,218,234,24.1942743024862,120.684198572338,2019-05-29 12:05:03,2017-10-03 20:18:00,2017-10-03
3026010,10610ABC91B0400,10610ABC91B0400,15,66000,TXG,246,2214,66000270016,2,,2017-10-03 17:41:00,10610031741,臺中市太平區興隆里光興路1846號,0,2,111,113,120,50,137,147,163,172,176,181,188,192,196,200,210,215,217,230,24.1253572418046,120.735011137384,2019-05-29 12:05:03,2017-10-03 17:41:00,2017-10-03
3080583,10610AB291B0289,10610AB291B0289,15,66000,TXG,231,2355,66000050013,2,,2017-10-03 22:30:00,10610032230,臺中市北區建興里德化街114號,0,2,111,112,120,50,137,149,163,172,176,181,188,192,196,201,211,216,218,234,24.161540431716,120.686395025568,2019-05-29 12:05:03,2017-10-03 22:30:00,2017-10-03
3026159,10610AB891B0393,10610AB891B0393,15,66000,TXG,245,2193,66000260011,2,,2017-10-03 19:45:00,10610031945,臺中市霧峰區南柳里福新路222號,0,1,111,114,120,50,137,149,163,172,176,181,188,192,196,206,210,216,217,231,24.0533993957633,120.686397864837,2019-05-29 12:05:03,2017-10-03 19:45:00,2017-10-03
3080602,10610AB491B0324,10610AB491B0324,15,66000,TXG,13,2390,66000070022,2,,2017-10-03 23:10:00,10610032310,臺中市南屯區惠中里惠文路向學路,0,1,111,114,120,50,126,141,163,172,176,181,188,192,196,206,211,216,218,234,24.1454675517169,120.643549379241,2019-05-29 12:05:03,2017-10-03 23:10:00,2017-10-03
3025622,10610AB793B0447,10610AB793B0447,15,66000,TXG,239,2561,66000170001,2,,2017-10-03 08:50:00,10610030850,臺中市潭子區潭陽里福潭路460號,0,1,111,112,120,50,127,142,163,172,176,181,188,189,193,206,211,216,218,230,24.2103222312914,120.710458112985,2019-05-29 12:05:03,2017-10-03 08:50:00,2017-10-03
3025796,10610AB891B0374,10610AB891B0374,15,66000,TXG,247,2255,66000280014,2,,2017-10-03 13:20:00,10610031320,臺中市大里區仁化里仁化路至善路,0,1,111,112,120,50,127,141,163,172,176,181,188,189,193,206,211,216,218,234,24.0964875865074,120.695774290457,2019-05-29 12:05:03,2017-10-03 13:20:00,2017-10-03
3080525,10610AB291B0290,10610AB291B0290,15,66000,TXG,231,1995,66000050032,2,,2017-10-03 20:46:00,10610032046,臺中市北區賴旺里文心路四段梅川西路四段,0,2,111,114,120,50,127,141,163,172,176,181,188,190,193,206,211,216,218,231,24.1730342213035,120.679402066062,2019-05-29 12:05:03,2017-10-03 20:46:00,2017-10-03
3025520,10610ABA93B0415,10610ABA93B0415,15,66000,TXG,311,216,66000120015,2,,2017-10-03 07:32:00,10610030732,臺中市清水區海濱里臨港路五段與北堤路口附近與北堤路口,0,1,111,112,120,40,128,148,163,172,176,181,188,190,193,197,209,214,217,234,24.2892192040604,120.540089024484,2019-05-29 12:05:03,2017-10-03 07:32:00,2017-10-03
3025483,10610AB591B0337,10610AB591B0337,15,66000,TXG,233,2397,66000080005,2,,2017-10-03 06:57:00,10610030657,臺中市北屯區平和里安順二街安順東四街,0,2,111,112,120,50,127,141,163,172,176,181,188,192,196,206,211,216,218,233,24.174447686173,120.680994409231,2019-05-29 12:05:03,2017-10-03 06:57:00,2017-10-03
3025984,10610ABB93B0438,10610ABB93B0438,15,66000,TXG,237,2555,66000150010,2,,2017-10-03 17:22:00,10610031722,臺中市后里區中和里三線路犛份路,0,1,111,114,120,50,126,141,163,172,176,181,188,192,196,206,211,216,218,233,24.2961252032881,120.705232189776,2019-05-29 12:05:03,2017-10-03 17:22:00,2017-10-03
3080568,10610AB291B0287,10610AB291B0287,15,66000,TXG,231,2353,66000050011,2,,2017-10-03 22:13:00,10610032213,臺中市北區金龍里梅亭街益華街附近益華街,0,2,111,112,120,50,127,141,163,172,176,181,188,189,193,201,210,216,218,233,24.1601928826773,120.689360630447,2019-05-29 12:05:03,2017-10-03 22:13:00,2017-10-03
3080531,10610AB191B0275,10610AB191B0275,15,66000,TXG,227,2059,66000010007,2,,2017-10-03 21:05:00,10610032105,臺中市中區大誠里中華路二段大誠街24巷,0,2,111,114,120,50,127,142,163,172,176,181,188,192,196,206,210,216,218,235,24.1466215826684,120.680280709364,2019-05-29 12:05:03,2017-10-03 21:05:00,2017-10-03
3025782,10610AB491B0318,10610AB491B0318,15,66000,TXG,13,2375,66000070007,2,,2017-10-03 12:44:00,10610031244,臺中市南屯區文山里忠勇路文山二街,0,1,111,112,120,50,127,142,163,172,176,181,188,190,193,206,211,216,218,236,24.1437547708836,120.614315765374,2019-05-29 12:05:03,2017-10-03 12:44:00,2017-10-03
3025515,10610AB795B0450,10610AB795B0450,15,66000,TXG,240,2085,66000180004,2,,2017-10-03 07:30:00,10610030730,臺中市大雅區秀山里平和南路33號旁附近33號旁,0,1,111,112,120,40,126,141,163,172,176,181,188,192,196,206,211,216,218,234,24.2257301736551,120.625769282646,2019-05-29 12:05:03,2017-10-03 07:30:00,2017-10-03
3025729,10610AB891B0376,10610AB891B0376,15,66000,TXG,245,2185,66000260002,2,,2017-10-03 11:35:00,10610031135,臺中市霧峰區吉峰里吉峰路72號,0,1,111,112,120,50,137,147,163,172,176,179,186,192,196,200,209,215,218,234,24.075608038515,120.699863437918,2019-05-29 12:05:03,2017-10-03 11:35:00,2017-10-03
3025832,10610AB691B0358,10610AB691B0358,15,66000,TXG,232,2368,66000060016,2,,2017-10-03 14:32:00,10610031432,臺中市西屯區廣福里中清路三段457號,0,2,111,112,120,50,137,148,163,172,176,181,188,192,196,197,210,215,218,230,24.2027493025168,120.65378139076,2019-05-29 12:05:03,2017-10-03 14:32:00,2017-10-03
3080619,10610AB391B0310,10610AB391B0310,15,66000,TXG,228,2061,66000020001,2,,2017-10-03 23:40:00,10610032340,臺中市東區新庄里大智路43號,0,3,111,114,120,50,127,142,163,172,176,181,188,191,193,199,208,215,218,234,24.1267056474006,120.690314133907,2019-05-29 12:05:03,2017-10-03 23:40:00,2017-10-03
3080589,10610AB591B0342,10610AB591B0342,15,66000,TXG,233,2017,66000080018,2,,2017-10-03 22:40:00,10610032240,臺中市北屯區仁美里環中路一段長生巷,0,2,111,114,120,50,126,141,163,172,176,181,188,189,193,206,211,216,218,235,24.2008349405702,120.689935530178,2019-05-29 12:05:03,2017-10-03 22:40:00,2017-10-03
3025761,10610AB491B0316,10610AB491B0316,15,66000,TXG,13,2375,66000070007,2,,2017-10-03 12:13:00,10610031213,臺中市南屯區文山里嶺東路730號,0,1,111,112,120,50,137,147,163,172,176,181,188,192,196,201,210,215,218,234,24.1485638810785,120.611758303556,2019-05-29 12:05:03,2017-10-03 12:13:00,2017-10-03
3025851,10610AB591B0332,10610AB591B0332,15,66000,TXG,233,2396,66000080004,2,,2017-10-03 15:10:00,10610031510,臺中市北屯區平田里大連路一段遼陽六街,0,1,111,112,120,50,128,141,163,172,176,181,188,192,196,206,211,216,218,233,24.1744055844072,120.695469881421,2019-05-29 12:05:03,2017-10-03 15:10:00,2017-10-03
3080558,10610AB793B0473,10610AB793B0473,15,66000,TXG,239,2562,66000170002,2,,2017-10-03 21:57:00,10610032157,臺中市潭子區潭秀里中山路二段578號旁附近578號旁,0,1,111,114,120,60,138,152,163,172,176,181,188,192,196,203,210,215,217,230,24.2162402172636,120.705323893952,2019-05-29 12:05:03,2017-10-03 21:57:00,2017-10-03
3025850,10610AB794B0472,10610AB794B0472,15,66000,TXG,238,2051,66000160015,2,,2017-10-03 15:10:00,10610031510,臺中市神岡區圳堵里成功路70號,0,1,111,112,120,40,127,142,163,172,176,181,188,192,196,206,211,215,218,235,24.2549952989505,120.705554780682,2019-05-29 12:05:03,2017-10-03 15:10:00,2017-10-03
3025664,10610AB291B0296,10610AB291B0296,15,66000,TXG,231,1997,66000050034,2,,2017-10-03 09:50:00,10610030950,臺中市北區立人里陝西三街20號,0,1,111,112,120,50,137,149,163,172,176,181,188,192,196,205,211,216,218,234,24.1702909471446,120.667273391205,2019-05-29 12:05:03,2017-10-03 09:50:00,2017-10-03
3025825,10610AB691B0361,10610AB691B0361,15,66000,TXG,232,2368,66000060016,2,,2017-10-03 14:11:00,10610031411,臺中市西屯區廣福里中清路三段中清路三段225巷,0,1,111,112,120,40,126,141,163,172,176,181,188,189,193,206,211,216,218,234,24.2041818851912,120.652983565807,2019-05-29 12:05:03,2017-10-03 14:11:00,2017-10-03
3025810,10610AB795B0451,10610AB795B0451,15,66000,TXG,239,2570,66000170010,2,,2017-10-03 13:50:00,10610031350,臺中市潭子區栗林里弘仁街弘智一街,0,2,111,112,120,50,137,149,163,172,176,181,188,191,193,205,210,216,217,235,24.2249614698182,120.70270019754,2019-05-29 12:05:03,2017-10-03 13:50:00,2017-10-03
3025645,10610AB691B0345,10610AB691B0345,15,66000,TXG,232,2001,66000060002,2,,2017-10-03 09:22:00,10610030922,臺中市西屯區西墩里環中路二段1286號,0,1,111,112,120,50,127,141,163,172,176,181,188,189,193,206,211,216,218,230,24.1877519022695,120.63822294005,2019-05-29 12:05:03,2017-10-03 09:22:00,2017-10-03
3025638,10610ABA94B0414,10610ABA94B0414,15,66000,TXG,312,2541,66000140010,2,,2017-10-03 09:10:00,10610030910,臺中市梧棲區大庄里文昌路611巷35號,0,1,111,112,120,50,137,149,163,172,176,181,188,192,196,206,211,216,218,234,24.2446682075623,120.535792018237,2019-05-29 12:05:03,2017-10-03 09:10:00,2017-10-03
3025996,10610AB794B0455,10610AB794B0455,15,66000,TXG,238,2047,66000160011,2,,2017-10-03 17:33:00,10610031733,臺中市神岡區神洲里神洲路262巷5號,0,1,111,112,120,40,126,141,163,172,176,181,188,192,196,206,211,216,218,234,24.2719085776,120.690030096784,2019-05-29 12:05:03,2017-10-03 17:33:00,2017-10-03
3025897,10610AB391B0302,10610AB391B0302,15,66000,TXG,228,2072,66000020012,2,,2017-10-03 16:10:00,10610031610,臺中市東區東勢里精武路進德路,0,1,111,112,120,40,128,141,163,172,176,181,188,189,193,206,211,216,218,233,24.1478728766235,120.692469189098,2019-05-29 12:05:03,2017-10-03 16:10:00,2017-10-03
3025975,10610ABA94B0429,10610ABA94B0429,15,66000,TXG,312,2539,66000140007,2,,2017-10-03 17:13:00,10610031713,臺中市梧棲區草湳里自強四街近自立路口附近近自立路口,0,1,111,112,120,50,128,153,163,172,176,181,188,192,196,201,210,216,217,235,24.2438768962871,120.527740446532,2019-05-29 12:05:03,2017-10-03 17:13:00,2017-10-03
3026174,10610AB591B0343,10610AB591B0343,15,66000,TXG,233,2407,66000080035,2,,2017-10-03 20:10:00,10610032010,臺中市北屯區平心里昌平路柳陽西街,0,1,111,114,120,50,126,142,163,172,176,181,188,192,196,206,211,216,218,234,24.1719870805144,120.690843435053,2019-05-29 12:05:03,2017-10-03 20:10:00,2017-10-03
3026092,10610ABB91B0440,10610ABB91B0440,15,66000,TXG,286,2501,66000110022,2,,2017-10-03 18:40:00,10610031840,臺中市大甲區孟春里黎明路經國路口附近經國路口,0,1,111,114,120,50,137,149,163,172,176,181,188,192,196,201,210,216,217,236,24.3884251859708,120.65103869849,2019-05-29 12:05:03,2017-10-03 18:40:00,2017-10-03
3026128,10610ABC91B0401,10610ABC91B0401,15,66000,TXG,246,2203,66000270004,2,,2017-10-03 19:08:00,10610031908,臺中市太平區中興里太平路太平二十八街,0,1,111,114,120,50,126,141,163,172,176,181,188,191,193,206,211,216,218,231,24.1166891459574,120.724266673307,2019-05-29 12:05:03,2017-10-03 19:08:00,2017-10-03
3025516,10610AB691B0350,10610AB691B0350,15,66000,TXG,232,2318,66000060033,2,,2017-10-03 07:30:00,10610030730,臺中市西屯區福和里水尾巷09105燈桿附近09105燈桿,0,1,111,112,120,40,137,149,163,172,176,181,188,191,193,206,211,216,218,221,24.1700927406362,120.617601735308,2019-05-29 12:05:03,2017-10-03 07:30:00,2017-10-03
3080620,10610ABB91B0442,10610ABB91B0442,15,66000,TXG,286,2491,66000110012,2,,2017-10-03 23:40:00,10610032340,臺中市大甲區義和里中山路一段文曲路,0,1,111,114,120,50,127,141,163,172,176,181,188,191,193,206,211,216,218,235,24.3406119597326,120.619333299523,2019-05-29 12:05:03,2017-10-03 23:40:00,2017-10-03
3080509,10610AB7O1B0457,10610AB7O1B0457,15,66000,TXG,234,2441,66000090023,2,,2017-10-03 20:11:00,10610032011,臺中市豐原區豐田里豐南街92巷60號,0,1,111,114,120,50,137,149,163,172,176,181,188,192,196,206,211,216,217,232,24.2380866519176,120.714332230111,2019-05-29 12:05:03,2017-10-03 20:11:00,2017-10-03
3026105,10610AB391B0306,10610AB391B0306,15,66000,TXG,228,2067,66000020007,2,,2017-10-03 18:53:00,10610031853,臺中市東區旱溪里自由路四段138號,0,1,110,114,120,40,126,141,163,172,176,181,188,192,196,201,211,216,218,234,24.1458952333915,120.548665892679,2019-05-29 12:05:03,2017-10-03 18:53:00,2017-10-03
3026160,10610AB291B0294,10610AB291B0294,15,66000,TXG,231,2363,66000050021,2,,2017-10-03 19:49:00,10610031949,臺中市北區健行里中清路一段412巷對面(無名巷口)附近對面(無名巷口),0,2,111,114,120,50,127,141,163,172,176,181,188,192,196,206,211,216,218,233,24.2616935542483,120.574796787667,2019-05-29 12:05:03,2017-10-03 19:49:00,2017-10-03
3025629,10610AB391B0301,10610AB391B0301,15,66000,TXG,228,2065,66000020005,2,,2017-10-03 09:00:00,10610030900,臺中市東區干城里新民街近復興路四段口附近近復興路四段口,0,2,111,112,120,50,137,149,163,172,176,180,188,192,196,205,211,216,218,235,24.1390567993694,120.690095364601,2019-05-29 12:05:03,2017-10-03 09:00:00,2017-10-03
3025469,10610AB691B0364,10610AB691B0364,15,66000,TXG,232,2372,66000060020,2,,2017-10-03 06:30:00,10610030630,臺中市西屯區協和里安和路83-10號號,0,3,111,112,120,50,128,141,163,172,176,181,188,189,193,206,211,216,218,234,24.247123427392,120.70779516141,2019-05-29 12:05:03,2017-10-03 06:30:00,2017-10-03
3025476,10610ABC91B0396,10610ABC91B0396,15,66000,TXG,246,2208,66000270009,2,,2017-10-03 06:45:00,10610030645,臺中市太平區坪林里中山路二段100巷26弄2號,0,1,111,112,120,50,126,141,163,172,176,181,188,192,196,206,211,216,218,220,24.2056774615912,120.703493768885,2019-05-29 12:05:03,2017-10-03 06:45:00,2017-10-03
3025853,10610AB291B0281,10610AB291B0281,15,66000,TXG,231,1995,66000050032,2,,2017-10-03 15:11:00,10610031511,臺中市北區賴旺里青島西街64號,0,1,111,112,120,50,137,149,163,172,176,181,188,192,196,205,211,216,218,234,24.1711469466453,120.673348161902,2019-05-29 12:05:03,2017-10-03 15:11:00,2017-10-03
3025895,10610ABD91B0443,10610ABD91B0443,15,66000,TXG,235,2459,66000100005,2,,2017-10-03 16:10:00,10610031610,臺中市東勢區延平里豐勢路200號,0,1,111,112,120,50,137,149,163,172,176,181,188,192,196,201,211,216,217,234,24.2505195148008,120.830377117039,2019-05-29 12:05:03,2017-10-03 16:10:00,2017-10-03
3080548,10610AB891B0394,10610AB891B0394,15,66000,TXG,247,2248,66000280007,2,,2017-10-03 21:35:00,10610032135,臺中市大里區西榮里西榮路西榮路152巷,0,2,111,114,120,50,126,141,163,172,176,181,188,192,196,206,211,216,218,234,24.1109759838094,120.686193472458,2019-05-29 12:05:03,2017-10-03 21:35:00,2017-10-03
3025698,10610AB795B0464,10610AB795B0464,15,66000,TXG,240,2088,66000180007,2,,2017-10-03 10:53:00,10610031053,臺中市大雅區三和里信和路龍善三街,0,2,111,112,120,50,127,141,163,172,176,181,188,192,196,201,211,216,217,234,24.213808793932,120.660802917455,2019-05-29 12:05:03,2017-10-03 10:53:00,2017-10-03
3025542,10610AB591B0330,10610AB591B0330,15,66000,TXG,233,2399,66000080007,2,,2017-10-03 07:45:00,10610030745,臺中市北屯區舊社里北屯路475之5號,0,3,111,112,120,50,137,147,163,172,176,181,188,192,196,197,210,215,218,231,24.1852468532382,120.702292778721,2019-05-29 12:05:03,2017-10-03 07:45:00,2017-10-03
3026058,10610AB291B0283,10610AB291B0283,15,66000,TXG,231,2354,66000050012,2,,2017-10-03 18:15:00,10610031815,臺中市北區邱厝里美德街近大義街附近近大義街,0,2,111,114,120,50,137,149,163,172,176,181,188,192,196,201,211,216,218,231,24.1576390043985,120.683366595419,2019-05-29 12:05:03,2017-10-03 18:15:00,2017-10-03
3025739,10610ABB91B0436,10610ABB91B0436,15,66000,TXG,286,2491,66000110012,2,,2017-10-03 11:43:00,10610031143,臺中市大甲區義和里重義二路157號,0,1,111,112,120,50,126,141,163,172,176,181,188,192,196,206,211,216,218,234,24.3350874177025,120.612911339932,2019-05-29 12:05:03,2017-10-03 11:43:00,2017-10-03
3025530,10610AB691B0370,10610AB691B0370,15,66000,TXG,232,2320,66000060035,2,,2017-10-03 07:39:00,10610030739,臺中市西屯區福恩里臺灣大道慢車道(往市區近東大路)附近慢車道(往市區近東大路),0,2,111,112,120,40,128,142,163,172,176,181,188,192,196,197,210,212,218,231,0.0,0.0,2019-05-29 12:05:03,2017-10-03 07:39:00,2017-10-03
3025514,10610ABA95B0416,10610ABA95B0416,15,66000,TXG,236,2521,66000130009,2,,2017-10-03 07:30:00,10610030730,臺中市沙鹿區竹林里臺灣大道路七段三民路,0,1,111,112,120,60,128,141,163,172,176,181,188,190,193,206,211,216,218,234,0.0,0.0,2019-05-29 12:05:03,2017-10-03 07:30:00,2017-10-03
3026117,10610AB191B0276,10610AB191B0276,15,66000,TXG,227,2055,66000010003,2,,2017-10-03 19:00:00,10610031900,臺中市中區綠川里建國路與民族路附近與民族路,0,1,110,114,120,50,126,141,163,172,176,181,188,189,193,206,211,216,218,234,24.1360755478421,120.682763842842,2019-05-29 12:05:03,2017-10-03 19:00:00,2017-10-03
3025856,10610AB491B0320,10610AB491B0320,15,66000,TXG,13,2432,66000070005,2,,2017-10-03 15:15:00,10610031515,臺中市南屯區春社里永春南路近忠勇路口附近近忠勇路口,0,1,111,112,120,50,127,141,163,172,176,181,188,190,193,206,211,216,218,234,24.1384346282209,120.61233473664,2019-05-29 12:05:03,2017-10-03 15:15:00,2017-10-03
3025618,10610AB691B0355,10610AB691B0355,15,66000,TXG,232,2001,66000060002,2,,2017-10-03 08:46:00,10610030846,臺中市西屯區西墩里青海路27區0165-55路燈附近27區0165-55路燈,0,1,111,112,120,50,137,149,163,172,176,181,188,192,196,201,210,216,218,236,0.0,0.0,2019-05-29 12:05:03,2017-10-03 08:46:00,2017-10-03
3025860,10610AB591B0334,10610AB591B0334,15,66000,TXG,233,2017,66000080018,2,,2017-10-03 15:20:00,10610031520,臺中市北屯區仁美里崇德路三段568號,0,1,111,112,120,50,137,149,163,172,176,181,188,192,196,197,210,216,218,234,24.1917569678237,120.686472793826,2019-05-29 12:05:03,2017-10-03 15:20:00,2017-10-03
3025876,10610AB691B0369,10610AB691B0369,15,66000,TXG,232,2320,66000060035,2,,2017-10-03 15:40:00,10610031540,臺中市西屯區福恩里臺灣大道四段工業區一路,0,1,111,112,120,50,127,141,163,172,176,181,188,189,193,206,211,216,218,234,24.1830132164306,120.615307458345,2019-05-29 12:05:03,2017-10-03 15:40:00,2017-10-03