識別碼,案件編號,交通事故主表,縣市識別碼,縣市代碼,所屬縣市簡碼,鄉縣市區識別碼,村里識別碼,里代碼,事故類(A1、A2...An),處理單位代碼,案件時間(西元),案件時間(民國),發生地點,死亡人數,受傷人數(含2~30日內死亡),天氣識別碼,光線識別碼,道路類別識別碼,速限,道路型態識別碼,事故位置識別碼,路面鋪裝識別碼,路面狀態識別碼,路面缺陷識別碼,障礙物視距識別碼,視距識別碼,號誌種類識別碼,號誌動作識別碼,車道劃分設施-分向設施識別碼,快車道或一般車道間識別碼,快慢車道間識別碼,路面邊線識別碼,事故類型及型態識別碼,緯度,經度,本平台資料更新時間(yyyy-MM-dd HH:mm:ss),資料代表時間(yyyy-MM-dd HH:mm:ss),資料代表日期(yyyy-MM-dd)
3025447,10610AB691B0348,10610AB691B0348,15,66000,TXG,232,2314,66000060029,2,,2017-10-03 01:30:00,10610030130,臺中市西屯區逢福里福上巷251弄3號,0,1,111,114,120,40,127,141,163,172,176,181,188,192,196,206,211,216,218,236,24.1748214452295,120.646711995655,2019-05-29 12:05:03,2017-10-03 01:30:00,2017-10-03
3025948,10610AB591B0339,10610AB591B0339,15,66000,TXG,233,2402,66000080010,2,,2017-10-03 16:50:00,10610031650,臺中市北屯區和平里建和路二段150號,0,1,111,112,120,40,137,148,163,172,176,178,188,192,196,203,211,215,218,232,24.1726788011642,120.724630199543,2019-05-29 12:05:03,2017-10-03 16:50:00,2017-10-03
3025967,10610AB891B0384,10610AB891B0384,15,66000,TXG,247,2267,66000280026,2,,2017-10-03 17:10:00,10610031710,臺中市大里區立德里立仁四路14號,0,3,111,112,120,50,126,141,163,172,176,181,188,192,196,206,211,216,218,235,24.1034943895702,120.700553415395,2019-05-29 12:05:03,2017-10-03 17:10:00,2017-10-03
3080513,10610AB191B0277,10610AB191B0277,15,66000,TXG,227,2059,66000010007,2,,2017-10-03 20:25:00,10610032025,臺中市中區大誠里中華路近福音街附近近福音街,0,2,110,114,120,50,126,142,163,172,176,181,188,189,193,201,211,215,218,235,24.2814838591132,120.581318042934,2019-05-29 12:05:03,2017-10-03 20:25:00,2017-10-03
3025654,10610ABA93B0417,10610ABA93B0417,15,66000,TXG,311,2512,66000120032,2,,2017-10-03 09:37:00,10610030937,臺中市清水區吳厝里吳厝路113號,0,1,111,112,120,40,137,149,163,172,176,181,188,192,196,206,211,216,217,235,24.2678248721215,120.601501351176,2019-05-29 12:05:03,2017-10-03 09:37:00,2017-10-03
3025547,10610ABC91B0395,10610ABC91B0395,15,66000,TXG,246,2200,66000270001,2,,2017-10-03 07:47:00,10610030747,臺中市太平區太平里甲堤路與永豐路398巷口附近與永豐路398巷口,0,2,111,112,120,40,126,141,163,172,176,181,188,192,196,200,211,216,218,234,24.1123390834931,120.701149107992,2019-05-29 12:05:03,2017-10-03 07:47:00,2017-10-03
3025686,10610ABC91B0397,10610ABC91B0397,15,66000,TXG,246,2225,66000270028,2,,2017-10-03 10:30:00,10610031030,臺中市太平區新高里中山路四段43號,0,1,111,112,120,10,137,147,163,172,176,181,188,192,196,201,211,215,217,235,24.1499275016078,120.71173553492,2019-05-29 12:05:03,2017-10-03 10:30:00,2017-10-03
3025915,10610AB291B0284,10610AB291B0284,15,66000,TXG,231,2360,66000050018,2,,2017-10-03 16:28:00,10610031628,臺中市北區淡溝里西屯路英才路,0,1,111,112,120,50,127,142,163,172,176,181,188,189,193,198,210,215,218,234,24.1552914532845,120.669101580957,2019-05-29 12:05:03,2017-10-03 16:28:00,2017-10-03
3026074,10610AB795B0456,10610AB795B0456,15,66000,TXG,240,2087,66000180006,2,,2017-10-03 18:28:00,10610031828,臺中市大雅區橫山里永和路126-16號,0,1,111,114,120,50,137,152,163,172,176,181,188,192,196,201,210,215,217,229,24.2124448264249,120.63255166537,2019-05-29 12:05:03,2017-10-03 18:28:00,2017-10-03
3025952,10610ABB93B0437,10610ABB93B0437,15,66000,TXG,243,2122,66000210006,2,,2017-10-03 16:55:00,10610031655,臺中市外埔區大東里甲后路五段180巷,0,2,111,112,120,50,127,149,163,172,176,181,188,192,196,200,211,216,217,234,0.0,0.0,2019-05-29 12:05:03,2017-10-03 16:55:00,2017-10-03
3025690,10610AB795B0454,10610AB795B0454,15,66000,TXG,240,2087,66000180006,2,,2017-10-03 10:40:00,10610031040,臺中市大雅區橫山里永和路109-3號,0,1,111,112,120,50,134,149,163,172,176,181,188,192,196,201,210,216,217,230,24.2124395665738,120.632557387639,2019-05-29 12:05:03,2017-10-03 10:40:00,2017-10-03
3026027,10610AB391B0305,10610AB391B0305,15,66000,TXG,228,2076,66000020016,2,,2017-10-03 17:54:00,10610031754,臺中市東區東信里和平街立德街,0,1,111,114,120,50,127,141,163,172,176,181,188,192,196,206,211,216,218,233,24.1344396386056,120.686533647622,2019-05-29 12:05:03,2017-10-03 17:54:00,2017-10-03
3026053,10610ABA95B0422,10610ABA95B0422,15,66000,TXG,236,2521,66000130009,2,,2017-10-03 18:14:00,10610031814,臺中市沙鹿區竹林里中山路近中山路36巷口附近近中山路36巷口,0,2,110,114,120,50,126,142,163,172,176,181,188,192,196,200,210,216,217,234,24.2400285118295,120.573980057308,2019-05-29 12:05:03,2017-10-03 18:14:00,2017-10-03
3026094,10610AB795B0468,10610AB795B0468,15,66000,TXG,240,2094,66000180015,2,,2017-10-03 18:42:00,10610031842,臺中市大雅區雅楓里民生路三段332號,0,1,111,114,120,50,137,149,163,172,176,181,188,192,196,197,210,216,217,231,24.2330444022652,120.663288887726,2019-05-29 12:05:03,2017-10-03 18:42:00,2017-10-03
3025902,10610AB891B0381,10610AB891B0381,15,66000,TXG,245,2195,66000260013,2,,2017-10-03 16:15:00,10610031615,臺中市霧峰區五福里五福路275號,0,1,111,112,120,40,126,141,163,172,176,181,188,192,196,206,211,216,217,234,24.0723349094318,120.665497561737,2019-05-29 12:05:03,2017-10-03 16:15:00,2017-10-03
3025927,10610AB491B0326,10610AB491B0326,15,66000,TXG,13,2390,66000070022,2,,2017-10-03 16:36:00,10610031636,臺中市南屯區惠中里大墩十一街大通街,0,2,111,112,120,50,127,141,163,172,176,181,188,192,196,206,211,216,218,233,24.1487745477068,120.641698089908,2019-05-29 12:05:03,2017-10-03 16:36:00,2017-10-03
3025736,10610AB191B0270,10610AB191B0270,15,66000,TXG,230,2556,66000040011,2,,2017-10-03 11:40:00,10610031140,臺中市西區民龍里公益路與台灣大道附近與台灣大道,0,1,111,112,120,50,128,141,163,172,176,181,188,189,193,206,211,216,218,236,24.1507978659795,120.663232274908,2019-05-29 12:05:03,2017-10-03 11:40:00,2017-10-03
3025845,10610AB794B0452,10610AB794B0452,15,66000,TXG,238,2052,66000160016,2,,2017-10-03 15:01:00,10610031501,臺中市神岡區山皮里和平路35號,0,1,111,112,120,40,137,149,163,172,176,181,188,192,196,201,211,216,217,229,24.3549634416523,120.621108092981,2019-05-29 12:05:03,2017-10-03 15:01:00,2017-10-03
3026090,10610ABA94B0432,10610ABA94B0432,15,66000,TXG,312,2536,66000140004,2,,2017-10-03 18:39:00,10610031839,臺中市梧棲區中和里民生西街民權街,0,2,111,114,120,40,127,141,163,172,176,181,188,191,193,206,211,216,218,233,24.2561182108792,120.526855452317,2019-05-29 12:05:03,2017-10-03 18:39:00,2017-10-03
3025655,10610AB291B0279,10610AB291B0279,15,66000,TXG,231,2360,66000050018,2,,2017-10-03 09:39:00,10610030939,臺中市北區淡溝里英才路民權路,0,1,111,112,120,50,127,141,163,172,176,181,188,190,193,206,211,216,218,234,24.1557135632271,120.670500629865,2019-05-29 12:05:03,2017-10-03 09:39:00,2017-10-03
3025680,10610AB191B0268,10610AB191B0268,15,66000,TXG,230,2336,66000040019,2,,2017-10-03 10:24:00,10610031024,臺中市西區忠誠里忠明路39號,0,1,111,112,120,50,137,148,163,172,176,181,188,192,196,197,210,215,218,230,24.15991642099,120.661466807059,2019-05-29 12:05:03,2017-10-03 10:24:00,2017-10-03
3025726,10610AB691B0347,10610AB691B0347,15,66000,TXG,232,2000,66000060001,2,,2017-10-03 11:29:00,10610031129,臺中市西屯區西安里逢甲路(逢甲幹30.G5349-CC37)附近(逢甲幹30.G5349-CC37),0,1,111,112,120,50,137,148,163,172,176,181,188,192,196,201,210,215,218,231,24.1752553000599,120.639987266231,2019-05-29 12:05:03,2017-10-03 11:29:00,2017-10-03
3025885,10610ABA95B0427,10610ABA95B0427,15,66000,TXG,236,2520,66000130008,2,,2017-10-03 15:50:00,10610031550,臺中市沙鹿區鹿寮里光榮街福鹿街,0,2,111,112,120,50,127,141,163,172,176,181,188,192,196,206,211,216,218,233,24.2428076148607,120.564175798599,2019-05-29 12:05:03,2017-10-03 15:50:00,2017-10-03
3025517,10610ABC91B0402,10610ABC91B0402,15,66000,TXG,246,2207,66000270008,2,,2017-10-03 07:30:00,10610030730,臺中市太平區中山里中山路二段靠近大興路口附近靠近大興路口,0,1,111,112,120,50,137,149,163,172,176,181,188,192,196,201,208,216,218,231,24.1480888354928,120.73409473021201,2019-05-29 12:05:03,2017-10-03 07:30:00,2017-10-03
3025922,10610ABD91B0444,10610ABD91B0444,15,66000,TXG,242,2113,66000200007,2,,2017-10-03 16:33:00,10610031633,臺中市石岡區梅子里豐勢路梅子巷,0,1,111,112,120,70,127,141,163,172,176,181,188,190,193,206,211,216,217,234,24.2754825362094,120.779216995075,2019-05-29 12:05:03,2017-10-03 16:33:00,2017-10-03
3080574,10610AB591B0338,10610AB591B0338,15,66000,TXG,233,2411,66000080039,2,,2017-10-03 22:20:00,10610032220,臺中市北屯區平興里柳陽東街70號,0,1,111,114,120,40,137,149,163,172,176,181,188,192,196,206,211,216,218,225,24.1758478245022,120.693453334006,2019-05-29 12:05:03,2017-10-03 22:20:00,2017-10-03
3086197,10610AB391B0502,10610AB391B0502,15,66000,TXG,229,2287,66000030013,2,,2017-10-04 19:56:00,10610041956,臺中市南區樹德里復興路環中路,0,2,111,114,120,50,127,141,163,172,176,181,188,189,193,206,211,216,218,231,24.1104945204887,120.646961443264,2019-05-29 12:05:03,2017-10-04 19:56:00,2017-10-04
3085817,10610AB691B0530,10610AB691B0530,15,66000,TXG,232,2002,66000060003,2,,2017-10-04 11:29:00,10610041129,臺中市西屯區潮洋里朝馬路近環中路附近近環中路,0,1,111,112,120,50,127,141,163,172,176,181,188,189,193,206,211,216,218,235,24.1716509829043,120.628758436361,2019-05-29 12:05:03,2017-10-04 11:29:00,2017-10-04
3086198,10610AB391B0497,10610AB391B0497,15,66000,TXG,229,2291,66000030017,2,,2017-10-04 20:03:00,10610042003,臺中市南區福順里復興路二段99巷46號,0,2,110,114,120,40,137,149,163,172,176,181,188,192,196,201,211,216,218,236,24.1196880397634,120.65745826355,2019-05-29 12:05:03,2017-10-04 20:03:00,2017-10-04
3085834,10610AB391B0494,10610AB391B0494,15,66000,TXG,229,2247,66000030004,2,,2017-10-04 11:48:00,10610041148,臺中市南區德義里仁義街仁義街71巷附近仁義街71巷,0,2,111,112,120,50,127,141,163,172,176,181,188,192,196,206,211,216,218,233,24.1256542927736,120.674935632411,2019-05-29 12:05:03,2017-10-04 11:48:00,2017-10-04
3085827,10610AB591B0513,10610AB591B0513,15,66000,TXG,233,2405,66000080013,2,,2017-10-04 11:40:00,10610041140,臺中市北屯區[部]子里太祥路景賢路,0,2,111,112,120,50,127,141,163,172,176,181,188,189,193,206,211,216,218,234,24.1666680163992,120.730920521508,2019-05-29 12:05:03,2017-10-04 11:40:00,2017-10-04
3085795,10610AB191B0479,10610AB191B0479,15,66000,TXG,230,2330,66000040013,2,,2017-10-04 11:04:00,10610041104,臺中市西區安龍里自治街忠勤街,0,1,110,112,120,50,127,141,163,172,176,181,188,192,196,206,211,216,218,233,24.1413132293179,120.668093955946,2019-05-29 12:05:03,2017-10-04 11:04:00,2017-10-04
3086041,10610AB891B0553,10610AB891B0553,15,66000,TXG,245,2193,66000260011,2,,2017-10-04 16:52:00,10610041652,臺中市霧峰區南柳里福新路150號,0,1,111,112,120,50,137,149,163,172,176,181,188,192,196,205,211,216,217,234,24.0565720622811,120.68901514376,2019-05-29 12:05:03,2017-10-04 16:52:00,2017-10-04
3086031,10610ABC91B0560,10610ABC91B0560,15,66000,TXG,246,2227,66000270030,2,,2017-10-04 16:42:00,10610041642,臺中市太平區新城里中山路三段172號,0,2,111,112,120,40,126,141,163,172,176,181,188,192,196,206,211,216,218,235,24.2264999469995,120.707819948075,2019-05-29 12:05:03,2017-10-04 16:42:00,2017-10-04
3086293,10610AB691B0543,10610AB691B0543,15,66000,TXG,232,2005,66000060006,2,,2017-10-04 23:45:00,10610042345,臺中市西屯區上石里西屯路二段河南路二段,0,1,111,114,120,50,127,141,163,172,176,181,188,189,193,206,211,216,218,234,24.1724319074867,120.645518586816,2019-05-29 12:05:03,2017-10-04 23:45:00,2017-10-04
3086166,10610ABC91B0565,10610ABC91B0565,15,66000,TXG,246,2221,66000270024,2,,2017-10-04 19:13:00,10610041913,臺中市太平區中政里中興路103巷46號,0,1,111,115,120,50,137,147,163,172,176,181,188,192,196,201,210,215,218,245,24.1915571311734,120.705088897106,2019-05-29 12:05:03,2017-10-04 19:13:00,2017-10-04
3086291,10610AB691B0546,10610AB691B0546,15,66000,TXG,232,2323,66000060038,2,,2017-10-04 23:40:00,10610042340,臺中市西屯區福林里福林路45號,0,1,111,114,120,50,127,141,163,172,176,181,188,189,193,201,210,215,218,236,24.185145383182,120.614223114248,2019-05-29 12:05:03,2017-10-04 23:40:00,2017-10-04
3085964,10610AB391B0499,10610AB391B0499,15,66000,TXG,229,2285,66000030011,2,,2017-10-04 15:10:00,10610041510,臺中市南區永興里高工路191號,0,1,111,112,120,40,137,148,163,172,176,181,188,192,196,201,210,215,218,231,24.1132018159175,120.66096750563,2019-05-29 12:05:03,2017-10-04 15:10:00,2017-10-04
3080655,10610AB391B0492,10610AB391B0492,15,66000,TXG,228,2243,66000020017,2,,2017-10-04 01:57:00,10610040157,臺中市東區東英里精武東路107號台灣之星前附近台灣之星前,0,1,111,114,120,50,137,147,163,172,176,181,188,192,196,201,211,215,217,236,24.1493777571811,120.709550739914,2019-05-29 12:05:03,2017-10-04 01:57:00,2017-10-04
3085945,10610AB591B0515,10610AB591B0515,15,66000,TXG,233,2395,66000080003,2,,2017-10-04 14:32:00,10610041432,臺中市北屯區三光里北屯路160號,0,1,111,112,120,50,127,141,163,172,176,181,188,189,193,206,211,216,218,234,24.1728986245127,120.699730550797,2019-05-29 12:05:03,2017-10-04 14:32:00,2017-10-04
3086264,10610AB591B0522,10610AB591B0522,15,66000,TXG,233,2402,66000080010,2,,2017-10-04 22:10:00,10610042210,臺中市北屯區和平里祥順路二段338巷339號,0,2,111,114,120,50,137,148,163,172,176,181,188,192,196,206,211,216,218,234,24.1749294472782,120.73182396403,2019-05-29 12:05:03,2017-10-04 22:10:00,2017-10-04
3080669,10610A24WXB0016,10610A24WXB0016,15,66000,TXG,244,0,66000240000,2,,2017-10-04 03:40:00,10610040340,臺中市大肚區國道1號189.0公里南側交流道車道,0,1,111,114,116,40,137,156,163,172,176,181,188,192,196,206,209,216,217,238,24.2265946311843,120.684348425631,2019-05-29 12:05:03,2017-10-04 03:40:00,2017-10-04
3085750,10610AB691B0536,10610AB691B0536,15,66000,TXG,232,2001,66000060002,2,,2017-10-04 10:00:00,10610041000,臺中市西屯區西墩里光明路70-1號,0,1,111,112,120,40,126,142,163,172,176,181,188,192,196,206,211,216,218,235,24.0953892237526,120.646952869899,2019-05-29 12:05:03,2017-10-04 10:00:00,2017-10-04
3080670,10610AB591B0512,10610AB591B0512,15,66000,TXG,233,2017,66000080018,2,,2017-10-04 03:50:00,10610040350,臺中市北屯區仁美里崇德路三段崇德九路口站公車站牌處附近崇德九路口站公車站牌處,0,1,111,114,120,50,137,147,163,172,176,181,188,192,196,197,210,216,218,231,24.1868979267458,120.68623592022,2019-05-29 12:05:03,2017-10-04 03:50:00,2017-10-04
3086210,10610AB691B0537,10610AB691B0537,15,66000,TXG,232,2001,66000060002,2,,2017-10-04 20:28:00,10610042028,臺中市西屯區西墩里黎明路三段第一支燈桿(由僑大五路數來)附近第一支燈桿(由僑大五路數來),0,2,111,114,120,50,137,149,163,172,176,181,188,192,196,201,210,216,218,236,24.1804694090882,120.637774142891,2019-05-29 12:05:03,2017-10-04 20:28:00,2017-10-04
3086263,10610ABC91B0563,10610ABC91B0563,15,66000,TXG,246,2205,66000270006,2,,2017-10-04 22:10:00,10610042210,臺中市太平區東平里東平路766號,0,2,111,114,120,50,126,141,163,172,176,181,188,192,196,201,210,216,217,234,24.1335319674806,120.717641784916,2019-05-29 12:05:03,2017-10-04 22:10:00,2017-10-04
3086292,10610AB691B0541,10610AB691B0541,15,66000,TXG,232,2008,66000060009,2,,2017-10-04 23:43:00,10610042343,臺中市西屯區何安里文心路三段91號,0,1,111,115,123,1,138,162,166,172,176,181,188,192,196,206,211,216,218,247,24.1701415253577,120.656935015803,2019-05-29 12:05:03,2017-10-04 23:43:00,2017-10-04
3085977,10610AB691B0534,10610AB691B0534,15,66000,TXG,232,2372,66000060020,2,,2017-10-04 15:30:00,10610041530,臺中市西屯區協和里臺灣大道四段東海大學前附近東海大學前,0,1,111,112,120,40,137,148,163,172,176,181,188,192,196,197,211,212,218,231,24.1740499857391,120.632664673157,2019-05-29 12:05:03,2017-10-04 15:30:00,2017-10-04
3086193,10610AB191B0483,10610AB191B0483,15,66000,TXG,230,2302,66000040006,2,,2017-10-04 19:50:00,10610041950,臺中市西區平和里柳川西路中華路,0,1,111,114,120,50,128,141,163,172,176,181,188,189,193,206,211,216,218,234,24.1406292038898,120.672029077212,2019-05-29 12:05:03,2017-10-04 19:50:00,2017-10-04
3080690,10610AB391B0503,10610AB391B0503,15,66000,TXG,228,2063,66000020003,2,,2017-10-04 06:45:00,10610040645,臺中市東區東橋里建成路近振興路附近近振興路,0,2,111,112,120,50,128,141,163,172,176,181,188,189,193,197,208,216,218,230,24.1310143908487,120.688540199389,2019-05-29 12:05:03,2017-10-04 06:45:00,2017-10-04
3085802,10610AB691B0545,10610AB691B0545,15,66000,TXG,232,2005,66000060006,2,,2017-10-04 11:09:00,10610041109,臺中市西屯區上石里青海路二段240-1號,0,2,111,114,120,50,127,141,163,172,176,181,188,190,193,206,211,216,218,234,24.168592050043,120.647284295928,2019-05-29 12:05:03,2017-10-04 11:09:00,2017-10-04
3085735,10610AB891B0550,10610AB891B0550,15,66000,TXG,247,2261,66000280020,2,,2017-10-04 09:45:00,10610040945,臺中市大里區西湖里大峰路68號,0,2,111,112,120,60,134,153,163,172,176,181,188,192,196,197,210,215,217,231,24.0754656854227,120.689882534054,2019-05-29 12:05:03,2017-10-04 09:45:00,2017-10-04
3085970,10610AB691B0538,10610AB691B0538,15,66000,TXG,232,2004,66000060005,2,,2017-10-04 15:16:00,10610041516,臺中市西屯區惠來里臺灣大道三段182號,0,1,111,112,120,40,127,141,163,172,176,181,188,189,193,206,211,216,218,234,24.1646897667974,120.646257578279,2019-05-29 12:05:03,2017-10-04 15:16:00,2017-10-04
3086218,10610AB191B0485,10610AB191B0485,15,66000,TXG,230,2556,66000040011,2,,2017-10-04 20:44:00,10610042044,臺中市西區民龍里公益路模範街31巷附近模範街31巷,0,2,111,114,120,40,126,141,163,172,176,181,188,192,196,206,211,216,218,234,24.150812036876,120.665961517337,2019-05-29 12:05:03,2017-10-04 20:44:00,2017-10-04
3086096,10610AB691B0540,10610AB691B0540,15,66000,TXG,232,2002,66000060003,2,,2017-10-04 17:46:00,10610041746,臺中市西屯區潮洋里臺灣大道三段青海南街附近青海南街,0,1,111,113,120,50,126,141,163,172,176,181,188,192,196,206,211,216,218,234,24.1728826201775,120.634168108514,2019-05-29 12:05:03,2017-10-04 17:46:00,2017-10-04
3085770,10610AB691B0527,10610AB691B0527,15,66000,TXG,232,2004,66000060005,2,,2017-10-04 10:30:00,10610041030,臺中市西屯區惠來里惠中路一段2號,0,1,111,112,120,50,127,142,163,172,176,181,188,189,193,206,211,216,218,230,24.163785948686,120.645900581761,2019-05-29 12:05:03,2017-10-04 10:30:00,2017-10-04
3085897,10610AB691B0531,10610AB691B0531,15,66000,TXG,232,2000,66000060001,2,,2017-10-04 13:27:00,10610041327,臺中市西屯區西安里福星北路與文華路138巷口附近與文華路138巷口,0,1,110,112,120,40,126,141,163,172,176,181,188,189,193,206,211,216,218,221,24.1851069102011,120.64456643765,2019-05-29 12:05:03,2017-10-04 13:27:00,2017-10-04
3086231,10610AB491B0508,10610AB491B0508,15,66000,TXG,13,2376,66000070008,2,,2017-10-04 21:12:00,10610042112,臺中市南屯區新生里環中路近永春路附近近永春路,0,1,111,114,120,60,137,147,163,172,176,181,188,192,196,197,210,212,218,231,0.0,0.0,2019-05-29 12:05:03,2017-10-04 21:12:00,2017-10-04
3085714,10610AB291B0487,10610AB291B0487,15,66000,TXG,231,2353,66000050011,2,,2017-10-04 09:10:00,10610040910,臺中市北區金龍里德化街益華街,0,1,111,112,120,50,127,141,163,172,176,181,188,191,193,206,211,216,218,233,24.1614760618178,120.689787465546,2019-05-29 12:05:03,2017-10-04 09:10:00,2017-10-04
3086043,10610AB591B0517,10610AB591B0517,15,66000,TXG,233,2020,66000080021,2,,2017-10-04 16:53:00,10610041653,臺中市北屯區同榮里台74線路中清匝道(北屯往西屯)附近中清匝道(北屯往西屯),0,1,111,112,120,40,138,156,163,172,176,181,188,192,196,206,211,216,218,235,0.0,0.0,2019-05-29 12:05:03,2017-10-04 16:53:00,2017-10-04
3080726,10610AB691B0529,10610AB691B0529,15,66000,TXG,232,2368,66000060016,2,,2017-10-04 07:54:00,10610040754,臺中市西屯區廣福里環中路二段凱旋路,0,1,111,112,120,40,126,141,163,172,176,181,188,189,193,197,211,216,218,234,24.196104981774,120.647813061849,2019-05-29 12:05:03,2017-10-04 07:54:00,2017-10-04
3086143,10610AB591B0518,10610AB591B0518,15,66000,TXG,233,2024,66000080025,2,,2017-10-04 18:46:00,10610041846,臺中市北屯區新平里中平路敦化路二段,0,2,111,114,120,50,127,141,163,172,176,181,188,189,193,206,211,216,218,234,24.1853805620218,120.663422979035,2019-05-29 12:05:03,2017-10-04 18:46:00,2017-10-04
3080639,10610AB691B0542,10610AB691B0542,15,66000,TXG,232,2008,66000060009,2,,2017-10-04 00:59:00,10610040059,臺中市西屯區何安里文心路三段2號,0,1,111,114,120,40,127,141,163,172,176,181,188,189,193,206,211,216,218,231,24.1725084535183,120.662580727253,2019-05-29 12:05:03,2017-10-04 00:59:00,2017-10-04
3086164,10610AB491B0509,10610AB491B0509,15,66000,TXG,13,2378,66000070010,2,,2017-10-04 19:08:00,10610041908,臺中市南屯區三厝里向上路三厝街,0,1,111,114,120,50,127,141,163,172,176,181,188,189,193,206,211,216,218,233,24.1463383040043,120.635049766162,2019-05-29 12:05:03,2017-10-04 19:08:00,2017-10-04
3085732,10610AB691B0526,10610AB691B0526,15,66000,TXG,232,2314,66000060029,2,,2017-10-04 09:43:00,10610040943,臺中市西屯區逢福里福星路693之3號,0,1,110,112,120,50,137,147,163,172,176,181,188,192,196,201,211,215,218,234,24.1822593694563,120.641209203239,2019-05-29 12:05:03,2017-10-04 09:43:00,2017-10-04
3080729,10610ABC91B0557,10610ABC91B0557,15,66000,TXG,246,2219,66000270022,2,,2017-10-04 07:55:00,10610040755,臺中市太平區成功里中興東路218之2號,0,1,111,112,120,40,137,149,163,172,176,181,188,192,196,201,211,215,217,235,24.132050338796,120.723353552378,2019-05-29 12:05:03,2017-10-04 07:55:00,2017-10-04
3086208,10610ABC91B0561,10610ABC91B0561,15,66000,TXG,246,2230,66000270033,2,,2017-10-04 20:27:00,10610042027,臺中市太平區光明里大興路中山路二段,0,1,111,114,120,50,126,142,163,172,176,181,188,189,193,201,210,216,217,231,24.1505168345136,120.733189070951,2019-05-29 12:05:03,2017-10-04 20:27:00,2017-10-04
3085830,10610AB691B0528,10610AB691B0528,15,66000,TXG,232,2010,66000060011,2,,2017-10-04 11:42:00,10610041142,臺中市西屯區大河里文心路三段181號,0,2,111,112,120,30,137,148,163,172,176,181,188,192,196,197,210,216,218,231,24.171292423015,120.659650740742,2019-05-29 12:05:03,2017-10-04 11:42:00,2017-10-04
3085980,10610AB691B0532,10610AB691B0532,15,66000,TXG,232,2318,66000060033,2,,2017-10-04 15:35:00,10610041535,臺中市西屯區福和里福安九街14號,0,2,111,112,120,50,127,141,163,172,176,181,188,192,196,206,211,216,218,233,24.1761981292483,120.618330470409,2019-05-29 12:05:03,2017-10-04 15:35:00,2017-10-04
3086256,10610AB291B0491,10610AB291B0491,15,66000,TXG,231,2360,66000050018,2,,2017-10-04 21:52:00,10610042152,臺中市北區淡溝里民權路民權路359巷,0,4,111,114,120,50,127,142,163,172,176,181,188,192,196,201,211,215,218,234,24.1565559747041,120.670493657282,2019-05-29 12:05:03,2017-10-04 21:52:00,2017-10-04
3086086,10610AB591B0523,10610AB591B0523,15,66000,TXG,233,2399,66000080007,2,,2017-10-04 17:35:00,10610041735,臺中市北屯區舊社里南興路南興北1路附近南興北1路,0,1,111,114,120,50,127,141,163,172,176,181,188,191,193,206,211,216,218,233,24.1864822990203,120.704568801497,2019-05-29 12:05:03,2017-10-04 17:35:00,2017-10-04
3085952,10610AB391B0500,10610AB391B0500,15,66000,TXG,228,2066,66000020006,2,,2017-10-04 14:52:00,10610041452,臺中市東區泉源里建成路振興路,0,1,111,112,120,50,128,141,163,172,176,181,188,190,193,206,211,216,218,230,24.1331455521747,120.693857476786,2019-05-29 12:05:03,2017-10-04 14:52:00,2017-10-04
3085889,10610AB591B0516,10610AB591B0516,15,66000,TXG,233,2405,66000080013,2,,2017-10-04 13:05:00,10610041305,臺中市北屯區[部]子里太原路三段1315號,0,1,111,112,120,50,137,149,163,172,176,181,188,192,196,197,211,216,218,236,24.1610531927204,120.729673137283,2019-05-29 12:05:03,2017-10-04 13:05:00,2017-10-04
3080724,10610ABC91B0556,10610ABC91B0556,15,66000,TXG,246,2213,66000270014,2,,2017-10-04 07:50:00,10610040750,臺中市太平區頭汴里長龍路二段256號,0,2,111,112,120,40,134,149,163,172,176,181,188,192,196,201,211,216,217,229,24.1214926781938,120.75519947115,2019-05-29 12:05:03,2017-10-04 07:50:00,2017-10-04
3085926,10610AB491B0510,10610AB491B0510,15,66000,TXG,13,2432,66000070005,2,,2017-10-04 14:05:00,10610041405,臺中市南屯區春社里中台路電桿中台幹80處附近電桿中台幹80處,0,1,111,112,120,50,137,149,163,172,176,181,188,192,196,205,211,216,217,236,24.1362427522144,120.601928380172,2019-05-29 12:05:03,2017-10-04 14:05:00,2017-10-04
3085983,10610AB191B0482,10610AB191B0482,15,66000,TXG,230,2333,66000040016,2,,2017-10-04 15:37:00,10610041537,臺中市西區忠明里中興街台灣大道附近台灣大道,0,1,111,112,120,50,127,141,163,172,176,181,188,189,193,206,211,216,218,234,24.1547863937589,120.66387052533,2019-05-29 12:05:03,2017-10-04 15:37:00,2017-10-04
3080629,10610AB191B0476,10610AB191B0476,15,66000,TXG,227,2058,66000010006,2,,2017-10-04 00:15:00,10610040015,臺中市中區柳川里民權路柳川西路,0,2,111,112,120,40,127,141,163,172,176,181,188,189,193,206,211,216,218,235,24.1416864492246,120.675533317492,2019-05-29 12:05:03,2017-10-04 00:15:00,2017-10-04
3086144,10610AB291B0489,10610AB291B0489,15,66000,TXG,231,2361,66000050019,2,,2017-10-04 18:50:00,10610041850,臺中市北區中達里英才路188號,0,2,111,114,120,40,137,148,163,172,176,179,187,192,196,205,211,215,217,219,24.1555114029449,120.66932299264,2019-05-29 12:05:03,2017-10-04 18:50:00,2017-10-04