識別碼,案件編號,交通事故主表,縣市識別碼,縣市代碼,所屬縣市簡碼,鄉縣市區識別碼,村里識別碼,里代碼,事故類(A1、A2...An),處理單位代碼,案件時間(西元),案件時間(民國),發生地點,死亡人數,受傷人數(含2~30日內死亡),天氣識別碼,光線識別碼,道路類別識別碼,速限,道路型態識別碼,事故位置識別碼,路面鋪裝識別碼,路面狀態識別碼,路面缺陷識別碼,障礙物視距識別碼,視距識別碼,號誌種類識別碼,號誌動作識別碼,車道劃分設施-分向設施識別碼,快車道或一般車道間識別碼,快慢車道間識別碼,路面邊線識別碼,事故類型及型態識別碼,緯度,經度,本平台資料更新時間(yyyy-MM-dd HH:mm:ss),資料代表時間(yyyy-MM-dd HH:mm:ss),資料代表日期(yyyy-MM-dd)
3080675,10610AB191B0484,10610AB191B0484,15,66000,TXG,227,2056,66000010004,2,,2017-10-04 04:58:00,10610040458,臺中市中區公園里雙十路與自由路口附近與自由路口,0,2,111,114,120,50,127,141,163,172,176,181,188,189,193,206,211,216,218,233,24.1431576763137,120.68572196588,2019-05-29 12:05:03,2017-10-04 04:58:00,2017-10-04
3086222,10610AB891B0555,10610AB891B0555,15,66000,TXG,247,2268,66000280027,2,,2017-10-04 20:51:00,10610042051,臺中市大里區仁德里成功二路120巷,0,1,111,114,120,50,127,141,163,172,176,181,188,192,196,206,211,216,218,234,24.0978719805061,120.703509617081,2019-05-29 12:05:03,2017-10-04 20:51:00,2017-10-04
3085822,10610AB391B0493,10610AB391B0493,15,66000,TXG,229,2245,66000030002,2,,2017-10-04 11:32:00,10610041132,臺中市南區國光里台中路仁和路,0,2,110,112,120,40,128,141,163,172,176,181,188,190,193,206,211,216,218,235,24.1263729023794,120.684190094961,2019-05-29 12:05:03,2017-10-04 11:32:00,2017-10-04
3086213,10610AB491B0507,10610AB491B0507,15,66000,TXG,13,2390,66000070022,2,,2017-10-04 20:31:00,10610042031,臺中市南屯區惠中里大墩十一街文心路,0,2,111,112,120,50,127,141,163,172,176,181,188,190,193,206,211,216,218,234,24.1488155630504,120.646844039166,2019-05-29 12:05:03,2017-10-04 20:31:00,2017-10-04
3085994,10610ABC91B0567,10610ABC91B0567,15,66000,TXG,246,2221,66000270024,2,,2017-10-04 15:50:00,10610041550,臺中市太平區中政里中興路87巷,0,2,111,112,120,50,137,149,163,172,176,181,188,192,196,201,211,216,217,234,24.1265672003608,120.714655132291,2019-05-29 12:05:03,2017-10-04 15:50:00,2017-10-04
3085803,10610ABC91B0559,10610ABC91B0559,15,66000,TXG,246,2225,66000270028,2,,2017-10-04 11:10:00,10610041110,臺中市太平區新高里中山路四段樹德路,0,1,111,112,120,50,127,141,163,172,176,181,188,189,193,206,211,216,218,229,24.1511155050278,120.710908157771,2019-05-29 12:05:03,2017-10-04 11:10:00,2017-10-04
3086221,10610AB591B0520,10610AB591B0520,15,66000,TXG,233,2022,66000080023,2,,2017-10-04 20:50:00,10610042050,臺中市北屯區水湳里大連路一段20號,0,2,111,114,120,50,127,159,163,172,176,181,188,192,196,206,211,216,218,221,24.1746728770568,120.672003134219,2019-05-29 12:05:03,2017-10-04 20:50:00,2017-10-04
3085872,10610AB291B0488,10610AB291B0488,15,66000,TXG,231,2355,66000050013,2,,2017-10-04 12:25:00,10610041225,臺中市北區建興里學士路178巷無名巷口附近無名巷口,0,2,110,112,120,50,126,141,163,172,176,181,188,192,196,206,211,216,218,233,24.1542810958716,120.682186032574,2019-05-29 12:05:03,2017-10-04 12:25:00,2017-10-04
3085948,10610AB491B0511,10610AB491B0511,15,66000,TXG,13,2432,66000070005,2,,2017-10-04 14:35:00,10610041435,臺中市南屯區春社里永春南路忠勇路,0,2,111,112,120,50,127,141,163,172,176,181,188,189,193,206,211,216,218,234,24.1384623657781,120.612593127041,2019-05-29 12:05:03,2017-10-04 14:35:00,2017-10-04
3086188,10610AB491B0506,10610AB491B0506,15,66000,TXG,13,2380,66000070012,2,,2017-10-04 19:47:00,10610041947,臺中市南屯區田心里向心路近五權西路口附近近五權西路口,0,2,111,114,120,50,127,141,163,172,176,181,188,190,193,206,211,216,218,234,24.1401174210154,120.644929415367,2019-05-29 12:05:03,2017-10-04 19:47:00,2017-10-04
3081737,10610AB691B0525,10610AB691B0525,15,66000,TXG,232,2314,66000060029,2,,2017-10-04 08:34:00,10610040834,臺中市西屯區逢福里河南路二段242號,0,2,111,112,120,50,126,141,163,172,176,181,188,192,196,206,211,216,218,235,24.1744974406024,120.660022703719,2019-05-29 12:05:03,2017-10-04 08:34:00,2017-10-04
3086252,10610AB691B0535,10610AB691B0535,15,66000,TXG,232,2309,66000060024,2,,2017-10-04 21:48:00,10610042148,臺中市西屯區西平里福星北路福星北三街,0,2,111,114,120,50,127,141,163,172,176,181,188,189,193,201,211,216,218,234,24.1844048900627,120.644641132706,2019-05-29 12:05:03,2017-10-04 21:48:00,2017-10-04
3086217,10610AB591B0521,10610AB591B0521,15,66000,TXG,233,2397,66000080005,2,,2017-10-04 20:41:00,10610042041,臺中市北屯區平和里文心路山西路,0,1,111,114,120,50,127,141,163,172,176,181,188,190,193,206,211,216,218,234,24.1733873042991,120.676131089463,2019-05-29 12:05:03,2017-10-04 20:41:00,2017-10-04
3086233,10610AB391B0498,10610AB391B0498,15,66000,TXG,229,2247,66000030004,2,,2017-10-04 21:16:00,10610042116,臺中市南區德義里建成路1538號,0,2,111,114,120,50,128,141,163,172,176,181,188,189,193,206,211,216,218,235,24.1265128496958,120.677736301324,2019-05-29 12:05:03,2017-10-04 21:16:00,2017-10-04
3085792,10610ABC91B0564,10610ABC91B0564,15,66000,TXG,246,2222,66000270025,2,,2017-10-04 10:59:00,10610041059,臺中市太平區平安里太平路太平三街,0,2,111,112,120,50,126,142,163,172,176,181,188,191,193,201,211,216,217,234,24.1193836689649,120.722054435384,2019-05-29 12:05:03,2017-10-04 10:59:00,2017-10-04
3085944,10610AB191B0481,10610AB191B0481,15,66000,TXG,230,2299,66000040003,2,,2017-10-04 14:31:00,10610041431,臺中市西區三民里三民路一段143-1號,0,1,111,112,120,50,137,152,163,172,176,181,188,192,196,201,211,216,218,236,24.2427406651023,120.571623568637,2019-05-29 12:05:03,2017-10-04 14:31:00,2017-10-04
3086239,10610AB591B0519,10610AB591B0519,15,66000,TXG,233,2407,66000080035,2,,2017-10-04 21:25:00,10610042125,臺中市北屯區平心里瀋陽路三段195號,0,2,111,114,120,50,128,141,163,172,176,181,188,189,193,206,211,216,218,234,24.1728266202208,120.690365492074,2019-05-29 12:05:03,2017-10-04 21:25:00,2017-10-04
3086249,10610AB391B0501,10610AB391B0501,15,66000,TXG,228,2062,66000020002,2,,2017-10-04 21:39:00,10610042139,臺中市東區振興里台中路忠孝路,0,2,111,114,120,50,127,142,163,172,176,181,188,190,193,206,211,216,218,230,24.1307675900074,120.68477744175,2019-05-29 12:05:03,2017-10-04 21:39:00,2017-10-04
3080662,10610AB191B0478,10610AB191B0478,15,66000,TXG,227,2056,66000010004,2,,2017-10-04 03:00:00,10610040300,臺中市中區公園里中華路公園路,0,1,111,114,120,50,127,141,163,172,176,181,188,189,193,206,211,216,218,235,24.147179822757,120.678809127377,2019-05-29 12:05:03,2017-10-04 03:00:00,2017-10-04
3085810,10610ABC91B0558,10610ABC91B0558,15,66000,TXG,246,2200,66000270001,2,,2017-10-04 11:23:00,10610041123,臺中市太平區太平里太平路726-1號,0,1,109,112,120,50,137,149,163,171,176,181,188,192,196,201,211,216,218,230,24.127026822223,120.710617160935,2019-05-29 12:05:03,2017-10-04 11:23:00,2017-10-04
3086224,10610ABC91B0562,10610ABC91B0562,15,66000,TXG,246,2210,66000270011,2,,2017-10-04 20:55:00,10610042055,臺中市太平區新坪里育才路育仁路,0,1,111,114,120,50,127,141,163,172,176,181,188,190,193,206,211,216,218,234,24.1557296404163,120.722990177826,2019-05-29 12:05:03,2017-10-04 20:55:00,2017-10-04
3086062,10610AB691B0544,10610AB691B0544,15,66000,TXG,232,2315,66000060030,2,,2017-10-04 17:11:00,10610041711,臺中市西屯區何明里漢口路二段90號,0,3,111,114,120,40,127,142,163,172,176,181,186,190,193,201,211,215,218,234,0.0,0.0,2019-05-29 12:05:03,2017-10-04 17:11:00,2017-10-04
3086014,10610AB691B0533,10610AB691B0533,15,66000,TXG,232,2367,66000060015,2,,2017-10-04 16:13:00,10610041613,臺中市西屯區港尾里中清路三段215巷口附近口,0,1,111,113,120,50,137,147,163,172,176,181,188,191,193,205,210,215,218,230,0.0,0.0,2019-05-29 12:05:03,2017-10-04 16:13:00,2017-10-04
3085826,10610AB191B0486,10610AB191B0486,15,66000,TXG,227,2054,66000010002,2,,2017-10-04 11:40:00,10610041140,臺中市中區大墩里臺灣大道一段361號,0,1,111,112,120,50,137,149,163,172,176,181,188,190,193,201,210,216,218,235,24.1425643525657,120.679388147195,2019-05-29 12:05:03,2017-10-04 11:40:00,2017-10-04
3086072,10610AB891B0554,10610AB891B0554,15,66000,TXG,247,2255,66000280014,2,,2017-10-04 17:25:00,10610041725,臺中市大里區仁化里至善路四育街,0,1,111,112,120,50,126,142,163,172,176,181,188,192,196,201,208,216,217,233,24.0954675575774,120.696910290176,2019-05-29 12:05:03,2017-10-04 17:25:00,2017-10-04
3085730,10610AB191B0480,10610AB191B0480,15,66000,TXG,230,2302,66000040006,2,,2017-10-04 09:40:00,10610040940,臺中市西區平和里民生路金山路,0,3,111,112,120,50,126,142,163,172,176,181,188,189,193,201,211,215,218,230,24.1421555906014,120.671810865127,2019-05-29 12:05:03,2017-10-04 09:40:00,2017-10-04
3085860,10610AB591B0514,10610AB591B0514,15,66000,TXG,233,2399,66000080007,2,,2017-10-04 12:10:00,10610041210,臺中市北屯區舊社里北屯路舊社公園附近舊社公園,0,1,110,112,120,40,137,147,163,172,176,181,188,189,193,197,208,215,218,230,24.1749750152035,120.698830789702,2019-05-29 12:05:03,2017-10-04 12:10:00,2017-10-04
3080626,10610AB891B0548,10610AB891B0548,15,66000,TXG,247,2249,66000280008,2,,2017-10-04 00:05:00,10610040005,臺中市大里區內新里新南路新光路,0,1,111,114,120,40,127,142,163,172,176,181,188,191,193,201,210,216,217,221,24.1077129964096,120.691559937949,2019-05-29 12:05:03,2017-10-04 00:05:00,2017-10-04
3080716,10610AB691B0524,10610AB691B0524,15,66000,TXG,232,2004,66000060005,2,,2017-10-04 07:39:00,10610040739,臺中市西屯區惠來里惠來路近市政北七路附近近市政北七路,0,1,111,112,120,50,127,141,163,172,176,181,188,189,193,206,211,216,218,230,0.0,0.0,2019-05-29 12:05:03,2017-10-04 07:39:00,2017-10-04
3086163,10610AB691B0539,10610AB691B0539,15,66000,TXG,232,2006,66000060007,2,,2017-10-04 19:06:00,10610041906,臺中市西屯區逢甲里河南路二段西屯路三段,0,1,111,114,120,40,127,141,163,172,176,181,188,189,193,206,211,216,218,234,24.172430932224,120.645511346395,2019-05-29 12:05:03,2017-10-04 19:06:00,2017-10-04
3080674,10610AB491B0504,10610AB491B0504,15,66000,TXG,13,2392,66000070024,2,,2017-10-04 04:36:00,10610040436,臺中市南屯區三和里向上路二段336號,0,1,111,114,120,50,137,149,163,172,176,181,188,192,196,201,210,216,218,236,24.1468682145361,120.641793082057,2019-05-29 12:05:03,2017-10-04 04:36:00,2017-10-04
3085812,10610AB391B0495,10610AB391B0495,15,66000,TXG,228,2071,66000020011,2,,2017-10-04 11:24:00,10610041124,臺中市東區東南里精武路精武路91巷,0,1,109,112,120,50,126,141,163,171,176,181,188,192,196,205,211,216,218,235,24.1478945652942,120.695018377734,2019-05-29 12:05:03,2017-10-04 11:24:00,2017-10-04
3085771,10610AB891B0551,10610AB891B0551,15,66000,TXG,245,2185,66000260002,2,,2017-10-04 10:30:00,10610041030,臺中市霧峰區吉峰里吉峰東路51號,0,1,110,112,120,40,137,149,163,172,176,181,188,192,196,201,211,216,217,235,24.0749703834612,120.714646513957,2019-05-29 12:05:03,2017-10-04 10:30:00,2017-10-04
3080637,10610AB191B0477,10610AB191B0477,15,66000,TXG,230,2336,66000040019,2,,2017-10-04 00:47:00,10610040047,臺中市西區忠誠里精誠六街與精誠八街12巷口附近與精誠八街12巷口,0,2,111,114,120,50,127,141,163,172,176,181,188,192,196,206,211,216,218,233,24.1548224777642,120.657526548357,2019-05-29 12:05:03,2017-10-04 00:47:00,2017-10-04
3085965,10610AB391B0496,10610AB391B0496,15,66000,TXG,228,0,66000020000,2,,2017-10-04 15:10:00,10610041510,臺中市東區復興路四段117號(前火車站)附近(前火車站),0,3,111,112,120,50,137,149,163,172,176,181,188,192,196,199,210,216,218,227,24.1356783498334,120.685512710145,2019-05-29 12:05:03,2017-10-04 15:10:00,2017-10-04
3085828,10610ABC91B0566,10610ABC91B0566,15,66000,TXG,246,2213,66000270014,2,,2017-10-04 11:41:00,10610041141,臺中市太平區頭汴里長龍路二段579號,0,1,111,112,120,30,137,149,163,172,176,181,188,192,196,200,211,216,217,231,24.1095337993203,120.765177559246,2019-05-29 12:05:03,2017-10-04 11:41:00,2017-10-04
3085759,10610AB491B0505,10610AB491B0505,15,66000,TXG,13,2390,66000070022,2,,2017-10-04 10:12:00,10610041012,臺中市南屯區惠中里向上路惠文路,0,1,111,112,120,50,127,141,163,172,176,181,188,190,193,206,211,216,218,234,24.1468472514125,120.643830155275,2019-05-29 12:05:03,2017-10-04 10:12:00,2017-10-04
3086266,10610AB291B0490,10610AB291B0490,15,66000,TXG,231,2356,66000050014,2,,2017-10-04 22:18:00,10610042218,臺中市北區頂厝里永興街213號,0,1,111,114,120,50,137,149,163,172,176,181,188,192,196,201,211,216,218,236,24.158757407274,120.682347990907,2019-05-29 12:05:03,2017-10-04 22:18:00,2017-10-04
3145105,10610AB491B0618,10610AB491B0618,15,66000,TXG,13,2382,66000070014,2,,2017-10-05 21:12:00,10610052112,臺中市南屯區鎮平里環中路五段永春東二路,0,1,111,114,120,60,127,141,163,172,176,181,188,190,193,206,211,216,218,234,24.1238557235562,120.633358267866,2019-05-29 12:05:03,2017-10-05 21:12:00,2017-10-05
3145023,10610ABC91B0699,10610ABC91B0699,15,66000,TXG,246,5904,66000270015,2,,2017-10-05 18:43:00,10610051843,臺中市太平區東汴里長龍路三段百褔橋前電桿79區0015-71號附近百褔橋前電桿79區0015-71號,0,2,111,114,120,40,137,149,163,172,176,181,188,192,196,201,211,216,217,236,24.1055050073492,120.767019711076,2019-05-29 12:05:03,2017-10-05 18:43:00,2017-10-05
3137616,10610AB391B0603,10610AB391B0603,15,66000,TXG,228,2063,66000020003,2,,2017-10-05 08:42:00,10610050842,臺中市東區東橋里振興路76之2對面附近76之2對面,0,1,111,112,120,50,137,147,163,172,176,181,188,192,196,206,211,216,218,230,24.1308987199326,120.703274996211,2019-05-29 12:05:03,2017-10-05 08:42:00,2017-10-05
3145007,10610AB891B0677,10610AB891B0677,15,66000,TXG,247,2250,66000280009,2,,2017-10-05 18:30:00,10610051830,臺中市大里區東昇里中彰快速公路31.2K附近31.2K,0,3,111,112,122,80,137,148,163,172,176,181,188,192,196,197,210,215,217,231,0.0,0.0,2019-05-29 12:05:03,2017-10-05 18:30:00,2017-10-05
3137905,10610ABC91B0701,10610ABC91B0701,15,66000,TXG,246,2203,66000270004,2,,2017-10-05 15:19:00,10610051519,臺中市太平區中興里東平路828號,0,1,111,112,120,50,127,142,163,172,176,181,188,189,193,206,211,216,218,236,24.1334545781778,120.716009817454,2019-05-29 12:05:03,2017-10-05 15:19:00,2017-10-05
3145014,10610AB691B0658,10610AB691B0658,15,66000,TXG,232,2004,66000060005,2,,2017-10-05 18:39:00,10610051839,臺中市西屯區惠來里青海路與惠中路附近與惠中路,0,1,111,113,120,50,127,141,163,172,176,181,188,189,193,199,210,215,218,234,24.1677886183922,120.648260919627,2019-05-29 12:05:03,2017-10-05 18:39:00,2017-10-05
3137997,10610AB795B0752,10610AB795B0752,15,66000,TXG,240,2093,66000180013,2,,2017-10-05 17:07:00,10610051707,臺中市大雅區文雅里永和路128-6號,0,1,111,112,120,50,137,149,163,172,176,181,188,192,196,201,211,216,217,231,24.2193781373189,120.643009287583,2019-05-29 12:05:03,2017-10-05 17:07:00,2017-10-05
3137636,10610AB591B0624,10610AB591B0624,15,66000,TXG,233,2406,66000080034,2,,2017-10-05 09:00:00,10610050900,臺中市北屯區北京里太原路三段太原路三段352巷,0,2,111,112,120,40,126,141,163,172,176,181,188,192,196,206,211,216,218,234,24.1649284701577,120.692796901657,2019-05-29 12:05:03,2017-10-05 09:00:00,2017-10-05
3145119,10610AB691B0660,10610AB691B0660,15,66000,TXG,232,2316,66000060031,2,,2017-10-05 21:38:00,10610052138,臺中市西屯區何成里臺灣大道二段大容西街,0,1,111,114,120,40,126,141,163,172,176,181,188,192,196,206,211,216,218,230,24.161325962134,120.651580362814,2019-05-29 12:05:03,2017-10-05 21:38:00,2017-10-05
3145158,10610AB491B0619,10610AB491B0619,15,66000,TXG,13,2392,66000070024,2,,2017-10-05 23:10:00,10610052310,臺中市南屯區三和里五權西路二段近向上路口附近近向上路口,0,2,111,112,120,50,127,141,163,172,176,181,188,190,193,206,211,216,218,234,24.149995443688,120.622771807632,2019-05-29 12:05:03,2017-10-05 23:10:00,2017-10-05
3086407,10610AB795B0747,10610AB795B0747,15,66000,TXG,240,2278,66000180014,2,,2017-10-05 07:45:00,10610050745,臺中市大雅區大楓里昌平路四段687巷口附近687巷口,0,2,111,112,120,50,126,141,163,172,176,181,188,191,193,201,211,216,217,234,24.2337497410539,120.672452812303,2019-05-29 12:05:03,2017-10-05 07:45:00,2017-10-05
3145073,10610AB691B0659,10610AB691B0659,15,66000,TXG,232,2006,66000060007,2,,2017-10-05 20:08:00,10610052008,臺中市西屯區逢甲里福星路522號,0,2,111,114,120,50,127,142,163,172,176,181,188,192,196,201,211,216,218,231,24.1767812006593,120.645011299565,2019-05-29 12:05:03,2017-10-05 20:08:00,2017-10-05
3086432,10610ABA94B0716,10610ABA94B0716,15,66000,TXG,312,2541,66000140010,2,,2017-10-05 07:59:00,10610050759,臺中市梧棲區大庄里臺灣大道八段333號,0,1,111,112,120,40,137,148,163,172,176,181,188,192,196,197,210,212,217,231,24.2446185042697,120.550431858683,2019-05-29 12:05:03,2017-10-05 07:59:00,2017-10-05
3137745,10610ABC91B0695,10610ABC91B0695,15,66000,TXG,246,2229,66000270032,2,,2017-10-05 11:24:00,10610051124,臺中市太平區宜昌里十甲路601號,0,1,111,112,120,50,127,141,163,172,176,181,188,189,193,206,211,216,218,233,24.1445203062023,120.712816089705,2019-05-29 12:05:03,2017-10-05 11:24:00,2017-10-05
3137776,10610ABB93B0732,10610ABB93B0732,15,66000,TXG,237,2549,66000150004,2,,2017-10-05 12:05:00,10610051205,臺中市后里區后里里甲后路一段300號,0,1,111,112,120,50,126,149,163,172,176,181,188,192,196,201,211,216,217,231,24.3091903838873,120.727482887239,2019-05-29 12:05:03,2017-10-05 12:05:00,2017-10-05
3138060,10610ABC91B0698,10610ABC91B0698,15,66000,TXG,246,2203,66000270004,2,,2017-10-05 18:00:00,10610051800,臺中市太平區中興里永平路一段近中興東路口附近近中興東路口,0,1,111,114,120,50,137,149,163,172,176,181,188,192,196,201,211,216,217,230,24.131578813835,120.717116532539,2019-05-29 12:05:03,2017-10-05 18:00:00,2017-10-05
3137670,10610AB691B0654,10610AB691B0654,15,66000,TXG,232,2004,66000060005,2,,2017-10-05 09:32:00,10610050932,臺中市西屯區惠來里市政路燈桿006493附近燈桿006493,0,1,111,112,120,40,137,148,163,172,176,181,188,192,196,205,210,215,218,230,24.162590485221,120.629323070863,2019-05-29 12:05:03,2017-10-05 09:32:00,2017-10-05
3137752,10610AB291B0585,10610AB291B0585,15,66000,TXG,231,2345,66000050003,2,,2017-10-05 11:36:00,10610051136,臺中市北區五常里崇德路一段五義街〈錦中街口〉附近〈錦中街口〉,0,1,111,112,120,50,127,141,163,172,176,181,188,189,193,206,211,216,218,233,24.1559143691667,120.685646841096,2019-05-29 12:05:03,2017-10-05 11:36:00,2017-10-05
3145041,10610AB291B0600,10610AB291B0600,15,66000,TXG,231,2359,66000050017,2,,2017-10-05 19:05:00,10610051905,臺中市北區育德里健行路美德街609巷,0,2,111,114,120,50,127,141,163,172,176,181,188,192,196,206,211,216,218,233,24.1583213850109,120.675440010451,2019-05-29 12:05:03,2017-10-05 19:05:00,2017-10-05
3086406,10610AB891B0669,10610AB891B0669,15,66000,TXG,247,2255,66000280014,2,,2017-10-05 07:45:00,10610050745,臺中市大里區仁化里工業九路工業二十路,0,2,111,112,123,50,126,141,163,172,176,181,188,192,196,206,211,216,218,234,24.1007134201074,120.711232735003,2019-05-29 12:05:03,2017-10-05 07:45:00,2017-10-05
3138022,10610AB691B0642,10610AB691B0642,15,66000,TXG,232,2004,66000060005,2,,2017-10-05 17:24:00,10610051724,臺中市西屯區惠來里市政路151號,0,1,111,112,120,40,137,148,163,172,176,181,188,192,196,197,211,212,218,231,24.1590359897897,120.638429931007,2019-05-29 12:05:03,2017-10-05 17:24:00,2017-10-05
3137810,10610ABA95B0728,10610ABA95B0728,15,66000,TXG,236,2523,66000130011,2,,2017-10-05 12:52:00,10610051252,臺中市沙鹿區北勢里鎮南路二段與北勢二街10巷口附近與北勢二街10巷口,0,1,111,112,120,40,127,141,163,172,176,181,188,189,193,206,211,216,218,233,24.2311734833156,120.566120575583,2019-05-29 12:05:03,2017-10-05 12:52:00,2017-10-05
3137800,10610AB291B0586,10610AB291B0586,15,66000,TXG,231,2353,66000050011,2,,2017-10-05 12:35:00,10610051235,臺中市北區金龍里北屯路11號,0,1,111,112,120,50,137,149,163,172,176,181,188,192,196,197,210,216,218,235,24.1611580182718,120.690224491565,2019-05-29 12:05:03,2017-10-05 12:35:00,2017-10-05
3137567,10610AB794B0742,10610AB794B0742,15,66000,TXG,238,2045,66000160009,2,,2017-10-05 08:05:00,10610050805,臺中市神岡區大社里大豐北街豐社路,0,2,111,112,120,50,127,142,163,172,176,181,188,189,193,200,211,216,217,235,24.2510573015145,120.699563482745,2019-05-29 12:05:03,2017-10-05 08:05:00,2017-10-05
3137917,10610AB591B0629,10610AB591B0629,15,66000,TXG,233,2412,66000080040,2,,2017-10-05 15:32:00,10610051532,臺中市北屯區平昌里北平路四段近文昌東十二街附近近文昌東十二街,0,2,111,112,120,40,126,141,163,172,176,181,188,192,196,205,211,215,218,234,24.1703970186797,120.692780111206,2019-05-29 12:05:03,2017-10-05 15:32:00,2017-10-05
3145018,10610AB491B0622,10610AB491B0622,15,66000,TXG,13,2386,66000070018,2,,2017-10-05 18:40:00,10610051840,臺中市南屯區向心里文心南路61號,0,1,111,114,120,30,137,147,163,172,176,181,188,192,196,197,210,215,218,230,24.1351916370285,120.646367719457,2019-05-29 12:05:03,2017-10-05 18:40:00,2017-10-05
3086389,10610ABA94B0715,10610ABA94B0715,15,66000,TXG,312,2539,66000140007,2,,2017-10-05 07:38:00,10610050738,臺中市梧棲區草湳里港埠路一段南下橋柱P360前附近南下橋柱P360前,0,1,111,112,120,60,126,142,163,172,176,181,188,192,196,197,210,216,217,234,24.2490961927297,120.537549796456,2019-05-29 12:05:03,2017-10-05 07:38:00,2017-10-05
3086436,10610AB793B0743,10610AB793B0743,15,66000,TXG,239,2564,66000170004,2,,2017-10-05 08:00:00,10610050800,臺中市潭子區福仁里中山路一段239號,0,1,111,112,120,50,128,141,163,172,176,181,188,190,193,197,210,215,217,235,24.1421887598357,120.67818626581,2019-05-29 12:05:03,2017-10-05 08:00:00,2017-10-05
3137665,10610AB691B0663,10610AB691B0663,15,66000,TXG,232,2004,66000060005,2,,2017-10-05 09:30:00,10610050930,臺中市西屯區惠來里市政北一路惠中五街,0,1,111,112,120,50,126,141,163,172,176,181,188,192,196,206,211,216,218,234,24.1594105107889,120.641891975414,2019-05-29 12:05:03,2017-10-05 09:30:00,2017-10-05
3137591,10610AB891B0689,10610AB891B0689,15,66000,TXG,247,2261,66000280020,2,,2017-10-05 08:20:00,10610050820,臺中市大里區西湖里大峰路大衛路,0,3,111,112,120,50,126,141,163,172,176,181,188,189,193,206,211,216,217,234,24.088538606799,120.686501100933,2019-05-29 12:05:03,2017-10-05 08:20:00,2017-10-05
3137801,10610AB795B0748,10610AB795B0748,15,66000,TXG,240,2082,66000180001,2,,2017-10-05 12:35:00,10610051235,臺中市大雅區大雅里民生路一段145號,0,1,111,112,120,50,137,149,163,172,176,181,188,192,196,201,211,216,217,234,24.1423020102738,120.671670750297,2019-05-29 12:05:03,2017-10-05 12:35:00,2017-10-05
3145163,10610AB291B0592,10610AB291B0592,15,66000,TXG,231,2362,66000050020,2,,2017-10-05 23:21:00,10610052321,臺中市北區錦祥里進化路天祥街,0,1,111,114,120,40,126,141,163,172,176,181,188,189,193,199,207,216,218,229,24.1612516692955,120.694204939776,2019-05-29 12:05:03,2017-10-05 23:21:00,2017-10-05
3145084,10610AB795B0756,10610AB795B0756,15,66000,TXG,240,2093,66000180013,2,,2017-10-05 20:24:00,10610052024,臺中市大雅區文雅里中山北路與中山北路450巷口附近與中山北路450巷口,0,1,111,114,120,50,127,141,163,172,176,181,188,192,196,201,211,216,217,233,24.222842288557,120.645346353981,2019-05-29 12:05:03,2017-10-05 20:24:00,2017-10-05
3137661,10610ABA94B0718,10610ABA94B0718,15,66000,TXG,312,2543,66000140012,2,,2017-10-05 09:30:00,10610050930,臺中市梧棲區興農里興益路62號,0,2,111,112,120,50,137,149,163,172,176,181,188,192,196,201,211,216,217,231,24.2327169330908,120.549055065489,2019-05-29 12:05:03,2017-10-05 09:30:00,2017-10-05
3137876,10610AB191B0576,10610AB191B0576,15,66000,TXG,230,2303,66000040007,2,,2017-10-05 14:40:00,10610051440,臺中市西區公民里柳川東路與自治街口附近與自治街口,0,2,111,112,120,40,127,141,163,172,176,181,188,189,193,206,211,216,218,234,24.1391969673652,120.670546758175,2019-05-29 12:05:03,2017-10-05 14:40:00,2017-10-05
3086422,10610ABB93B0737,10610ABB93B0737,15,66000,TXG,243,2123,66000210007,2,,2017-10-05 07:53:00,10610050753,臺中市外埔區馬鳴里大馬路123號,0,1,111,112,120,50,137,153,163,172,176,181,188,192,196,205,211,216,217,236,24.3418879663297,120.644135401484,2019-05-29 12:05:03,2017-10-05 07:53:00,2017-10-05
3138041,10610AB591B0636,10610AB591B0636,15,66000,TXG,233,2015,66000080016,2,,2017-10-05 17:36:00,10610051736,臺中市北屯區松竹里崇德路崇德三路,0,1,111,113,120,50,126,141,163,172,176,181,188,192,196,206,211,216,218,234,24.178284817062,120.685963356533,2019-05-29 12:05:03,2017-10-05 17:36:00,2017-10-05
3137946,10610AB191B0577,10610AB191B0577,15,66000,TXG,230,2298,66000040002,2,,2017-10-05 16:05:00,10610051605,臺中市西區利民里市府路民權路,0,1,111,112,120,50,127,142,163,172,176,181,188,189,193,201,210,216,218,235,24.1386020129841,120.679127446535,2019-05-29 12:05:03,2017-10-05 16:05:00,2017-10-05
3137866,10610ABB93B0734,10610ABB93B0734,15,66000,TXG,237,2036,66000150018,2,,2017-10-05 14:33:00,10610051433,臺中市后里區義德里三豐路四段356號,0,1,111,112,120,50,127,153,163,172,176,181,188,189,193,197,209,216,217,236,24.3149808987051,120.724911028758,2019-05-29 12:05:03,2017-10-05 14:33:00,2017-10-05