識別碼,案件編號,交通事故主表,縣市識別碼,縣市代碼,所屬縣市簡碼,鄉縣市區識別碼,村里識別碼,里代碼,事故類(A1、A2...An),處理單位代碼,案件時間(西元),案件時間(民國),發生地點,死亡人數,受傷人數(含2~30日內死亡),天氣識別碼,光線識別碼,道路類別識別碼,速限,道路型態識別碼,事故位置識別碼,路面鋪裝識別碼,路面狀態識別碼,路面缺陷識別碼,障礙物視距識別碼,視距識別碼,號誌種類識別碼,號誌動作識別碼,車道劃分設施-分向設施識別碼,快車道或一般車道間識別碼,快慢車道間識別碼,路面邊線識別碼,事故類型及型態識別碼,緯度,經度,本平台資料更新時間(yyyy-MM-dd HH:mm:ss),資料代表時間(yyyy-MM-dd HH:mm:ss),資料代表日期(yyyy-MM-dd)
3137999,10610ABC91B0697,10610ABC91B0697,15,66000,TXG,246,2229,66000270032,2,,2017-10-05 17:08:00,10610051708,臺中市太平區宜昌里十甲路627號,0,1,111,112,120,50,126,141,163,172,176,181,188,189,193,206,211,216,218,234,24.1448186301054,120.712749842046,2019-05-29 12:05:03,2017-10-05 17:08:00,2017-10-05
3145167,10610AB191B0580,10610AB191B0580,15,66000,TXG,230,2306,66000040010,2,,2017-10-05 23:35:00,10610052335,臺中市西區和龍里博館二街287號,0,1,111,114,120,50,137,149,163,172,176,181,188,192,196,205,211,216,218,228,24.1491075238583,120.672944352755,2019-05-29 12:05:03,2017-10-05 23:35:00,2017-10-05
3138054,10610A2AZJB0008,10610A2AZJB0008,15,66000,TXG,239,0,66000170000,2,,2017-10-05 17:53:00,10610051753,臺中市潭子區北環路3號附近附近潭子區北環路3號附近中89-1東側,0,2,111,113,122,10,138,149,163,172,176,181,188,192,196,205,211,216,217,234,24.2196529254594,120.701291606289,2019-05-29 12:05:03,2017-10-05 17:53:00,2017-10-05
3145090,10610AB891B0685,10610AB891B0685,15,66000,TXG,247,2255,66000280014,2,,2017-10-05 20:40:00,10610052040,臺中市大里區仁化里仁化路成功二路,0,4,111,114,120,50,126,141,163,172,176,181,188,189,193,201,211,215,217,234,24.0957779025233,120.704453327121,2019-05-29 12:05:03,2017-10-05 20:40:00,2017-10-05
3086391,10610AB691B0649,10610AB691B0649,15,66000,TXG,232,2005,66000060006,2,,2017-10-05 07:39:00,10610050739,臺中市西屯區上石里河南路二段341號,0,1,111,112,120,40,127,141,163,172,176,181,188,190,193,204,211,215,218,234,24.171737649276,120.645216992885,2019-05-29 12:05:03,2017-10-05 07:39:00,2017-10-05
3145072,10610AB291B0601,10610AB291B0601,15,66000,TXG,231,2356,66000050014,2,,2017-10-05 20:02:00,10610052002,臺中市北區頂厝里進化北路280巷與進化北路附近與進化北路,0,1,111,114,120,50,126,141,163,172,176,181,188,192,196,206,211,216,218,230,24.1631045223591,120.683048233341,2019-05-29 12:05:03,2017-10-05 20:02:00,2017-10-05
3137664,10610AB591B0628,10610AB591B0628,15,66000,TXG,233,2017,66000080018,2,,2017-10-05 09:30:00,10610050930,臺中市北屯區仁美里環中路一段崇德路三段,0,1,111,112,120,50,128,141,163,172,176,181,188,189,193,206,211,216,218,234,24.2008603326363,120.686684419633,2019-05-29 12:05:03,2017-10-05 09:30:00,2017-10-05
3137955,10610ABA94B0721,10610ABA94B0721,15,66000,TXG,312,2541,66000140010,2,,2017-10-05 16:15:00,10610051615,臺中市梧棲區大庄里臺灣大道八段350號,0,1,111,112,120,40,137,148,163,172,176,181,188,192,196,197,210,214,217,235,24.2447819570979,120.550895911059,2019-05-29 12:05:03,2017-10-05 16:15:00,2017-10-05
3145025,10610AB891B0684,10610AB891B0684,15,66000,TXG,245,2187,66000260004,2,,2017-10-05 18:45:00,10610051845,臺中市霧峰區本鄉里草湖路峰堤路,0,1,111,114,120,60,127,142,163,172,176,181,188,189,193,201,208,215,218,236,24.0732023405284,120.69324895582,2019-05-29 12:05:03,2017-10-05 18:45:00,2017-10-05
3137621,10610AB891B0690,10610AB891B0690,15,66000,TXG,247,2238,66000280002,2,,2017-10-05 08:45:00,10610050845,臺中市大里區新里里中投西路三段文心南路,0,2,111,112,120,60,127,141,163,172,176,181,188,189,193,206,211,216,218,233,24.0873295908262,120.664060214567,2019-05-29 12:05:03,2017-10-05 08:45:00,2017-10-05
3145112,10610AB794B0759,10610AB794B0759,15,66000,TXG,238,2043,66000160007,2,,2017-10-05 21:27:00,10610052127,臺中市神岡區三角里崇德路35號,0,1,111,114,120,60,137,147,163,172,176,181,188,192,196,197,210,215,217,234,24.2301809850618,120.690846628471,2019-05-29 12:05:03,2017-10-05 21:27:00,2017-10-05
3145039,10610ABB93B0735,10610ABB93B0735,15,66000,TXG,243,2122,66000210006,2,,2017-10-05 19:00:00,10610051900,臺中市外埔區大東里甲后路四段521號,0,1,111,114,120,50,137,147,163,172,176,181,188,192,196,201,211,216,218,234,24.3392549707725,120.642557349505,2019-05-29 12:05:03,2017-10-05 19:00:00,2017-10-05
3137825,10610AB391B0606,10610AB391B0606,15,66000,TXG,228,2243,66000020017,2,,2017-10-05 13:16:00,10610051316,臺中市東區東英里精武東路88號,0,1,111,112,120,50,137,152,163,172,176,181,188,192,196,205,211,215,217,234,24.1487464986193,120.707014706894,2019-05-29 12:05:03,2017-10-05 13:16:00,2017-10-05
3145006,10610AB291B0596,10610AB291B0596,15,66000,TXG,231,2355,66000050013,2,,2017-10-05 18:30:00,10610051830,臺中市北區建興里梅亭街大義街,0,1,111,114,120,50,127,141,163,172,176,181,188,189,193,206,211,216,218,235,24.16028599809,120.683666363061,2019-05-29 12:05:03,2017-10-05 18:30:00,2017-10-05
3145092,10610AB691B0665,10610AB691B0665,15,66000,TXG,232,2004,66000060005,2,,2017-10-05 20:46:00,10610052046,臺中市西屯區惠來里惠中路二段政和路,0,1,111,114,120,50,126,141,163,172,176,181,188,192,196,197,209,215,218,236,24.1563767874827,120.64112242308,2019-05-29 12:05:03,2017-10-05 20:46:00,2017-10-05
3145052,10610AB591B0630,10610AB591B0630,15,66000,TXG,233,2027,66000080028,2,,2017-10-05 19:25:00,10610051925,臺中市北屯區平德里河北路二段文昌二街,0,1,111,114,120,50,127,141,163,172,176,181,188,192,196,206,211,216,218,234,24.171654723547,120.683433035664,2019-05-29 12:05:03,2017-10-05 19:25:00,2017-10-05
3137768,10610AB391B0604,10610AB391B0604,15,66000,TXG,229,2290,66000030016,2,,2017-10-05 11:55:00,10610051155,臺中市南區長榮里復興路三段國光路,0,1,111,112,120,50,127,141,163,172,176,181,188,189,193,206,211,216,218,234,24.1317615297968,120.676660154561,2019-05-29 12:05:03,2017-10-05 11:55:00,2017-10-05
3138033,10610AB691B0656,10610AB691B0656,15,66000,TXG,232,2307,66000060022,2,,2017-10-05 17:32:00,10610051732,臺中市西屯區何德里西屯路二段與何安二巷附近與何安二巷,0,2,111,113,120,40,126,141,163,172,176,181,188,192,196,201,211,215,218,234,0.0,0.0,2019-05-29 12:05:03,2017-10-05 17:32:00,2017-10-05
3137898,10610AB291B0593,10610AB291B0593,15,66000,TXG,231,2356,66000050014,2,,2017-10-05 15:10:00,10610051510,臺中市北區頂厝里崇德路一段579號,0,1,111,112,120,50,127,141,163,172,176,181,188,189,193,206,211,216,218,234,24.1647460479558,120.684982922132,2019-05-29 12:05:03,2017-10-05 15:10:00,2017-10-05
3145151,10610AB491B0621,10610AB491B0621,15,66000,TXG,13,2325,66000070001,2,,2017-10-05 22:52:00,10610052252,臺中市南屯區南屯里南屯路二段向心路,0,1,111,114,120,50,127,142,163,172,176,181,188,189,193,206,211,216,218,234,24.1382125712296,120.643937573807,2019-05-29 12:05:03,2017-10-05 22:52:00,2017-10-05
3137836,10610AB491B0623,10610AB491B0623,15,66000,TXG,13,2392,66000070024,2,,2017-10-05 13:50:00,10610051350,臺中市南屯區三和里黎明路二段423號,0,1,111,112,120,50,137,147,163,172,176,181,188,192,196,201,210,215,218,234,24.1519606460615,120.635129846909,2019-05-29 12:05:03,2017-10-05 13:50:00,2017-10-05
3138052,10610AB291B0594,10610AB291B0594,15,66000,TXG,231,2363,66000050021,2,,2017-10-05 17:52:00,10610051752,臺中市北區健行里民權路503號,0,2,111,114,120,50,137,149,163,172,176,181,188,192,196,201,210,216,218,227,24.16024537537,120.670506499057,2019-05-29 12:05:03,2017-10-05 17:52:00,2017-10-05
3138073,10610AB691B0651,10610AB691B0651,15,66000,TXG,232,2004,66000060005,2,,2017-10-05 18:08:00,10610051808,臺中市西屯區惠來里市政南二路近河南路附近近河南路,0,1,111,114,120,50,127,142,163,172,176,181,188,189,193,201,211,215,218,230,24.1557060077192,120.640933752364,2019-05-29 12:05:03,2017-10-05 18:08:00,2017-10-05
3145045,10610AB391B0608,10610AB391B0608,15,66000,TXG,228,2066,66000020006,2,,2017-10-05 19:10:00,10610051910,臺中市東區泉源里進德路樂業一路,0,1,111,113,120,50,127,141,163,172,176,181,188,189,193,206,211,216,218,247,24.1368983566179,120.692810970263,2019-05-29 12:05:03,2017-10-05 19:10:00,2017-10-05
3138050,10610ABC91B0702,10610ABC91B0702,15,66000,TXG,246,2225,66000270028,2,,2017-10-05 17:50:00,10610051750,臺中市太平區新高里樹德路338號,0,1,111,114,120,50,137,149,163,172,176,181,188,192,196,201,211,216,217,235,24.1530265670512,120.711439167462,2019-05-29 12:05:03,2017-10-05 17:50:00,2017-10-05
3145141,10610AB591B0633,10610AB591B0633,15,66000,TXG,233,2397,66000080005,2,,2017-10-05 22:23:00,10610052223,臺中市北屯區平和里文心路四段梅川東路四段,0,1,111,114,120,50,127,141,163,172,176,181,188,189,193,206,211,216,218,233,24.1729904491563,120.679678757208,2019-05-29 12:05:03,2017-10-05 22:23:00,2017-10-05
3137642,10610AB291B0584,10610AB291B0584,15,66000,TXG,231,2363,66000050021,2,,2017-10-05 09:05:00,10610050905,臺中市北區健行里健行路忠太東路,0,1,111,112,120,50,126,141,163,172,176,181,188,189,193,200,210,215,218,234,24.1592042190672,120.668027568155,2019-05-29 12:05:03,2017-10-05 09:05:00,2017-10-05
3138039,10610AB191B0579,10610AB191B0579,15,66000,TXG,230,2306,66000040010,2,,2017-10-05 17:35:00,10610051735,臺中市西區和龍里西屯路與篤信街口附近與篤信街口,0,1,111,112,120,50,127,141,163,172,176,181,188,189,193,206,211,216,218,234,24.1500124035083,120.67298703693,2019-05-29 12:05:03,2017-10-05 17:35:00,2017-10-05
3137865,10610AB691B0652,10610AB691B0652,15,66000,TXG,232,2314,66000060029,2,,2017-10-05 14:31:00,10610051431,臺中市西屯區逢福里河南路二段227號,0,1,111,112,120,50,137,147,163,172,176,181,188,192,196,205,210,215,218,230,24.175404094331,120.649865697942,2019-05-29 12:05:03,2017-10-05 14:31:00,2017-10-05
3138068,10610AB391B0610,10610AB391B0610,15,66000,TXG,228,2062,66000020002,2,,2017-10-05 18:05:00,10610051805,臺中市東區振興里忠孝路243號,0,1,111,114,120,50,137,147,163,172,176,181,188,192,196,201,211,215,218,235,24.1319199648082,120.687490783774,2019-05-29 12:05:03,2017-10-05 18:05:00,2017-10-05
3137841,10610AB691B0664,10610AB691B0664,15,66000,TXG,232,2371,66000060019,2,,2017-10-05 14:02:00,10610051402,臺中市西屯區福安里臺灣大道四段458號旁附近旁,0,1,111,112,120,50,126,141,163,172,176,181,188,192,196,206,211,216,218,234,24.1778981151899,120.626041835985,2019-05-29 12:05:03,2017-10-05 14:02:00,2017-10-05
3145164,10610AB795B0760,10610AB795B0760,15,66000,TXG,240,2088,66000180007,2,,2017-10-05 23:24:00,10610052324,臺中市大雅區三和里昌平路三段雅潭路三段,0,1,111,114,120,50,128,141,163,172,176,181,188,189,193,205,210,216,217,235,24.2156759154135,120.667612202,2019-05-29 12:05:03,2017-10-05 23:24:00,2017-10-05
3137926,10610AB891B0682,10610AB891B0682,15,66000,TXG,245,2187,66000260004,2,,2017-10-05 15:42:00,10610051542,臺中市霧峰區本鄉里林森路794號,0,1,111,112,120,70,127,142,163,172,176,181,188,192,196,197,210,215,217,234,24.0678281269993,120.696370921995,2019-05-29 12:05:03,2017-10-05 15:42:00,2017-10-05
3137675,10610ABA95B0714,10610ABA95B0714,15,66000,TXG,236,2524,66000130012,2,,2017-10-05 09:40:00,10610050940,臺中市沙鹿區福興里鎮南路二段336號,0,1,111,112,120,50,137,149,163,172,176,181,188,192,196,206,211,216,218,221,24.2278873186763,120.567442226917,2019-05-29 12:05:03,2017-10-05 09:40:00,2017-10-05
3145087,10610ABA94B0722,10610ABA94B0722,15,66000,TXG,312,2543,66000140012,2,,2017-10-05 20:31:00,10610052031,臺中市梧棲區興農里中華路一段721巷與中華路一段559巷88弄口附近與中華路一段559巷88弄口,0,1,111,112,120,40,127,141,163,172,176,181,188,192,196,206,211,216,217,233,24.2297157937392,120.543540329958,2019-05-29 12:05:03,2017-10-05 20:31:00,2017-10-05
3145096,10610ABA95B0725,10610ABA95B0725,15,66000,TXG,236,2521,66000130009,2,,2017-10-05 20:51:00,10610052051,臺中市沙鹿區竹林里臺灣大道路七段726號,0,1,111,114,120,40,137,148,163,172,176,181,188,192,196,197,209,213,217,235,0.0,0.0,2019-05-29 12:05:03,2017-10-05 20:51:00,2017-10-05
3145113,10610AB691B0655,10610AB691B0655,15,66000,TXG,232,2000,66000060001,2,,2017-10-05 21:29:00,10610052129,臺中市西屯區西安里福星北路漢翔路,0,1,111,112,120,50,127,141,163,172,176,181,188,189,193,206,211,216,218,234,24.1851521733783,120.644550793466,2019-05-29 12:05:03,2017-10-05 21:29:00,2017-10-05
3137751,10610AB191B0575,10610AB191B0575,15,66000,TXG,230,0,66000040000,2,,2017-10-05 11:32:00,10610051132,臺中市西區模範街模範街34巷,0,1,111,112,120,50,127,141,163,172,176,181,188,191,193,201,211,216,218,233,24.1490037183215,120.666619168547,2019-05-29 12:05:03,2017-10-05 11:32:00,2017-10-05
3137578,10610ABD91B0738,10610ABD91B0738,15,66000,TXG,235,2466,66000100012,2,,2017-10-05 08:10:00,10610050810,臺中市東勢區新盛里東關路七段43號(東勢所)附近(東勢所),0,1,111,112,120,60,126,141,163,172,176,181,188,192,196,206,211,216,218,235,24.247060036017,120.831702078256,2019-05-29 12:05:03,2017-10-05 08:10:00,2017-10-05
3137622,10610AB591B0635,10610AB591B0635,15,66000,TXG,233,2013,66000080014,2,,2017-10-05 08:45:00,10610050845,臺中市北屯區大坑里東山路二段近連坑巷(口)附近近連坑巷(口),0,1,111,112,120,50,134,147,163,172,176,181,188,192,196,201,211,215,218,229,0.0,0.0,2019-05-29 12:05:03,2017-10-05 08:45:00,2017-10-05
3211120,10610AB691B0859,10610AB691B0859,15,66000,TXG,232,2002,66000060003,2,,2017-10-06 17:27:00,10610061727,臺中市西屯區潮洋里中彰快速道路青海匝道機車道11-85燈桿附近青海匝道機車道11-85燈桿,0,1,111,112,120,40,137,148,163,172,176,181,188,192,196,199,210,214,218,231,0.0,0.0,2019-05-29 12:05:03,2017-10-06 17:27:00,2017-10-06
3145239,10610ABC91B0905,10610ABC91B0905,15,66000,TXG,246,2221,66000270024,2,,2017-10-06 07:20:00,10610060720,臺中市太平區中政里太平路446號,0,2,111,112,123,50,126,141,163,172,176,181,188,192,196,206,211,216,218,221,24.1247333248905,120.715647955794,2019-05-29 12:05:03,2017-10-06 07:20:00,2017-10-06
3213220,10610AB491B0831,10610AB491B0831,15,66000,TXG,13,2384,66000070016,2,,2017-10-06 19:06:00,10610061906,臺中市南屯區文心里大聖街大墩十八街,0,1,111,112,120,50,127,141,163,172,176,177,188,192,196,206,211,216,218,234,24.1561128460234,120.651151065125,2019-05-29 12:05:03,2017-10-06 19:06:00,2017-10-06
3211051,10610AB691B0872,10610AB691B0872,15,66000,TXG,232,2321,66000060036,2,,2017-10-06 16:48:00,10610061648,臺中市西屯區福聯里東大路一段161號,0,1,111,112,120,50,137,149,163,172,176,181,188,192,196,201,210,216,218,234,24.1954475448083,120.607531154271,2019-05-29 12:05:03,2017-10-06 16:48:00,2017-10-06
3145279,10610AB794B0947,10610AB794B0947,15,66000,TXG,238,2039,66000160003,2,,2017-10-06 07:48:00,10610060748,臺中市神岡區北庄里大圳路86號,0,1,111,112,120,50,127,141,163,172,176,181,188,189,193,206,211,216,218,235,24.2630338838653,120.663932898469,2019-05-29 12:05:03,2017-10-06 07:48:00,2017-10-06
3213324,10610AB491B0833,10610AB491B0833,15,66000,TXG,13,2326,66000070002,2,,2017-10-06 21:09:00,10610062109,臺中市南屯區豐樂里文心南路大忠南街,0,3,111,114,120,30,128,141,163,172,176,177,188,189,193,199,208,215,218,231,24.1228573708776,120.648544103343,2019-05-29 12:05:03,2017-10-06 21:09:00,2017-10-06
3213230,10610AB891B0885,10610AB891B0885,15,66000,TXG,247,2257,66000280016,2,,2017-10-06 19:19:00,10610061919,臺中市大里區塗城里美群路美群橋北端附近美群橋北端,0,2,111,114,123,40,127,141,163,172,176,181,188,189,193,206,211,216,218,235,24.0847078513544,120.708599134636,2019-05-29 12:05:03,2017-10-06 19:19:00,2017-10-06
3145292,10610AB191B0764,10610AB191B0764,15,66000,TXG,230,2336,66000040019,2,,2017-10-06 07:53:00,10610060753,臺中市西區忠誠里忠明路臺灣大道,0,2,111,112,120,50,127,141,163,172,176,181,188,189,193,197,210,212,218,231,24.1574782752171,120.659325218044,2019-05-29 12:05:03,2017-10-06 07:53:00,2017-10-06
3213224,10610AB691B0863,10610AB691B0863,15,66000,TXG,232,2311,66000060026,2,,2017-10-06 19:09:00,10610061909,臺中市西屯區至善里青海路二段至善路,0,1,111,114,120,40,127,159,163,172,176,181,188,190,193,197,211,216,218,221,24.1735120020621,120.641018095208,2019-05-29 12:05:03,2017-10-06 19:09:00,2017-10-06
3213342,10610AB891B0892,10610AB891B0892,15,66000,TXG,247,2240,66000280004,2,,2017-10-06 21:40:00,10610062140,臺中市大里區東興里益民路二段274巷口附近口,0,1,111,114,120,50,126,141,163,172,176,181,188,192,196,200,210,215,217,231,0.0,0.0,2019-05-29 12:05:03,2017-10-06 21:40:00,2017-10-06
3213222,10610AB391B0816,10610AB391B0816,15,66000,TXG,228,2243,66000020017,2,,2017-10-06 19:08:00,10610061908,臺中市東區東英里東英六街德興一街,0,2,111,113,120,50,127,141,163,172,176,181,188,192,196,206,211,216,218,233,24.1385666886775,120.708917364059,2019-05-29 12:05:03,2017-10-06 19:08:00,2017-10-06
3211172,10610ABA95B0927,10610ABA95B0927,15,66000,TXG,236,2525,66000130013,2,,2017-10-06 18:09:00,10610061809,臺中市沙鹿區晉江里北勢東路503號旁路口附近旁路口,0,3,111,114,120,50,127,141,163,172,176,181,188,189,193,205,211,215,218,234,24.2200598892276,120.579155889002,2019-05-29 12:05:03,2017-10-06 18:09:00,2017-10-06
3211132,10610AB491B0829,10610AB491B0829,15,66000,TXG,13,2376,66000070008,2,,2017-10-06 17:33:00,10610061733,臺中市南屯區新生里永春路龍富路,0,2,111,114,120,50,127,141,163,172,176,181,188,189,193,206,211,216,218,234,24.140550564293,120.625811753951,2019-05-29 12:05:03,2017-10-06 17:33:00,2017-10-06
3213208,10610AB391B0809,10610AB391B0809,15,66000,TXG,229,2284,66000030010,2,,2017-10-06 18:50:00,10610061850,臺中市南區和平里建國南路一段265號,0,2,111,114,120,50,137,147,163,172,176,181,188,192,196,201,210,215,218,235,24.1252683012935,120.658734177244,2019-05-29 12:05:03,2017-10-06 18:50:00,2017-10-06
3210721,10610AB491B0828,10610AB491B0828,15,66000,TXG,13,2432,66000070005,2,,2017-10-06 10:26:00,10610061026,臺中市南屯區春社里忠勇路同安北巷,0,2,111,112,120,50,126,141,163,172,176,181,188,191,193,206,211,216,218,234,24.1319560724676,120.610599273733,2019-05-29 12:05:03,2017-10-06 10:26:00,2017-10-06
3145243,10610AB591B0836,10610AB591B0836,15,66000,TXG,233,2017,66000080018,2,,2017-10-06 07:22:00,10610060722,臺中市北屯區仁美里崇德路三段燈桿247號處附近燈桿247號處,0,1,111,112,120,50,137,149,163,172,176,181,188,192,196,197,210,216,218,231,24.1917596227587,120.686464232882,2019-05-29 12:05:03,2017-10-06 07:22:00,2017-10-06
3145328,10610AB691B0854,10610AB691B0854,15,66000,TXG,232,2366,66000060014,2,,2017-10-06 08:16:00,10610060816,臺中市西屯區大鵬里長安路二段71巷,0,1,111,112,120,50,126,141,163,172,176,181,188,192,196,206,211,216,218,234,0.0,0.0,2019-05-29 12:05:03,2017-10-06 08:16:00,2017-10-06
3145268,10610AB795B0964,10610AB795B0964,15,66000,TXG,240,2088,66000180007,2,,2017-10-06 07:40:00,10610060740,臺中市大雅區三和里信和路15號,0,1,111,112,120,50,137,149,163,172,176,181,188,192,196,206,210,216,217,234,24.2079517055428,120.658453728242,2019-05-29 12:05:03,2017-10-06 07:40:00,2017-10-06
3210802,10610ABA95B0930,10610ABA95B0930,15,66000,TXG,236,2523,66000130011,2,,2017-10-06 11:57:00,10610061157,臺中市沙鹿區北勢里臺灣大道路七段391號,0,1,111,112,120,60,137,148,163,172,176,181,188,192,196,197,211,216,217,230,0.0,0.0,2019-05-29 12:05:03,2017-10-06 11:57:00,2017-10-06
3213309,10610AB691B0858,10610AB691B0858,15,66000,TXG,232,2006,66000060007,2,,2017-10-06 20:46:00,10610062046,臺中市西屯區逢甲里西屯路二段260-13-3號,0,5,111,114,120,40,127,141,163,172,176,181,188,192,196,206,211,216,218,234,24.1769109575199,120.643098838726,2019-05-29 12:05:03,2017-10-06 20:46:00,2017-10-06
3211045,10610ABA94B0923,10610ABA94B0923,15,66000,TXG,312,2545,66000140014,2,,2017-10-06 16:43:00,10610061643,臺中市梧棲區永安里向上路九段向上路九段321巷,0,1,111,113,120,50,127,141,163,172,176,181,188,189,193,206,211,216,218,234,24.2240815734708,120.522511979134,2019-05-29 12:05:03,2017-10-06 16:43:00,2017-10-06
3210825,10610AB795B0974,10610AB795B0974,15,66000,TXG,240,2088,66000180007,2,,2017-10-06 12:20:00,10610061220,臺中市大雅區三和里信和路與仁和北路口附近與仁和北路口,0,2,111,112,120,40,127,141,163,172,176,181,188,192,196,206,211,216,218,234,24.218060616871,120.661920091885,2019-05-29 12:05:03,2017-10-06 12:20:00,2017-10-06
3211067,10610AB191B0775,10610AB191B0775,15,66000,TXG,227,2060,66000010008,2,,2017-10-06 16:58:00,10610061658,臺中市中區中華里臺灣大道一段與興民街口附近與興民街口,0,1,111,112,120,50,127,141,163,172,176,181,188,192,196,206,211,216,218,234,24.1445192838403,120.677118309213,2019-05-29 12:05:03,2017-10-06 16:58:00,2017-10-06
3210969,10610AB391B0823,10610AB391B0823,15,66000,TXG,229,2289,66000030015,2,,2017-10-06 15:18:00,10610061518,臺中市南區長春里台中路117號對面附近對面,0,1,111,112,120,50,137,149,163,172,176,181,188,192,196,201,210,216,218,234,24.1328058578108,120.683767237376,2019-05-29 12:05:03,2017-10-06 15:18:00,2017-10-06
3145349,10610AB691B0867,10610AB691B0867,15,66000,TXG,232,2318,66000060033,2,,2017-10-06 08:34:00,10610060834,臺中市西屯區福和里福安五街23號,0,1,111,112,120,50,126,149,163,172,176,181,188,192,196,206,211,216,218,235,24.1791182290809,120.617615069173,2019-05-29 12:05:03,2017-10-06 08:34:00,2017-10-06
3213338,10610AB391B0814,10610AB391B0814,15,66000,TXG,228,2070,66000020010,2,,2017-10-06 21:34:00,10610062134,臺中市東區十甲里樂業路與東英路口附近與東英路口,0,2,111,114,120,50,127,141,163,172,176,181,188,189,193,206,211,216,218,221,24.1376125533088,120.705358528149,2019-05-29 12:05:03,2017-10-06 21:34:00,2017-10-06
3210991,10610AB391B0807,10610AB391B0807,15,66000,TXG,229,2283,66000030009,2,,2017-10-06 15:50:00,10610061550,臺中市南區福平里建國南路美村路,0,1,111,112,120,50,127,141,167,172,176,181,188,189,193,206,211,216,218,234,24.1270120712148,120.66276351296,2019-05-29 12:05:03,2017-10-06 15:50:00,2017-10-06
3145203,10610AB891B0891,10610AB891B0891,15,66000,TXG,245,2187,66000260004,2,,2017-10-06 06:15:00,10610060615,臺中市霧峰區本鄉里林森路899號,0,1,111,112,120,70,137,147,163,172,176,181,188,192,196,197,210,215,217,241,24.0693416083591,120.696483750963,2019-05-29 12:05:03,2017-10-06 06:15:00,2017-10-06
3145437,10610AB891B0896,10610AB891B0896,15,66000,TXG,247,2238,66000280002,2,,2017-10-06 09:50:00,10610060950,臺中市大里區新里里三興街三興街42巷,0,1,111,112,120,50,126,141,163,172,176,181,188,192,196,206,211,216,218,234,24.1022657947333,120.680476902498,2019-05-29 12:05:03,2017-10-06 09:50:00,2017-10-06
3211032,10610AB291B0800,10610AB291B0800,15,66000,TXG,231,2365,66000050023,2,,2017-10-06 16:30:00,10610061630,臺中市北區長青里陝西路45號,0,1,111,112,120,50,137,149,163,172,176,181,188,192,196,201,211,216,218,234,24.168594810983,120.668284700122,2019-05-29 12:05:03,2017-10-06 16:30:00,2017-10-06
3211015,10610ABA95B0922,10610ABA95B0922,15,66000,TXG,236,2513,66000130001,2,,2017-10-06 16:10:00,10610061610,臺中市沙鹿區居仁里臺灣大道路七段1025號,0,1,111,112,120,50,137,149,163,172,176,181,188,192,196,197,210,216,217,235,0.0,0.0,2019-05-29 12:05:03,2017-10-06 16:10:00,2017-10-06
3213278,10610ABA95B0924,10610ABA95B0924,15,66000,TXG,236,2525,66000130013,2,,2017-10-06 20:00:00,10610062000,臺中市沙鹿區晉江里臺灣大道路七段346巷口附近346巷口,0,1,111,112,120,40,127,141,163,172,176,181,188,189,193,206,211,216,218,234,0.0,0.0,2019-05-29 12:05:03,2017-10-06 20:00:00,2017-10-06
3211014,10610AB191B0771,10610AB191B0771,15,66000,TXG,230,2338,66000040021,2,,2017-10-06 16:10:00,10610061610,臺中市西區中興里向上路一段99-2號,0,1,111,112,120,50,137,147,163,172,176,181,188,192,196,201,210,215,218,231,24.1467084322307,120.66288986184,2019-05-29 12:05:03,2017-10-06 16:10:00,2017-10-06
3145173,10610AB891B0887,10610AB891B0887,15,66000,TXG,245,2185,66000260002,2,,2017-10-06 00:02:00,10610060002,臺中市霧峰區吉峰里峰堤路02965號燈桿附近02965號燈桿,0,3,111,114,122,30,137,149,163,172,176,181,188,192,196,205,211,216,217,231,24.081411526806,120.658632837178,2019-05-29 12:05:03,2017-10-06 00:02:00,2017-10-06
3210854,10610AB591B0838,10610AB591B0838,15,66000,TXG,233,2016,66000080017,2,,2017-10-06 12:49:00,10610061249,臺中市北屯區仁和里松竹路三段山西路二段,0,2,111,112,120,30,126,141,163,172,176,181,188,189,193,206,211,216,218,235,24.1841537617605,120.678475955942,2019-05-29 12:05:03,2017-10-06 12:49:00,2017-10-06
3213239,10610AB491B0832,10610AB491B0832,15,66000,TXG,13,2382,66000070014,2,,2017-10-06 19:30:00,10610061930,臺中市南屯區鎮平里環中路四段近黎明路附近近黎明路,0,1,111,114,120,40,137,148,163,172,176,181,188,189,193,197,210,212,218,235,24.1381115807507,120.623128536787,2019-05-29 12:05:03,2017-10-06 19:30:00,2017-10-06
3210995,10610AB691B0861,10610AB691B0861,15,66000,TXG,232,2008,66000060009,2,,2017-10-06 15:52:00,10610061552,臺中市西屯區何安里臺灣大道二段中油加油站前附近中油加油站前,0,1,111,112,120,40,137,148,163,172,176,181,188,192,196,197,210,212,218,230,24.1602454333503,120.653577876089,2019-05-29 12:05:03,2017-10-06 15:52:00,2017-10-06
3145235,10610AB795B0949,10610AB795B0949,15,66000,TXG,240,2093,66000180013,2,,2017-10-06 07:18:00,10610060718,臺中市大雅區文雅里中山北路169巷,0,2,111,112,120,50,126,141,163,172,176,181,188,191,193,201,211,216,218,234,24.2186610807198,120.646942078305,2019-05-29 12:05:03,2017-10-06 07:18:00,2017-10-06