識別碼,案件編號,交通事故主表,縣市識別碼,縣市代碼,所屬縣市簡碼,鄉縣市區識別碼,村里識別碼,里代碼,事故類(A1、A2...An),處理單位代碼,案件時間(西元),案件時間(民國),發生地點,死亡人數,受傷人數(含2~30日內死亡),天氣識別碼,光線識別碼,道路類別識別碼,速限,道路型態識別碼,事故位置識別碼,路面鋪裝識別碼,路面狀態識別碼,路面缺陷識別碼,障礙物視距識別碼,視距識別碼,號誌種類識別碼,號誌動作識別碼,車道劃分設施-分向設施識別碼,快車道或一般車道間識別碼,快慢車道間識別碼,路面邊線識別碼,事故類型及型態識別碼,緯度,經度,本平台資料更新時間(yyyy-MM-dd HH:mm:ss),資料代表時間(yyyy-MM-dd HH:mm:ss),資料代表日期(yyyy-MM-dd)
3278594,10610AB591B1035,10610AB591B1035,15,66000,TXG,233,2017,66000080018,2,,2017-10-07 18:30:00,10610071830,臺中市北屯區仁美里崇德路環中路,0,2,111,114,120,50,127,141,163,172,176,181,188,189,193,206,211,216,218,231,24.2008502872099,120.686697588935,2019-05-29 12:05:03,2017-10-07 18:30:00,2017-10-07
3274367,10610AB591B1034,10610AB591B1034,15,66000,TXG,233,2015,66000080016,2,,2017-10-07 13:30:00,10610071330,臺中市北屯區松竹里松竹路梅川東路,0,1,111,112,120,50,127,141,163,172,176,181,188,189,193,206,211,216,218,234,24.1818842641169,120.682115151881,2019-05-29 12:05:03,2017-10-07 13:30:00,2017-10-07
3222562,10610ABB93B1098,10610ABB93B1098,15,66000,TXG,243,2122,66000210006,2,,2017-10-07 10:30:00,10610071030,臺中市外埔區大東里甲后路四段國道3陸橋下附近國道3陸橋下,0,1,111,112,120,50,137,148,163,172,176,181,188,192,196,201,211,215,217,245,24.3368799395617,120.647830089526,2019-05-29 12:05:03,2017-10-07 10:30:00,2017-10-07
3274226,10610AB491B1019,10610AB491B1019,15,66000,TXG,13,2390,66000070022,2,,2017-10-07 11:06:00,10610071106,臺中市南屯區惠中里大墩十一街大正街,0,1,111,112,120,50,127,141,163,172,176,181,188,190,193,206,211,216,218,234,24.1488038862205,120.645449370501,2019-05-29 12:05:03,2017-10-07 11:06:00,2017-10-07
3274218,10610ABB91B1104,10610ABB91B1104,15,66000,TXG,286,2494,66000110015,2,,2017-10-07 11:00:00,10610071100,臺中市大甲區武曲里大安港路432-8號,0,2,111,112,120,60,137,147,163,172,176,181,188,192,196,201,211,215,217,228,24.3550144469685,120.610070123705,2019-05-29 12:05:03,2017-10-07 11:00:00,2017-10-07
3278539,10610AB794B1114,10610AB794B1114,15,66000,TXG,238,2045,66000160009,2,,2017-10-07 17:45:00,10610071745,臺中市神岡區大社里大豐北街大豐北街97巷,0,2,111,112,120,50,126,141,163,172,176,181,188,192,196,201,211,216,217,234,24.2520230853491,120.699642027114,2019-05-29 12:05:03,2017-10-07 17:45:00,2017-10-07
3274427,10610AB591B1027,10610AB591B1027,15,66000,TXG,233,2397,66000080005,2,,2017-10-07 14:54:00,10610071454,臺中市北屯區平和里崇德路二段崇德二路二段,0,1,111,112,120,50,127,158,163,172,176,181,188,190,193,206,211,216,218,221,24.1774136704728,120.68590646435,2019-05-29 12:05:03,2017-10-07 14:54:00,2017-10-07
3213533,10610ABD91B1106,10610ABD91B1106,15,66000,TXG,242,2114,66000200008,2,,2017-10-07 08:12:00,10610070812,臺中市石岡區土牛里豐勢路375號,0,1,111,112,120,50,137,148,163,172,176,181,188,192,196,197,210,215,217,236,24.2554452128248,120.829094491775,2019-05-29 12:05:03,2017-10-07 08:12:00,2017-10-07
3213620,10610AB191B0990,10610AB191B0990,15,66000,TXG,230,2335,66000040018,2,,2017-10-07 09:55:00,10610070955,臺中市西區土庫里五權西五街與五權西五街26巷附近與五權西五街26巷,0,1,111,112,120,50,126,141,163,172,176,181,188,192,196,206,211,216,218,235,24.1386772020899,120.659164472682,2019-05-29 12:05:03,2017-10-07 09:55:00,2017-10-07
3278425,10610ABA95B1095,10610ABA95B1095,15,66000,TXG,236,2531,66000130019,2,,2017-10-07 15:45:00,10610071545,臺中市沙鹿區西勢里中清路七段376號,0,1,111,112,120,40,137,148,163,172,176,181,188,192,196,199,211,214,218,234,24.2501445652929,120.597434435564,2019-05-29 12:05:03,2017-10-07 15:45:00,2017-10-07
3213425,10610AB191B0976,10610AB191B0976,15,66000,TXG,227,2059,66000010007,2,,2017-10-07 00:23:00,10610070023,臺中市中區大誠里臺灣大道一段柳川西路附近柳川西路,0,2,111,114,120,50,127,141,163,172,176,181,188,189,193,206,211,216,218,236,24.1440737712386,120.677629551011,2019-05-29 12:05:03,2017-10-07 00:23:00,2017-10-07
3278610,10610AB891B1066,10610AB891B1066,15,66000,TXG,247,2240,66000280004,2,,2017-10-07 18:45:00,10610071845,臺中市大里區東興里東榮路472號,0,1,111,114,120,50,137,147,163,172,176,181,188,192,196,201,210,215,218,235,24.1096245409268,120.680956416973,2019-05-29 12:05:03,2017-10-07 18:45:00,2017-10-07
3274295,10610ABA95B1088,10610ABA95B1088,15,66000,TXG,236,2520,66000130008,2,,2017-10-07 12:10:00,10610071210,臺中市沙鹿區鹿寮里中山路475巷口附近口,0,1,111,112,120,50,127,141,163,172,176,181,188,192,196,197,208,215,218,235,24.2370271554698,120.569101835512,2019-05-29 12:05:03,2017-10-07 12:10:00,2017-10-07
3278723,10610ABA95B1091,10610ABA95B1091,15,66000,TXG,236,2531,66000130019,2,,2017-10-07 22:19:00,10610072219,臺中市沙鹿區西勢里中清路七段慢車道近沙鹿交流道產業道路附近慢車道近沙鹿交流道產業道路,0,1,110,115,120,40,126,142,163,172,176,181,188,192,196,206,208,216,218,238,24.2501377262349,120.597429845173,2019-05-29 12:05:03,2017-10-07 22:19:00,2017-10-07
3274431,10610AB391B1004,10610AB391B1004,15,66000,TXG,229,2280,66000030006,2,,2017-10-07 14:59:00,10610071459,臺中市南區江川里五權南路國家圖書館停車場前附近國家圖書館停車場前,0,1,111,112,120,50,137,148,163,172,176,181,188,192,196,197,210,215,218,234,24.1162419690541,120.669991676031,2019-05-29 12:05:03,2017-10-07 14:59:00,2017-10-07
3274377,10610AB291B0993,10610AB291B0993,15,66000,TXG,231,2360,66000050018,2,,2017-10-07 13:43:00,10610071343,臺中市北區淡溝里健行路西屯路,0,1,111,112,120,50,127,141,163,172,176,181,188,189,193,206,211,216,218,234,24.159219378305,120.666232353981,2019-05-29 12:05:03,2017-10-07 13:43:00,2017-10-07
3213416,10610AB391B1011,10610AB391B1011,15,66000,TXG,228,2064,66000020004,2,,2017-10-07 00:02:00,10610070002,臺中市東區東興里台中路仁和路,0,1,111,114,120,40,127,142,163,172,176,181,188,189,193,201,210,215,218,226,24.126374591258,120.684193239065,2019-05-29 12:05:03,2017-10-07 00:02:00,2017-10-07
3274406,10610AB891B1063,10610AB891B1063,15,66000,TXG,247,2242,66000280006,2,,2017-10-07 14:30:00,10610071430,臺中市大里區日新里日新路273號,0,2,111,112,120,50,137,148,163,172,176,181,188,192,196,206,211,216,217,234,24.1162203513604,120.692275361975,2019-05-29 12:05:03,2017-10-07 14:30:00,2017-10-07
3278699,10610ABD91B1109,10610ABD91B1109,15,66000,TXG,242,2109,66000200003,2,,2017-10-07 21:30:00,10610072130,臺中市石岡區九房里明德路105號,0,1,110,114,120,70,137,153,163,172,176,181,188,192,196,197,210,215,217,235,24.274044994712,120.778988579357,2019-05-29 12:05:03,2017-10-07 21:30:00,2017-10-07
3278526,10610AB591B1040,10610AB591B1040,15,66000,TXG,233,2400,66000080008,2,,2017-10-07 17:30:00,10610071730,臺中市北屯區水景里景賢路526號,0,1,111,112,120,40,137,148,163,172,176,181,188,192,196,201,210,215,218,236,24.1669178619859,120.722100461793,2019-05-29 12:05:03,2017-10-07 17:30:00,2017-10-07
3278602,10610AB795B1121,10610AB795B1121,15,66000,TXG,240,2092,66000180012,2,,2017-10-07 18:38:00,10610071838,臺中市大雅區上雅里雅環路二段125號,0,1,111,115,120,50,137,149,163,172,176,181,188,192,196,201,211,216,217,235,24.227205316151,120.652280569039,2019-05-29 12:05:03,2017-10-07 18:38:00,2017-10-07
3274330,10610AB891B1062,10610AB891B1062,15,66000,TXG,245,2192,66000260010,2,,2017-10-07 12:44:00,10610071244,臺中市霧峰區北柳里四德路四德路136巷,0,2,111,112,120,40,127,141,163,172,176,181,188,189,193,206,211,216,218,230,24.0660121413134,120.694265267866,2019-05-29 12:05:03,2017-10-07 12:44:00,2017-10-07
3274417,10610AB391B1002,10610AB391B1002,15,66000,TXG,228,2071,66000020011,2,,2017-10-07 14:40:00,10610071440,臺中市東區東南里力行路進化路,0,2,111,112,120,50,126,141,163,172,176,181,188,189,193,206,211,216,218,233,24.1510732324451,120.694430568201,2019-05-29 12:05:03,2017-10-07 14:40:00,2017-10-07
3213578,10610ABA94B1092,10610ABA94B1092,15,66000,TXG,312,2539,66000140007,2,,2017-10-07 09:00:00,10610070900,臺中市梧棲區草湳里臨港路三段路燈33H3764HC80號前附近路燈33H3764HC80號前,0,1,111,112,120,40,137,148,163,172,174,181,188,192,196,206,211,214,217,236,24.2447616269991,120.520785435466,2019-05-29 12:05:03,2017-10-07 09:00:00,2017-10-07
3278670,10610AB391B1008,10610AB391B1008,15,66000,TXG,228,2061,66000020001,2,,2017-10-07 20:33:00,10610072033,臺中市東區新庄里復興路立德街,0,2,111,113,120,50,126,141,163,172,176,181,188,190,193,206,211,216,218,234,24.1356449473264,120.68594377092,2019-05-29 12:05:03,2017-10-07 20:33:00,2017-10-07
3278577,10610AB591B1028,10610AB591B1028,15,66000,TXG,233,2412,66000080040,2,,2017-10-07 18:15:00,10610071815,臺中市北屯區平昌里漢口路五段135號,0,1,111,114,120,50,127,141,163,172,176,181,188,192,196,206,211,216,218,233,0.0,0.0,2019-05-29 12:05:03,2017-10-07 18:15:00,2017-10-07
3278714,10610AB391B1009,10610AB391B1009,15,66000,TXG,229,2283,66000030009,2,,2017-10-07 22:07:00,10610072207,臺中市南區福平里建國北路二段美村路二段,0,1,111,114,120,50,127,142,163,172,176,181,188,190,193,197,210,215,218,235,24.1274826094029,120.66259340897,2019-05-29 12:05:03,2017-10-07 22:07:00,2017-10-07
3213626,10610AB191B0977,10610AB191B0977,15,66000,TXG,230,2333,66000040016,2,,2017-10-07 10:00:00,10610071000,臺中市西區忠明里精誠三街46號,0,2,111,112,120,50,127,141,163,172,176,181,188,192,196,206,211,216,218,233,24.156027176473,120.658053414982,2019-05-29 12:05:03,2017-10-07 10:00:00,2017-10-07
3274399,10610AB191B0978,10610AB191B0978,15,66000,TXG,230,2335,66000040018,2,,2017-10-07 14:20:00,10610071420,臺中市西區土庫里五權一街116號,0,1,111,112,120,50,127,141,163,172,176,181,188,192,196,206,211,216,218,233,24.139265890911,120.660400643341,2019-05-29 12:05:03,2017-10-07 14:20:00,2017-10-07
3278752,10610ABC91B1070,10610ABC91B1070,15,66000,TXG,246,2204,66000270005,2,,2017-10-07 23:51:00,10610072351,臺中市太平區建國里建興路成功東路,0,2,111,114,120,50,127,141,163,172,176,181,188,191,193,206,211,216,218,233,24.1306208378897,120.724038449764,2019-05-29 12:05:03,2017-10-07 23:51:00,2017-10-07
3274312,10610ABA93B1085,10610ABA93B1085,15,66000,TXG,311,217,66000120017,2,,2017-10-07 12:28:00,10610071228,臺中市清水區中社里港埠路三段中社路,0,1,111,112,120,40,128,141,163,172,176,181,188,190,193,197,210,212,218,235,24.275411871651,120.547309470815,2019-05-29 12:05:03,2017-10-07 12:28:00,2017-10-07
3278702,10610AB691B1050,10610AB691B1050,15,66000,TXG,232,2005,66000060006,2,,2017-10-07 21:37:00,10610072137,臺中市西屯區上石里青海路二段173號,0,1,111,114,120,40,137,147,163,172,176,181,188,192,196,199,210,215,218,245,24.1693175034648,120.646288872154,2019-05-29 12:05:03,2017-10-07 21:37:00,2017-10-07
3213586,10610AB795B1117,10610AB795B1117,15,66000,TXG,240,2094,66000180015,2,,2017-10-07 09:10:00,10610070910,臺中市大雅區雅楓里民生路三段148號前附近148號前,0,3,111,112,120,50,137,148,163,172,176,181,188,192,196,197,210,216,217,235,24.2305806971661,120.657378381436,2019-05-29 12:05:03,2017-10-07 09:10:00,2017-10-07
3278704,10610AB691B1055,10610AB691B1055,15,66000,TXG,232,2008,66000060009,2,,2017-10-07 21:45:00,10610072145,臺中市西屯區何安里臺灣大道二段998號,0,1,111,114,120,40,137,148,163,172,176,181,188,192,196,197,210,215,218,234,24.1625113464004,120.650258022442,2019-05-29 12:05:03,2017-10-07 21:45:00,2017-10-07
3278573,10610AB191B0979,10610AB191B0979,15,66000,TXG,230,2332,66000040015,2,,2017-10-07 18:11:00,10610071811,臺中市西區昇平里昇平街與民生路496巷口附近與民生路496巷口,0,1,111,114,120,40,127,141,163,172,176,181,188,192,196,206,211,216,218,233,24.1455257794873,120.660541032019,2019-05-29 12:05:03,2017-10-07 18:11:00,2017-10-07
3278706,10610AB391B1010,10610AB391B1010,15,66000,TXG,228,2069,66000020009,2,,2017-10-07 21:50:00,10610072150,臺中市東區東門里振興路168號,0,2,111,112,120,50,137,147,163,172,176,181,188,192,196,206,211,215,218,230,24.1329789982938,120.694752549743,2019-05-29 12:05:03,2017-10-07 21:50:00,2017-10-07
3213450,10610A24WZB0034,10610A24WZB0034,15,66000,TXG,238,0,66000160000,2,,2017-10-07 04:31:00,10610070431,臺中市神岡區國道1號167.0公里700.0公尺南側中線車道,0,2,111,114,116,110,137,147,163,172,176,181,188,192,196,197,209,216,217,231,24.3897124129504,120.756111377915,2019-05-29 12:05:03,2017-10-07 04:31:00,2017-10-07
3278528,10610AB191B0980,10610AB191B0980,15,66000,TXG,230,2556,66000040011,2,,2017-10-07 17:30:00,10610071730,臺中市西區民龍里英才路﹑臺灣大道二段311巷1弄(口)附近﹑臺灣大道二段311巷1弄(口),0,1,111,114,120,50,127,141,163,172,176,181,188,192,196,206,211,216,218,233,24.1526099035975,120.666328531229,2019-05-29 12:05:03,2017-10-07 17:30:00,2017-10-07
3274442,10610ABD91B1107,10610ABD91B1107,15,66000,TXG,235,2455,66000100001,2,,2017-10-07 15:14:00,10610071514,臺中市東勢區北興里豐勢路605號,0,1,111,112,120,50,137,149,163,172,176,181,188,192,196,201,211,216,217,235,24.2605028971627,120.826082182458,2019-05-29 12:05:03,2017-10-07 15:14:00,2017-10-07
3213616,10610ABB93B1099,10610ABB93B1099,15,66000,TXG,237,2560,66000150014,2,,2017-10-07 09:54:00,10610070954,臺中市后里區眉山里月眉東路麗寶樂園入口處附近麗寶樂園入口處,0,1,111,112,123,50,126,142,163,172,176,181,188,192,196,197,210,216,218,235,0.0,0.0,2019-05-29 12:05:03,2017-10-07 09:54:00,2017-10-07
3222565,10610AB795B1118,10610AB795B1118,15,66000,TXG,240,2090,66000180010,2,,2017-10-07 10:32:00,10610071032,臺中市大雅區二和里雅環路一段300巷口附近300巷口,0,1,111,112,120,50,126,141,163,172,176,181,188,189,193,206,211,216,218,231,24.2230047760398,120.654811617685,2019-05-29 12:05:03,2017-10-07 10:32:00,2017-10-07
3274425,10610AB591B1032,10610AB591B1032,15,66000,TXG,233,2409,66000080037,2,,2017-10-07 14:50:00,10610071450,臺中市北屯區松和里松竹路松安街,0,2,111,112,120,50,127,141,163,172,176,181,188,189,193,206,211,216,218,229,0.0,0.0,2019-05-29 12:05:03,2017-10-07 14:50:00,2017-10-07
3213594,10610ABC91B1074,10610ABC91B1074,15,66000,TXG,246,2204,66000270005,2,,2017-10-07 09:30:00,10610070930,臺中市太平區建國里建興路近成功路口附近近成功路口,0,2,111,112,120,50,127,142,163,172,176,181,188,192,196,205,211,216,217,235,24.1275609416029,120.726606347787,2019-05-29 12:05:03,2017-10-07 09:30:00,2017-10-07
3278566,10610ABA93B1090,10610ABA93B1090,15,66000,TXG,311,186,66000120003,2,,2017-10-07 18:07:00,10610071807,臺中市清水區清水里中清路八段新興路,0,1,111,112,120,60,127,141,163,172,176,181,188,189,193,206,211,216,218,234,24.2628601320346,120.573448747075,2019-05-29 12:05:03,2017-10-07 18:07:00,2017-10-07
3278604,10610AB491B1022,10610AB491B1022,15,66000,TXG,13,2432,66000070005,2,,2017-10-07 18:42:00,10610071842,臺中市南屯區春社里永春路46號,0,2,111,114,120,40,137,149,163,172,176,181,188,192,196,206,211,216,218,235,24.1390129943941,120.613227802744,2019-05-29 12:05:03,2017-10-07 18:42:00,2017-10-07
3213503,10610AB993B3795,10610AB993B3795,15,66000,TXG,14,2150,66000230012,2,,2017-10-07 07:45:00,10610070745,臺中市烏日區溪埧里環中路八段298號,0,2,111,112,120,40,137,148,163,171,176,181,188,192,196,197,210,214,217,236,24.0836021744308,120.647451873382,2019-05-29 12:05:03,2017-10-07 07:45:00,2017-10-07
3274413,10610AB191B0987,10610AB191B0987,15,66000,TXG,230,2335,66000040018,2,,2017-10-07 14:35:00,10610071435,臺中市西區土庫里美村路一段570號,0,1,111,112,120,50,137,148,163,172,176,181,188,192,196,201,211,215,218,234,24.1386836520781,120.661689400559,2019-05-29 12:05:03,2017-10-07 14:35:00,2017-10-07
3213613,10610AB691B1044,10610AB691B1044,15,66000,TXG,232,2000,66000060001,2,,2017-10-07 09:53:00,10610070953,臺中市西屯區西安里清隆巷3-1號,0,2,111,112,120,40,128,141,163,172,176,181,188,192,196,205,211,215,218,234,24.180804314199,120.639571961086,2019-05-29 12:05:03,2017-10-07 09:53:00,2017-10-07
3278472,10610AB691B1048,10610AB691B1048,15,66000,TXG,232,2315,66000060030,2,,2017-10-07 16:30:00,10610071630,臺中市西屯區何明里西屯路二段10-3號,0,2,111,112,120,40,127,141,163,172,176,181,188,192,196,206,211,216,218,234,24.1654015008924,120.654933159596,2019-05-29 12:05:03,2017-10-07 16:30:00,2017-10-07
3274388,10610AB491B1021,10610AB491B1021,15,66000,TXG,13,2384,66000070016,2,,2017-10-07 14:00:00,10610071400,臺中市南屯區文心里大墩六街東興路,0,1,111,112,120,40,127,141,163,172,176,181,188,189,193,206,211,216,218,234,24.1426331212322,120.653002278514,2019-05-29 12:05:03,2017-10-07 14:00:00,2017-10-07
3274274,10610AB391B1005,10610AB391B1005,15,66000,TXG,229,2284,66000030010,2,,2017-10-07 11:50:00,10610071150,臺中市南區和平里忠明南路復興路,0,1,111,112,120,50,126,141,163,172,176,181,188,192,196,206,211,216,218,234,24.1217014219323,120.661626180074,2019-05-29 12:05:03,2017-10-07 11:50:00,2017-10-07
3274429,10610AB891B1064,10610AB891B1064,15,66000,TXG,247,2257,66000280016,2,,2017-10-07 14:55:00,10610071455,臺中市大里區塗城里光正路光正路114巷口附近114巷口,0,1,111,112,120,50,126,141,163,172,176,181,188,192,196,206,211,216,218,235,24.0896972678732,120.713931255129,2019-05-29 12:05:03,2017-10-07 14:55:00,2017-10-07
3278595,10610AB691B1053,10610AB691B1053,15,66000,TXG,232,2369,66000060017,2,,2017-10-07 18:31:00,10610071831,臺中市西屯區林厝里西林巷42號,0,2,111,112,120,40,126,141,163,172,176,181,188,192,196,206,211,216,218,234,24.1865594799199,120.634495710452,2019-05-29 12:05:03,2017-10-07 18:31:00,2017-10-07
3213632,10610AB691B1043,10610AB691B1043,15,66000,TXG,232,2309,66000060024,2,,2017-10-07 10:07:00,10610071007,臺中市西屯區西平里福星路與逢甲路附近與逢甲路,0,1,111,112,120,50,127,141,163,172,176,181,188,189,193,206,211,216,218,235,24.1788113986788,120.645088914827,2019-05-29 12:05:03,2017-10-07 10:07:00,2017-10-07
3274308,10610ABA95B1086,10610ABA95B1086,15,66000,TXG,236,2526,66000130014,2,,2017-10-07 12:25:00,10610071225,臺中市沙鹿區六路里臺灣大道路六段1018號對面附近對面,0,1,111,112,120,40,137,148,163,172,176,181,188,192,196,197,209,213,217,235,0.0,0.0,2019-05-29 12:05:03,2017-10-07 12:25:00,2017-10-07
3213553,10610AB795B1111,10610AB795B1111,15,66000,TXG,239,2564,66000170004,2,,2017-10-07 08:32:00,10610070832,臺中市潭子區福仁里中山路二段環中路二段,0,1,111,112,120,60,137,148,163,172,176,181,188,190,193,205,210,215,217,235,24.2011732070499,120.703521791957,2019-05-29 12:05:03,2017-10-07 08:32:00,2017-10-07
3278567,10610AB291B0996,10610AB291B0996,15,66000,TXG,231,2347,66000050005,2,,2017-10-07 18:08:00,10610071808,臺中市北區新北里三民路三段錦新街,0,1,111,114,120,50,127,141,163,172,176,181,188,189,193,206,211,216,218,231,24.153522288917,120.685614672472,2019-05-29 12:05:03,2017-10-07 18:08:00,2017-10-07
3274392,10610AB491B1024,10610AB491B1024,15,66000,TXG,13,2385,66000070017,2,,2017-10-07 14:05:00,10610071405,臺中市南屯區同心里大墩二街大墩西二街,0,1,111,112,120,50,127,141,163,172,176,181,188,192,196,206,211,216,218,233,24.1388292519932,120.647831026247,2019-05-29 12:05:03,2017-10-07 14:05:00,2017-10-07
3213426,10610AB891B1056,10610AB891B1056,15,66000,TXG,247,2248,66000280007,2,,2017-10-07 00:37:00,10610070037,臺中市大里區西榮里東榮路與益民路二段(口)附近與益民路二段(口),0,1,111,114,120,50,127,141,163,172,176,181,188,191,193,206,211,216,218,233,24.1102484439574,120.683856112262,2019-05-29 12:05:03,2017-10-07 00:37:00,2017-10-07
3213453,10610AB591B1038,10610AB591B1038,15,66000,TXG,233,2410,66000080038,2,,2017-10-07 05:09:00,10610070509,臺中市北屯區平陽里大連路二段近梅川東路附近近梅川東路,0,1,111,114,120,50,127,142,163,172,176,181,188,189,193,201,211,215,218,231,24.175763596796,120.685753936098,2019-05-29 12:05:03,2017-10-07 05:09:00,2017-10-07
3213476,10610AB691B1049,10610AB691B1049,15,66000,TXG,232,2323,66000060038,2,,2017-10-07 06:54:00,10610070654,臺中市西屯區福林里福科路688號,0,2,111,112,120,50,137,147,163,172,176,181,188,189,193,197,210,215,218,234,24.1872506006793,120.60763208055,2019-05-29 12:05:03,2017-10-07 06:54:00,2017-10-07
3278448,10610AB691B1047,10610AB691B1047,15,66000,TXG,232,2309,66000060024,2,,2017-10-07 16:05:00,10610071605,臺中市西屯區西平里西安街文華路,0,2,111,112,120,40,127,141,163,172,176,181,188,192,196,206,211,216,218,234,24.1819034884736,120.646306514379,2019-05-29 12:05:03,2017-10-07 16:05:00,2017-10-07
3222577,10610ABC91B1072,10610ABC91B1072,15,66000,TXG,246,2218,66000270021,2,,2017-10-07 10:42:00,10610071042,臺中市太平區永平里大勇街永平路一段,0,1,111,112,120,50,127,141,163,172,176,181,188,191,193,206,211,216,218,234,24.1315462489388,120.718280569769,2019-05-29 12:05:03,2017-10-07 10:42:00,2017-10-07
3274418,10610AB391B1017,10610AB391B1017,15,66000,TXG,229,2295,66000030021,2,,2017-10-07 14:41:00,10610071441,臺中市南區工學里復興路二段8號,0,1,111,112,120,50,137,149,163,172,176,181,188,192,196,199,208,216,218,235,24.1246040823441,120.663363525447,2019-05-29 12:05:03,2017-10-07 14:41:00,2017-10-07
3274279,10610AB795B1119,10610AB795B1119,15,66000,TXG,240,2082,66000180001,2,,2017-10-07 11:55:00,10610071155,臺中市大雅區大雅里神林南路53號前附近53號前,0,1,111,112,123,50,137,149,163,172,176,181,188,192,196,201,208,216,217,230,24.2254529027215,120.656934206695,2019-05-29 12:05:03,2017-10-07 11:55:00,2017-10-07
3274412,10610AB191B0986,10610AB191B0986,15,66000,TXG,230,2556,66000040011,2,,2017-10-07 14:34:00,10610071434,臺中市西區民龍里英才路472號對面附近對面,0,1,111,112,120,50,134,147,163,172,176,181,188,192,196,200,210,215,218,235,24.1519027029402,120.665586668307,2019-05-29 12:05:03,2017-10-07 14:34:00,2017-10-07
3222556,10610AB691B1045,10610AB691B1045,15,66000,TXG,232,2318,66000060033,2,,2017-10-07 10:25:00,10610071025,臺中市西屯區福和里臺灣大道四段安和路,0,1,111,112,120,40,127,141,163,172,176,181,188,190,193,197,211,216,218,234,24.1784318935423,120.624334091,2019-05-29 12:05:03,2017-10-07 10:25:00,2017-10-07
3274211,10610ABB91B1097,10610ABB91B1097,15,66000,TXG,286,2499,66000110020,2,,2017-10-07 10:53:00,10610071053,臺中市大甲區頂店里育英路44巷1號,0,3,111,112,120,40,127,141,163,172,176,181,188,192,196,206,211,216,218,233,24.1336366642145,120.69847714926,2019-05-29 12:05:03,2017-10-07 10:53:00,2017-10-07
3278649,10610AB691B1054,10610AB691B1054,15,66000,TXG,232,2308,66000060023,2,,2017-10-07 20:03:00,10610072003,臺中市西屯區何源里重慶路389-1號,0,1,111,112,120,40,137,148,163,172,176,181,188,192,196,201,210,215,218,234,24.1707840869063,120.663847601561,2019-05-29 12:05:03,2017-10-07 20:03:00,2017-10-07
3213652,10610AB591B1036,10610AB591B1036,15,66000,TXG,233,2025,66000080026,2,,2017-10-07 10:25:00,10610071025,臺中市北屯區平安里天津路四段12號,0,1,111,112,120,50,127,141,163,172,176,181,188,192,196,206,211,216,218,233,24.1697293065248,120.687968092158,2019-05-29 12:05:03,2017-10-07 10:25:00,2017-10-07
3278509,10610AB795B1120,10610AB795B1120,15,66000,TXG,240,2084,66000180003,2,,2017-10-07 17:10:00,10610071710,臺中市大雅區六寶里中清路四段169號,0,2,111,112,120,40,137,148,163,172,176,181,188,192,196,199,210,215,217,230,24.2287919669564,120.642649076706,2019-05-29 12:05:03,2017-10-07 17:10:00,2017-10-07
3278579,10610AB995B1079,10610AB995B1079,15,66000,TXG,288,2179,66000250011,2,,2017-10-07 18:15:00,10610071815,臺中市龍井區龍泉里中華路二段中華幹18(G4054CE29)電桿附近附近中華幹18(G4054CE29)電桿附近,0,2,111,115,120,40,127,141,163,172,176,181,188,189,195,206,211,216,218,234,24.2084277242862,120.539666819716,2019-05-29 12:05:03,2017-10-07 18:15:00,2017-10-07
3274233,10610AB391B1016,10610AB391B1016,15,66000,TXG,228,2070,66000020010,2,,2017-10-07 11:15:00,10610071115,臺中市東區十甲里旱溪東路近十甲北街附近近十甲北街,0,1,111,112,120,50,128,141,163,172,176,181,188,189,193,201,208,215,218,234,24.1936407302025,120.711963906821,2019-05-29 12:05:03,2017-10-07 11:15:00,2017-10-07
3274340,10610AB591B1037,10610AB591B1037,15,66000,TXG,233,2024,66000080025,2,,2017-10-07 12:57:00,10610071257,臺中市北屯區新平里經貿路經貿二路,0,1,111,112,120,50,126,141,163,172,176,181,188,189,193,206,211,216,218,230,24.1871723266108,120.657825877665,2019-05-29 12:05:03,2017-10-07 12:57:00,2017-10-07
3213612,10610AB591B1025,10610AB591B1025,15,66000,TXG,233,2572,66000080002,2,,2017-10-07 09:51:00,10610070951,臺中市北屯區北屯里昌平路一段15號,0,2,111,112,120,50,137,147,163,172,176,181,188,192,196,201,210,215,218,230,24.1660588901249,120.694292745617,2019-05-29 12:05:03,2017-10-07 09:51:00,2017-10-07
3274261,10610AB391B1014,10610AB391B1014,15,66000,TXG,229,2286,66000030012,2,,2017-10-07 11:40:00,10610071140,臺中市南區樹義里樹義二街43號,0,3,111,112,120,40,136,149,163,172,176,181,188,192,196,206,211,216,218,228,24.1123156574708,120.653934475064,2019-05-29 12:05:03,2017-10-07 11:40:00,2017-10-07
3278653,10610ABC91B1069,10610ABC91B1069,15,66000,TXG,246,2215,66000270017,2,,2017-10-07 20:06:00,10610072006,臺中市太平區光隆里光興路813號,0,2,111,114,120,50,137,147,163,172,176,181,188,192,196,201,211,215,217,235,24.1117011109738,120.730674878445,2019-05-29 12:05:03,2017-10-07 20:06:00,2017-10-07
3278446,10610ABD91B1108,10610ABD91B1108,15,66000,TXG,241,2096,66000190002,2,,2017-10-07 16:05:00,10610071605,臺中市新社區復盛里興安路1號,0,2,111,112,120,50,127,142,163,172,176,181,188,189,193,201,211,216,217,231,24.3472375114132,120.615647934978,2019-05-29 12:05:03,2017-10-07 16:05:00,2017-10-07