識別碼,案件編號,交通事故主表,縣市識別碼,縣市代碼,所屬縣市簡碼,鄉縣市區識別碼,村里識別碼,里代碼,事故類(A1、A2...An),處理單位代碼,案件時間(西元),案件時間(民國),發生地點,死亡人數,受傷人數(含2~30日內死亡),天氣識別碼,光線識別碼,道路類別識別碼,速限,道路型態識別碼,事故位置識別碼,路面鋪裝識別碼,路面狀態識別碼,路面缺陷識別碼,障礙物視距識別碼,視距識別碼,號誌種類識別碼,號誌動作識別碼,車道劃分設施-分向設施識別碼,快車道或一般車道間識別碼,快慢車道間識別碼,路面邊線識別碼,事故類型及型態識別碼,緯度,經度,本平台資料更新時間(yyyy-MM-dd HH:mm:ss),資料代表時間(yyyy-MM-dd HH:mm:ss),資料代表日期(yyyy-MM-dd)
3343199,10610AB191B1130,10610AB191B1130,15,66000,TXG,230,2338,66000040021,2,,2017-10-08 17:11:00,10610081711,臺中市西區中興里公益路155巷與公正路附近與公正路,0,1,111,112,120,50,127,149,163,172,176,181,188,192,196,201,210,216,218,235,24.1490077064646,120.664287082582,2019-05-29 12:05:03,2017-10-08 17:11:00,2017-10-08
3279116,10610AB691B1173,10610AB691B1173,15,66000,TXG,232,2320,66000060035,2,,2017-10-08 14:26:00,10610081426,臺中市西屯區福恩里臺灣大道四段00227路燈附近00227路燈,0,1,111,112,120,40,137,148,163,172,176,181,188,192,196,197,211,212,218,231,24.1740458224852,120.632663792808,2019-05-29 12:05:03,2017-10-08 14:26:00,2017-10-08
3343337,10610ABC91B1202,10610ABC91B1202,15,66000,TXG,246,2231,66000270034,2,,2017-10-08 21:29:00,10610082129,臺中市太平區豐年里大源路大源十九街,0,1,111,114,120,50,127,141,163,172,176,181,188,190,193,206,211,216,218,233,24.1419356965815,120.724721820936,2019-05-29 12:05:03,2017-10-08 21:29:00,2017-10-08
3343231,10610AB591B1168,10610AB591B1168,15,66000,TXG,233,2400,66000080008,2,,2017-10-08 17:50:00,10610081750,臺中市北屯區水景里松竹五路軍福十八路,0,1,111,112,120,50,127,141,163,172,176,181,188,189,193,206,211,216,218,234,24.178230446818,120.713456408403,2019-05-29 12:05:03,2017-10-08 17:50:00,2017-10-08
3278866,10610AB891B1190,10610AB891B1190,15,66000,TXG,247,2249,66000280008,2,,2017-10-08 08:53:00,10610080853,臺中市大里區內新里環中東路六段230號,0,1,111,112,120,40,137,149,163,172,176,181,188,192,196,201,210,216,217,236,24.106527838166,120.693994444983,2019-05-29 12:05:03,2017-10-08 08:53:00,2017-10-08
3343154,10610AB591B1166,10610AB591B1166,15,66000,TXG,233,2013,66000080014,2,,2017-10-08 16:23:00,10610081623,臺中市北屯區大坑里東山路二段光西巷電桿09458號前附近光西巷電桿09458號前,0,1,111,112,120,50,134,149,163,172,176,181,188,192,196,206,211,216,218,234,0.0,0.0,2019-05-29 12:05:03,2017-10-08 16:23:00,2017-10-08
3343353,10610ABB91B1224,10610ABB91B1224,15,66000,TXG,286,2487,66000110008,2,,2017-10-08 22:10:00,10610082210,臺中市大甲區岷山里中山路一段中山路一段908巷,0,2,111,114,120,50,127,141,163,172,176,181,188,189,193,206,211,216,218,233,24.3511777652764,120.627619591814,2019-05-29 12:05:03,2017-10-08 22:10:00,2017-10-08
3343339,10610AB391B1149,10610AB391B1149,15,66000,TXG,228,2070,66000020010,2,,2017-10-08 21:34:00,10610082134,臺中市東區十甲里十甲路旱溪東路,0,1,111,114,120,50,128,141,163,172,176,181,188,189,193,206,211,216,218,235,24.1445752648221,120.701054526906,2019-05-29 12:05:03,2017-10-08 21:34:00,2017-10-08
3279096,10610AB891B1189,10610AB891B1189,15,66000,TXG,245,2185,66000260002,2,,2017-10-08 14:02:00,10610081402,臺中市霧峰區吉峰里中正路吉峰路,0,3,111,112,120,50,126,141,163,172,176,181,188,189,193,206,211,216,218,234,24.075612722847,120.69990092298,2019-05-29 12:05:03,2017-10-08 14:02:00,2017-10-08
3343230,10610AB891B1195,10610AB891B1195,15,66000,TXG,247,2264,66000280023,2,,2017-10-08 17:50:00,10610081750,臺中市大里區永隆里國光路二段421號,0,2,111,114,120,50,137,148,163,172,176,181,188,192,196,197,209,216,217,231,24.1099610746419,120.679561213305,2019-05-29 12:05:03,2017-10-08 17:50:00,2017-10-08
3278936,10610AB391B1141,10610AB391B1141,15,66000,TXG,228,2069,66000020009,2,,2017-10-08 10:27:00,10610081027,臺中市東區東門里天乙街92號,0,1,111,112,120,40,127,141,163,172,176,181,188,192,196,206,211,216,218,234,24.126240337368,120.69633644022,2019-05-29 12:05:03,2017-10-08 10:27:00,2017-10-08
3343331,10610AB691B1175,10610AB691B1175,15,66000,TXG,232,2323,66000060038,2,,2017-10-08 21:18:00,10610082118,臺中市西屯區福林里福科路557巷,0,2,111,114,120,40,127,141,163,172,176,181,188,189,193,206,211,216,218,234,24.1835416736789,120.621437819701,2019-05-29 12:05:03,2017-10-08 21:18:00,2017-10-08
3343228,10610AB591B1164,10610AB591B1164,15,66000,TXG,233,2412,66000080040,2,,2017-10-08 17:46:00,10610081746,臺中市北屯區平昌里文心路四段文昌東十二街,0,1,111,113,120,50,126,141,163,172,176,181,188,192,196,206,211,216,218,234,24.170738904874,120.696590398339,2019-05-29 12:05:03,2017-10-08 17:46:00,2017-10-08
3279018,10610AB291B1138,10610AB291B1138,15,66000,TXG,231,2360,66000050018,2,,2017-10-08 11:52:00,10610081152,臺中市北區淡溝里西屯路博館路,0,2,111,112,120,50,137,147,163,172,176,181,188,192,196,201,210,215,218,230,24.1564322529119,120.668281859799,2019-05-29 12:05:03,2017-10-08 11:52:00,2017-10-08
3279025,10610ABA94B1209,10610ABA94B1209,15,66000,TXG,312,2596,66000140008,2,,2017-10-08 11:58:00,10610081158,臺中市梧棲區南簡里忠孝路2巷忠孝路口附近忠孝路口,0,1,111,112,120,40,127,141,163,172,176,181,188,192,196,206,211,216,218,233,24.1287745444378,120.680006542048,2019-05-29 12:05:03,2017-10-08 11:58:00,2017-10-08
3278756,10610ABA95B1205,10610ABA95B1205,15,66000,TXG,236,2520,66000130008,2,,2017-10-08 00:05:00,10610080005,臺中市沙鹿區鹿寮里光大路福人街,0,1,111,114,120,50,126,141,163,172,176,181,188,192,196,206,211,216,218,235,24.2445393604265,120.564360378968,2019-05-29 12:05:03,2017-10-08 00:05:00,2017-10-08
3343224,10610AB691B1174,10610AB691B1174,15,66000,TXG,232,2004,66000060005,2,,2017-10-08 17:41:00,10610081741,臺中市西屯區惠來里市政北七路惠民路附近惠民路,0,2,111,114,120,50,137,147,163,172,176,181,188,192,196,199,210,215,218,231,24.1651293546355,120.640928248635,2019-05-29 12:05:03,2017-10-08 17:41:00,2017-10-08
3279010,10610AB691B1178,10610AB691B1178,15,66000,TXG,232,2005,66000060006,2,,2017-10-08 11:46:00,10610081146,臺中市西屯區上石里青海路二段247號,0,1,111,112,120,50,127,141,163,172,176,181,188,189,193,206,211,216,218,234,24.1685916320607,120.647288374279,2019-05-29 12:05:03,2017-10-08 11:46:00,2017-10-08
3279014,10610ABC91B1204,10610ABC91B1204,15,66000,TXG,246,2224,66000270027,2,,2017-10-08 11:50:00,10610081150,臺中市太平區新興里新安街11號,0,1,111,112,120,50,137,149,163,172,176,181,188,192,196,201,211,216,217,235,24.1601806753792,120.710492736005,2019-05-29 12:05:03,2017-10-08 11:50:00,2017-10-08
3279091,10610AB191B1134,10610AB191B1134,15,66000,TXG,230,2338,66000040021,2,,2017-10-08 13:44:00,10610081344,臺中市西區中興里美村路一段188巷與公正路156巷附近與公正路156巷,0,2,111,112,120,50,127,141,163,172,176,181,188,192,196,206,211,216,218,233,24.1490107974738,120.661677469865,2019-05-29 12:05:03,2017-10-08 13:44:00,2017-10-08
3343388,10610AB491B1159,10610AB491B1159,15,66000,TXG,13,2392,66000070024,2,,2017-10-08 23:50:00,10610082350,臺中市南屯區三和里向上路黎明東街,0,3,110,114,120,50,127,141,163,172,176,181,188,191,193,206,211,216,218,231,24.1469567846352,120.637261653572,2019-05-29 12:05:03,2017-10-08 23:50:00,2017-10-08
3343280,10610AB291B1139,10610AB291B1139,15,66000,TXG,231,2343,66000050001,2,,2017-10-08 19:15:00,10610081915,臺中市北區光大里五順街265號,0,1,109,114,120,50,126,141,163,171,176,181,188,192,196,206,211,216,218,236,24.1546008410737,120.683029674789,2019-05-29 12:05:03,2017-10-08 19:15:00,2017-10-08
3279015,10610AB891B1191,10610AB891B1191,15,66000,TXG,247,2248,66000280007,2,,2017-10-08 11:50:00,10610081150,臺中市大里區西榮里德芳路一段90號,0,1,111,112,120,40,137,149,163,172,176,181,188,189,193,206,211,216,217,230,24.1114474383714,120.688720001356,2019-05-29 12:05:03,2017-10-08 11:50:00,2017-10-08
3343312,10610AB191B1126,10610AB191B1126,15,66000,TXG,227,2057,66000010005,2,,2017-10-08 20:28:00,10610082028,臺中市中區光復里中山路﹑平等街(口)附近﹑平等街(口),0,1,111,112,120,50,127,141,163,172,176,181,188,192,196,206,211,216,218,233,24.0809925095625,120.689856645464,2019-05-29 12:05:03,2017-10-08 20:28:00,2017-10-08
3278919,10610ABD91B1225,10610ABD91B1225,15,66000,TXG,241,2095,66000190001,2,,2017-10-08 10:10:00,10610081010,臺中市新社區新社里中和街四段221巷口附近口,0,1,111,112,120,40,127,141,163,172,176,181,188,192,196,206,211,216,218,233,0.0,0.0,2019-05-29 12:05:03,2017-10-08 10:10:00,2017-10-08
3278860,10610AB891B1184,10610AB891B1184,15,66000,TXG,247,2248,66000280007,2,,2017-10-08 08:41:00,10610080841,臺中市大里區西榮里中興路二段239號,0,1,111,112,120,50,137,149,163,172,176,181,188,192,196,205,210,216,217,234,24.1086113259379,120.68996881945,2019-05-29 12:05:03,2017-10-08 08:41:00,2017-10-08
3343111,10610ABB91B1221,10610ABB91B1221,15,66000,TXG,286,2486,66000110007,2,,2017-10-08 15:35:00,10610081535,臺中市大甲區新美里經國路新美街,0,1,111,112,120,70,126,141,163,172,176,181,188,189,193,206,211,216,218,234,24.3435563193721,120.617449484589,2019-05-29 12:05:03,2017-10-08 15:35:00,2017-10-08
3278988,10610ABB91B1218,10610ABB91B1218,15,66000,TXG,286,2487,66000110008,2,,2017-10-08 11:20:00,10610081120,臺中市大甲區岷山里中山路一段大發路908巷,0,1,111,112,120,50,126,141,163,172,176,181,188,189,193,206,211,216,218,234,24.3520783775454,120.630639244319,2019-05-29 12:05:03,2017-10-08 11:20:00,2017-10-08
3279059,10610ABA93B1211,10610ABA93B1211,15,66000,TXG,311,216,66000120015,2,,2017-10-08 12:57:00,10610081257,臺中市清水區海濱里臨港路五段漁港路,0,1,111,112,120,40,127,141,163,172,176,181,188,189,193,206,211,216,218,235,24.2895676317646,120.540666525603,2019-05-29 12:05:03,2017-10-08 12:57:00,2017-10-08
3278969,10610AB891B1183,10610AB891B1183,15,66000,TXG,247,2258,66000280017,2,,2017-10-08 11:01:00,10610081101,臺中市大里區瑞城里向學一路106號,0,2,111,112,120,50,127,141,163,172,176,181,188,192,196,206,211,216,218,234,24.0917405686168,120.702274405987,2019-05-29 12:05:03,2017-10-08 11:01:00,2017-10-08
3343135,10610ABA93B1214,10610ABA93B1214,15,66000,TXG,311,0,66000120000,2,,2017-10-08 16:00:00,10610081600,臺中市清水區中央路12-12號,0,1,111,112,120,50,126,141,163,172,176,181,188,192,196,206,211,216,218,234,24.2683267601984,120.548839215122,2019-05-29 12:05:03,2017-10-08 16:00:00,2017-10-08
3343269,10610AB793B1236,10610AB793B1236,15,66000,TXG,239,2564,66000170004,2,,2017-10-08 18:59:00,10610081859,臺中市潭子區福仁里環中東路一段福貴路,0,1,110,114,120,50,126,148,163,172,176,181,188,189,193,206,211,216,218,236,24.2007809319158,120.709671544465,2019-05-29 12:05:03,2017-10-08 18:59:00,2017-10-08
3279042,10610AB691B1172,10610AB691B1172,15,66000,TXG,232,2004,66000060005,2,,2017-10-08 12:28:00,10610081228,臺中市西屯區惠來里臺灣大道三段441號,0,1,111,112,120,50,127,142,163,172,176,181,188,189,193,197,210,216,218,234,24.1728862425692,120.634174163159,2019-05-29 12:05:03,2017-10-08 12:28:00,2017-10-08
3278976,10610AB491B1154,10610AB491B1154,15,66000,TXG,13,2432,66000070005,2,,2017-10-08 11:12:00,10610081112,臺中市南屯區春社里忠勇路嶺東南路,0,1,111,112,120,50,126,141,163,172,176,181,188,189,193,206,211,216,218,234,24.1319595484543,120.610596479972,2019-05-29 12:05:03,2017-10-08 11:12:00,2017-10-08
3343092,10610ABA93B1212,10610ABA93B1212,15,66000,TXG,311,1984,66000120025,2,,2017-10-08 15:08:00,10610081508,臺中市清水區頂湳里海頂路123巷前路口附近前路口,0,1,111,112,120,40,126,141,163,172,176,181,188,192,196,206,211,216,218,236,24.2929642729847,120.628889538803,2019-05-29 12:05:03,2017-10-08 15:08:00,2017-10-08
3278905,10610AB691B1170,10610AB691B1170,15,66000,TXG,232,2309,66000060024,2,,2017-10-08 09:46:00,10610080946,臺中市西屯區西平里西安街145號,0,2,111,112,120,40,127,141,163,172,176,181,188,192,196,206,211,216,218,233,24.1817976586219,120.64388004869,2019-05-29 12:05:03,2017-10-08 09:46:00,2017-10-08
3343238,10610AB795B1234,10610AB795B1234,15,66000,TXG,240,2088,66000180007,2,,2017-10-08 18:00:00,10610081800,臺中市大雅區三和里雅潭路四段568號,0,1,111,114,120,50,137,149,163,172,176,181,188,192,196,197,210,216,217,235,24.2210527183542,120.655531395497,2019-05-29 12:05:03,2017-10-08 18:00:00,2017-10-08
3343171,10610AB691B1179,10610AB691B1179,15,66000,TXG,232,2321,66000060036,2,,2017-10-08 16:49:00,10610081649,臺中市西屯區福聯里福順路960號,0,1,111,112,120,50,127,141,163,172,176,181,188,192,196,206,211,216,218,233,24.1854406681638,120.61380079069,2019-05-29 12:05:03,2017-10-08 16:49:00,2017-10-08
3343321,10610AB491B1158,10610AB491B1158,15,66000,TXG,13,2383,66000070015,2,,2017-10-08 20:45:00,10610082045,臺中市南屯區大同里精誠路674號,0,2,111,114,120,50,126,141,163,172,176,181,188,192,196,206,211,216,218,234,24.1384234809842,120.654580804778,2019-05-29 12:05:03,2017-10-08 20:45:00,2017-10-08
3343267,10610AB191B1132,10610AB191B1132,15,66000,TXG,230,2337,66000040020,2,,2017-10-08 18:55:00,10610081855,臺中市西區公益里向上北路﹑向上北路224巷(口)附近﹑向上北路224巷(口),0,1,111,114,120,50,127,141,163,172,176,181,188,192,196,206,211,216,218,236,24.148840011399,120.65952002098,2019-05-29 12:05:03,2017-10-08 18:55:00,2017-10-08
3343340,10610AB391B1152,10610AB391B1152,15,66000,TXG,228,2064,66000020004,2,,2017-10-08 21:36:00,10610082136,臺中市東區東興里台中路249號斜前附近斜前,0,2,111,114,120,50,127,141,163,172,176,181,188,189,193,206,211,216,218,234,24.1353157223255,120.682263351379,2019-05-29 12:05:03,2017-10-08 21:36:00,2017-10-08
3279076,10610AB191B1129,10610AB191B1129,15,66000,TXG,230,2341,66000040024,2,,2017-10-08 13:22:00,10610081322,臺中市西區[雙]龍里向上北路公益路155巷附近公益路155巷,0,1,111,112,120,50,127,141,163,172,176,181,188,192,196,206,211,216,218,233,24.1478596722651,120.664301387872,2019-05-29 12:05:03,2017-10-08 13:22:00,2017-10-08
3278994,10610AB891B1186,10610AB891B1186,15,66000,TXG,247,2249,66000280008,2,,2017-10-08 11:30:00,10610081130,臺中市大里區內新里甲堤南路甲堤十一街,0,3,111,112,120,40,126,141,163,172,176,181,188,192,196,206,211,216,218,234,24.0987827344101,120.694150317654,2019-05-29 12:05:03,2017-10-08 11:30:00,2017-10-08
3278990,10610AB391B1142,10610AB391B1142,15,66000,TXG,228,2070,66000020010,2,,2017-10-08 11:24:00,10610081124,臺中市東區十甲里東英九街二聖街,0,1,111,112,120,50,127,141,163,172,176,181,188,192,196,206,211,216,218,233,24.1421565313436,120.704442023586,2019-05-29 12:05:03,2017-10-08 11:24:00,2017-10-08
3279055,10610AB891B1187,10610AB891B1187,15,66000,TXG,247,2260,66000280019,2,,2017-10-08 12:53:00,10610081253,臺中市大里區東湖里草湖路長春路,0,1,111,112,120,50,127,141,163,172,176,181,188,192,196,206,211,216,218,230,24.0860145929422,120.68809730489,2019-05-29 12:05:03,2017-10-08 12:53:00,2017-10-08
3278767,10610AB793B1228,10610AB793B1228,15,66000,TXG,239,2571,66000170011,2,,2017-10-08 00:41:00,10610080041,臺中市潭子區嘉仁里旱溪西路六段仁愛路一段,0,1,111,114,123,40,127,141,163,172,176,181,188,189,193,205,210,216,217,233,24.2181563386119,120.717387639874,2019-05-29 12:05:03,2017-10-08 00:41:00,2017-10-08
3278805,10610ABB93B1216,10610ABB93B1216,15,66000,TXG,237,2033,66000150015,2,,2017-10-08 06:10:00,10610080610,臺中市后里區泰安里堤防路舊鐵道旁附近舊鐵道旁,0,1,111,112,123,40,137,149,165,172,173,181,188,192,196,206,211,216,218,236,24.2871659833542,120.697587742111,2019-05-29 12:05:03,2017-10-08 06:10:00,2017-10-08
3278901,10610AB891B1185,10610AB891B1185,15,66000,TXG,245,2196,66000260017,2,,2017-10-08 09:43:00,10610080943,臺中市霧峰區六股里六股路142-8號附近142-8號,0,1,111,112,120,40,137,149,163,172,176,181,188,192,196,206,211,216,217,234,24.0426089500135,120.686338398948,2019-05-29 12:05:03,2017-10-08 09:43:00,2017-10-08
3279087,10610AB391B1148,10610AB391B1148,15,66000,TXG,229,0,66000030000,2,,2017-10-08 13:37:00,10610081337,臺中市南區台中路建成路,0,1,111,112,120,50,127,141,163,172,176,181,188,189,193,206,211,216,218,234,24.1294353675066,120.684999156006,2019-05-29 12:05:03,2017-10-08 13:37:00,2017-10-08
3278765,10610AB795B1229,10610AB795B1229,15,66000,TXG,240,2087,66000180006,2,,2017-10-08 00:30:00,10610080030,臺中市大雅區橫山里永和路中和路,0,2,111,114,120,50,126,141,163,172,176,181,188,191,193,206,210,216,217,235,24.2127297446052,120.633014420064,2019-05-29 12:05:03,2017-10-08 00:30:00,2017-10-08
3343207,10610AB891B1194,10610AB891B1194,15,66000,TXG,247,2268,66000280027,2,,2017-10-08 17:25:00,10610081725,臺中市大里區仁德里慈善路慈善路111巷,0,1,111,112,120,40,127,141,163,172,176,181,188,192,196,206,211,216,218,234,24.0935303475628,120.694065655681,2019-05-29 12:05:03,2017-10-08 17:25:00,2017-10-08
3343347,10610AB191B1128,10610AB191B1128,15,66000,TXG,230,2335,66000040018,2,,2017-10-08 21:52:00,10610082152,臺中市西區土庫里五權西路中美街附近中美街,0,1,111,114,120,50,127,141,163,172,176,181,188,189,193,206,211,216,218,233,24.1401351061485,120.660194538646,2019-05-29 12:05:03,2017-10-08 21:52:00,2017-10-08
3279082,10610ABD91B1226,10610ABD91B1226,15,66000,TXG,235,2459,66000100005,2,,2017-10-08 13:28:00,10610081328,臺中市東勢區延平里豐勢路97號,0,1,111,112,120,50,137,149,163,172,176,181,188,192,196,201,211,216,217,235,24.2491455166719,120.831135212646,2019-05-29 12:05:03,2017-10-08 13:28:00,2017-10-08
3278891,10610AB291B1135,10610AB291B1135,15,66000,TXG,231,2364,66000050022,2,,2017-10-08 09:28:00,10610080928,臺中市北區明德里忠明四街與太原南一街附近與太原南一街,0,3,111,112,120,40,127,141,163,172,176,181,188,192,196,206,211,216,218,233,24.1644144251819,120.666618006927,2019-05-29 12:05:03,2017-10-08 09:28:00,2017-10-08
3343379,10610ABC91B1203,10610ABC91B1203,15,66000,TXG,246,2202,66000270003,2,,2017-10-08 23:14:00,10610082314,臺中市太平區中平里太平路與太平十二街口附近與太平十二街口,0,1,111,114,120,50,126,142,163,172,176,181,188,192,196,206,211,216,218,223,24.1214542201912,120.719591323943,2019-05-29 12:05:03,2017-10-08 23:14:00,2017-10-08
3279090,10610AB793B1237,10610AB793B1237,15,66000,TXG,239,2569,66000170009,2,,2017-10-08 13:44:00,10610081344,臺中市潭子區大豐里雅豐街226巷33號,0,5,111,112,120,40,127,141,163,172,176,181,188,192,196,206,211,216,218,233,24.2198106772411,120.694903352919,2019-05-29 12:05:03,2017-10-08 13:44:00,2017-10-08
3278999,10610AB793B1230,10610AB793B1230,15,66000,TXG,239,2561,66000170001,2,,2017-10-08 11:34:00,10610081134,臺中市潭子區潭陽里復興路二段168號,0,1,111,112,120,50,126,141,163,172,176,181,188,189,193,206,211,216,218,230,24.1271736199541,120.666103364284,2019-05-29 12:05:03,2017-10-08 11:34:00,2017-10-08
3278869,10610ABC91B1199,10610ABC91B1199,15,66000,TXG,246,2225,66000270028,2,,2017-10-08 08:55:00,10610080855,臺中市太平區新高里太順路立功路,0,1,111,112,120,50,126,149,163,172,176,181,188,192,196,201,211,216,217,234,24.1602078897163,120.715713369074,2019-05-29 12:05:03,2017-10-08 08:55:00,2017-10-08
3279011,10610AB191B1125,10610AB191B1125,15,66000,TXG,230,2334,66000040017,2,,2017-10-08 11:46:00,10610081146,臺中市西區公正里向上路一段與大同街口附近與大同街口,0,1,111,112,120,50,127,141,163,172,176,181,188,189,193,206,211,216,218,233,24.1467054302629,120.653966784333,2019-05-29 12:05:03,2017-10-08 11:46:00,2017-10-08
3343371,10610AB691B1176,10610AB691B1176,15,66000,TXG,232,2371,66000060019,2,,2017-10-08 22:45:00,10610082245,臺中市西屯區福安里臺灣大道與福元路附近與福元路,0,1,111,114,120,50,126,141,163,172,176,181,188,192,196,199,210,216,218,234,0.0,0.0,2019-05-29 12:05:03,2017-10-08 22:45:00,2017-10-08
3278977,10610ABA93B1207,10610ABA93B1207,15,66000,TXG,311,0,66000120000,2,,2017-10-08 11:12:00,10610081112,臺中市清水區中央路18-2號,0,1,111,112,120,40,127,141,163,172,176,181,188,192,196,201,211,216,217,233,24.2680992415736,120.549651522585,2019-05-29 12:05:03,2017-10-08 11:12:00,2017-10-08
3343195,10610AB795B1233,10610AB795B1233,15,66000,TXG,240,2082,66000180001,2,,2017-10-08 17:05:00,10610081705,臺中市大雅區大雅里中清路三段民生路一段,0,1,111,112,120,50,127,141,163,172,176,181,188,190,193,201,210,215,217,234,24.2255829429135,120.645347383736,2019-05-29 12:05:03,2017-10-08 17:05:00,2017-10-08
3278804,10610ABA95B1215,10610ABA95B1215,15,66000,TXG,236,2526,66000130014,2,,2017-10-08 06:06:00,10610080606,臺中市沙鹿區六路里北勢東路332號,0,1,111,112,120,50,137,148,163,172,176,181,188,192,196,205,211,215,218,235,24.2156387860278,120.579852710543,2019-05-29 12:05:03,2017-10-08 06:06:00,2017-10-08
3278933,10610AB191B1124,10610AB191B1124,15,66000,TXG,230,2336,66000040019,2,,2017-10-08 10:24:00,10610081024,臺中市西區忠誠里忠明南路精誠五街,0,1,111,112,120,50,126,142,163,172,176,181,188,192,196,197,210,215,218,234,24.1549386424257,120.658195471306,2019-05-29 12:05:03,2017-10-08 10:24:00,2017-10-08
3343215,10610AB891B1193,10610AB891B1193,15,66000,TXG,245,5907,66000260009,2,,2017-10-08 17:30:00,10610081730,臺中市霧峰區坑口里中正路信義路,0,1,111,112,120,50,126,141,163,172,176,181,188,192,196,206,211,216,217,234,24.0442171468125,120.692153417344,2019-05-29 12:05:03,2017-10-08 17:30:00,2017-10-08
3343274,10610AB391B1151,10610AB391B1151,15,66000,TXG,229,2291,66000030017,2,,2017-10-08 19:00:00,10610081900,臺中市南區福順里建國南路二段近忠明南路附近近忠明南路,0,1,111,112,120,50,126,141,163,172,176,181,188,192,196,206,211,216,218,234,24.1280289440117,120.66523228526,2019-05-29 12:05:03,2017-10-08 19:00:00,2017-10-08
3343381,10610AB891B1196,10610AB891B1196,15,66000,TXG,247,2268,66000280027,2,,2017-10-08 23:20:00,10610082320,臺中市大里區仁德里立善橋路南側側,0,1,111,114,120,50,127,141,163,172,176,181,188,189,193,206,211,215,218,233,0.0,0.0,2019-05-29 12:05:03,2017-10-08 23:20:00,2017-10-08
3343174,10610AB591B1163,10610AB591B1163,15,66000,TXG,233,2406,66000080034,2,,2017-10-08 16:50:00,10610081650,臺中市北屯區北京里太原路三段134號,0,1,111,112,120,50,126,142,163,172,176,181,188,189,193,201,211,215,218,231,24.1647179036247,120.68976338851,2019-05-29 12:05:03,2017-10-08 16:50:00,2017-10-08
3343369,10610AB391B1153,10610AB391B1153,15,66000,TXG,228,2069,66000020009,2,,2017-10-08 22:42:00,10610082242,臺中市東區東門里環中東路五段近六順路附近近六順路,0,1,111,114,120,50,137,149,163,172,176,181,188,192,196,201,210,216,218,228,24.1253770817144,120.703104497527,2019-05-29 12:05:03,2017-10-08 22:42:00,2017-10-08
3278842,10610AB591B1161,10610AB591B1161,15,66000,TXG,233,2028,66000080029,2,,2017-10-08 07:59:00,10610080759,臺中市北屯區松安里修齊街13巷31號,0,2,111,112,120,50,127,141,163,172,176,181,188,192,196,206,211,216,218,233,24.1781178755559,120.693287005823,2019-05-29 12:05:03,2017-10-08 07:59:00,2017-10-08
3343383,10610AB191B1133,10610AB191B1133,15,66000,TXG,227,2060,66000010008,2,,2017-10-08 23:23:00,10610082323,臺中市中區中華里中華路光復路附近光復路,0,2,111,114,120,50,137,147,163,172,176,181,188,192,196,201,211,215,218,228,24.1467296731087,120.678342624857,2019-05-29 12:05:03,2017-10-08 23:23:00,2017-10-08
3278872,10610ABB91B1217,10610ABB91B1217,15,66000,TXG,286,2507,66000110028,2,,2017-10-08 09:00:00,10610080900,臺中市大甲區福德里南北三路東西十四路附近東西十四路,0,2,111,112,120,50,127,141,163,172,176,181,188,192,196,206,211,216,218,233,24.3770976876824,120.627014176463,2019-05-29 12:05:03,2017-10-08 09:00:00,2017-10-08
3343363,10610AB291B1136,10610AB291B1136,15,66000,TXG,231,1999,66000050036,2,,2017-10-08 22:28:00,10610082228,臺中市北區賴福里進化北路大德街,0,1,111,114,120,50,127,142,163,172,176,181,188,190,193,199,208,215,218,231,24.1631822335916,120.67831461247,2019-05-29 12:05:03,2017-10-08 22:28:00,2017-10-08
3279017,10610ABA95B1213,10610ABA95B1213,15,66000,TXG,236,2518,66000130006,2,,2017-10-08 11:50:00,10610081150,臺中市沙鹿區斗抵里斗潭路155巷口附近口,0,1,111,112,120,50,127,141,163,172,176,181,188,192,196,205,211,216,218,234,24.2277474619627,120.554251534564,2019-05-29 12:05:03,2017-10-08 11:50:00,2017-10-08
3278782,10610AB391B1150,10610AB391B1150,15,66000,TXG,228,2065,66000020005,2,,2017-10-08 02:42:00,10610080242,臺中市東區干城里復興路五段公園東路,0,1,111,114,120,50,126,142,163,172,176,181,188,192,196,201,208,215,218,220,24.1414546494386,120.689253380534,2019-05-29 12:05:03,2017-10-08 02:42:00,2017-10-08
3278963,10610AB691B1171,10610AB691B1171,15,66000,TXG,232,2004,66000060005,2,,2017-10-08 10:58:00,10610081058,臺中市西屯區惠來里文心路三段13號,0,1,111,112,120,50,137,149,163,172,176,181,188,192,196,206,211,216,218,231,24.1633728051573,120.64985751433,2019-05-29 12:05:03,2017-10-08 10:58:00,2017-10-08
3279005,10610ABEN1B1227,10610ABEN1B1227,15,66000,TXG,248,2269,66000290001,2,,2017-10-08 11:40:00,10610081140,臺中市和平區南勢里東關路三段省道臺8線15.5公里處附近省道臺8線15.5公里處,0,1,111,112,120,50,137,149,163,172,174,181,188,192,196,205,211,216,217,236,24.1672678021185,120.901398871231,2019-05-29 12:05:03,2017-10-08 11:40:00,2017-10-08