識別碼,案件編號,交通事故主表,縣市識別碼,縣市代碼,所屬縣市簡碼,鄉縣市區識別碼,村里識別碼,里代碼,事故類(A1、A2...An),處理單位代碼,案件時間(西元),案件時間(民國),發生地點,死亡人數,受傷人數(含2~30日內死亡),天氣識別碼,光線識別碼,道路類別識別碼,速限,道路型態識別碼,事故位置識別碼,路面鋪裝識別碼,路面狀態識別碼,路面缺陷識別碼,障礙物視距識別碼,視距識別碼,號誌種類識別碼,號誌動作識別碼,車道劃分設施-分向設施識別碼,快車道或一般車道間識別碼,快慢車道間識別碼,路面邊線識別碼,事故類型及型態識別碼,緯度,經度,本平台資料更新時間(yyyy-MM-dd HH:mm:ss),資料代表時間(yyyy-MM-dd HH:mm:ss),資料代表日期(yyyy-MM-dd)
3388004,10610AB691B1430,10610AB691B1430,15,66000,TXG,232,2006,66000060007,2,,2017-10-10 14:15:00,10610101415,臺中市西屯區逢甲里福星路511號,0,2,111,112,120,50,137,147,163,172,176,181,188,192,196,201,208,216,218,231,24.1822526660654,120.641201702306,2019-05-29 12:05:03,2017-10-10 14:15:00,2017-10-10
3388067,10610AB391B1445,10610AB391B1445,15,66000,TXG,228,2063,66000020003,2,,2017-10-10 15:32:00,10610101532,臺中市東區東橋里大智路與仁和路口附近與仁和路口,0,1,111,112,120,50,127,141,163,172,176,181,188,189,193,206,211,216,218,233,24.126373122666,120.690190710696,2019-05-29 12:05:03,2017-10-10 15:32:00,2017-10-10
3387936,10610AB491B1412,10610AB491B1412,15,66000,TXG,13,2326,66000070002,2,,2017-10-10 12:43:00,10610101243,臺中市南屯區豐樂里東興路文心南五路,0,1,111,112,120,40,127,141,163,172,176,181,188,189,193,206,211,216,218,234,24.1319965314511,120.653152801275,2019-05-29 12:05:03,2017-10-10 12:43:00,2017-10-10
3388345,10610AB691B1489,10610AB691B1489,15,66000,TXG,232,2001,66000060002,2,,2017-10-10 21:27:00,10610102127,臺中市西屯區西墩里漢翔路上墩路,0,1,111,114,120,40,127,141,163,172,176,181,188,191,193,201,210,216,218,234,24.1853275488982,120.638648885132,2019-05-29 12:05:03,2017-10-10 21:27:00,2017-10-10
3387997,10610AB391B1428,10610AB391B1428,15,66000,TXG,229,2290,66000030016,2,,2017-10-10 14:02:00,10610101402,臺中市南區長榮里公理街公理街65巷,0,1,111,112,120,50,127,141,163,172,176,181,188,192,196,205,211,216,218,233,24.1292333229114,120.67528011526,2019-05-29 12:05:03,2017-10-10 14:02:00,2017-10-10
3388347,10610AB691B1490,10610AB691B1490,15,66000,TXG,232,2321,66000060036,2,,2017-10-10 21:30:00,10610102130,臺中市西屯區福聯里臺灣大道五段142號,0,2,111,114,120,40,137,148,163,172,176,181,188,192,196,197,211,212,218,234,24.1842768400382,120.590444845045,2019-05-29 12:05:03,2017-10-10 21:30:00,2017-10-10
3388181,10610AB191B1466,10610AB191B1466,15,66000,TXG,230,2556,66000040011,2,,2017-10-10 17:30:00,10610101730,臺中市西區民龍里民權路﹑臺灣大道(口)附近﹑臺灣大道(口),0,3,111,112,120,50,128,141,163,172,176,181,188,189,193,206,211,216,218,233,24.1507637863593,120.669890856002,2019-05-29 12:05:03,2017-10-10 17:30:00,2017-10-10
3388375,10610AB691B1497,10610AB691B1497,15,66000,TXG,232,2309,66000060024,2,,2017-10-10 22:25:00,10610102225,臺中市西屯區西平里福星路逢甲路,0,1,111,114,120,50,127,141,163,172,176,181,188,189,193,206,211,216,218,234,24.1788140047128,120.645096793052,2019-05-29 12:05:03,2017-10-10 22:25:00,2017-10-10
3387925,10610AB691B1410,10610AB691B1410,15,66000,TXG,232,2005,66000060006,2,,2017-10-10 12:26:00,10610101226,臺中市西屯區上石里至善路174巷,0,1,111,112,120,40,127,141,163,172,176,181,188,191,193,206,211,216,218,234,24.1768453768682,120.642929265738,2019-05-29 12:05:03,2017-10-10 12:26:00,2017-10-10
3385577,10610AB391B1390,10610AB391B1390,15,66000,TXG,229,2295,66000030021,2,,2017-10-10 09:55:00,10610100955,臺中市南區工學里高工路工學六街,0,1,111,112,120,50,126,141,163,172,176,181,188,189,193,206,211,216,218,219,24.1132065127996,120.660485268941,2019-05-29 12:05:03,2017-10-10 09:55:00,2017-10-10
3388285,10610AB891B1479,10610AB891B1479,15,66000,TXG,245,2186,66000260003,2,,2017-10-10 19:30:00,10610101930,臺中市霧峰區甲寅里吉峰路18號,0,1,111,114,120,50,126,141,163,172,176,181,188,192,196,206,211,216,218,230,24.0757113905154,120.700620246628,2019-05-29 12:05:03,2017-10-10 19:30:00,2017-10-10
3388050,10610AB691B1440,10610AB691B1440,15,66000,TXG,232,2313,66000060028,2,,2017-10-10 15:14:00,10610101514,臺中市西屯區上德里智惠街107號,0,1,111,113,120,50,126,141,163,172,176,181,188,192,196,201,210,215,218,230,24.1697516911718,120.644145626462,2019-05-29 12:05:03,2017-10-10 15:14:00,2017-10-10
3387898,10610ABA95B1403,10610ABA95B1403,15,66000,TXG,236,2518,66000130006,2,,2017-10-10 11:56:00,10610101156,臺中市沙鹿區斗抵里沙田路13-18號,0,1,111,112,120,60,126,148,163,172,176,181,188,192,196,197,210,216,218,234,24.2119141334243,120.554154065128,2019-05-29 12:05:03,2017-10-10 11:56:00,2017-10-10
3388231,10610AB691B1472,10610AB691B1472,15,66000,TXG,232,2370,66000060018,2,,2017-10-10 18:22:00,10610101822,臺中市西屯區永安里國安一路109號,0,1,111,114,120,40,137,148,163,172,176,181,188,192,196,201,211,215,218,235,24.191083943764,120.613483052586,2019-05-29 12:05:03,2017-10-10 18:22:00,2017-10-10
3387983,10610AB591B1423,10610AB591B1423,15,66000,TXG,233,2031,66000080032,2,,2017-10-10 13:44:00,10610101344,臺中市北屯區松強里梅川南街松竹路二段346巷口附近346巷口,0,2,111,112,120,50,128,141,163,172,176,181,188,189,193,206,211,216,218,234,24.1850877676987,120.694480807298,2019-05-29 12:05:03,2017-10-10 13:44:00,2017-10-10
3388171,10610AB691B1462,10610AB691B1462,15,66000,TXG,232,2002,66000060003,2,,2017-10-10 17:16:00,10610101716,臺中市西屯區潮洋里環中路近中港北上交流道附近近中港北上交流道,0,2,111,112,120,50,137,147,163,172,176,181,188,192,196,197,210,216,218,231,0.0,0.0,2019-05-29 12:05:03,2017-10-10 17:16:00,2017-10-10
3388132,10610ABC91B1451,10610ABC91B1451,15,66000,TXG,246,2203,66000270004,2,,2017-10-10 16:34:00,10610101634,臺中市太平區中興里太平路600號,0,2,111,112,120,50,126,149,163,172,176,181,188,192,196,201,210,216,218,234,24.1258755444618,120.71251409597,2019-05-29 12:05:03,2017-10-10 16:34:00,2017-10-10
3387903,10610AB891B1404,10610AB891B1404,15,66000,TXG,245,5912,66000260015,2,,2017-10-10 12:00:00,10610101200,臺中市霧峰區舊正里烏溪橋路路燈桿04461附近附近路燈桿04461附近,0,1,111,112,120,50,137,153,163,172,176,181,188,192,196,197,210,215,217,230,0.0,0.0,2019-05-29 12:05:03,2017-10-10 12:00:00,2017-10-10
3388058,10610AB391B1443,10610AB391B1443,15,66000,TXG,229,2287,66000030013,2,,2017-10-10 15:21:00,10610101521,臺中市南區樹德里建國北路中山醫學大學汝川大樓門口附近中山醫學大學汝川大樓門口,0,1,111,112,120,50,126,148,163,172,176,181,188,189,193,205,210,216,218,234,0.0,0.0,2019-05-29 12:05:03,2017-10-10 15:21:00,2017-10-10
3388174,10610AB691B1463,10610AB691B1463,15,66000,TXG,232,2318,66000060033,2,,2017-10-10 17:20:00,10610101720,臺中市西屯區福和里臺灣大道四段671巷85-1號,0,1,111,112,120,40,128,141,163,172,176,181,188,192,196,206,211,216,218,235,0.0,0.0,2019-05-29 12:05:03,2017-10-10 17:20:00,2017-10-10
3387968,10610ABB91B1419,10610ABB91B1419,15,66000,TXG,286,2480,66000110001,2,,2017-10-10 13:30:00,10610101330,臺中市大甲區朝陽里新政路152號,0,1,111,112,120,50,137,149,163,172,176,181,188,192,196,205,211,216,217,247,24.3501088452537,120.621928243559,2019-05-29 12:05:03,2017-10-10 13:30:00,2017-10-10
3388054,10610AB996B1442,10610AB996B1442,15,66000,TXG,288,2183,66000250015,2,,2017-10-10 15:15:00,10610101515,臺中市龍井區新東里新興路2-6號,0,3,111,112,120,50,126,142,163,172,176,181,188,192,196,201,211,215,218,234,24.1803720068702,120.589470028584,2019-05-29 12:05:03,2017-10-10 15:15:00,2017-10-10
3388093,10610ABC91B1448,10610ABC91B1448,15,66000,TXG,246,2215,66000270017,2,,2017-10-10 15:55:00,10610101555,臺中市太平區光隆里太堤東路與光興路733巷(口)附近與光興路733巷(口),0,1,111,112,120,40,126,141,163,172,176,181,188,192,196,206,211,216,218,234,24.1113821425711,120.724342791161,2019-05-29 12:05:03,2017-10-10 15:55:00,2017-10-10
3387918,10610AB291B1409,10610AB291B1409,15,66000,TXG,231,2359,66000050017,2,,2017-10-10 12:20:00,10610101220,臺中市北區育德里中清路一段﹑梅川東路三段與美德街附近﹑梅川東路三段與美德街,0,1,111,112,120,50,128,141,163,172,176,181,188,190,193,206,211,216,218,235,24.1582466202334,120.676154012095,2019-05-29 12:05:03,2017-10-10 12:20:00,2017-10-10
3388166,10610AB691B1460,10610AB691B1460,15,66000,TXG,232,2369,66000060017,2,,2017-10-10 17:11:00,10610101711,臺中市西屯區林厝里福雅路693號,0,1,111,113,120,50,137,148,163,172,176,181,188,192,196,201,210,215,218,234,24.1859452652636,120.619517153389,2019-05-29 12:05:03,2017-10-10 17:11:00,2017-10-10
3388326,10610AB191B1486,10610AB191B1486,15,66000,TXG,230,2340,66000040023,2,,2017-10-10 20:23:00,10610102023,臺中市西區公德里向上路一段349號,0,1,111,114,120,50,137,149,163,172,176,181,188,192,196,201,210,216,218,230,24.1466947684031,120.656327581762,2019-05-29 12:05:03,2017-10-10 20:23:00,2017-10-10
3387813,10610AB591B1393,10610AB591B1393,15,66000,TXG,233,2400,66000080008,2,,2017-10-10 10:20:00,10610101020,臺中市北屯區水景里東山路一段189之12號附近189之12號,0,2,111,112,120,50,137,149,163,172,176,181,188,192,196,201,210,216,218,230,24.1698678030437,120.702250567077,2019-05-29 12:05:03,2017-10-10 10:20:00,2017-10-10
3388143,10610AB891B1453,10610AB891B1453,15,66000,TXG,247,2256,66000280015,2,,2017-10-10 16:45:00,10610101645,臺中市大里區健民里健行路248巷附近附近附近,0,1,111,112,120,40,126,142,163,172,176,181,182,192,196,206,211,216,217,235,24.0853902401465,120.736831597551,2019-05-29 12:05:03,2017-10-10 16:45:00,2017-10-10
3387880,10610AB591B1400,10610AB591B1400,15,66000,TXG,233,2031,66000080032,2,,2017-10-10 11:33:00,10610101133,臺中市北屯區松強里松竹路二段松安街,0,1,111,112,120,50,127,141,163,172,176,181,188,189,193,206,211,216,218,234,24.1832819957559,120.695281738865,2019-05-29 12:05:03,2017-10-10 11:33:00,2017-10-10
3385474,10610AB691B1370,10610AB691B1370,15,66000,TXG,232,2369,66000060017,2,,2017-10-10 06:54:00,10610100654,臺中市西屯區林厝里安和路與西屯路附近與西屯路,0,3,111,112,120,50,127,141,163,172,176,181,188,189,193,206,211,216,218,233,24.1845648862014,120.62605103993,2019-05-29 12:05:03,2017-10-10 06:54:00,2017-10-10
3388298,10610AB591B1483,10610AB591B1483,15,66000,TXG,233,2027,66000080028,2,,2017-10-10 19:47:00,10610101947,臺中市北屯區平德里天津路三段2號,0,1,111,114,120,40,137,147,163,172,176,181,188,192,196,201,210,215,218,235,24.1697968488168,120.679540537211,2019-05-29 12:05:03,2017-10-10 19:47:00,2017-10-10
3385531,10610AB793B1381,10610AB793B1381,15,66000,TXG,239,2570,66000170010,2,,2017-10-10 08:58:00,10610100858,臺中市潭子區栗林里祥和新莊路12號,0,1,111,112,120,50,127,141,163,172,176,181,188,192,196,206,211,216,218,233,0.0,0.0,2019-05-29 12:05:03,2017-10-10 08:58:00,2017-10-10
3388352,10610AB191B1493,10610AB191B1493,15,66000,TXG,227,2058,66000010006,2,,2017-10-10 21:38:00,10610102138,臺中市中區柳川里民權路與柳川東路附近與柳川東路,0,1,111,114,120,50,127,141,163,172,176,181,188,189,193,206,211,216,218,235,24.1413196035084,120.675971687664,2019-05-29 12:05:03,2017-10-10 21:38:00,2017-10-10
3387905,10610AB191B1406,10610AB191B1406,15,66000,TXG,230,2338,66000040021,2,,2017-10-10 12:03:00,10610101203,臺中市西區中興里向上路美村路,0,2,111,112,120,50,127,141,163,172,176,181,188,189,193,206,211,216,218,234,24.1467030387545,120.661680053838,2019-05-29 12:05:03,2017-10-10 12:03:00,2017-10-10
3385473,10610AB795B1369,10610AB795B1369,15,66000,TXG,240,2086,66000180005,2,,2017-10-10 06:50:00,10610100650,臺中市大雅區忠義里月祥路362之1號旁路口附近362之1號旁路口,0,2,111,112,120,40,126,141,163,172,176,181,188,192,196,206,211,216,218,234,24.223886068441,120.619664707158,2019-05-29 12:05:03,2017-10-10 06:50:00,2017-10-10
3388310,10610AB691B1484,10610AB691B1484,15,66000,TXG,232,2323,66000060038,2,,2017-10-10 19:55:00,10610101955,臺中市西屯區福林里西屯路三段宏安巷,0,1,111,114,120,50,127,141,163,172,176,181,188,189,193,206,211,216,218,219,24.1833798580667,120.630463040715,2019-05-29 12:05:03,2017-10-10 19:55:00,2017-10-10
3388049,10610AB291B1438,10610AB291B1438,15,66000,TXG,231,2355,66000050013,2,,2017-10-10 15:13:00,10610101513,臺中市北區建興里健行路學士路附近學士路,0,1,111,112,120,50,127,141,163,172,176,181,187,189,193,201,210,215,218,234,24.1591128398317,120.680941931013,2019-05-29 12:05:03,2017-10-10 15:13:00,2017-10-10
3388140,10610ABA95B1452,10610ABA95B1452,15,66000,TXG,236,2528,66000130016,2,,2017-10-10 16:44:00,10610101644,臺中市沙鹿區埔子里正順路與屏西路古月東巷附近與屏西路古月東巷,0,1,111,112,120,50,127,142,163,172,176,181,188,192,196,206,207,215,217,247,24.2068411733706,120.574246248869,2019-05-29 12:05:03,2017-10-10 16:44:00,2017-10-10
3388090,10610AB591B1447,10610AB591B1447,15,66000,TXG,233,2413,66000080041,2,,2017-10-10 15:53:00,10610101553,臺中市北屯區三和里太原路地下道(北屯路往旱溪方向)附近地下道(北屯路往旱溪方向),0,3,111,112,120,50,137,147,163,172,176,181,188,192,196,201,211,213,218,231,24.1649280815169,120.694272254925,2019-05-29 12:05:03,2017-10-10 15:53:00,2017-10-10
3388239,10610AB891B1473,10610AB891B1473,15,66000,TXG,245,2191,66000260008,2,,2017-10-10 18:30:00,10610101830,臺中市霧峰區本堂里中正路樹仁路,0,2,111,114,120,50,126,141,163,172,176,181,188,192,196,201,210,215,217,230,24.057160665754,120.697723566007,2019-05-29 12:05:03,2017-10-10 18:30:00,2017-10-10
3388178,10610AB191B1465,10610AB191B1465,15,66000,TXG,230,2335,66000040018,2,,2017-10-10 17:22:00,10610101722,臺中市西區土庫里五權西路一段2號,0,1,111,113,120,50,137,148,163,172,176,181,188,192,196,197,210,215,218,230,24.1401371872937,120.662859856532,2019-05-29 12:05:03,2017-10-10 17:22:00,2017-10-10
3388040,10610AB591B1436,10610AB591B1436,15,66000,TXG,233,2020,66000080021,2,,2017-10-10 15:00:00,10610101500,臺中市北屯區同榮里台74線路中清匝道(15-73)附近中清匝道(15-73),0,1,111,112,123,40,138,156,163,172,176,181,188,192,196,206,211,216,218,231,0.0,0.0,2019-05-29 12:05:03,2017-10-10 15:00:00,2017-10-10
3388175,10610AB9Y1B1464,10610AB9Y1B1464,15,66000,TXG,14,2143,66000230004,2,,2017-10-10 17:20:00,10610101720,臺中市烏日區榮泉里中山路三段三榮十六路,0,2,111,112,120,70,126,141,163,172,176,181,188,190,193,206,209,215,217,234,24.113094916542,120.592989268592,2019-05-29 12:05:03,2017-10-10 17:20:00,2017-10-10
3385471,10610AB793B1368,10610AB793B1368,15,66000,TXG,239,2561,66000170001,2,,2017-10-10 06:45:00,10610100645,臺中市潭子區潭陽里中山路二段237巷,0,3,111,112,120,60,126,141,163,172,176,181,188,189,193,206,211,216,218,245,0.0,0.0,2019-05-29 12:05:03,2017-10-10 06:45:00,2017-10-10
3388047,10610ABC91B1437,10610ABC91B1437,15,66000,TXG,246,2203,66000270004,2,,2017-10-10 15:10:00,10610101510,臺中市太平區中興里東平路近路燈09957附近近路燈09957,0,1,111,112,120,50,126,149,163,172,176,181,188,192,196,201,210,216,218,234,24.134640344054,120.733156122549,2019-05-29 12:05:03,2017-10-10 15:10:00,2017-10-10
3387824,10610AB491B1394,10610AB491B1394,15,66000,TXG,13,2389,66000070021,2,,2017-10-10 10:30:00,10610101030,臺中市南屯區大業里大墩十二街123號,0,2,111,112,120,50,137,149,163,172,176,181,188,192,196,201,211,216,218,234,24.1499389829779,120.652072466978,2019-05-29 12:05:03,2017-10-10 10:30:00,2017-10-10
3385454,10610AB291B1365,10610AB291B1365,15,66000,TXG,231,2349,66000050007,2,,2017-10-10 05:40:00,10610100540,臺中市北區錦村里東光路興進路,0,1,111,113,120,50,127,141,163,172,176,181,188,190,193,206,211,216,218,234,24.1556059864565,120.698925083758,2019-05-29 12:05:03,2017-10-10 05:40:00,2017-10-10
3385539,10610AB491B1383,10610AB491B1383,15,66000,TXG,13,2328,66000070004,2,,2017-10-10 09:18:00,10610100918,臺中市南屯區中和里黎明路一段119號,0,1,111,112,120,40,126,142,163,172,176,181,188,192,196,201,211,215,218,234,24.1148688911298,120.626141255005,2019-05-29 12:05:03,2017-10-10 09:18:00,2017-10-10
3387991,10610AB391B1425,10610AB391B1425,15,66000,TXG,228,2074,66000020014,2,,2017-10-10 13:53:00,10610101353,臺中市東區富台里福仁街66號,0,2,111,112,120,50,127,141,163,172,176,181,188,192,196,206,211,216,218,233,24.1443573883536,120.689224397432,2019-05-29 12:05:03,2017-10-10 13:53:00,2017-10-10
3387837,10610AB591B1396,10610AB591B1396,15,66000,TXG,233,2402,66000080010,2,,2017-10-10 10:48:00,10610101048,臺中市北屯區和平里東山路一段421號,0,1,111,112,120,50,127,141,163,172,176,181,188,192,196,206,211,216,218,234,24.1698598204805,120.702255777305,2019-05-29 12:05:03,2017-10-10 10:48:00,2017-10-10
3388154,10610AB591B1456,10610AB591B1456,15,66000,TXG,233,2401,66000080009,2,,2017-10-10 16:58:00,10610101658,臺中市北屯區軍功里軍功路二段168號,0,1,111,112,120,40,137,148,163,172,176,180,188,192,196,206,211,216,218,232,24.1793492121596,120.719561882989,2019-05-29 12:05:03,2017-10-10 16:58:00,2017-10-10
3385516,10610AB891B1378,10610AB891B1378,15,66000,TXG,247,2260,66000280019,2,,2017-10-10 08:35:00,10610100835,臺中市大里區東湖里東湖路15巷,0,1,111,112,120,40,127,141,163,172,176,181,186,192,196,206,211,216,218,233,24.0811076384589,120.694308366863,2019-05-29 12:05:03,2017-10-10 08:35:00,2017-10-10
3387811,10610AB291B1391,10610AB291B1391,15,66000,TXG,231,2360,66000050018,2,,2017-10-10 10:19:00,10610101019,臺中市北區淡溝里健行路865巷22號,0,2,111,112,120,40,137,149,163,172,176,181,188,192,196,206,211,216,218,228,24.1599498286465,120.671062573599,2019-05-29 12:05:03,2017-10-10 10:19:00,2017-10-10
3387969,10610AB795B1420,10610AB795B1420,15,66000,TXG,240,2278,66000180014,2,,2017-10-10 13:30:00,10610101330,臺中市大雅區大楓里民生路三段36巷,0,1,111,112,120,50,126,141,163,172,176,181,188,191,193,206,210,216,217,234,0.0,0.0,2019-05-29 12:05:03,2017-10-10 13:30:00,2017-10-10
3385468,10610AB291B1367,10610AB291B1367,15,66000,TXG,231,2359,66000050017,2,,2017-10-10 06:38:00,10610100638,臺中市北區育德里美德街大德街,0,1,111,112,120,50,127,141,163,172,176,181,188,192,196,206,211,216,218,233,24.158198555924,120.678820726934,2019-05-29 12:05:03,2017-10-10 06:38:00,2017-10-10
3388129,10610ABC91B1449,10610ABC91B1449,15,66000,TXG,246,2231,66000270034,2,,2017-10-10 16:30:00,10610101630,臺中市太平區豐年里大源路大源一街,0,1,111,112,120,40,127,141,163,172,176,181,188,192,196,206,211,216,218,233,24.1449061235829,120.725376815826,2019-05-29 12:05:03,2017-10-10 16:30:00,2017-10-10
3388289,10610ABB93B1480,10610ABB93B1480,15,66000,TXG,237,2549,66000150004,2,,2017-10-10 19:37:00,10610101937,臺中市后里區后里里甲后路一段500號,0,1,111,114,120,50,137,149,163,172,176,181,188,192,196,201,211,216,217,235,24.308934645968,120.723656538156,2019-05-29 12:05:03,2017-10-10 19:37:00,2017-10-10
3388027,10610ABA95B1434,10610ABA95B1434,15,66000,TXG,236,2513,66000130001,2,,2017-10-10 14:44:00,10610101444,臺中市沙鹿區居仁里中山路光華路378巷,0,2,111,112,120,50,127,141,163,172,176,181,188,192,196,206,211,216,218,233,24.2408918027178,120.564860682583,2019-05-29 12:05:03,2017-10-10 14:44:00,2017-10-10
3388329,10610AB591B1487,10610AB591B1487,15,66000,TXG,233,2021,66000080022,2,,2017-10-10 20:30:00,10610102030,臺中市北屯區仁愛里中清路二段165號,0,3,111,114,120,40,127,142,163,172,176,181,188,189,193,201,208,215,218,231,24.1767896076727,120.669694700077,2019-05-29 12:05:03,2017-10-10 20:30:00,2017-10-10
3387988,10610AB691B1424,10610AB691B1424,15,66000,TXG,232,2316,66000060031,2,,2017-10-10 13:52:00,10610101352,臺中市西屯區何成里大墩十八街112號,0,1,111,112,120,50,128,141,163,172,176,181,188,192,196,206,211,216,218,234,24.1570660005264,120.649437450781,2019-05-29 12:05:03,2017-10-10 13:52:00,2017-10-10
3388354,10610AB7M1B1494,10610AB7M1B1494,15,66000,TXG,239,2081,66000170016,2,,2017-10-10 21:44:00,10610102144,臺中市潭子區家福里大通街榮興街,0,1,111,114,120,40,127,141,163,172,176,181,188,191,193,206,211,216,218,233,24.1920437447645,120.701793983634,2019-05-29 12:05:03,2017-10-10 21:44:00,2017-10-10
3385518,10610AB391B1380,10610AB391B1380,15,66000,TXG,228,2062,66000020002,2,,2017-10-10 08:40:00,10610100840,臺中市東區振興里台中路忠孝路,0,1,111,112,120,50,127,141,163,172,176,181,188,190,193,206,211,216,218,221,24.1307769605016,120.684778932954,2019-05-29 12:05:03,2017-10-10 08:40:00,2017-10-10
3385514,10610AB996B1377,10610AB996B1377,15,66000,TXG,288,0,66000250000,2,,2017-10-10 08:29:00,10610100829,臺中市龍井區新興路124號,0,2,111,112,120,50,127,141,163,172,176,181,188,192,196,206,211,216,218,235,24.1042990472048,120.628473956811,2019-05-29 12:05:03,2017-10-10 08:29:00,2017-10-10
3385517,10610AB691B1379,10610AB691B1379,15,66000,TXG,232,2010,66000060011,2,,2017-10-10 08:36:00,10610100836,臺中市西屯區大河里河南路二段福上巷,0,1,111,112,120,50,127,141,163,172,176,181,188,189,193,206,211,216,218,234,24.1756102187806,120.659479756986,2019-05-29 12:05:03,2017-10-10 08:36:00,2017-10-10
3388161,10610ABC91B1458,10610ABC91B1458,15,66000,TXG,246,2202,66000270003,2,,2017-10-10 17:05:00,10610101705,臺中市太平區中平里精美一街13巷42號,0,3,111,112,120,40,134,149,163,172,176,181,188,192,196,206,211,216,218,228,24.1234822651355,120.722114583764,2019-05-29 12:05:03,2017-10-10 17:05:00,2017-10-10
3387993,10610AB191B1426,10610AB191B1426,15,66000,TXG,230,2305,66000040009,2,,2017-10-10 13:55:00,10610101355,臺中市西區公[館]里永安街南屯路,0,1,111,112,120,50,126,141,163,172,176,181,188,192,196,206,211,216,218,234,24.1321504614185,120.664532543526,2019-05-29 12:05:03,2017-10-10 13:55:00,2017-10-10
3388394,10610AB891B1502,10610AB891B1502,15,66000,TXG,245,2193,66000260011,2,,2017-10-10 23:30:00,10610102330,臺中市霧峰區南柳里柳豐路500號,0,1,111,114,120,50,137,149,163,172,176,181,188,192,196,205,211,216,217,231,24.0646281757774,120.679552044631,2019-05-29 12:05:03,2017-10-10 23:30:00,2017-10-10
3387941,10610AB491B1414,10610AB491B1414,15,66000,TXG,13,2390,66000070022,2,,2017-10-10 12:53:00,10610101253,臺中市南屯區惠中里向上路(近文心路收費停車場入口處)附近(近文心路收費停車場入口處),0,1,111,112,120,50,126,141,163,172,176,181,188,192,196,201,210,216,218,234,0.0,0.0,2019-05-29 12:05:03,2017-10-10 12:53:00,2017-10-10
3387957,10610AB794B1417,10610AB794B1417,15,66000,TXG,238,2051,66000160015,2,,2017-10-10 13:18:00,10610101318,臺中市神岡區圳堵里崎溝路186號,0,1,111,112,120,40,127,149,163,172,176,181,183,192,196,206,211,216,218,238,0.0,0.0,2019-05-29 12:05:03,2017-10-10 13:18:00,2017-10-10
3388028,10610AB691B1433,10610AB691B1433,15,66000,TXG,232,2003,66000060004,2,,2017-10-10 14:44:00,10610101444,臺中市西屯區龍潭里環中路慢車道(往南屯近市政南一路)附近慢車道(往南屯近市政南一路),0,1,111,112,120,40,137,148,163,172,176,181,188,192,196,197,210,212,218,230,0.0,0.0,2019-05-29 12:05:03,2017-10-10 14:44:00,2017-10-10
3388213,10610ABA95B1470,10610ABA95B1470,15,66000,TXG,236,2531,66000130019,2,,2017-10-10 18:01:00,10610101801,臺中市沙鹿區西勢里中清路七段國道三號下附近國道三號下,0,1,111,114,120,60,137,147,163,172,176,181,188,189,193,199,210,216,217,231,24.2501385370933,120.597423862393,2019-05-29 12:05:03,2017-10-10 18:01:00,2017-10-10
3388280,10610AB994B1477,10610AB994B1477,15,66000,TXG,244,2430,66000240006,2,,2017-10-10 19:20:00,10610101920,臺中市大肚區新興里沙田路二段沙田路二段159巷,0,3,111,114,120,70,126,141,163,172,176,181,188,192,196,206,210,216,218,238,24.1391876530509,120.550088090501,2019-05-29 12:05:03,2017-10-10 19:20:00,2017-10-10
3388292,10610AB691B1482,10610AB691B1482,15,66000,TXG,232,2312,66000060027,2,,2017-10-10 19:40:00,10610101940,臺中市西屯區上安里河南路二段469號,0,2,111,112,120,50,127,142,163,172,176,181,188,189,193,201,210,215,218,234,24.1692741094295,120.642363173607,2019-05-29 12:05:03,2017-10-10 19:40:00,2017-10-10
3388224,10610AB191B1471,10610AB191B1471,15,66000,TXG,230,2329,66000040012,2,,2017-10-10 18:15:00,10610101815,臺中市西區後龍里臺灣大道近五權路附近近五權路,0,1,111,114,120,40,126,141,163,172,176,181,188,192,196,206,211,216,218,234,0.0,0.0,2019-05-29 12:05:03,2017-10-10 18:15:00,2017-10-10
3385466,10610AB691B1366,10610AB691B1366,15,66000,TXG,232,2370,66000060018,2,,2017-10-10 06:35:00,10610100635,臺中市西屯區永安里西屯路三段166-92號,0,1,111,112,120,50,127,142,163,172,176,180,188,190,193,206,211,216,218,236,24.1887614109134,120.616965213998,2019-05-29 12:05:03,2017-10-10 06:35:00,2017-10-10
3388008,10610AB691B1431,10610AB691B1431,15,66000,TXG,232,2366,66000060014,2,,2017-10-10 14:24:00,10610101424,臺中市西屯區大鵬里文心路三段河南路,0,1,111,112,120,50,127,141,163,172,176,181,188,190,193,206,211,216,218,234,24.1715437046066,120.661132744168,2019-05-29 12:05:03,2017-10-10 14:24:00,2017-10-10
3388381,10610AB891B1500,10610AB891B1500,15,66000,TXG,245,2185,66000260002,2,,2017-10-10 22:40:00,10610102240,臺中市霧峰區吉峰里民生路200之3號,0,1,111,114,120,40,137,149,163,172,176,181,188,192,196,205,210,216,217,236,24.1443456032426,120.665857593818,2019-05-29 12:05:03,2017-10-10 22:40:00,2017-10-10
3388066,10610AB691B1444,10610AB691B1444,15,66000,TXG,232,2324,66000060039,2,,2017-10-10 15:30:00,10610101530,臺中市西屯區福雅里福科路427號,0,1,111,112,120,50,127,141,163,172,176,181,188,189,193,206,211,216,218,234,24.184031983133,120.620358853821,2019-05-29 12:05:03,2017-10-10 15:30:00,2017-10-10