識別碼,案件編號,交通事故主表,縣市識別碼,縣市代碼,所屬縣市簡碼,鄉縣市區識別碼,村里識別碼,里代碼,事故類(A1、A2...An),處理單位代碼,案件時間(西元),案件時間(民國),發生地點,死亡人數,受傷人數(含2~30日內死亡),天氣識別碼,光線識別碼,道路類別識別碼,速限,道路型態識別碼,事故位置識別碼,路面鋪裝識別碼,路面狀態識別碼,路面缺陷識別碼,障礙物視距識別碼,視距識別碼,號誌種類識別碼,號誌動作識別碼,車道劃分設施-分向設施識別碼,快車道或一般車道間識別碼,快慢車道間識別碼,路面邊線識別碼,事故類型及型態識別碼,緯度,經度,本平台資料更新時間(yyyy-MM-dd HH:mm:ss),資料代表時間(yyyy-MM-dd HH:mm:ss),資料代表日期(yyyy-MM-dd)
3388385,10610AB291B1501,10610AB291B1501,15,66000,TXG,231,2353,66000050011,2,,2017-10-10 22:45:00,10610102245,臺中市北區金龍里健行路金龍街,0,1,111,114,120,50,126,141,163,172,176,181,188,189,193,206,211,216,218,235,24.1590000635709,120.687954117678,2019-05-29 12:05:03,2017-10-10 22:45:00,2017-10-10
3388203,10610AB691B1469,10610AB691B1469,15,66000,TXG,232,2001,66000060002,2,,2017-10-10 17:59:00,10610101759,臺中市西屯區西墩里青海路黎明路,0,2,111,112,120,50,127,141,163,172,176,181,188,189,193,201,210,216,218,234,24.1758328850883,120.637432270126,2019-05-29 12:05:03,2017-10-10 17:59:00,2017-10-10
3388247,10610AB994B1474,10610AB994B1474,15,66000,TXG,244,2159,66000240008,2,,2017-10-10 18:40:00,10610101840,臺中市大肚區大肚里文昌路一段182號,0,1,111,114,120,50,137,149,163,172,175,180,188,192,196,201,209,216,217,242,24.1508039199368,120.540851540341,2019-05-29 12:05:03,2017-10-10 18:40:00,2017-10-10
3388378,10610AB691B1498,10610AB691B1498,15,66000,TXG,232,2003,66000060004,2,,2017-10-10 22:30:00,10610102230,臺中市西屯區龍潭里黎明路二段575號,0,1,111,114,120,50,127,141,163,172,176,181,188,189,193,201,210,215,217,234,24.1696576421428,120.636157915933,2019-05-29 12:05:03,2017-10-10 22:30:00,2017-10-10
3388149,10610ABB91B1454,10610ABB91B1454,15,66000,TXG,286,2489,66000110010,2,,2017-10-10 16:50:00,10610101650,臺中市大甲區南陽里中山路一段鎮瀾街,0,1,111,112,120,50,127,141,163,172,176,180,188,189,193,206,211,216,218,233,24.3426967470672,120.623827645588,2019-05-29 12:05:03,2017-10-10 16:50:00,2017-10-10
3387883,10610AB491B1401,10610AB491B1401,15,66000,TXG,13,2326,66000070002,2,,2017-10-10 11:37:00,10610101137,臺中市南屯區豐樂里文心南三路永春東三路,0,1,111,112,120,50,127,141,163,172,176,181,188,189,193,206,211,216,218,234,24.1337547693919,120.638335701432,2019-05-29 12:05:03,2017-10-10 11:37:00,2017-10-10
3388016,10610AB191B1432,10610AB191B1432,15,66000,TXG,230,2333,66000040016,2,,2017-10-10 14:32:00,10610101432,臺中市西區忠明里美村路一段美村路一段21巷,0,3,111,112,120,50,127,141,163,172,176,181,188,192,196,206,211,216,218,234,24.1321481943184,120.66169566731,2019-05-29 12:05:03,2017-10-10 14:32:00,2017-10-10
3385557,10610AB191B1387,10610AB191B1387,15,66000,TXG,230,2335,66000040018,2,,2017-10-10 09:41:00,10610100941,臺中市西區土庫里五權西五街89號,0,2,111,112,120,50,127,141,163,172,176,181,188,192,196,206,211,216,218,234,24.1367678636797,120.66020047739,2019-05-29 12:05:03,2017-10-10 09:41:00,2017-10-10
3388348,10610ABD91B1491,10610ABD91B1491,15,66000,TXG,241,2101,66000190007,2,,2017-10-10 21:30:00,10610102130,臺中市新社區永源里東山路G區7358BE84號電桿附近G區7358BE84號電桿,0,1,111,112,120,40,137,149,163,172,176,181,188,192,196,206,211,216,218,236,0.0,0.0,2019-05-29 12:05:03,2017-10-10 21:30:00,2017-10-10
3385443,10610AB391B1364,10610AB391B1364,15,66000,TXG,229,2289,66000030015,2,,2017-10-10 03:00:00,10610100300,臺中市南區長春里台中路146巷17號斜前附近斜前,0,2,111,114,120,50,127,141,163,172,176,181,188,192,196,206,211,216,218,233,24.1335172150868,120.682622025845,2019-05-29 12:05:03,2017-10-10 03:00:00,2017-10-10
3388165,10610AB191B1459,10610AB191B1459,15,66000,TXG,230,2338,66000040021,2,,2017-10-10 17:10:00,10610101710,臺中市西區中興里美村路一段公正路188巷156巷口附近156巷口,0,1,111,112,120,40,127,141,163,172,176,181,188,192,196,206,211,216,218,233,24.149018830522,120.661686219456,2019-05-29 12:05:03,2017-10-10 17:10:00,2017-10-10
3388373,10610AB391B1496,10610AB391B1496,15,66000,TXG,229,2283,66000030009,2,,2017-10-10 22:24:00,10610102224,臺中市南區福平里美村路三民西路,0,1,111,114,120,50,127,141,163,172,176,181,188,190,193,206,211,216,218,234,24.130116465366,120.661924664871,2019-05-29 12:05:03,2017-10-10 22:24:00,2017-10-10
3387998,10610AB996B1429,10610AB996B1429,15,66000,TXG,288,2182,66000250014,2,,2017-10-10 14:03:00,10610101403,臺中市龍井區南寮里遊園南路495號旁附近旁,0,2,111,112,120,40,126,141,163,172,176,181,188,192,196,206,211,216,218,234,24.1759626179672,120.581807503091,2019-05-29 12:05:03,2017-10-10 14:03:00,2017-10-10
3388055,10610AB891B1441,10610AB891B1441,15,66000,TXG,247,2253,66000280012,2,,2017-10-10 15:15:00,10610101515,臺中市大里區大元里國光路一段國中路,0,2,111,112,120,50,128,141,163,172,176,181,188,189,193,206,211,216,218,234,24.0956631316686,120.686248826151,2019-05-29 12:05:03,2017-10-10 15:15:00,2017-10-10
3388278,10610ABB91B1478,10610ABB91B1478,15,66000,TXG,286,2485,66000110006,2,,2017-10-10 19:20:00,10610101920,臺中市大甲區庄美里信義路59號,0,1,111,114,120,50,137,149,163,172,176,181,188,192,196,201,211,216,217,227,24.2632860221138,120.551818623784,2019-05-29 12:05:03,2017-10-10 19:20:00,2017-10-10
3388379,10610AB794B1499,10610AB794B1499,15,66000,TXG,238,2046,66000160010,2,,2017-10-10 22:32:00,10610102232,臺中市神岡區豐洲里神洲路337號,0,1,111,115,120,50,126,141,163,172,176,181,188,192,196,206,211,216,218,234,24.2737326239693,120.701465094983,2019-05-29 12:05:03,2017-10-10 22:32:00,2017-10-10
3388290,10610ABD91B1481,10610ABD91B1481,15,66000,TXG,235,2473,66000100019,2,,2017-10-10 19:37:00,10610101937,臺中市東勢區粵寧里豐勢路580-1號,0,2,111,114,120,50,137,149,163,172,176,181,188,192,196,201,211,216,218,229,24.2602073423235,120.82676148481,2019-05-29 12:05:03,2017-10-10 19:37:00,2017-10-10
3387864,10610AB795B1399,10610AB795B1399,15,66000,TXG,240,2278,66000180014,2,,2017-10-10 11:20:00,10610101120,臺中市大雅區大楓里神林南路155巷,0,2,111,112,120,50,127,141,163,172,176,181,188,189,193,206,210,216,217,233,24.2189733107096,120.650271628068,2019-05-29 12:05:03,2017-10-10 11:20:00,2017-10-10
3387979,10610ABA93B1422,10610ABA93B1422,15,66000,TXG,311,2508,66000120028,2,,2017-10-10 13:40:00,10610101340,臺中市清水區下湳里中山路大甲溪橋燈桿大甲區02720號附近大甲溪橋燈桿大甲區02720號,0,1,111,112,120,40,137,148,163,172,176,181,188,192,196,197,210,215,217,236,24.2819559021621,120.581348980338,2019-05-29 12:05:03,2017-10-10 13:40:00,2017-10-10
3387950,10610ABA94B1416,10610ABA94B1416,15,66000,TXG,312,2542,66000140011,2,,2017-10-10 13:08:00,10610101308,臺中市梧棲區大村里文昌路與文昌路220巷口附近與文昌路220巷口,0,1,111,112,120,50,127,142,163,172,176,181,188,192,196,206,211,216,218,233,24.2432560073899,120.546335092255,2019-05-29 12:05:03,2017-10-10 13:08:00,2017-10-10
3463025,10610AB793B1634,10610AB793B1634,15,66000,TXG,239,2564,66000170004,2,,2017-10-11 17:34:00,10610111734,臺中市潭子區福仁里環中東路一段5號,0,1,111,113,120,50,127,141,163,172,176,181,188,189,193,206,211,216,218,235,24.2011040820006,120.703839439037,2019-05-29 12:05:03,2017-10-11 17:34:00,2017-10-11
3388498,10610AB491B1520,10610AB491B1520,15,66000,TXG,13,2376,66000070008,2,,2017-10-11 07:32:00,10610110732,臺中市南屯區新生里五權西路近環中路附近近環中路,0,1,111,112,120,50,137,149,163,172,176,181,188,189,193,197,208,216,218,231,24.160148318307,120.604093019024,2019-05-29 12:05:03,2017-10-11 07:32:00,2017-10-11
3388513,10610ABC91B1521,10610ABC91B1521,15,66000,TXG,246,2214,66000270016,2,,2017-10-11 07:40:00,10610110740,臺中市太平區興隆里興隆路一段238號,0,1,111,112,120,50,137,149,163,172,176,181,188,192,196,201,211,216,217,234,24.1126743752144,120.730308330586,2019-05-29 12:05:03,2017-10-11 07:40:00,2017-10-11
3463142,10610AB691B1655,10610AB691B1655,15,66000,TXG,232,2367,66000060015,2,,2017-10-11 19:09:00,10610111909,臺中市西屯區港尾里中清路二段1502號,0,1,111,112,120,50,127,141,163,172,176,181,188,192,196,197,210,216,218,230,24.1961952280418,120.657680702651,2019-05-29 12:05:03,2017-10-11 19:09:00,2017-10-11
3462878,10610AB391B1606,10610AB391B1606,15,66000,TXG,229,2287,66000030013,2,,2017-10-11 15:30:00,10610111530,臺中市南區樹德里復興路文心南路,0,2,111,112,120,50,127,141,163,172,176,181,188,189,193,206,211,216,218,235,24.1151088420164,120.655305936226,2019-05-29 12:05:03,2017-10-11 15:30:00,2017-10-11
3463241,10610ABA95B1675,10610ABA95B1675,15,66000,TXG,236,0,66000130000,2,,2017-10-11 22:10:00,10610112210,臺中市沙鹿區臺灣大道路六段近鎮南路一段口附近近鎮南路一段口,0,1,111,114,120,40,127,148,163,172,176,181,188,190,193,197,210,212,217,234,0.0,0.0,2019-05-29 12:05:03,2017-10-11 22:10:00,2017-10-11
3462708,10610AB691B1582,10610AB691B1582,15,66000,TXG,232,2004,66000060005,2,,2017-10-11 12:05:00,10610111205,臺中市西屯區惠來里臺灣大道三段與河南路附近與河南路,0,1,111,112,120,50,137,150,163,172,176,181,188,189,193,197,209,212,218,227,24.1676101336236,120.640816569077,2019-05-29 12:05:03,2017-10-11 12:05:00,2017-10-11
3463148,10610AB691B1658,10610AB691B1658,15,66000,TXG,232,2000,66000060001,2,,2017-10-11 19:15:00,10610111915,臺中市西屯區西安里黎明路三段逢明街,0,1,111,113,120,50,127,141,163,172,176,181,188,189,193,201,211,216,218,234,24.1775999261168,120.637434744592,2019-05-29 12:05:03,2017-10-11 19:15:00,2017-10-11
3458579,10610AB491B1553,10610AB491B1553,15,66000,TXG,13,2383,66000070015,2,,2017-10-11 09:10:00,10610110910,臺中市南屯區大同里大墩七街東興路,0,2,111,112,120,50,127,141,163,172,176,181,188,189,193,206,211,216,218,234,24.1438186407629,120.653008374094,2019-05-29 12:05:03,2017-10-11 09:10:00,2017-10-11
3462936,10610AB794B1617,10610AB794B1617,15,66000,TXG,238,2043,66000160007,2,,2017-10-11 16:21:00,10610111621,臺中市神岡區三角里三社路236-1號,0,1,111,113,120,40,137,149,163,172,176,181,188,192,196,206,211,216,217,235,24.2410941133878,120.687159310758,2019-05-29 12:05:03,2017-10-11 16:21:00,2017-10-11
3458645,10610AB291B1562,10610AB291B1562,15,66000,TXG,231,2353,66000050011,2,,2017-10-11 10:10:00,10610111010,臺中市北區金龍里北屯路北屯路47巷4弄47巷附近47巷,0,1,111,112,120,40,127,141,163,172,176,181,188,192,196,206,211,216,218,233,24.1604852132438,120.691387629011,2019-05-29 12:05:03,2017-10-11 10:10:00,2017-10-11
3463054,10610AB591B1639,10610AB591B1639,15,66000,TXG,233,2572,66000080002,2,,2017-10-11 18:00:00,10610111800,臺中市北屯區北屯里太原路三段269巷口附近口,0,2,111,114,120,40,127,141,163,172,176,181,188,192,196,206,211,216,218,234,0.0,0.0,2019-05-29 12:05:03,2017-10-11 18:00:00,2017-10-11
3458607,10610AB391B1555,10610AB391B1555,15,66000,TXG,229,2287,66000030013,2,,2017-10-11 09:30:00,10610110930,臺中市南區樹德里建國北路中山醫學大學汝川大樓門口附近附近中山醫學大學汝川大樓門口附近,0,2,111,112,120,50,137,149,163,172,176,181,188,189,193,205,210,216,218,234,0.0,0.0,2019-05-29 12:05:03,2017-10-11 09:30:00,2017-10-11
3462796,10610AB491B1594,10610AB491B1594,15,66000,TXG,13,2432,66000070005,2,,2017-10-11 13:45:00,10610111345,臺中市南屯區春社里永春南路忠勇路61巷,0,1,111,112,120,50,126,141,163,172,176,181,188,189,193,206,211,216,218,235,24.1384660219365,120.612599082871,2019-05-29 12:05:03,2017-10-11 13:45:00,2017-10-11
3458696,10610AB691B1571,10610AB691B1571,15,66000,TXG,232,0,66000060000,2,,2017-10-11 11:19:00,10610111119,臺中市西屯區工業區二十二路2號,0,2,111,112,120,40,137,147,163,172,176,181,188,192,196,201,211,215,218,230,24.1574280223396,120.604834583034,2019-05-29 12:05:03,2017-10-11 11:19:00,2017-10-11
3463211,10610AB391B1671,10610AB391B1671,15,66000,TXG,228,2062,66000020002,2,,2017-10-11 21:05:00,10610112105,臺中市東區振興里忠孝路立德街,0,1,111,114,120,50,137,147,163,172,176,181,188,189,193,201,210,215,218,231,24.1320087230495,120.687745986594,2019-05-29 12:05:03,2017-10-11 21:05:00,2017-10-11
3458646,10610AB391B1563,10610AB391B1563,15,66000,TXG,228,2066,66000020006,2,,2017-10-11 10:13:00,10610111013,臺中市東區泉源里忠孝路進德路,0,1,111,112,120,50,128,141,163,172,176,181,188,189,193,206,211,216,218,234,24.1332581753077,120.693237670407,2019-05-29 12:05:03,2017-10-11 10:13:00,2017-10-11
3388414,10610AB591B1506,10610AB591B1506,15,66000,TXG,233,2572,66000080002,2,,2017-10-11 02:50:00,10610110250,臺中市北屯區北屯里昌平路一段63號,0,1,111,114,120,50,137,147,163,172,176,181,188,192,196,201,208,215,218,231,24.1675191065268,120.693263290335,2019-05-29 12:05:03,2017-10-11 02:50:00,2017-10-11
3458499,10610ABA95B1537,10610ABA95B1537,15,66000,TXG,236,2521,66000130009,2,,2017-10-11 08:15:00,10610110815,臺中市沙鹿區竹林里中山路和安巷,0,1,111,112,120,50,127,141,163,172,176,181,188,192,196,205,211,215,218,231,24.2447604586326,120.562043841498,2019-05-29 12:05:03,2017-10-11 08:15:00,2017-10-11
3463020,10610AB591B1632,10610AB591B1632,15,66000,TXG,233,2397,66000080005,2,,2017-10-11 17:28:00,10610111728,臺中市北屯區平和里軍福十六路和福路,0,1,111,112,120,50,127,141,163,172,176,181,188,192,196,206,211,216,218,233,24.175005589257,120.723564360532,2019-05-29 12:05:03,2017-10-11 17:28:00,2017-10-11
3463205,10610AB891B1667,10610AB891B1667,15,66000,TXG,245,2194,66000260012,2,,2017-10-11 20:55:00,10610112055,臺中市霧峰區四德里四德路峰堤路中正橋上附近中正橋上,0,1,111,114,120,40,127,142,163,172,176,181,188,189,193,205,210,215,217,233,24.066006384044,120.694886307156,2019-05-29 12:05:03,2017-10-11 20:55:00,2017-10-11
3388516,10610AB691B1524,10610AB691B1524,15,66000,TXG,232,2372,66000060020,2,,2017-10-11 07:41:00,10610110741,臺中市西屯區協和里工業區一路﹑工業區十路附近﹑工業區十路,0,1,111,112,120,50,126,141,163,172,176,181,188,192,196,206,211,216,218,235,24.1741909630725,120.601058369505,2019-05-29 12:05:03,2017-10-11 07:41:00,2017-10-11
3458468,10610AB891B1529,10610AB891B1529,15,66000,TXG,247,2260,66000280019,2,,2017-10-11 07:55:00,10610110755,臺中市大里區東湖里大峰路中山路,0,1,111,112,120,60,126,141,163,172,176,181,188,189,193,206,211,216,218,234,24.08060024168,120.688612396367,2019-05-29 12:05:03,2017-10-11 07:55:00,2017-10-11
3462906,10610AB391B1611,10610AB391B1611,15,66000,TXG,229,2285,66000030011,2,,2017-10-11 15:52:00,10610111552,臺中市南區永興里美村南路78號,0,1,111,112,120,40,137,147,163,172,176,181,188,192,196,206,210,216,218,234,24.1162144292236,120.66707901109,2019-05-29 12:05:03,2017-10-11 15:52:00,2017-10-11
3458562,10610AB491B1551,10610AB491B1551,15,66000,TXG,13,2327,66000070003,2,,2017-10-11 08:58:00,10610110858,臺中市南屯區楓樹里黎明路一段142號,0,1,111,112,120,40,137,152,163,172,176,181,188,192,196,201,211,215,218,236,24.1152616714261,120.626457489559,2019-05-29 12:05:03,2017-10-11 08:58:00,2017-10-11
3463006,10610ABC91B1630,10610ABC91B1630,15,66000,TXG,246,2217,66000270020,2,,2017-10-11 17:16:00,10610111716,臺中市太平區永成里永成北路近無名路附近近無名路,0,1,111,113,120,50,137,149,163,172,176,181,188,192,196,201,211,216,218,230,24.1193023408411,120.716814690299,2019-05-29 12:05:03,2017-10-11 17:16:00,2017-10-11
3462881,10610AB491B1608,10610AB491B1608,15,66000,TXG,13,2378,66000070010,2,,2017-10-11 15:31:00,10610111531,臺中市南屯區三厝里三厝街101號,0,1,111,112,120,50,137,149,163,172,176,181,188,192,196,206,211,216,218,230,24.145171305093,120.635502108909,2019-05-29 12:05:03,2017-10-11 15:31:00,2017-10-11
3463166,10610ABC91B1661,10610ABC91B1661,15,66000,TXG,246,2205,66000270006,2,,2017-10-11 19:35:00,10610111935,臺中市太平區東平里建興路成功路,0,1,111,114,120,50,127,141,163,172,176,181,188,191,193,206,211,216,218,231,24.1301233235504,120.724513637751,2019-05-29 12:05:03,2017-10-11 19:35:00,2017-10-11
3462988,10610AB691B1626,10610AB691B1626,15,66000,TXG,232,2000,66000060001,2,,2017-10-11 17:08:00,10610111708,臺中市西屯區西安里逢甲路218號,0,1,111,112,120,50,137,148,163,172,176,181,188,192,196,205,210,215,218,235,24.1752602008516,120.639989080827,2019-05-29 12:05:03,2017-10-11 17:08:00,2017-10-11
3462953,10610AB691B1619,10610AB691B1619,15,66000,TXG,232,2000,66000060001,2,,2017-10-11 16:43:00,10610111643,臺中市西屯區西安里福星路烈美街,0,2,111,112,120,50,127,141,163,172,176,181,188,189,193,205,210,215,218,231,24.1822586505974,120.64253162563,2019-05-29 12:05:03,2017-10-11 16:43:00,2017-10-11
3458502,10610AB591B1538,10610AB591B1538,15,66000,TXG,233,2015,66000080016,2,,2017-10-11 08:16:00,10610110816,臺中市北屯區松竹里崇德五路135號,0,1,111,112,120,50,137,149,163,172,176,181,188,192,196,205,211,216,218,234,24.1790468715215,120.686643722928,2019-05-29 12:05:03,2017-10-11 08:16:00,2017-10-11
3388478,10610AB591B1517,10610AB591B1517,15,66000,TXG,233,2027,66000080028,2,,2017-10-11 07:20:00,10610110720,臺中市北屯區平德里北平路柳陽西街,0,1,111,112,120,40,127,141,163,172,176,181,188,192,196,206,211,216,218,233,24.1703082969138,120.690169097199,2019-05-29 12:05:03,2017-10-11 07:20:00,2017-10-11
3458710,10610ABC91B1575,10610ABC91B1575,15,66000,TXG,246,2221,66000270024,2,,2017-10-11 11:28:00,10610111128,臺中市太平區中政里中興東路52巷與成功東路103巷附近與成功東路103巷,0,1,111,112,120,40,127,141,163,172,176,181,188,192,196,206,211,216,218,234,24.1335558555849,120.725904587224,2019-05-29 12:05:03,2017-10-11 11:28:00,2017-10-11
3458540,10610AB591B1543,10610AB591B1543,15,66000,TXG,233,2015,66000080016,2,,2017-10-11 08:46:00,10610110846,臺中市北屯區松竹里崇德三路160號,0,1,111,112,120,50,127,141,163,172,176,181,188,192,196,206,211,216,218,234,24.1782201881455,120.686949146215,2019-05-29 12:05:03,2017-10-11 08:46:00,2017-10-11
3462879,10610AB891B1607,10610AB891B1607,15,66000,TXG,247,2253,66000280012,2,,2017-10-11 15:30:00,10610111530,臺中市大里區大元里環中東路六段大和屋附近大和屋,0,2,111,112,120,40,127,142,163,172,176,181,188,189,193,205,210,215,217,235,24.1034985495835,120.692843952437,2019-05-29 12:05:03,2017-10-11 15:30:00,2017-10-11
3463027,10610AB591B1635,10610AB591B1635,15,66000,TXG,233,2400,66000080008,2,,2017-10-11 17:35:00,10610111735,臺中市北屯區水景里旱溪東路景賢路,0,1,111,113,120,40,126,141,163,172,176,181,188,189,193,206,211,216,218,229,24.1672272264482,120.706681076956,2019-05-29 12:05:03,2017-10-11 17:35:00,2017-10-11
3462795,10610AB391B1593,10610AB391B1593,15,66000,TXG,229,2290,66000030016,2,,2017-10-11 13:45:00,10610111345,臺中市南區長榮里公理街25號,0,1,111,112,120,40,127,141,163,172,176,181,188,189,193,206,211,216,218,234,24.1307347148872,120.674529203619,2019-05-29 12:05:03,2017-10-11 13:45:00,2017-10-11
3458592,10610ABA94B1554,10610ABA94B1554,15,66000,TXG,312,2541,66000140010,2,,2017-10-11 09:22:00,10610110922,臺中市梧棲區大庄里民和路一段信義街口附近信義街口,0,1,111,112,120,50,126,141,163,172,176,181,188,189,193,206,210,215,217,234,24.2473164405481,120.548329977525,2019-05-29 12:05:03,2017-10-11 09:22:00,2017-10-11
3388457,10610ABB91B1514,10610ABB91B1514,15,66000,TXG,286,2501,66000110022,2,,2017-10-11 07:00:00,10610110700,臺中市大甲區孟春里經國路黎明路口附近黎明路口,0,1,111,112,120,70,126,141,163,172,176,181,188,189,193,197,211,216,218,234,24.3884612041884,120.651172265919,2019-05-29 12:05:03,2017-10-11 07:00:00,2017-10-11
3388474,10610AB191B1515,10610AB191B1515,15,66000,TXG,230,2336,66000040019,2,,2017-10-11 07:18:00,10610110718,臺中市西區忠誠里忠明南路與精誠六街附近與精誠六街,0,1,111,112,120,50,126,142,163,172,176,181,188,192,196,197,210,215,218,231,24.154581497751,120.657955692273,2019-05-29 12:05:03,2017-10-11 07:18:00,2017-10-11
3458509,10610ABA95B1539,10610ABA95B1539,15,66000,TXG,236,2525,66000130013,2,,2017-10-11 08:20:00,10610110820,臺中市沙鹿區晉江里臺灣大道路七段龍山路,0,1,111,112,120,40,126,141,163,172,176,181,188,192,196,197,210,212,218,234,0.0,0.0,2019-05-29 12:05:03,2017-10-11 08:20:00,2017-10-11
3388493,10610ABC91B1518,10610ABC91B1518,15,66000,TXG,246,2209,66000270010,2,,2017-10-11 07:30:00,10610110730,臺中市太平區光華里大興十七街61號,0,1,111,112,120,40,126,141,163,172,176,181,188,192,196,206,211,216,218,234,24.1579169471705,120.740059821758,2019-05-29 12:05:03,2017-10-11 07:30:00,2017-10-11
3388475,10610AB691B1516,10610AB691B1516,15,66000,TXG,232,2001,66000060002,2,,2017-10-11 07:19:00,10610110719,臺中市西屯區西墩里黎明路三段與僑大三街附近與僑大三街,0,2,111,112,120,50,126,141,163,172,176,181,188,189,193,206,211,216,218,234,24.1907252215864,120.642605283851,2019-05-29 12:05:03,2017-10-11 07:19:00,2017-10-11
3388538,10610AB691B1526,10610AB691B1526,15,66000,TXG,232,2367,66000060015,2,,2017-10-11 07:49:00,10610110749,臺中市西屯區港尾里環中路一段2047號,0,2,111,112,120,50,137,149,163,172,176,181,188,192,196,197,211,216,218,231,24.2007890613876,120.662115033,2019-05-29 12:05:03,2017-10-11 07:49:00,2017-10-11
3388448,10610AB391B1511,10610AB391B1511,15,66000,TXG,228,2076,66000020016,2,,2017-10-11 06:55:00,10610110655,臺中市東區東信里東和街與振興路443巷口附近與振興路443巷口,0,1,111,112,120,40,126,141,163,172,176,181,188,192,196,206,211,216,218,234,24.1310093665869,120.706274562304,2019-05-29 12:05:03,2017-10-11 06:55:00,2017-10-11
3458481,10610ABC91B1532,10610ABC91B1532,15,66000,TXG,246,2218,66000270021,2,,2017-10-11 08:04:00,10610110804,臺中市太平區永平里中平路78號,0,1,111,112,120,50,137,149,163,172,176,181,188,192,196,201,211,216,217,234,24.1310332294156,120.719243720895,2019-05-29 12:05:03,2017-10-11 08:04:00,2017-10-11
3463085,10610ABC91B1644,10610ABC91B1644,15,66000,TXG,246,2224,66000270027,2,,2017-10-11 18:22:00,10610111822,臺中市太平區新興里旱溪東路二段太順路,0,1,111,114,120,40,126,142,163,172,176,181,188,192,196,201,210,215,217,229,24.1612661767107,120.704783009995,2019-05-29 12:05:03,2017-10-11 18:22:00,2017-10-11
3463063,10610AB891B1641,10610AB891B1641,15,66000,TXG,247,2262,66000280021,2,,2017-10-11 18:05:00,10610111805,臺中市大里區國光里國光路二段481號,0,1,111,112,120,50,137,148,163,172,176,181,188,192,196,205,210,215,217,230,24.1180585551392,120.679386183793,2019-05-29 12:05:03,2017-10-11 18:05:00,2017-10-11
3463033,10610ABD91B1636,10610ABD91B1636,15,66000,TXG,235,2462,66000100008,2,,2017-10-11 17:41:00,10610111741,臺中市東勢區泰昌里泰昌街218號,0,2,111,114,120,50,137,149,163,172,176,181,188,192,196,201,211,216,217,219,24.2494750210929,120.833992679323,2019-05-29 12:05:03,2017-10-11 17:41:00,2017-10-11
3462948,10610AB391B1618,10610AB391B1618,15,66000,TXG,228,2072,66000020012,2,,2017-10-11 16:36:00,10610111636,臺中市東區東勢里進德路29-1-1號,0,1,111,112,120,50,128,142,163,172,176,181,188,192,196,201,211,215,218,235,24.14577006225,120.69184227072,2019-05-29 12:05:03,2017-10-11 16:36:00,2017-10-11
3458476,10610AB591B1530,10610AB591B1530,15,66000,TXG,233,0,66000080000,2,,2017-10-11 08:00:00,10610110800,臺中市北屯區部子路近部子巷口附近近部子巷口,0,1,111,112,120,50,126,142,163,172,176,181,188,189,193,201,208,215,218,231,24.1634386958537,120.73328599947,2019-05-29 12:05:03,2017-10-11 08:00:00,2017-10-11
3388404,10610AB891B1504,10610AB891B1504,15,66000,TXG,247,2258,66000280017,2,,2017-10-11 00:29:00,10610110029,臺中市大里區瑞城里中興路一段26巷8號,0,1,111,114,120,50,127,141,163,172,176,181,188,192,196,206,211,216,218,243,24.087420825596,120.698718938169,2019-05-29 12:05:03,2017-10-11 00:29:00,2017-10-11
3462697,10610ABA95B1579,10610ABA95B1579,15,66000,TXG,236,2520,66000130008,2,,2017-10-11 11:52:00,10610111152,臺中市沙鹿區鹿寮里中山路378巷53號,0,1,111,112,120,40,137,149,163,172,176,181,188,192,196,206,211,216,218,229,24.138191042275,120.682543477047,2019-05-29 12:05:03,2017-10-11 11:52:00,2017-10-11
3463214,10610AB291B1670,10610AB291B1670,15,66000,TXG,231,1990,66000050027,2,,2017-10-11 21:05:00,10610112105,臺中市北區六合里臺灣大道一段與原子街口附近與原子街口,0,2,111,114,120,50,127,141,163,172,176,181,188,189,193,206,211,216,218,221,24.1467203864081,120.674608378315,2019-05-29 12:05:03,2017-10-11 21:05:00,2017-10-11
3463221,10610AB691B1673,10610AB691B1673,15,66000,TXG,232,2006,66000060007,2,,2017-10-11 21:17:00,10610112117,臺中市西屯區逢甲里福星路76區0091_26號燈桿前附近76區0091_26號燈桿前,0,2,111,114,120,50,137,148,163,172,176,181,188,192,196,201,210,215,218,231,24.1822594514048,120.641206589141,2019-05-29 12:05:03,2017-10-11 21:17:00,2017-10-11
3458664,10610AB996B1566,10610AB996B1566,15,66000,TXG,288,2181,66000250013,2,,2017-10-11 10:35:00,10610111035,臺中市龍井區新庄里新庄街一段與新庄街1段96巷口附近與新庄街1段96巷口,0,1,111,112,120,50,126,141,163,172,176,181,188,192,196,206,211,216,218,234,24.1856453135588,120.581345150985,2019-05-29 12:05:03,2017-10-11 10:35:00,2017-10-11
3463260,10610AB691B1678,10610AB691B1678,15,66000,TXG,232,2004,66000060005,2,,2017-10-11 22:33:00,10610112233,臺中市西屯區惠來里臺灣大道三段328號,0,2,111,112,120,40,127,141,163,172,176,181,188,189,193,206,211,216,218,231,24.1728907008972,120.634170300403,2019-05-29 12:05:03,2017-10-11 22:33:00,2017-10-11
3463089,10610AB291B1645,10610AB291B1645,15,66000,TXG,231,1996,66000050033,2,,2017-10-11 18:25:00,10610111825,臺中市北區明新里漢口路三段144號,0,1,111,113,120,50,137,149,163,172,176,179,188,192,196,201,210,216,218,230,0.0,0.0,2019-05-29 12:05:03,2017-10-11 18:25:00,2017-10-11