識別碼,案件編號,交通事故主表,縣市識別碼,縣市代碼,所屬縣市簡碼,鄉縣市區識別碼,村里識別碼,里代碼,事故類(A1、A2...An),處理單位代碼,案件時間(西元),案件時間(民國),發生地點,死亡人數,受傷人數(含2~30日內死亡),天氣識別碼,光線識別碼,道路類別識別碼,速限,道路型態識別碼,事故位置識別碼,路面鋪裝識別碼,路面狀態識別碼,路面缺陷識別碼,障礙物視距識別碼,視距識別碼,號誌種類識別碼,號誌動作識別碼,車道劃分設施-分向設施識別碼,快車道或一般車道間識別碼,快慢車道間識別碼,路面邊線識別碼,事故類型及型態識別碼,緯度,經度,本平台資料更新時間(yyyy-MM-dd HH:mm:ss),資料代表時間(yyyy-MM-dd HH:mm:ss),資料代表日期(yyyy-MM-dd)
3458550,10610AB795B1547,10610AB795B1547,15,66000,TXG,240,2089,66000180008,2,,2017-10-11 08:50:00,10610110850,臺中市大雅區西寶里昌平路四段與前村東路16巷口附近與前村東路16巷口,0,1,111,112,120,50,127,142,163,172,176,181,188,189,193,201,211,216,217,234,0.0,0.0,2019-05-29 12:05:03,2017-10-11 08:50:00,2017-10-11
3462838,10610AB891B1599,10610AB891B1599,15,66000,TXG,247,2241,66000280005,2,,2017-10-11 14:40:00,10610111440,臺中市大里區祥興里中興路二段永東街,0,1,111,112,120,50,126,141,163,172,176,181,188,192,196,205,210,216,218,234,24.1201292456405,120.688480279918,2019-05-29 12:05:03,2017-10-11 14:40:00,2017-10-11
3462806,10610AB591B1596,10610AB591B1596,15,66000,TXG,233,2400,66000080008,2,,2017-10-11 14:00:00,10610111400,臺中市北屯區水景里環中東路景中巷附近景中巷,0,1,111,112,120,50,126,141,163,172,176,181,188,192,196,206,211,216,218,236,0.0,0.0,2019-05-29 12:05:03,2017-10-11 14:00:00,2017-10-11
3462736,10610AB793B1587,10610AB793B1587,15,66000,TXG,239,2077,66000170012,2,,2017-10-11 12:21:00,10610111221,臺中市潭子區新田里豐興路二段52號,0,1,111,112,120,50,137,149,163,172,176,181,188,192,196,199,208,216,217,244,24.2069811863667,120.722395444297,2019-05-29 12:05:03,2017-10-11 12:21:00,2017-10-11
3462679,10610AB491B1578,10610AB491B1578,15,66000,TXG,13,2376,66000070008,2,,2017-10-11 11:35:00,10610111135,臺中市南屯區新生里五權西路環中路,0,2,111,112,120,40,127,141,163,172,176,181,188,190,193,206,211,216,218,230,24.1495769518954,120.623686928779,2019-05-29 12:05:03,2017-10-11 11:35:00,2017-10-11
3463106,10610AB491B1649,10610AB491B1649,15,66000,TXG,13,2390,66000070022,2,,2017-10-11 18:36:00,10610111836,臺中市南屯區惠中里大墩路大墩十一街,0,1,111,112,120,50,127,141,163,172,176,181,188,189,193,206,211,216,218,234,24.1488328391029,120.649832419695,2019-05-29 12:05:03,2017-10-11 18:36:00,2017-10-11
3462983,10610ABA94B1624,10610ABA94B1624,15,66000,TXG,312,2596,66000140008,2,,2017-10-11 17:05:00,10610111705,臺中市梧棲區南簡里大智路一段330巷175號路口附近路口,0,1,111,112,120,50,127,141,163,172,176,181,188,192,196,206,211,216,217,233,0.0,0.0,2019-05-29 12:05:03,2017-10-11 17:05:00,2017-10-11
3458673,10610AB795B1567,10610AB795B1567,15,66000,TXG,240,2092,66000180012,2,,2017-10-11 10:50:00,10610111050,臺中市大雅區上雅里雅環路二段87號,0,2,111,112,120,40,127,142,163,172,176,181,188,192,196,201,211,216,217,234,24.2262661072798,120.652881308647,2019-05-29 12:05:03,2017-10-11 10:50:00,2017-10-11
3462751,10610AB191B1588,10610AB191B1588,15,66000,TXG,230,2336,66000040019,2,,2017-10-11 12:35:00,10610111235,臺中市西區忠誠里精誠三街與精誠二街口附近與精誠二街口,0,1,111,112,120,50,127,141,163,172,176,181,188,192,196,206,211,216,218,233,24.1568715620154,120.657540844368,2019-05-29 12:05:03,2017-10-11 12:35:00,2017-10-11
3463098,10610AB891B1646,10610AB891B1646,15,66000,TXG,245,2190,66000260007,2,,2017-10-11 18:30:00,10610111830,臺中市霧峰區萊園里民生路成功路,0,1,111,114,120,50,126,141,163,172,176,181,188,192,196,206,211,216,218,235,24.0736362214128,120.716775226349,2019-05-29 12:05:03,2017-10-11 18:30:00,2017-10-11
3388541,10610AB491B1527,10610AB491B1527,15,66000,TXG,13,2326,66000070002,2,,2017-10-11 07:50:00,10610110750,臺中市南屯區豐樂里黎明路一段935號,0,1,111,112,120,40,137,148,163,172,176,181,188,192,196,201,211,215,218,235,24.1289021056035,120.633731925379,2019-05-29 12:05:03,2017-10-11 07:50:00,2017-10-11
3463155,10610ABC91B1659,10610ABC91B1659,15,66000,TXG,246,2206,66000270007,2,,2017-10-11 19:21:00,10610111921,臺中市太平區宜欣里祥順路一段與宜昌東路90巷附近與宜昌東路90巷,0,1,111,114,120,50,126,141,163,172,176,181,188,189,193,206,211,216,218,234,0.0,0.0,2019-05-29 12:05:03,2017-10-11 19:21:00,2017-10-11
3458551,10610AB191B1548,10610AB191B1548,15,66000,TXG,230,2334,66000040017,2,,2017-10-11 08:51:00,10610110851,臺中市西區公正里大同街向上路一段口附近向上路一段口,0,1,111,112,120,50,127,141,163,172,176,181,188,189,193,206,211,216,218,235,24.1467137421586,120.653960873419,2019-05-29 12:05:03,2017-10-11 08:51:00,2017-10-11
3462812,10610AB794B1597,10610AB794B1597,15,66000,TXG,238,2050,66000160014,2,,2017-10-11 14:11:00,10610111411,臺中市神岡區新庄里新興路185號,0,1,111,112,120,50,126,149,163,172,176,181,188,192,196,201,208,216,218,235,24.2785385995465,120.649514300922,2019-05-29 12:05:03,2017-10-11 14:11:00,2017-10-11
3463157,10610AB691B1660,10610AB691B1660,15,66000,TXG,232,2006,66000060007,2,,2017-10-11 19:22:00,10610111922,臺中市西屯區逢甲里福星路580號,0,1,111,114,120,50,126,141,163,172,176,181,188,189,193,206,211,216,218,235,24.1822579845259,120.641211718521,2019-05-29 12:05:03,2017-10-11 19:22:00,2017-10-11
3463185,10610ABC91B1664,10610ABC91B1664,15,66000,TXG,246,2224,66000270027,2,,2017-10-11 20:22:00,10610112022,臺中市太平區新興里旱溪西路二段(第30584號路燈桿前)附近(第30584號路燈桿前),0,1,111,114,120,50,137,149,163,172,176,181,188,192,196,201,211,216,217,236,24.1544461070771,120.702433636224,2019-05-29 12:05:03,2017-10-11 20:22:00,2017-10-11
3388527,10610AB891B1525,10610AB891B1525,15,66000,TXG,247,2249,66000280008,2,,2017-10-11 07:45:00,10610110745,臺中市大里區內新里新光路達明路,0,2,111,112,120,50,127,141,163,172,176,181,188,191,193,206,211,216,218,234,24.1111930948141,120.6922719267,2019-05-29 12:05:03,2017-10-11 07:45:00,2017-10-11
3462887,10610AB793B1609,10610AB793B1609,15,66000,TXG,239,2567,66000170007,2,,2017-10-11 15:35:00,10610111535,臺中市潭子區東寶里雅豐街76巷15號,0,2,111,112,120,50,126,141,163,172,176,181,188,192,196,204,211,216,218,235,24.2198107382111,120.694523574302,2019-05-29 12:05:03,2017-10-11 15:35:00,2017-10-11
3462987,10610AB891B1627,10610AB891B1627,15,66000,TXG,247,2249,66000280008,2,,2017-10-11 17:08:00,10610111708,臺中市大里區內新里鐵路街37號,0,1,111,112,120,50,127,142,163,172,176,181,188,189,193,201,211,215,217,230,0.0,0.0,2019-05-29 12:05:03,2017-10-11 17:08:00,2017-10-11
3463181,10610AB691B1662,10610AB691B1662,15,66000,TXG,232,2002,66000060003,2,,2017-10-11 20:11:00,10610112011,臺中市西屯區潮洋里環中路三段800號,0,1,111,112,120,40,126,141,163,172,176,181,188,189,193,206,211,216,218,231,24.1624606018437,120.62838625968,2019-05-29 12:05:03,2017-10-11 20:11:00,2017-10-11
3463044,10610AB691B1638,10610AB691B1638,15,66000,TXG,232,2002,66000060003,2,,2017-10-11 17:55:00,10610111755,臺中市西屯區潮洋里中彰快速道路台74線路燈10-06附近台74線路燈10-06,0,3,111,112,120,80,137,147,163,172,176,181,188,192,196,205,211,216,218,231,0.0,0.0,2019-05-29 12:05:03,2017-10-11 17:55:00,2017-10-11
3462722,10610AB891B1584,10610AB891B1584,15,66000,TXG,247,2260,66000280019,2,,2017-10-11 12:12:00,10610111212,臺中市大里區東湖里中興路一段261號,0,2,111,112,120,50,126,141,163,172,176,181,188,192,196,197,210,215,217,234,24.0911421981806,120.692113637259,2019-05-29 12:05:03,2017-10-11 12:12:00,2017-10-11
3462873,10610ABB91B1605,10610ABB91B1605,15,66000,TXG,287,2138,66000220011,2,,2017-10-11 15:25:00,10610111525,臺中市大安區西安里大安港路東西八路二段,0,1,111,112,120,50,127,141,163,172,176,181,188,191,193,206,211,216,218,230,24.3714674231415,120.60005832312,2019-05-29 12:05:03,2017-10-11 15:25:00,2017-10-11
3458538,10610ABC91B1542,10610ABC91B1542,15,66000,TXG,246,2221,66000270024,2,,2017-10-11 08:45:00,10610110845,臺中市太平區中政里中平路146號,0,1,111,112,120,50,137,149,163,172,176,181,188,192,196,201,211,216,217,234,24.1762703034888,120.662177057513,2019-05-29 12:05:03,2017-10-11 08:45:00,2017-10-11
3458479,10610ABA94B1531,10610ABA94B1531,15,66000,TXG,312,2542,66000140011,2,,2017-10-11 08:01:00,10610110801,臺中市梧棲區大村里港埠路一段近中央路一段623巷口附近近中央路一段623巷口,0,2,111,112,120,40,127,141,163,172,176,181,188,189,193,206,211,216,218,234,0.0,0.0,2019-05-29 12:05:03,2017-10-11 08:01:00,2017-10-11
3458619,10610AB691B1556,10610AB691B1556,15,66000,TXG,232,2001,66000060002,2,,2017-10-11 09:45:00,10610110945,臺中市西屯區西墩里環中路二段與西屯路附近與西屯路,0,1,111,112,120,50,127,141,163,172,176,181,188,189,193,206,211,216,218,234,24.1819225700521,120.635612640643,2019-05-29 12:05:03,2017-10-11 09:45:00,2017-10-11
3462989,10610AB691B1625,10610AB691B1625,15,66000,TXG,232,2320,66000060035,2,,2017-10-11 17:08:00,10610111708,臺中市西屯區福恩里工業區一路66之9號,0,2,111,112,120,50,137,149,163,172,176,181,188,192,196,201,210,216,218,234,24.1777068032227,120.613634658532,2019-05-29 12:05:03,2017-10-11 17:08:00,2017-10-11
3458498,10610ABC91B1536,10610ABC91B1536,15,66000,TXG,246,2234,66000270037,2,,2017-10-11 08:15:00,10610110815,臺中市太平區聖和里長龍路一段492號,0,1,111,112,120,40,137,149,163,172,176,181,188,192,196,201,211,216,217,231,24.1267194635724,120.747687769133,2019-05-29 12:05:03,2017-10-11 08:15:00,2017-10-11
3463202,10610AB891B1666,10610AB891B1666,15,66000,TXG,247,2264,66000280023,2,,2017-10-11 20:55:00,10610112055,臺中市大里區永隆里爽文路793號,0,2,111,114,120,50,137,149,163,172,176,181,188,192,196,201,210,216,217,234,24.1071173112461,120.674723084987,2019-05-29 12:05:03,2017-10-11 20:55:00,2017-10-11
3463203,10610ABA95B1668,10610ABA95B1668,15,66000,TXG,236,2521,66000130009,2,,2017-10-11 20:55:00,10610112055,臺中市沙鹿區竹林里三民路30-1號,0,2,111,114,120,60,126,142,163,172,176,181,188,192,196,197,210,215,217,234,24.2541469654418,120.722344849396,2019-05-29 12:05:03,2017-10-11 20:55:00,2017-10-11
3462843,10610ABB91B1600,10610ABB91B1600,15,66000,TXG,287,2136,66000220009,2,,2017-10-11 14:50:00,10610111450,臺中市大安區福住里東西五路二段南北八路,0,1,111,112,120,50,127,141,163,172,176,181,188,192,196,206,211,216,218,233,24.3809750119359,120.597651645858,2019-05-29 12:05:03,2017-10-11 14:50:00,2017-10-11
3462996,10610AB591B1628,10610AB591B1628,15,66000,TXG,233,2394,66000080001,2,,2017-10-11 17:10:00,10610111710,臺中市北屯區北興里太原路三段516號,0,1,111,112,120,50,126,141,163,172,176,181,188,189,193,206,211,216,218,234,24.1649169527338,120.696461478226,2019-05-29 12:05:03,2017-10-11 17:10:00,2017-10-11
3458496,10610AB391B1534,10610AB391B1534,15,66000,TXG,229,2296,66000030022,2,,2017-10-11 08:14:00,10610110814,臺中市南區崇倫里南屯路一段265號,0,1,111,112,120,40,137,147,163,172,176,181,188,192,196,201,210,215,218,247,24.1342034309177,120.656671074149,2019-05-29 12:05:03,2017-10-11 08:14:00,2017-10-11
3462802,10610AB691B1595,10610AB691B1595,15,66000,TXG,232,2366,66000060014,2,,2017-10-11 13:57:00,10610111357,臺中市西屯區大鵬里河南路二段1號,0,2,111,112,120,50,127,141,163,172,176,181,188,190,193,206,211,216,218,234,24.1684041465967,120.641796086058,2019-05-29 12:05:03,2017-10-11 13:57:00,2017-10-11
3458648,10610ABA95B1564,10610ABA95B1564,15,66000,TXG,236,2525,66000130013,2,,2017-10-11 10:15:00,10610111015,臺中市沙鹿區晉江里晉文路301巷晉江幹82分2桿旁附近晉江幹82分2桿旁,0,1,111,112,120,50,137,149,163,172,176,181,188,192,196,206,211,216,218,234,24.2197071218797,120.58014947806,2019-05-29 12:05:03,2017-10-11 10:15:00,2017-10-11
3388419,10610AB291B1508,10610AB291B1508,15,66000,TXG,231,2354,66000050012,2,,2017-10-11 03:58:00,10610110358,臺中市北區邱厝里中清路一段228號,0,1,110,114,120,50,137,147,163,172,176,181,188,192,196,197,210,215,218,221,24.160197034661,120.675530916533,2019-05-29 12:05:03,2017-10-11 03:58:00,2017-10-11
3458695,10610AB691B1569,10610AB691B1569,15,66000,TXG,232,2001,66000060002,2,,2017-10-11 11:18:00,10610111118,臺中市西屯區西墩里環中路福科路,0,2,111,112,120,50,127,141,163,172,176,181,188,190,193,206,211,216,218,234,24.1794954342048,120.634840874813,2019-05-29 12:05:03,2017-10-11 11:18:00,2017-10-11
3462701,10610AB291B1581,10610AB291B1581,15,66000,TXG,231,2354,66000050012,2,,2017-10-11 11:56:00,10610111156,臺中市北區邱厝里三民路與五權路(口)附近與五權路(口),0,1,111,112,120,50,128,141,163,172,176,181,188,189,193,201,210,215,218,234,24.1547110302065,120.686165211222,2019-05-29 12:05:03,2017-10-11 11:56:00,2017-10-11
3463102,10610ABB91B1647,10610ABB91B1647,15,66000,TXG,286,2499,66000110020,2,,2017-10-11 18:34:00,10610111834,臺中市大甲區頂店里中山路一段1191號,0,2,111,114,120,50,137,148,163,172,176,181,188,192,196,201,211,215,217,220,24.2575048502713,120.667373855795,2019-05-29 12:05:03,2017-10-11 18:34:00,2017-10-11
3388435,10610AB591B1509,10610AB591B1509,15,66000,TXG,233,2031,66000080032,2,,2017-10-11 06:32:00,10610110632,臺中市北屯區松強里松竹路一段松安街,0,1,111,112,120,50,127,141,163,172,176,181,188,189,193,206,211,216,218,231,24.1817459114031,120.722853005436,2019-05-29 12:05:03,2017-10-11 06:32:00,2017-10-11
3388543,10610ABC91B1528,10610ABC91B1528,15,66000,TXG,246,2208,66000270009,2,,2017-10-11 07:50:00,10610110750,臺中市太平區坪林里中山路二段與中山路二段32巷附近與中山路二段32巷,0,2,111,112,120,50,128,141,163,172,176,181,188,189,193,206,211,216,218,234,24.1467296889544,120.734235263418,2019-05-29 12:05:03,2017-10-11 07:50:00,2017-10-11
3463065,10610ABC91B1642,10610ABC91B1642,15,66000,TXG,246,2225,66000270028,2,,2017-10-11 18:07:00,10610111807,臺中市太平區新高里環中東路三段近育才路附近近育才路,0,1,111,114,120,50,137,148,163,172,176,181,188,192,196,197,211,212,218,236,24.150983117047,120.714911692089,2019-05-29 12:05:03,2017-10-11 18:07:00,2017-10-11
3388416,10610AB995B1507,10610AB995B1507,15,66000,TXG,288,2169,66000250001,2,,2017-10-11 03:42:00,10610110342,臺中市龍井區竹坑里中華路一段茄投路一段,0,3,111,114,120,70,127,141,163,172,176,181,188,189,193,206,211,216,218,233,24.1758342165566,120.543311434486,2019-05-29 12:05:03,2017-10-11 03:42:00,2017-10-11
3463274,10610AB591B1680,10610AB591B1680,15,66000,TXG,233,2407,66000080035,2,,2017-10-11 23:24:00,10610112324,臺中市北屯區平心里旅順路二段78號旁附近78號旁,0,1,111,114,120,50,126,141,163,172,176,177,188,192,196,206,211,216,218,236,24.1736421982813,120.693927602377,2019-05-29 12:05:03,2017-10-11 23:24:00,2017-10-11
3458524,10610AB591B1541,10610AB591B1541,15,66000,TXG,233,2398,66000080006,2,,2017-10-11 08:32:00,10610110832,臺中市北屯區東光里東山路一段133號,0,1,111,112,120,50,126,142,163,172,176,181,188,192,196,201,211,216,218,230,24.1697327964586,120.703551404227,2019-05-29 12:05:03,2017-10-11 08:32:00,2017-10-11
3463107,10610AB795B1650,10610AB795B1650,15,66000,TXG,240,2083,66000180002,2,,2017-10-11 18:36:00,10610111836,臺中市大雅區員林里神林路一段49巷口附近49巷口,0,1,111,114,120,50,127,141,163,172,176,181,188,189,193,206,211,216,218,234,24.2306681984581,120.651702808422,2019-05-29 12:05:03,2017-10-11 18:36:00,2017-10-11
3463212,10610ABB91B1672,10610ABB91B1672,15,66000,TXG,286,2496,66000110017,2,,2017-10-11 21:05:00,10610112105,臺中市大甲區奉化里大智街和平路,0,2,111,114,120,50,127,141,163,172,176,181,188,191,193,206,211,216,218,221,24.355939947298,120.622260921523,2019-05-29 12:05:03,2017-10-11 21:05:00,2017-10-11
3458549,10610AB391B1546,10610AB391B1546,15,66000,TXG,229,2287,66000030013,2,,2017-10-11 08:50:00,10610110850,臺中市南區樹德里文心南路548號,0,2,111,112,120,50,126,141,163,172,176,181,188,192,196,199,211,216,218,234,24.119344906957,120.651504202062,2019-05-29 12:05:03,2017-10-11 08:50:00,2017-10-11
3462699,10610AB793B1580,10610AB793B1580,15,66000,TXG,239,2565,66000170005,2,,2017-10-11 11:55:00,10610111155,臺中市潭子區頭家里頭張路一段得才街,0,1,111,112,120,40,127,141,163,172,176,181,188,189,193,205,210,216,217,234,24.1944306688469,120.699694702889,2019-05-29 12:05:03,2017-10-11 11:55:00,2017-10-11
3388442,10610AB795B1510,10610AB795B1510,15,66000,TXG,240,2083,66000180002,2,,2017-10-11 06:46:00,10610110646,臺中市大雅區員林里中清路四段雅秀路,0,2,111,112,120,50,126,141,163,172,176,181,188,189,193,206,211,216,218,230,24.2290900401163,120.642321908455,2019-05-29 12:05:03,2017-10-11 06:46:00,2017-10-11
3463125,10610AB391B1652,10610AB391B1652,15,66000,TXG,228,2076,66000020016,2,,2017-10-11 18:55:00,10610111855,臺中市東區東信里振興路東英路,0,1,111,112,120,50,126,141,163,172,176,181,188,189,193,206,211,216,218,234,24.1310922369661,120.703668865934,2019-05-29 12:05:03,2017-10-11 18:55:00,2017-10-11
3458563,10610AB691B1552,10610AB691B1552,15,66000,TXG,232,2371,66000060019,2,,2017-10-11 08:59:00,10610110859,臺中市西屯區福安里臺灣大道四段福元路,0,1,111,112,120,60,126,141,163,172,176,181,188,192,196,206,211,216,218,234,24.1740379713094,120.632661151761,2019-05-29 12:05:03,2017-10-11 08:59:00,2017-10-11
3458640,10610AB191B1559,10610AB191B1559,15,66000,TXG,227,2054,66000010002,2,,2017-10-11 10:04:00,10610111004,臺中市中區大墩里三民路二段137號,0,1,111,112,120,50,137,149,163,172,176,181,188,192,196,201,210,216,218,231,24.1432318485867,120.680388357911,2019-05-29 12:05:03,2017-10-11 10:04:00,2017-10-11
3463280,10610AB291B1681,10610AB291B1681,15,66000,TXG,231,2363,66000050021,2,,2017-10-11 23:43:00,10610112343,臺中市北區健行里中清路一段與梅亭街口附近與梅亭街口,0,2,111,112,120,50,127,144,163,172,176,181,188,189,193,206,211,216,218,231,24.1604186457009,120.675343732465,2019-05-29 12:05:03,2017-10-11 23:43:00,2017-10-11
3463002,10610AB591B1629,10610AB591B1629,15,66000,TXG,233,2402,66000080010,2,,2017-10-11 17:13:00,10610111713,臺中市北屯區和平里祥順東路二段軍福十三路,0,1,111,113,120,50,127,141,163,172,176,181,188,189,193,206,211,216,218,234,24.170482720703,120.729203208927,2019-05-29 12:05:03,2017-10-11 17:13:00,2017-10-11
3463140,10610AB391B1654,10610AB391B1654,15,66000,TXG,229,2296,66000030022,2,,2017-10-11 19:08:00,10610111908,臺中市南區崇倫里忠明南路崇倫街,0,2,111,114,120,50,127,141,163,172,176,181,188,189,193,197,208,215,218,233,24.1289748187256,120.657771761381,2019-05-29 12:05:03,2017-10-11 19:08:00,2017-10-11
3388409,10610AB891B1505,10610AB891B1505,15,66000,TXG,247,2258,66000280017,2,,2017-10-11 01:50:00,10610110150,臺中市大里區瑞城里瑞和街135巷15號,0,1,111,114,120,40,137,149,163,172,176,181,188,192,196,206,211,216,218,231,24.0870700514945,120.704758166036,2019-05-29 12:05:03,2017-10-11 01:50:00,2017-10-11
3462922,10610ABA95B1613,10610ABA95B1613,15,66000,TXG,236,2526,66000130014,2,,2017-10-11 16:10:00,10610111610,臺中市沙鹿區六路里平等路平等八街,0,1,111,112,120,50,126,141,163,172,176,181,188,192,196,206,211,216,218,234,24.219058020988,120.573964856622,2019-05-29 12:05:03,2017-10-11 16:10:00,2017-10-11
3462724,10610AB794B1585,10610AB794B1585,15,66000,TXG,238,2038,66000160002,2,,2017-10-11 12:14:00,10610111214,臺中市神岡區庄前里神林路大雅區大林路口附近大雅區大林路口,0,1,111,112,120,50,126,142,163,172,176,181,188,189,193,201,211,215,218,234,24.2537862662899,120.659965510153,2019-05-29 12:05:03,2017-10-11 12:14:00,2017-10-11
3463024,10610AB391B1633,10610AB391B1633,15,66000,TXG,228,2071,66000020011,2,,2017-10-11 17:33:00,10610111733,臺中市東區東南里南京東路一段330號,0,1,111,113,120,50,126,141,163,172,176,181,188,192,196,206,211,216,218,235,24.1455966125804,120.696991313172,2019-05-29 12:05:03,2017-10-11 17:33:00,2017-10-11
3463225,10610ABB91B1674,10610ABB91B1674,15,66000,TXG,286,2482,66000110003,2,,2017-10-11 21:20:00,10610112120,臺中市大甲區順天里三民路光明路,0,1,111,112,120,50,127,141,163,172,176,181,188,191,193,206,211,216,218,234,24.3508375469295,120.622806627474,2019-05-29 12:05:03,2017-10-11 21:20:00,2017-10-11
3458487,10610AB691B1533,10610AB691B1533,15,66000,TXG,232,2319,66000060034,2,,2017-10-11 08:06:00,10610110806,臺中市西屯區福中里中工二路85號,0,2,111,112,120,50,138,149,163,172,176,181,188,192,196,201,211,216,218,234,24.1798628671917,120.616324678798,2019-05-29 12:05:03,2017-10-11 08:06:00,2017-10-11
3462976,10610AB793B1621,10610AB793B1621,15,66000,TXG,239,2563,66000170003,2,,2017-10-11 17:00:00,10610111700,臺中市潭子區潭北里中山路三段10號,0,1,111,112,120,60,127,141,163,172,176,181,188,189,193,204,209,215,217,234,24.1069816500545,120.606014603827,2019-05-29 12:05:03,2017-10-11 17:00:00,2017-10-11
3462868,10610AB891B1604,10610AB891B1604,15,66000,TXG,247,2262,66000280021,2,,2017-10-11 15:20:00,10610111520,臺中市大里區國光里德芳南路215號,0,1,111,112,120,60,137,152,163,172,176,181,188,192,196,197,208,215,217,235,24.1020422321784,120.687810094663,2019-05-29 12:05:03,2017-10-11 15:20:00,2017-10-11
3463074,10610AB591B1643,10610AB591B1643,15,66000,TXG,233,2016,66000080017,2,,2017-10-11 18:16:00,10610111816,臺中市北屯區仁和里崇德十路一段409號,0,1,111,114,120,50,137,147,163,172,176,181,188,192,196,205,211,216,218,231,24.1882571234178,120.685426775952,2019-05-29 12:05:03,2017-10-11 18:16:00,2017-10-11
3458700,10610AB891B1573,10610AB891B1573,15,66000,TXG,247,2241,66000280005,2,,2017-10-11 11:23:00,10610111123,臺中市大里區祥興里中興路二段860號,0,1,111,112,120,50,126,141,163,172,176,181,188,189,193,201,211,215,218,234,24.1212379289422,120.686370536988,2019-05-29 12:05:03,2017-10-11 11:23:00,2017-10-11
3462832,10610ABA93B1598,10610ABA93B1598,15,66000,TXG,311,0,66000120000,2,,2017-10-11 14:35:00,10610111435,臺中市清水區鰲峰路383-2號,0,2,111,112,120,50,126,142,163,172,176,181,188,192,196,200,211,216,218,231,24.2665817373809,120.558057637321,2019-05-29 12:05:03,2017-10-11 14:35:00,2017-10-11
3463143,10610ABC91B1656,10610ABC91B1656,15,66000,TXG,246,2235,66000270038,2,,2017-10-11 19:10:00,10610111910,臺中市太平區福隆里光興路太堤東路,0,4,111,114,120,50,126,141,163,172,176,181,188,189,193,206,211,216,218,234,24.1299525706832,120.735920407495,2019-05-29 12:05:03,2017-10-11 19:10:00,2017-10-11
3462852,10610AB191B1601,10610AB191B1601,15,66000,TXG,230,0,66000040000,2,,2017-10-11 14:57:00,10610111457,臺中市西區民生路200號附近200號,0,2,111,112,120,50,126,141,163,172,176,181,188,192,196,205,211,216,218,235,24.2428424611157,120.675770325815,2019-05-29 12:05:03,2017-10-11 14:57:00,2017-10-11
3388454,10610AB891B1513,10610AB891B1513,15,66000,TXG,247,2239,66000280003,2,,2017-10-11 07:00:00,10610110700,臺中市大里區樹王里樹王路50號,0,2,111,112,120,50,127,147,163,172,176,181,188,190,193,200,211,215,218,231,24.1027258401932,120.675366154644,2019-05-29 12:05:03,2017-10-11 07:00:00,2017-10-11
3463105,10610AB591B1648,10610AB591B1648,15,66000,TXG,233,2016,66000080017,2,,2017-10-11 18:35:00,10610111835,臺中市北屯區仁和里崇德路昌平路,0,1,111,114,120,50,128,141,163,172,176,181,188,189,193,206,211,216,218,230,24.1887274810905,120.686281808543,2019-05-29 12:05:03,2017-10-11 18:35:00,2017-10-11
3462869,10610AB491B1603,10610AB491B1603,15,66000,TXG,13,2390,66000070022,2,,2017-10-11 15:20:00,10610111520,臺中市南屯區惠中里公益路大英街,0,1,111,112,120,50,127,141,163,172,176,181,188,190,193,206,211,216,218,234,24.1508786651548,120.648713092694,2019-05-29 12:05:03,2017-10-11 15:20:00,2017-10-11
3388447,10610ABA93B1512,10610ABA93B1512,15,66000,TXG,311,214,66000120013,2,,2017-10-11 06:55:00,10610110655,臺中市清水區秀水里中清路九段五權南路,0,1,111,112,120,40,127,141,163,172,176,181,188,189,193,206,211,216,218,234,24.2732108070669,120.558393079988,2019-05-29 12:05:03,2017-10-11 06:55:00,2017-10-11
3463207,10610AB291B1669,10610AB291B1669,15,66000,TXG,231,2363,66000050021,2,,2017-10-11 21:00:00,10610112100,臺中市北區健行里西屯路健行路口附近健行路口,0,2,111,114,120,50,127,142,163,172,176,181,188,189,193,206,211,216,218,235,24.1592248534555,120.666233054667,2019-05-29 12:05:03,2017-10-11 21:00:00,2017-10-11
3458708,10610AB191B1574,10610AB191B1574,15,66000,TXG,227,2057,66000010005,2,,2017-10-11 11:25:00,10610111125,臺中市中區光復里民族路與平等街口附近與平等街口,0,1,111,112,120,50,127,141,163,172,176,181,188,191,193,206,211,216,218,233,24.1400175178427,120.679111021134,2019-05-29 12:05:03,2017-10-11 11:25:00,2017-10-11
3458642,10610ABC91B1560,10610ABC91B1560,15,66000,TXG,246,2216,66000270018,2,,2017-10-11 10:06:00,10610111006,臺中市太平區德隆里光德路德興街,0,1,111,112,120,50,126,149,163,172,176,181,188,189,193,201,211,216,217,234,24.1034389330063,120.722566154635,2019-05-29 12:05:03,2017-10-11 10:06:00,2017-10-11
3462904,10610ABB93B1610,10610ABB93B1610,15,66000,TXG,237,2033,66000150015,2,,2017-10-11 15:50:00,10610111550,臺中市后里區泰安里福興路(泰安幹33)附近(泰安幹33),0,3,111,112,120,40,126,141,163,172,176,181,185,192,196,205,211,216,217,234,24.3225814611279,120.747472283146,2019-05-29 12:05:03,2017-10-11 15:50:00,2017-10-11
3462933,10610ABB91B1616,10610ABB91B1616,15,66000,TXG,286,2487,66000110008,2,,2017-10-11 16:20:00,10610111620,臺中市大甲區岷山里德興路10號,0,1,111,112,120,50,137,149,163,172,176,181,188,192,196,201,211,216,217,227,24.3508904225088,120.623949428561,2019-05-29 12:05:03,2017-10-11 16:20:00,2017-10-11