識別碼,案件編號,交通事故主表,縣市識別碼,縣市代碼,所屬縣市簡碼,鄉縣市區識別碼,村里識別碼,里代碼,事故類(A1、A2...An),處理單位代碼,案件時間(西元),案件時間(民國),發生地點,死亡人數,受傷人數(含2~30日內死亡),天氣識別碼,光線識別碼,道路類別識別碼,速限,道路型態識別碼,事故位置識別碼,路面鋪裝識別碼,路面狀態識別碼,路面缺陷識別碼,障礙物視距識別碼,視距識別碼,號誌種類識別碼,號誌動作識別碼,車道劃分設施-分向設施識別碼,快車道或一般車道間識別碼,快慢車道間識別碼,路面邊線識別碼,事故類型及型態識別碼,緯度,經度,本平台資料更新時間(yyyy-MM-dd HH:mm:ss),資料代表時間(yyyy-MM-dd HH:mm:ss),資料代表日期(yyyy-MM-dd)
3462855,10610AB291B1602,10610AB291B1602,15,66000,TXG,231,2350,66000050008,2,,2017-10-11 15:00:00,10610111500,臺中市北區建成里東光二街與東光三街口附近與東光三街口,0,1,111,112,120,40,126,141,163,172,176,181,188,192,196,206,211,216,218,235,24.1530883906487,120.699556388504,2019-05-29 12:05:03,2017-10-11 15:00:00,2017-10-11
3458542,10610AB891B1544,10610AB891B1544,15,66000,TXG,247,2253,66000280012,2,,2017-10-11 08:46:00,10610110846,臺中市大里區大元里大里橋路大里橋北端附近大里橋北端,0,2,111,112,120,50,137,149,163,172,176,181,188,192,196,199,210,216,217,234,0.0,0.0,2019-05-29 12:05:03,2017-10-11 08:46:00,2017-10-11
3458552,10610AB191B1549,10610AB191B1549,15,66000,TXG,230,2329,66000040012,2,,2017-10-11 08:53:00,10610110853,臺中市西區後龍里梅川西路一段86號附近86號,0,1,111,112,120,50,137,147,163,172,173,177,188,192,196,197,210,215,218,236,24.1487131769058,120.670955103982,2019-05-29 12:05:03,2017-10-11 08:53:00,2017-10-11
3458627,10610AB491B1558,10610AB491B1558,15,66000,TXG,13,2378,66000070010,2,,2017-10-11 09:50:00,10610110950,臺中市南屯區三厝里黎明路二段與三厝東一巷口附近與三厝東一巷口,0,2,111,112,120,40,128,141,163,172,176,181,188,189,193,206,211,216,218,234,0.0,0.0,2019-05-29 12:05:03,2017-10-11 09:50:00,2017-10-11
3462780,10610AB591B1590,10610AB591B1590,15,66000,TXG,233,2402,66000080010,2,,2017-10-11 13:21:00,10610111321,臺中市北屯區和平里軍福九路和福路,0,1,111,112,120,50,126,141,163,172,176,181,188,192,196,206,211,216,218,234,24.1695951808994,120.723533617285,2019-05-29 12:05:03,2017-10-11 13:21:00,2017-10-11
3462732,10610AB691B1586,10610AB691B1586,15,66000,TXG,232,2006,66000060007,2,,2017-10-11 12:19:00,10610111219,臺中市西屯區逢甲里福星路693之1號,0,1,111,112,120,50,126,147,163,172,176,181,188,192,196,201,211,215,218,235,24.1822560587352,120.641203597751,2019-05-29 12:05:03,2017-10-11 12:19:00,2017-10-11
3462784,10610AB691B1592,10610AB691B1592,15,66000,TXG,232,2369,66000060017,2,,2017-10-11 13:24:00,10610111324,臺中市西屯區林厝里國安二路(燈桿02616)附近(燈桿02616),0,1,111,112,120,50,137,148,163,172,176,181,188,192,196,201,210,215,218,234,24.1926268446804,120.612617589648,2019-05-29 12:05:03,2017-10-11 13:24:00,2017-10-11
3462980,10610AB291B1622,10610AB291B1622,15,66000,TXG,231,2347,66000050005,2,,2017-10-11 17:01:00,10610111701,臺中市北區新北里三民路與育才北路口附近與育才北路口,0,1,111,112,120,50,127,142,163,172,176,181,188,190,193,206,211,216,218,234,24.152803035944,120.685314151802,2019-05-29 12:05:03,2017-10-11 17:01:00,2017-10-11
3463243,10610AB891B1676,10610AB891B1676,15,66000,TXG,245,2185,66000260002,2,,2017-10-11 22:12:00,10610112212,臺中市霧峰區吉峰里吉峰路吉峰東路,0,2,111,114,120,50,127,149,163,172,173,181,188,189,193,206,211,216,218,230,24.0772289965524,120.713254839601,2019-05-29 12:05:03,2017-10-11 22:12:00,2017-10-11
3462977,10610AB291B1620,10610AB291B1620,15,66000,TXG,231,2363,66000050021,2,,2017-10-11 17:00:00,10610111700,臺中市北區健行里忠太東路與忠明七街口附近與忠明七街口,0,1,111,112,120,50,127,141,163,172,176,181,188,191,193,206,211,216,218,233,24.1637869837901,120.669195163575,2019-05-29 12:05:03,2017-10-11 17:00:00,2017-10-11
3458701,10610AB291B1572,10610AB291B1572,15,66000,TXG,231,2360,66000050018,2,,2017-10-11 11:23:00,10610111123,臺中市北區淡溝里西屯路英才路附近英才路,0,1,111,112,120,50,127,141,163,172,176,181,188,189,193,206,211,216,218,234,24.1553054530515,120.66910207503,2019-05-29 12:05:03,2017-10-11 11:23:00,2017-10-11
3462672,10610AB191B1576,10610AB191B1576,15,66000,TXG,230,2336,66000040019,2,,2017-10-11 11:30:00,10610111130,臺中市西區忠誠里精誠路精誠路50巷,0,2,111,112,120,50,127,141,163,172,176,181,188,192,196,201,211,216,218,233,24.1563209231013,120.656610316639,2019-05-29 12:05:03,2017-10-11 11:30:00,2017-10-11
3458618,10610AB691B1557,10610AB691B1557,15,66000,TXG,232,2321,66000060036,2,,2017-10-11 09:45:00,10610110945,臺中市西屯區福聯里福順路東大路936巷,0,1,111,112,120,50,126,141,163,172,176,181,188,192,196,206,211,216,218,234,24.1847763527111,120.615432162425,2019-05-29 12:05:03,2017-10-11 09:45:00,2017-10-11
3462981,10610ABC91B1623,10610ABC91B1623,15,66000,TXG,246,2211,66000270012,2,,2017-10-11 17:03:00,10610111703,臺中市太平區新光里新福路新福十六街,0,1,111,113,120,50,127,141,163,172,176,181,188,190,193,206,211,216,218,230,24.153233774268,120.703656187941,2019-05-29 12:05:03,2017-10-11 17:03:00,2017-10-11
3458515,10610AB794B1540,10610AB794B1540,15,66000,TXG,238,2041,66000160005,2,,2017-10-11 08:26:00,10610110826,臺中市神岡區社口里中山路742巷,0,2,111,112,120,50,127,141,163,172,176,181,188,189,193,206,211,215,218,230,24.2473587618907,120.681401948543,2019-05-29 12:05:03,2017-10-11 08:26:00,2017-10-11
3463248,10610ABC91B1677,10610ABC91B1677,15,66000,TXG,246,2211,66000270012,2,,2017-10-11 22:15:00,10610112215,臺中市太平區新光里樹德五街15號,0,2,111,114,120,50,127,142,163,172,176,181,188,192,196,201,211,216,218,229,24.1541838414273,120.711049038405,2019-05-29 12:05:03,2017-10-11 22:15:00,2017-10-11
3463144,10610AB793B1657,10610AB793B1657,15,66000,TXG,239,2567,66000170007,2,,2017-10-11 19:12:00,10610111912,臺中市潭子區東寶里大豐路一段326號,0,1,111,114,120,50,127,141,163,172,176,181,188,189,193,206,211,216,218,233,24.2155814922033,120.691051682141,2019-05-29 12:05:03,2017-10-11 19:12:00,2017-10-11
3463041,10610ABA93B1637,10610ABA93B1637,15,66000,TXG,311,215,66000120014,2,,2017-10-11 17:50:00,10610111750,臺中市清水區武鹿里中清路九段中央路,0,1,111,113,120,60,127,141,163,172,176,181,188,189,193,197,210,212,218,235,24.2754046114821,120.553301854848,2019-05-29 12:05:03,2017-10-11 17:50:00,2017-10-11
3462783,10610AB291B1591,10610AB291B1591,15,66000,TXG,231,2363,66000050021,2,,2017-10-11 13:24:00,10610111324,臺中市北區健行里梅亭街華富街附近華富街,0,1,111,112,120,50,127,141,163,172,176,181,188,192,196,206,211,216,218,233,24.1604186036673,120.666750504219,2019-05-29 12:05:03,2017-10-11 13:24:00,2017-10-11
3462719,10610AB891B1583,10610AB891B1583,15,66000,TXG,247,2255,66000280014,2,,2017-10-11 12:10:00,10610111210,臺中市大里區仁化里立善橋路上附近上,0,1,111,112,120,40,129,149,163,172,176,181,188,192,196,199,210,216,217,231,0.0,0.0,2019-05-29 12:05:03,2017-10-11 12:10:00,2017-10-11
3463060,10610AB793B1640,10610AB793B1640,15,66000,TXG,239,2564,66000170004,2,,2017-10-11 18:03:00,10610111803,臺中市潭子區福仁里中山路一段430號,0,2,111,114,120,60,137,148,163,172,176,181,188,192,196,205,210,215,217,231,24.3362189638103,120.616483420196,2019-05-29 12:05:03,2017-10-11 18:03:00,2017-10-11
3458561,10610AB391B1550,10610AB391B1550,15,66000,TXG,228,2064,66000020004,2,,2017-10-11 08:58:00,10610110858,臺中市東區東興里大智路359號,0,1,111,112,120,50,127,141,163,172,176,181,188,191,193,206,211,216,218,230,24.1286154580006,120.690321353386,2019-05-29 12:05:03,2017-10-11 08:58:00,2017-10-11
3458693,10610AB691B1568,10610AB691B1568,15,66000,TXG,232,2004,66000060005,2,,2017-10-11 11:16:00,10610111116,臺中市西屯區惠來里文心路三段13號旁附近旁,0,1,111,112,120,50,126,141,163,172,176,181,188,192,196,206,211,216,218,230,24.163377812954,120.649846006911,2019-05-29 12:05:03,2017-10-11 11:16:00,2017-10-11
3388403,10610AB691B1503,10610AB691B1503,15,66000,TXG,232,2000,66000060001,2,,2017-10-11 00:25:00,10610110025,臺中市西屯區西安里福星北路59號,0,1,111,114,120,50,127,141,163,172,176,181,188,189,193,206,211,216,218,230,24.1849343420208,120.644596438452,2019-05-29 12:05:03,2017-10-11 00:25:00,2017-10-11
3462673,10610AB891B1577,10610AB891B1577,15,66000,TXG,245,2198,66000260019,2,,2017-10-11 11:30:00,10610111130,臺中市霧峰區北勢里中投東路二段36號,0,1,111,112,123,40,137,152,163,172,176,179,188,192,196,197,211,215,217,231,24.0494408673431,120.663672691519,2019-05-29 12:05:03,2017-10-11 11:30:00,2017-10-11
3458500,10610AB691B1535,10610AB691B1535,15,66000,TXG,232,2371,66000060019,2,,2017-10-11 08:15:00,10610110815,臺中市西屯區福安里福安路55巷安和路附近安和路,0,1,111,112,120,50,127,141,163,172,176,181,188,191,193,206,211,216,218,234,24.1827665849312,120.623266659288,2019-05-29 12:05:03,2017-10-11 08:15:00,2017-10-11
3458544,10610AB491B1545,10610AB491B1545,15,66000,TXG,13,2376,66000070008,2,,2017-10-11 08:47:00,10610110847,臺中市南屯區新生里五權西路龍德路,0,2,111,112,120,50,126,141,163,172,176,181,188,192,196,197,210,216,218,234,24.1493726854326,120.624177866545,2019-05-29 12:05:03,2017-10-11 08:47:00,2017-10-11
3463199,10610AB591B1665,10610AB591B1665,15,66000,TXG,233,2024,66000080025,2,,2017-10-11 20:51:00,10610112051,臺中市北屯區新平里中清路二段777號,0,2,111,114,120,50,137,148,163,172,176,181,188,192,196,197,210,215,218,234,24.1869168382135,120.663288011923,2019-05-29 12:05:03,2017-10-11 20:51:00,2017-10-11
3502132,10610AB891B1850,10610AB891B1850,15,66000,TXG,247,2253,66000280012,2,,2017-10-12 23:30:00,10610122330,臺中市大里區大元里大里橋路北端附近北端,0,1,111,114,120,50,127,141,163,172,176,181,188,189,193,206,211,216,218,230,0.0,0.0,2019-05-29 12:05:03,2017-10-12 23:30:00,2017-10-12
3501646,10610AB691B1746,10610AB691B1746,15,66000,TXG,232,2366,66000060014,2,,2017-10-12 11:48:00,10610121148,臺中市西屯區大鵬里皇城街21號,0,1,111,112,120,50,137,149,163,172,176,181,188,192,196,205,210,215,218,235,24.1758067597139,120.661846507517,2019-05-29 12:05:03,2017-10-12 11:48:00,2017-10-12
3502089,10610ABA95B1843,10610ABA95B1843,15,66000,TXG,236,2525,66000130013,2,,2017-10-12 21:45:00,10610122145,臺中市沙鹿區晉江里臺灣大道路七段38號,0,2,111,114,120,40,137,148,163,172,176,181,188,192,196,197,210,212,217,247,0.0,0.0,2019-05-29 12:05:03,2017-10-12 21:45:00,2017-10-12
3501738,10610AB391B1770,10610AB391B1770,15,66000,TXG,229,2279,66000030005,2,,2017-10-12 14:07:00,10610121407,臺中市南區積善里國光路中興大學側門前附近中興大學側門前,0,2,111,112,120,40,137,148,163,172,176,181,188,192,196,199,208,215,218,235,24.1266677521287,120.679245978159,2019-05-29 12:05:03,2017-10-12 14:07:00,2017-10-12
3501769,10610ABA95B1780,10610ABA95B1780,15,66000,TXG,236,2514,66000130002,2,,2017-10-12 14:49:00,10610121449,臺中市沙鹿區洛泉里鎮政路日新街口附近日新街口,0,1,111,112,120,50,127,141,163,172,176,181,188,192,196,206,211,216,218,233,24.2362262926657,120.5666439117,2019-05-29 12:05:03,2017-10-12 14:49:00,2017-10-12
3501626,10610A2AZKB0020,10610A2AZKB0020,15,66000,TXG,232,0,66000060000,2,,2017-10-12 11:30:00,10610121130,臺中市西屯區東大路敬德街口附近,0,1,111,112,120,40,127,142,163,172,176,181,188,189,193,197,207,212,217,230,0.0,0.0,2019-05-29 12:05:03,2017-10-12 11:30:00,2017-10-12
3501868,10610AB891B1798,10610AB891B1798,15,66000,TXG,245,2196,66000260017,2,,2017-10-12 17:01:00,10610121701,臺中市霧峰區六股里丁台路六股路,0,1,111,112,120,50,128,149,163,172,176,181,188,189,193,201,208,216,217,229,24.0491774480269,120.675674880808,2019-05-29 12:05:03,2017-10-12 17:01:00,2017-10-12
3501689,10610AB691B1759,10610AB691B1759,15,66000,TXG,232,2005,66000060006,2,,2017-10-12 12:37:00,10610121237,臺中市西屯區上石里西屯路上石路,0,3,111,112,120,50,126,141,163,172,176,181,188,189,193,206,211,216,218,234,24.1710271720755,120.646787986205,2019-05-29 12:05:03,2017-10-12 12:37:00,2017-10-12
3501720,10610AB891B1766,10610AB891B1766,15,66000,TXG,247,2264,66000280023,2,,2017-10-12 13:35:00,10610121335,臺中市大里區永隆里永隆二街永明街,0,1,111,112,120,50,127,141,163,172,176,181,188,192,196,206,211,216,218,234,24.1061583376892,120.676191318225,2019-05-29 12:05:03,2017-10-12 13:35:00,2017-10-12
3501855,10610ABA94B1794,10610ABA94B1794,15,66000,TXG,312,2545,66000140014,2,,2017-10-12 16:46:00,10610121646,臺中市梧棲區永安里永興路一段永興路一段546巷,0,1,111,112,120,40,127,141,163,172,176,181,188,192,196,206,211,216,218,233,24.2255260350781,120.536916838094,2019-05-29 12:05:03,2017-10-12 16:46:00,2017-10-12
3501890,10610AB291B1802,10610AB291B1802,15,66000,TXG,231,2365,66000050023,2,,2017-10-12 17:20:00,10610121720,臺中市北區長青里太原路一段392之1號,0,2,111,113,120,50,126,142,163,172,176,181,188,192,196,197,210,215,218,235,24.1604353250331,120.659300780388,2019-05-29 12:05:03,2017-10-12 17:20:00,2017-10-12
3501679,10610AB994B1756,10610AB994B1756,15,66000,TXG,244,2159,66000240008,2,,2017-10-12 12:24:00,10610121224,臺中市大肚區大肚里自由路近華南路附近近華南路,0,2,111,112,120,70,137,147,163,172,176,181,188,192,196,197,210,215,217,231,24.1430445709681,120.548470315898,2019-05-29 12:05:03,2017-10-12 12:24:00,2017-10-12
3463379,10610ABA93B1702,10610ABA93B1702,15,66000,TXG,311,226,66000120020,2,,2017-10-12 07:42:00,10610120742,臺中市清水區高東里三美路三號圳產業道路,0,1,111,112,120,50,127,141,163,172,176,181,188,192,196,206,211,216,218,234,24.2894275532331,120.574173175358,2019-05-29 12:05:03,2017-10-12 07:42:00,2017-10-12
3463293,10610AB291B1686,10610AB291B1686,15,66000,TXG,231,2343,66000050001,2,,2017-10-12 01:03:00,10610120103,臺中市北區光大里五權路與太平路口附近與太平路口,0,1,111,112,120,50,127,141,163,172,176,181,188,189,193,206,211,216,218,233,24.1516249605697,120.678113611986,2019-05-29 12:05:03,2017-10-12 01:03:00,2017-10-12
3501672,10610AB891B1755,10610AB891B1755,15,66000,TXG,245,2191,66000260008,2,,2017-10-12 12:15:00,10610121215,臺中市霧峰區本堂里樹仁路育成路,0,1,111,112,120,50,127,141,163,172,176,181,188,189,193,206,211,216,218,234,24.059621560762,120.696377818962,2019-05-29 12:05:03,2017-10-12 12:15:00,2017-10-12
3501907,10610AB891B1811,10610AB891B1811,15,66000,TXG,247,2259,66000280018,2,,2017-10-12 17:30:00,10610121730,臺中市大里區金城里瑞城一街中興路一段,0,1,111,112,120,40,127,142,163,172,176,181,188,189,193,201,211,216,217,235,24.0825674655516,120.697691334685,2019-05-29 12:05:03,2017-10-12 17:30:00,2017-10-12
3463394,10610AB691B1708,10610AB691B1708,15,66000,TXG,232,2372,66000060020,2,,2017-10-12 07:47:00,10610120747,臺中市西屯區協和里工業區三十五路50號,0,2,111,112,120,50,137,147,163,172,176,181,188,192,196,205,210,215,218,230,24.1671659644979,120.590828429689,2019-05-29 12:05:03,2017-10-12 07:47:00,2017-10-12
3463325,10610AB391B1690,10610AB391B1690,15,66000,TXG,229,2244,66000030001,2,,2017-10-12 06:41:00,10610120641,臺中市南區城隍里忠孝路合作街,0,2,111,112,120,50,127,147,163,172,176,181,188,189,193,201,211,215,218,235,24.129424330878,120.681568179917,2019-05-29 12:05:03,2017-10-12 06:41:00,2017-10-12
3501895,10610ABA95B1804,10610ABA95B1804,15,66000,TXG,236,2526,66000130014,2,,2017-10-12 17:22:00,10610121722,臺中市沙鹿區六路里北勢東路220號,0,2,111,112,120,50,137,149,163,172,176,181,188,192,196,204,210,215,218,234,24.212014381198,120.58025701854,2019-05-29 12:05:03,2017-10-12 17:22:00,2017-10-12
3501791,10610AB391B1784,10610AB391B1784,15,66000,TXG,228,2074,66000020014,2,,2017-10-12 15:30:00,10610121530,臺中市東區富台里進德路22號,0,2,111,112,120,50,137,148,163,172,176,181,188,192,196,201,211,215,218,235,24.1468157900801,120.691802101326,2019-05-29 12:05:03,2017-10-12 15:30:00,2017-10-12
3501944,10610ABB91B1819,10610ABB91B1819,15,66000,TXG,286,2501,66000110022,2,,2017-10-12 18:03:00,10610121803,臺中市大甲區孟春里大安溪橋路南下車道附近南下車道,0,1,111,112,120,70,137,152,163,172,176,181,188,192,196,197,210,215,217,231,0.0,0.0,2019-05-29 12:05:03,2017-10-12 18:03:00,2017-10-12
3501860,10610AB996B1796,10610AB996B1796,15,66000,TXG,288,2183,66000250015,2,,2017-10-12 16:50:00,10610121650,臺中市龍井區新東里遊園南路146號,0,1,111,112,120,50,137,149,163,172,176,181,188,192,196,201,211,216,217,223,24.1833369541551,120.584633301252,2019-05-29 12:05:03,2017-10-12 16:50:00,2017-10-12
3502082,10610AB891B1841,10610AB891B1841,15,66000,TXG,247,2261,66000280020,2,,2017-10-12 21:35:00,10610122135,臺中市大里區西湖里大峰路草溪西路,0,3,111,115,120,50,127,141,163,172,176,181,188,189,193,206,211,216,218,234,24.0740022354307,120.69175186078,2019-05-29 12:05:03,2017-10-12 21:35:00,2017-10-12
3501866,10610AB591B1797,10610AB591B1797,15,66000,TXG,233,2020,66000080021,2,,2017-10-12 16:59:00,10610121659,臺中市北屯區同榮里豐樂路二段162號,0,1,111,112,120,50,137,149,163,172,176,181,188,192,196,205,211,216,218,235,24.1946100443652,120.679756792409,2019-05-29 12:05:03,2017-10-12 16:59:00,2017-10-12
3463355,10610AB691B1696,10610AB691B1696,15,66000,TXG,232,2372,66000060020,2,,2017-10-12 07:25:00,10610120725,臺中市西屯區協和里天保街1巷1號,0,1,111,112,120,40,127,149,163,172,176,181,188,192,196,206,211,216,218,236,24.1752804858095,120.618641324463,2019-05-29 12:05:03,2017-10-12 07:25:00,2017-10-12
3502069,10610AB291B1839,10610AB291B1839,15,66000,TXG,231,2354,66000050012,2,,2017-10-12 21:21:00,10610122121,臺中市北區邱厝里美德街中正停車場出入口前附近中正停車場出入口前,0,1,111,112,120,50,137,149,163,172,176,181,188,192,196,206,211,216,218,234,24.1576442255273,120.683360621622,2019-05-29 12:05:03,2017-10-12 21:21:00,2017-10-12
3501732,10610AB891B1769,10610AB891B1769,15,66000,TXG,247,2261,66000280020,2,,2017-10-12 13:55:00,10610121355,臺中市大里區西湖里大峰路616號,0,1,111,112,120,50,137,147,163,172,176,181,188,192,196,201,211,216,217,238,24.0878279237982,120.686955054378,2019-05-29 12:05:03,2017-10-12 13:55:00,2017-10-12
3463413,10610AB891B1713,10610AB891B1713,15,66000,TXG,245,2193,66000260011,2,,2017-10-12 07:55:00,10610120755,臺中市霧峰區南柳里福新路210號,0,1,111,112,120,50,137,149,163,172,176,181,188,192,196,205,211,216,217,230,24.0548803057908,120.687568939746,2019-05-29 12:05:03,2017-10-12 07:55:00,2017-10-12
3463286,10610AB491B1684,10610AB491B1684,15,66000,TXG,13,2392,66000070024,2,,2017-10-12 00:28:00,10610120028,臺中市南屯區三和里公益路二段黎明路二段,0,1,111,114,120,50,127,142,163,172,176,181,188,190,193,206,211,216,218,234,24.1512718948168,120.635237852884,2019-05-29 12:05:03,2017-10-12 00:28:00,2017-10-12
3501747,10610AB491B1775,10610AB491B1775,15,66000,TXG,13,2393,66000070025,2,,2017-10-12 14:15:00,10610121415,臺中市南屯區三義里黎明路(近馬龍潭路口)附近(近馬龍潭路口),0,1,111,112,120,40,137,148,163,172,176,181,188,191,193,201,211,215,218,235,24.3958846139029,120.657706186064,2019-05-29 12:05:03,2017-10-12 14:15:00,2017-10-12
3501924,10610ABA93B1814,10610ABA93B1814,15,66000,TXG,311,1986,66000120027,2,,2017-10-12 17:45:00,10610121745,臺中市清水區橋頭里中華路高美路,0,1,111,112,120,70,128,141,163,172,176,181,187,189,193,206,211,216,218,234,24.2780368378584,120.575395846706,2019-05-29 12:05:03,2017-10-12 17:45:00,2017-10-12
3501654,10610AB391B1749,10610AB391B1749,15,66000,TXG,228,2243,66000020017,2,,2017-10-12 11:55:00,10610121155,臺中市東區東英里三賢街東英七街,0,1,111,112,120,50,127,141,163,172,176,181,188,192,196,206,211,216,218,233,24.1410787494064,120.706730395534,2019-05-29 12:05:03,2017-10-12 11:55:00,2017-10-12
3501906,10610AB591B1809,10610AB591B1809,15,66000,TXG,233,2407,66000080035,2,,2017-10-12 17:30:00,10610121730,臺中市北屯區平心里大連路山西路,0,1,111,113,120,50,128,141,163,172,176,181,188,189,193,206,211,216,218,234,24.1769218798993,120.676826414325,2019-05-29 12:05:03,2017-10-12 17:30:00,2017-10-12
3501803,10610AB291B1787,10610AB291B1787,15,66000,TXG,231,2351,66000050009,2,,2017-10-12 15:40:00,10610121540,臺中市北區錦洲里進化路與國泰街口附近與國泰街口,0,2,111,112,120,50,126,141,163,172,176,181,188,190,193,206,211,216,218,234,24.1598732196282,120.694445968598,2019-05-29 12:05:03,2017-10-12 15:40:00,2017-10-12
3501869,10610AB391B1799,10610AB391B1799,15,66000,TXG,229,2295,66000030021,2,,2017-10-12 17:02:00,10610121702,臺中市南區工學里文心南路高工路,0,1,111,113,120,50,126,141,163,172,176,181,188,189,193,206,211,216,218,234,24.1131459520794,120.657253642655,2019-05-29 12:05:03,2017-10-12 17:02:00,2017-10-12
3501935,10610AB691B1817,10610AB691B1817,15,66000,TXG,232,2012,66000060013,2,,2017-10-12 17:55:00,10610121755,臺中市西屯區大福里大鵬路9號,0,1,111,114,120,50,137,147,163,172,176,181,188,192,196,205,211,215,218,234,24.1776118986693,120.667709779582,2019-05-29 12:05:03,2017-10-12 17:55:00,2017-10-12
3501727,10610AB491B1767,10610AB491B1767,15,66000,TXG,13,2389,66000070021,2,,2017-10-12 13:45:00,10610121345,臺中市南屯區大業里大墩路874號,0,1,111,112,120,50,137,149,163,172,176,181,188,192,196,201,210,216,218,231,24.156247381905,120.650185207202,2019-05-29 12:05:03,2017-10-12 13:45:00,2017-10-12
3501892,10610ABA94B1803,10610ABA94B1803,15,66000,TXG,312,2534,66000140002,2,,2017-10-12 17:20:00,10610121720,臺中市梧棲區下寮里居仁街近中和街口附近近中和街口,0,1,111,112,120,50,127,142,163,172,176,181,188,192,196,206,211,216,218,234,24.2568877385507,120.537043140619,2019-05-29 12:05:03,2017-10-12 17:20:00,2017-10-12
3501778,10610AB191B1781,10610AB191B1781,15,66000,TXG,230,2306,66000040010,2,,2017-10-12 15:00:00,10610121500,臺中市西區和龍里臺灣大道均安路,0,1,111,112,120,50,127,141,163,172,176,181,188,189,193,206,211,216,218,234,0.0,0.0,2019-05-29 12:05:03,2017-10-12 15:00:00,2017-10-12
3502059,10610AB491B1837,10610AB491B1837,15,66000,TXG,13,2380,66000070012,2,,2017-10-12 21:01:00,10610122101,臺中市南屯區田心里文心路一段近向上路口附近近向上路口,0,1,111,114,120,30,127,141,163,172,176,181,188,190,193,206,211,216,218,234,24.1505598209367,120.646863171856,2019-05-29 12:05:03,2017-10-12 21:01:00,2017-10-12
3501717,10610AB691B1765,10610AB691B1765,15,66000,TXG,232,2309,66000060024,2,,2017-10-12 13:31:00,10610121331,臺中市西屯區西平里福星路452號,0,2,111,112,120,50,137,149,163,172,176,181,188,192,196,205,210,216,218,234,24.1782863665166,120.645111896805,2019-05-29 12:05:03,2017-10-12 13:31:00,2017-10-12
3463387,10610AB191B1704,10610AB191B1704,15,66000,TXG,230,2330,66000040013,2,,2017-10-12 07:45:00,10610120745,臺中市西區安龍里五權路英才路,0,2,111,112,120,50,127,141,163,172,176,181,188,189,193,206,211,216,218,233,24.1411327327154,120.666711292111,2019-05-29 12:05:03,2017-10-12 07:45:00,2017-10-12
3501767,10610ABB93B1779,10610ABB93B1779,15,66000,TXG,237,2554,66000150009,2,,2017-10-12 14:43:00,10610121443,臺中市后里區墩北里大圳路530號對面附近對面,0,1,111,112,120,50,137,149,163,172,176,181,188,192,196,197,211,216,218,234,24.3074799936001,120.709915130655,2019-05-29 12:05:03,2017-10-12 14:43:00,2017-10-12
3501608,10610ABB91B1738,10610ABB91B1738,15,66000,TXG,286,2502,66000110023,2,,2017-10-12 11:00:00,10610121100,臺中市大甲區幸福里黎明路幼九路,0,1,111,112,120,50,127,141,163,172,176,181,188,189,193,206,211,216,218,234,24.3931951479042,120.655788445346,2019-05-29 12:05:03,2017-10-12 11:00:00,2017-10-12
3501673,10610AB291B1754,10610AB291B1754,15,66000,TXG,231,2345,66000050003,2,,2017-10-12 12:15:00,10610121215,臺中市北區五常里崇德路一段與錦中街口附近與錦中街口,0,2,111,112,120,50,127,141,163,172,176,181,188,189,193,206,211,216,218,234,24.1559067687545,120.685736227658,2019-05-29 12:05:03,2017-10-12 12:15:00,2017-10-12
3501558,10610AB891B1732,10610AB891B1732,15,66000,TXG,247,2241,66000280005,2,,2017-10-12 09:45:00,10610120945,臺中市大里區祥興里中興路二段中興路二段762巷,0,2,111,112,120,50,126,141,163,172,176,181,188,192,196,205,210,215,218,234,0.0,0.0,2019-05-29 12:05:03,2017-10-12 09:45:00,2017-10-12
3501480,10610ABA93B1721,10610ABA93B1721,15,66000,TXG,311,217,66000120017,2,,2017-10-12 08:15:00,10610120815,臺中市清水區中社里中社路97-300號,0,1,111,112,120,40,127,141,163,172,176,181,188,192,196,206,210,216,217,234,24.2728672686915,120.548174767649,2019-05-29 12:05:03,2017-10-12 08:15:00,2017-10-12
3501817,10610AB891B1790,10610AB891B1790,15,66000,TXG,245,2185,66000260002,2,,2017-10-12 16:02:00,10610121602,臺中市霧峰區吉峰里峰堤路錦州路,0,1,111,112,120,50,127,141,163,172,176,181,188,189,193,206,211,216,218,234,24.0814153814257,120.658635361444,2019-05-29 12:05:03,2017-10-12 16:02:00,2017-10-12
3501611,10610AB391B1739,10610AB391B1739,15,66000,TXG,228,2243,66000020017,2,,2017-10-12 11:04:00,10610121104,臺中市東區東英里十甲東路東英八街,0,1,111,112,120,50,127,141,163,172,176,181,188,189,193,206,211,216,218,234,24.1416886362632,120.708418713323,2019-05-29 12:05:03,2017-10-12 11:04:00,2017-10-12
3501581,10610AB191B1736,10610AB191B1736,15,66000,TXG,230,2303,66000040007,2,,2017-10-12 10:22:00,10610121022,臺中市西區公民里五權路與公館路附近與公館路,0,2,111,112,120,40,127,142,163,172,176,181,188,189,193,197,208,215,218,234,24.136539615932,120.66575429564,2019-05-29 12:05:03,2017-10-12 10:22:00,2017-10-12