識別碼,案件編號,交通事故主表,縣市識別碼,縣市代碼,所屬縣市簡碼,鄉縣市區識別碼,村里識別碼,里代碼,事故類(A1、A2...An),處理單位代碼,案件時間(西元),案件時間(民國),發生地點,死亡人數,受傷人數(含2~30日內死亡),天氣識別碼,光線識別碼,道路類別識別碼,速限,道路型態識別碼,事故位置識別碼,路面鋪裝識別碼,路面狀態識別碼,路面缺陷識別碼,障礙物視距識別碼,視距識別碼,號誌種類識別碼,號誌動作識別碼,車道劃分設施-分向設施識別碼,快車道或一般車道間識別碼,快慢車道間識別碼,路面邊線識別碼,事故類型及型態識別碼,緯度,經度,本平台資料更新時間(yyyy-MM-dd HH:mm:ss),資料代表時間(yyyy-MM-dd HH:mm:ss),資料代表日期(yyyy-MM-dd)
3501851,10610AB794B1793,10610AB794B1793,15,66000,TXG,238,2052,66000160016,2,,2017-10-12 16:41:00,10610121641,臺中市神岡區山皮里神岡路208號,0,1,111,112,120,40,126,141,163,172,176,181,188,192,196,206,211,216,218,234,24.2578905450718,120.649639609042,2019-05-29 12:05:03,2017-10-12 16:41:00,2017-10-12
3463350,10610AB691B1694,10610AB691B1694,15,66000,TXG,232,2373,66000060021,2,,2017-10-12 07:21:00,10610120721,臺中市西屯區何仁里甘肅路一段與天水東街附近與天水東街,0,2,111,112,120,50,127,141,163,172,176,181,188,192,196,206,211,216,218,231,24.1643038428896,120.660533306017,2019-05-29 12:05:03,2017-10-12 07:21:00,2017-10-12
3501861,10610AB691B1795,10610AB691B1795,15,66000,TXG,232,2370,66000060018,2,,2017-10-12 16:50:00,10610121650,臺中市西屯區永安里西屯路與玉門路附近與玉門路,0,1,111,112,120,40,127,141,163,172,176,181,188,189,193,201,210,215,218,231,24.1909990289236,120.610804734073,2019-05-29 12:05:03,2017-10-12 16:50:00,2017-10-12
3463369,10610AB591B1699,10610AB591B1699,15,66000,TXG,233,2020,66000080021,2,,2017-10-12 07:34:00,10610120734,臺中市北屯區同榮里四平路環中路附近環中路,0,2,111,112,120,40,126,141,163,172,176,181,188,189,193,197,208,216,217,230,24.2008257196593,120.683447052929,2019-05-29 12:05:03,2017-10-12 07:34:00,2017-10-12
3463404,10610ABA94B1710,10610ABA94B1710,15,66000,TXG,312,2541,66000140010,2,,2017-10-12 07:53:00,10610120753,臺中市梧棲區大庄里臺灣大道八段525巷16號,0,1,111,112,120,40,126,141,163,172,176,181,188,192,196,206,211,216,218,232,24.2455189405447,120.546337221225,2019-05-29 12:05:03,2017-10-12 07:53:00,2017-10-12
3501939,10610AB491B1818,10610AB491B1818,15,66000,TXG,13,2380,66000070012,2,,2017-10-12 17:58:00,10610121758,臺中市南屯區田心里惠文路惠心街,0,2,111,114,120,50,127,141,163,172,176,181,188,192,196,206,211,216,218,234,24.1414002529666,120.642430121469,2019-05-29 12:05:03,2017-10-12 17:58:00,2017-10-12
3463412,10610AB795B1716,10610AB795B1716,15,66000,TXG,240,2083,66000180002,2,,2017-10-12 07:55:00,10610120755,臺中市大雅區員林里大林路337巷,0,1,111,112,120,50,126,141,163,172,176,181,188,192,196,201,211,216,217,234,24.2357232726091,120.644968024322,2019-05-29 12:05:03,2017-10-12 07:55:00,2017-10-12
3502021,10610AB391B1831,10610AB391B1831,15,66000,TXG,228,2070,66000020010,2,,2017-10-12 20:07:00,10610122007,臺中市東區十甲里十甲路249號,0,1,111,114,123,50,127,141,163,172,176,181,188,189,193,201,211,216,218,234,24.1444990446851,120.70452825817,2019-05-29 12:05:03,2017-10-12 20:07:00,2017-10-12
3502020,10610AB795B1830,10610AB795B1830,15,66000,TXG,240,2085,66000180004,2,,2017-10-12 20:01:00,10610122001,臺中市大雅區秀山里中清路四段與秀山路口附近與秀山路口,0,1,111,114,120,50,127,141,163,172,176,181,188,189,193,206,211,216,218,234,24.2306189630673,120.640750906759,2019-05-29 12:05:03,2017-10-12 20:01:00,2017-10-12
3501744,10610AB191B1773,10610AB191B1773,15,66000,TXG,230,2304,66000040008,2,,2017-10-12 14:14:00,10610121414,臺中市西區藍興里南屯路大全街,0,1,111,112,120,50,126,141,163,172,176,181,188,192,196,206,211,216,218,235,24.1321028223791,120.668018441273,2019-05-29 12:05:03,2017-10-12 14:14:00,2017-10-12
3501562,10610AB491B1734,10610AB491B1734,15,66000,TXG,13,2432,66000070005,2,,2017-10-12 09:55:00,10610120955,臺中市南屯區春社里永春南路340巷近精科路附近近精科路,0,1,111,112,120,40,134,149,163,172,176,181,188,192,196,206,211,216,218,229,24.1395291664901,120.598808770693,2019-05-29 12:05:03,2017-10-12 09:55:00,2017-10-12
3501930,10610ABA95B1816,10610ABA95B1816,15,66000,TXG,236,2529,66000130017,2,,2017-10-12 17:50:00,10610121750,臺中市沙鹿區公明里中清路六段中山路,0,1,111,114,120,40,126,141,163,172,176,181,188,192,196,197,210,215,217,233,24.2500115607679,120.598286663199,2019-05-29 12:05:03,2017-10-12 17:50:00,2017-10-12
3501788,10610ABC91B1782,10610ABC91B1782,15,66000,TXG,246,2202,66000270003,2,,2017-10-12 15:20:00,10610121520,臺中市太平區中平里太平路太平十街,0,1,111,112,120,50,126,141,163,172,176,181,188,192,196,206,211,216,218,234,24.1210005502431,120.720147300835,2019-05-29 12:05:03,2017-10-12 15:20:00,2017-10-12
3501962,10610ABC91B1823,10610ABC91B1823,15,66000,TXG,246,2225,66000270028,2,,2017-10-12 18:21:00,10610121821,臺中市太平區新高里育賢路與立文街附近與立文街,0,1,111,114,120,50,127,141,163,172,176,181,188,192,196,206,211,216,218,233,24.1583053487799,120.718372213334,2019-05-29 12:05:03,2017-10-12 18:21:00,2017-10-12
3463313,10610AB591B1688,10610AB591B1688,15,66000,TXG,233,2412,66000080040,2,,2017-10-12 05:42:00,10610120542,臺中市北屯區平昌里興安路一段近北平路附近近北平路,0,2,111,113,120,40,137,148,163,172,176,181,188,192,196,205,211,215,218,231,24.1678155930215,120.692481505507,2019-05-29 12:05:03,2017-10-12 05:42:00,2017-10-12
3501613,10610AB591B1740,10610AB591B1740,15,66000,TXG,233,2399,66000080007,2,,2017-10-12 11:05:00,10610121105,臺中市北屯區舊社里松竹路旱溪西路附近旱溪西路,0,2,111,112,120,50,127,141,163,172,176,177,188,189,193,197,208,216,218,234,24.1822578427707,120.710770918878,2019-05-29 12:05:03,2017-10-12 11:05:00,2017-10-12
3463389,10610AB795B1706,10610AB795B1706,15,66000,TXG,240,2088,66000180007,2,,2017-10-12 07:45:00,10610120745,臺中市大雅區三和里雅潭路四段與雅潭路四段391巷口附近與雅潭路四段391巷口,0,1,111,112,120,50,126,142,163,172,176,181,188,192,196,199,210,215,217,230,0.0,0.0,2019-05-29 12:05:03,2017-10-12 07:45:00,2017-10-12
3502032,10610ABA95B1834,10610ABA95B1834,15,66000,TXG,236,2525,66000130013,2,,2017-10-12 20:20:00,10610122020,臺中市沙鹿區晉江里臺灣大道路七段200號旁附近旁,0,1,111,114,120,40,137,148,163,172,176,181,188,192,196,197,207,212,218,230,0.0,0.0,2019-05-29 12:05:03,2017-10-12 20:20:00,2017-10-12
3463388,10610AB891B1705,10610AB891B1705,15,66000,TXG,245,2198,66000260019,2,,2017-10-12 07:45:00,10610120745,臺中市霧峰區北勢里峰東路豐正路,0,1,111,112,120,40,127,141,163,172,176,181,188,191,193,206,211,216,217,233,0.0,0.0,2019-05-29 12:05:03,2017-10-12 07:45:00,2017-10-12
3502034,10610AB891B1835,10610AB891B1835,15,66000,TXG,247,2237,66000280001,2,,2017-10-12 20:26:00,10610122026,臺中市大里區大里里大里路526號,0,2,111,114,120,50,137,149,163,172,176,181,188,192,196,201,208,216,217,235,24.09679288992,120.66411239184,2019-05-29 12:05:03,2017-10-12 20:26:00,2017-10-12
3502004,10610ABA95B1829,10610ABA95B1829,15,66000,TXG,236,2513,66000130001,2,,2017-10-12 19:35:00,10610121935,臺中市沙鹿區居仁里臺灣大道路七段973號,0,2,111,114,120,40,136,148,163,172,176,181,188,192,196,197,209,212,217,234,0.0,0.0,2019-05-29 12:05:03,2017-10-12 19:35:00,2017-10-12
3501518,10610AB891B1724,10610AB891B1724,15,66000,TXG,247,2238,66000280002,2,,2017-10-12 08:50:00,10610120850,臺中市大里區新里里新興路大新街,0,1,111,112,120,50,126,141,163,172,176,181,188,189,193,206,211,216,218,234,24.0991994758645,120.677101132319,2019-05-29 12:05:03,2017-10-12 08:50:00,2017-10-12
3501731,10610AB793B1768,10610AB793B1768,15,66000,TXG,239,2564,66000170004,2,,2017-10-12 13:50:00,10610121350,臺中市潭子區福仁里復興路一段16號,0,1,111,112,120,50,128,141,163,172,176,181,188,189,193,206,211,216,218,235,24.1115943357172,120.653161581247,2019-05-29 12:05:03,2017-10-12 13:50:00,2017-10-12
3501800,10610AB691B1786,10610AB691B1786,15,66000,TXG,232,2324,66000060039,2,,2017-10-12 15:37:00,10610121537,臺中市西屯區福雅里福科一街27016558燈桿前附近27016558燈桿前,0,1,111,112,120,1,137,149,163,172,176,181,188,192,196,205,211,215,218,234,24.1783291928208,120.636826044689,2019-05-29 12:05:03,2017-10-12 15:37:00,2017-10-12
3501683,10610AB491B1757,10610AB491B1757,15,66000,TXG,13,2385,66000070017,2,,2017-10-12 12:31:00,10610121231,臺中市南屯區同心里大墩路五權西路,0,1,111,112,120,50,127,141,163,172,176,181,188,189,193,206,211,216,218,234,24.1399995576434,120.649926860397,2019-05-29 12:05:03,2017-10-12 12:31:00,2017-10-12
3501898,10610ABC91B1805,10610ABC91B1805,15,66000,TXG,246,2208,66000270009,2,,2017-10-12 17:24:00,10610121724,臺中市太平區坪林里中山路二段100巷16弄與中山路二段100巷(口)附近與中山路二段100巷(口),0,3,111,113,120,40,126,141,163,172,176,181,188,192,196,206,211,216,218,234,24.1477225975742,120.734712398723,2019-05-29 12:05:03,2017-10-12 17:24:00,2017-10-12
3501741,10610AB795B1771,10610AB795B1771,15,66000,TXG,240,2090,66000180010,2,,2017-10-12 14:08:00,10610121408,臺中市大雅區二和里雅潭路四段與雅潭路四段506巷口附近與雅潭路四段506巷口,0,1,111,112,120,50,126,141,163,172,176,181,188,192,196,199,210,215,217,230,24.2213314027205,120.657343764645,2019-05-29 12:05:03,2017-10-12 14:08:00,2017-10-12
3502066,10610AB891B1838,10610AB891B1838,15,66000,TXG,247,0,66000280000,2,,2017-10-12 21:14:00,10610122114,臺中市大里區中興路一段2巷與中興路一段2巷217弄口附近與中興路一段2巷217弄口,0,2,111,114,120,40,126,149,163,172,176,181,188,192,196,206,211,216,217,221,24.0822834080329,120.707440287042,2019-05-29 12:05:03,2017-10-12 21:14:00,2017-10-12
3501903,10610AB891B1807,10610AB891B1807,15,66000,TXG,247,2250,66000280009,2,,2017-10-12 17:26:00,10610121726,臺中市大里區東昇里中彰快速公路31.6公里處往太平方向附近31.6公里處往太平方向,0,2,111,113,122,80,137,149,163,172,176,181,188,192,196,197,210,216,217,231,0.0,0.0,2019-05-29 12:05:03,2017-10-12 17:26:00,2017-10-12
3501550,10610ABC91B1731,10610ABC91B1731,15,66000,TXG,246,2226,66000270029,2,,2017-10-12 09:34:00,10610120934,臺中市太平區新吉里中山路三段140號,0,1,111,112,120,50,137,147,163,172,176,181,188,192,196,201,211,215,217,235,24.1072908101753,120.606199103245,2019-05-29 12:05:03,2017-10-12 09:34:00,2017-10-12
3501927,10610ABB93B1815,10610ABB93B1815,15,66000,TXG,237,2560,66000150014,2,,2017-10-12 17:48:00,10610121748,臺中市后里區眉山里三線路甲後西幹70F21R7電桿旁附近甲後西幹70F21R7電桿旁,0,1,111,113,120,40,137,149,163,172,176,181,188,192,196,206,211,216,218,230,24.2961123734359,120.705245242297,2019-05-29 12:05:03,2017-10-12 17:48:00,2017-10-12
3501915,10610AB793B1813,10610AB793B1813,15,66000,TXG,239,2567,66000170007,2,,2017-10-12 17:39:00,10610121739,臺中市潭子區東寶里雅潭路二段大豐一路399巷,0,2,111,114,120,50,128,149,163,172,176,181,188,189,193,205,210,216,218,228,0.0,0.0,2019-05-29 12:05:03,2017-10-12 17:39:00,2017-10-12
3502078,10610AB691B1840,10610AB691B1840,15,66000,TXG,232,0,66000060000,2,,2017-10-12 21:31:00,10610122131,臺中市西屯區五權西路三段工業22幹電桿前附近工業22幹電桿前,0,1,111,114,120,50,127,141,163,172,176,181,188,189,193,205,208,215,218,234,24.1662969838666,120.588566896415,2019-05-29 12:05:03,2017-10-12 21:31:00,2017-10-12
3501629,10610AB891B1744,10610AB891B1744,15,66000,TXG,245,2185,66000260002,2,,2017-10-12 11:33:00,10610121133,臺中市霧峰區吉峰里民生路249弄,0,1,111,112,120,50,137,153,163,172,176,181,188,192,196,205,211,216,217,235,24.0634275306532,120.739786451627,2019-05-29 12:05:03,2017-10-12 11:33:00,2017-10-12
3463298,10610AB291B1687,10610AB291B1687,15,66000,TXG,231,1997,66000050034,2,,2017-10-12 01:36:00,10610120136,臺中市北區立人里北平路一段陝西路,0,1,111,114,120,50,127,141,163,172,176,181,188,189,193,206,211,216,218,235,24.1716400316333,120.668253056185,2019-05-29 12:05:03,2017-10-12 01:36:00,2017-10-12
3463321,10610AB591B1689,10610AB591B1689,15,66000,TXG,233,2412,66000080040,2,,2017-10-12 06:35:00,10610120635,臺中市北屯區平昌里文昌東八街56號,0,1,111,112,120,50,137,147,163,172,176,181,188,192,196,205,211,215,218,235,24.1694173799179,120.690777199145,2019-05-29 12:05:03,2017-10-12 06:35:00,2017-10-12
3501702,10610AB191B1762,10610AB191B1762,15,66000,TXG,230,2335,66000040018,2,,2017-10-12 13:00:00,10610121300,臺中市西區土庫里美村路一段542號,0,1,111,112,120,50,137,149,163,172,176,181,188,192,196,201,210,216,218,235,24.1395988851384,120.6616888766,2019-05-29 12:05:03,2017-10-12 13:00:00,2017-10-12
3501746,10610AB391B1774,10610AB391B1774,15,66000,TXG,228,2073,66000020013,2,,2017-10-12 14:15:00,10610121415,臺中市東區合作里進化路力行路,0,2,111,112,120,50,126,141,163,172,176,181,188,189,193,206,211,216,218,233,24.1515567347053,120.694442060515,2019-05-29 12:05:03,2017-10-12 14:15:00,2017-10-12
3501565,10610AB391B1735,10610AB391B1735,15,66000,TXG,228,2061,66000020001,2,,2017-10-12 10:00:00,10610121000,臺中市東區新庄里台中路和平街,0,1,111,112,120,50,127,141,163,172,176,181,188,189,193,206,207,216,218,232,24.1332028268089,120.683557270714,2019-05-29 12:05:03,2017-10-12 10:00:00,2017-10-12
3501669,10610AB996B1753,10610AB996B1753,15,66000,TXG,288,2184,66000250016,2,,2017-10-12 12:11:00,10610121211,臺中市龍井區東海里國際街遠東街,0,2,111,112,120,50,127,141,163,172,176,181,188,189,193,206,211,216,218,230,24.1887414950103,120.596577757234,2019-05-29 12:05:03,2017-10-12 12:11:00,2017-10-12
3501789,10610AB691B1783,10610AB691B1783,15,66000,TXG,232,2004,66000060005,2,,2017-10-12 15:28:00,10610121528,臺中市西屯區惠來里臺灣大道三段96號,0,1,111,112,120,40,137,148,163,172,176,181,188,192,196,197,210,212,218,231,24.1637131911214,120.64802199923,2019-05-29 12:05:03,2017-10-12 15:28:00,2017-10-12
3501643,10610AB793B1745,10610AB793B1745,15,66000,TXG,239,2570,66000170010,2,,2017-10-12 11:45:00,10610121145,臺中市潭子區栗林里中山路三段249號,0,1,111,112,120,60,137,148,163,172,176,181,188,192,196,197,210,212,217,230,24.1080069866591,120.608480034712,2019-05-29 12:05:03,2017-10-12 11:45:00,2017-10-12
3501600,10610ABB91B1737,10610ABB91B1737,15,66000,TXG,286,2503,66000110024,2,,2017-10-12 10:51:00,10610121051,臺中市大甲區日南里青年路青二路,0,1,111,112,120,50,127,141,163,172,176,181,188,192,196,206,211,216,218,233,24.4054162101399,120.64401431394,2019-05-29 12:05:03,2017-10-12 10:51:00,2017-10-12
3501808,10610AB691B1788,10610AB691B1788,15,66000,TXG,232,2318,66000060033,2,,2017-10-12 15:52:00,10610121552,臺中市西屯區福和里臺灣大道中工三路,0,1,111,112,120,40,126,141,163,172,176,181,188,190,193,197,211,216,218,234,24.1807429568574,120.619711402707,2019-05-29 12:05:03,2017-10-12 15:52:00,2017-10-12
3501615,10610AB691B1741,10610AB691B1741,15,66000,TXG,232,2308,66000060023,2,,2017-10-12 11:14:00,10610121114,臺中市西屯區何源里華美西街漢成四街,0,2,111,112,120,50,127,141,163,172,176,181,188,189,193,206,211,216,218,233,24.1697716495163,120.666313548795,2019-05-29 12:05:03,2017-10-12 11:14:00,2017-10-12
3463360,10610ABA95B1698,10610ABA95B1698,15,66000,TXG,236,2533,66000130021,2,,2017-10-12 07:28:00,10610120728,臺中市沙鹿區三鹿里自立路303號,0,1,111,112,120,50,126,141,163,172,176,181,188,192,196,206,211,216,218,234,24.1986225117968,120.566566677496,2019-05-29 12:05:03,2017-10-12 07:28:00,2017-10-12
3501764,10610AB491B1778,10610AB491B1778,15,66000,TXG,13,2389,66000070021,2,,2017-10-12 14:35:00,10610121435,臺中市南屯區大業里東興路大業路,0,1,111,112,120,50,127,141,163,172,176,181,188,189,193,206,211,216,218,234,24.1535965509552,120.653011337461,2019-05-29 12:05:03,2017-10-12 14:35:00,2017-10-12
3463284,10610AB291B1682,10610AB291B1682,15,66000,TXG,231,2357,66000050015,2,,2017-10-12 00:12:00,10610120012,臺中市北區賴厝里漢口路四段347號,0,1,110,114,120,50,127,141,163,172,176,177,188,190,193,206,211,216,218,246,0.0,0.0,2019-05-29 12:05:03,2017-10-12 00:12:00,2017-10-12
3501872,10610AB191B1800,10610AB191B1800,15,66000,TXG,230,2329,66000040012,2,,2017-10-12 17:05:00,10610121705,臺中市西區後龍里五權路中山路附近中山路,0,2,111,112,120,50,127,141,163,172,176,181,188,189,193,206,211,216,218,234,24.1504635773403,120.676510208046,2019-05-29 12:05:03,2017-10-12 17:05:00,2017-10-12
3463285,10610AB996B1683,10610AB996B1683,15,66000,TXG,288,0,66000250000,2,,2017-10-12 00:15:00,10610120015,臺中市龍井區中興路12號,0,2,111,114,120,40,126,141,163,172,176,181,188,189,193,197,208,212,217,230,24.1909783778992,120.705009180167,2019-05-29 12:05:03,2017-10-12 00:15:00,2017-10-12
3501668,10610AB391B1752,10610AB391B1752,15,66000,TXG,229,2296,66000030022,2,,2017-10-12 12:10:00,10610121210,臺中市南區崇倫里建國北路西川一路,0,1,111,112,120,50,126,141,163,172,176,181,188,189,193,206,211,216,218,231,24.1250586344498,120.657394320207,2019-05-29 12:05:03,2017-10-12 12:10:00,2017-10-12
3501622,10610ABA94B1742,10610ABA94B1742,15,66000,TXG,312,2540,66000140009,2,,2017-10-12 11:21:00,10610121121,臺中市梧棲區福德里大智路一段民和路,0,2,111,112,120,50,127,141,163,172,176,181,188,189,193,206,211,216,218,233,24.252980946322,120.550851684085,2019-05-29 12:05:03,2017-10-12 11:21:00,2017-10-12
3501481,10610AB794B1722,10610AB794B1722,15,66000,TXG,238,2045,66000160009,2,,2017-10-12 08:15:00,10610120815,臺中市神岡區大社里豐社路豐社路122巷,0,2,111,112,120,50,126,141,163,172,176,181,188,192,196,201,211,216,217,234,24.2510640117748,120.69864383868,2019-05-29 12:05:03,2017-10-12 08:15:00,2017-10-12
3502093,10610AB691B1844,10610AB691B1844,15,66000,TXG,232,2318,66000060033,2,,2017-10-12 21:52:00,10610122152,臺中市西屯區福和里福安十街一巷09289號燈桿前附近09289號燈桿前,0,2,111,114,120,50,137,147,163,172,176,181,188,191,193,200,210,215,218,234,24.175157730808,120.616643207927,2019-05-29 12:05:03,2017-10-12 21:52:00,2017-10-12
3501885,10610AB691B1801,10610AB691B1801,15,66000,TXG,232,2319,66000060034,2,,2017-10-12 17:15:00,10610121715,臺中市西屯區福中里臺灣大道四段771號,0,1,111,112,120,40,126,141,163,172,176,181,188,190,193,197,211,212,218,234,24.1740480926059,120.632664511461,2019-05-29 12:05:03,2017-10-12 17:15:00,2017-10-12
3501904,10610AB391B1808,10610AB391B1808,15,66000,TXG,228,2070,66000020010,2,,2017-10-12 17:27:00,10610121727,臺中市東區十甲里十甲路旱溪西路,0,1,111,112,120,50,127,141,163,172,176,181,188,189,193,206,211,216,218,234,24.1446804746411,120.699662607622,2019-05-29 12:05:03,2017-10-12 17:27:00,2017-10-12
3463370,10610AB691B1700,10610AB691B1700,15,66000,TXG,232,2002,66000060003,2,,2017-10-12 07:34:00,10610120734,臺中市西屯區潮洋里臺灣大道三段與環中路附近與環中路,0,1,111,112,120,50,126,141,163,172,176,181,188,192,196,206,211,216,218,231,24.1720742265468,120.634937964454,2019-05-29 12:05:03,2017-10-12 07:34:00,2017-10-12
3501921,10610A2AZKB0023,10610A2AZKB0023,15,66000,TXG,232,0,66000060000,2,,2017-10-12 17:43:00,10610121743,臺中市西屯區東大路與中科路口附近,0,1,111,114,120,60,126,141,163,172,176,181,188,190,193,197,208,212,217,234,24.2101400541988,120.612333590733,2019-05-29 12:05:03,2017-10-12 17:43:00,2017-10-12
3501985,10610ABA93B1826,10610ABA93B1826,15,66000,TXG,311,190,66000120007,2,,2017-10-12 19:03:00,10610121903,臺中市清水區北寧里中山路中興街,0,1,111,114,120,50,127,141,163,172,176,181,188,189,193,197,210,215,218,227,24.2714780088181,120.576465673359,2019-05-29 12:05:03,2017-10-12 19:03:00,2017-10-12
3502031,10610AB994B1833,10610AB994B1833,15,66000,TXG,244,2159,66000240008,2,,2017-10-12 20:20:00,10610122020,臺中市大肚區大肚里文昌路一段75號,0,1,111,114,120,50,126,141,163,172,176,181,188,191,193,206,211,216,218,234,24.150773599495,120.543892052891,2019-05-29 12:05:03,2017-10-12 20:20:00,2017-10-12
3502040,10610AB491B1836,10610AB491B1836,15,66000,TXG,13,2326,66000070002,2,,2017-10-12 20:31:00,10610122031,臺中市南屯區豐樂里文心南路266號,0,2,111,114,120,30,137,149,163,172,176,181,188,192,196,197,210,216,218,230,24.1302487493986,120.64652262891,2019-05-29 12:05:03,2017-10-12 20:31:00,2017-10-12
3501521,10610AB995B1726,10610AB995B1726,15,66000,TXG,288,2177,66000250009,2,,2017-10-12 08:54:00,10610120854,臺中市龍井區忠和里西濱路三段工業路,0,1,111,112,120,40,127,141,163,172,176,181,188,189,193,206,211,216,218,234,24.2120533996888,120.519861516532,2019-05-29 12:05:03,2017-10-12 08:54:00,2017-10-12
3501981,10610AB793B1825,10610AB793B1825,15,66000,TXG,239,2562,66000170002,2,,2017-10-12 18:57:00,10610121857,臺中市潭子區潭秀里雅潭路一段258號,0,2,111,114,120,50,128,142,163,172,176,181,188,189,193,197,210,215,217,231,24.2163540375921,120.699244063169,2019-05-29 12:05:03,2017-10-12 18:57:00,2017-10-12
3501535,10610AB591B1727,10610AB591B1727,15,66000,TXG,233,2022,66000080023,2,,2017-10-12 09:13:00,10610120913,臺中市北屯區水湳里文心路四段85號,0,1,111,112,120,50,137,149,163,172,176,181,188,192,196,197,210,216,218,235,24.1741127545763,120.673155862401,2019-05-29 12:05:03,2017-10-12 09:13:00,2017-10-12
3501538,10610AB691B1728,10610AB691B1728,15,66000,TXG,232,2323,66000060038,2,,2017-10-12 09:17:00,10610120917,臺中市西屯區福林里福康路33號,0,1,111,112,120,40,137,149,163,172,176,181,188,192,196,205,210,216,218,235,24.1853597295526,120.617530707526,2019-05-29 12:05:03,2017-10-12 09:17:00,2017-10-12
3501482,10610ABA95B1720,10610ABA95B1720,15,66000,TXG,236,2521,66000130009,2,,2017-10-12 08:15:00,10610120815,臺中市沙鹿區竹林里臺灣大道路七段388號,0,1,111,112,120,40,137,148,163,172,176,181,188,192,196,197,210,213,217,235,0.0,0.0,2019-05-29 12:05:03,2017-10-12 08:15:00,2017-10-12
3502115,10610AB795B1847,10610AB795B1847,15,66000,TXG,240,2091,66000180011,2,,2017-10-12 22:33:00,10610122233,臺中市大雅區四德里中清路三段中山路,0,2,110,114,120,60,128,141,163,172,176,181,188,189,193,206,211,216,218,235,24.2179178831408,120.648791052586,2019-05-29 12:05:03,2017-10-12 22:33:00,2017-10-12
3501897,10610AB793B1806,10610AB793B1806,15,66000,TXG,239,2561,66000170001,2,,2017-10-12 17:24:00,10610121724,臺中市潭子區潭陽里福潭路507巷與660巷附近與660巷,0,2,111,114,120,50,127,141,163,172,176,181,188,189,193,206,211,216,218,234,24.2139613773258,120.711114930011,2019-05-29 12:05:03,2017-10-12 17:24:00,2017-10-12
3463357,10610AB391B1697,10610AB391B1697,15,66000,TXG,229,2293,66000030019,2,,2017-10-12 07:26:00,10610120726,臺中市南區南和里工學路82號,0,1,111,112,120,50,137,147,163,172,176,181,188,192,196,201,210,216,218,234,24.1168747227067,120.660234499927,2019-05-29 12:05:03,2017-10-12 07:26:00,2017-10-12
3501652,10610AB491B1748,10610AB491B1748,15,66000,TXG,13,2432,66000070005,2,,2017-10-12 11:52:00,10610121152,臺中市南屯區春社里永春南路中台路,0,1,111,112,120,50,126,141,163,172,176,181,188,192,196,206,211,216,218,235,24.1384360382195,120.612347295087,2019-05-29 12:05:03,2017-10-12 11:52:00,2017-10-12
3502117,10610ABC91B1848,10610ABC91B1848,15,66000,TXG,246,2221,66000270024,2,,2017-10-12 22:37:00,10610122237,臺中市太平區中政里中興路太平路,0,1,111,114,120,50,126,141,163,172,176,181,188,190,193,206,211,216,218,234,24.125539469939,120.71307228229,2019-05-29 12:05:03,2017-10-12 22:37:00,2017-10-12
3501836,10610ABC91B1791,10610ABC91B1791,15,66000,TXG,246,2218,66000270021,2,,2017-10-12 16:25:00,10610121625,臺中市太平區永平里中興東路與建興北路附近與建興北路,0,1,111,112,120,50,127,141,163,172,176,181,188,189,193,206,211,216,218,235,24.1319058680628,120.723140792274,2019-05-29 12:05:03,2017-10-12 16:25:00,2017-10-12
3501461,10610AB491B1717,10610AB491B1717,15,66000,TXG,13,0,66000070000,2,,2017-10-12 08:00:00,10610120800,臺中市南屯區大聖街22號,0,1,111,112,120,50,126,141,163,172,176,181,188,192,196,206,211,216,218,234,24.1558416239246,120.650493685459,2019-05-29 12:05:03,2017-10-12 08:00:00,2017-10-12
3463345,10610AB391B1693,10610AB391B1693,15,66000,TXG,229,2285,66000030011,2,,2017-10-12 07:15:00,10610120715,臺中市南區永興里高工路293號,0,1,111,112,120,40,137,148,163,172,176,181,188,192,196,201,210,215,218,231,24.1137874750706,120.665099312894,2019-05-29 12:05:03,2017-10-12 07:15:00,2017-10-12
3501971,10610AB795B1824,10610AB795B1824,15,66000,TXG,240,2278,66000180014,2,,2017-10-12 18:45:00,10610121845,臺中市大雅區大楓里前村東路與德勝路196巷口附近與德勝路196巷口,0,1,111,114,120,40,127,141,163,172,176,181,188,192,196,206,211,216,217,234,0.0,0.0,2019-05-29 12:05:03,2017-10-12 18:45:00,2017-10-12
3463396,10610AB793B1709,10610AB793B1709,15,66000,TXG,239,2564,66000170004,2,,2017-10-12 07:49:00,10610120749,臺中市潭子區福仁里中山路一段285號,0,2,111,112,120,60,137,149,163,172,176,181,188,192,196,205,211,216,217,236,24.1440285200142,120.734197225988,2019-05-29 12:05:03,2017-10-12 07:49:00,2017-10-12
3501905,10610AB691B1810,10610AB691B1810,15,66000,TXG,232,2370,66000060018,2,,2017-10-12 17:30:00,10610121730,臺中市西屯區永安里國安一路210巷,0,1,111,113,120,50,137,149,163,172,176,181,188,192,196,205,210,216,218,234,24.1936035400895,120.607383711227,2019-05-29 12:05:03,2017-10-12 17:30:00,2017-10-12
3501696,10610AB491B1760,10610AB491B1760,15,66000,TXG,13,2327,66000070003,2,,2017-10-12 12:50:00,10610121250,臺中市南屯區楓樹里環中路永春東二路,0,1,111,112,120,50,128,141,163,172,176,181,188,189,193,206,211,216,218,234,24.1238433354696,120.633352114406,2019-05-29 12:05:03,2017-10-12 12:50:00,2017-10-12
3501699,10610AB795B1761,10610AB795B1761,15,66000,TXG,240,2087,66000180006,2,,2017-10-12 12:55:00,10610121255,臺中市大雅區橫山里中山路中山五路,0,2,111,112,120,50,127,141,163,172,176,181,188,189,193,201,211,215,217,233,24.2051873830717,120.644497041689,2019-05-29 12:05:03,2017-10-12 12:55:00,2017-10-12