識別碼,案件編號,交通事故主表,縣市識別碼,縣市代碼,所屬縣市簡碼,鄉縣市區識別碼,村里識別碼,里代碼,事故類(A1、A2...An),處理單位代碼,案件時間(西元),案件時間(民國),發生地點,死亡人數,受傷人數(含2~30日內死亡),天氣識別碼,光線識別碼,道路類別識別碼,速限,道路型態識別碼,事故位置識別碼,路面鋪裝識別碼,路面狀態識別碼,路面缺陷識別碼,障礙物視距識別碼,視距識別碼,號誌種類識別碼,號誌動作識別碼,車道劃分設施-分向設施識別碼,快車道或一般車道間識別碼,快慢車道間識別碼,路面邊線識別碼,事故類型及型態識別碼,緯度,經度,本平台資料更新時間(yyyy-MM-dd HH:mm:ss),資料代表時間(yyyy-MM-dd HH:mm:ss),資料代表日期(yyyy-MM-dd)
3569716,10610AB191B2035,10610AB191B2035,15,66000,TXG,230,2556,66000040011,2,,2017-10-13 20:23:00,10610132023,臺中市西區民龍里臺灣大道二段英才路311巷1弄,0,2,109,114,120,50,127,141,163,171,176,181,188,192,196,206,211,216,218,235,24.1531978441718,120.666956905462,2019-05-29 12:05:03,2017-10-13 20:23:00,2017-10-13
3569645,10610AB191B2011,10610AB191B2011,15,66000,TXG,230,2299,66000040003,2,,2017-10-13 19:35:00,10610131935,臺中市西區三民里三民路民生路,0,2,109,114,120,50,127,141,163,171,176,181,188,189,193,206,211,216,218,235,24.138749223862,120.675742475963,2019-05-29 12:05:03,2017-10-13 19:35:00,2017-10-13
3505210,10610AB291B1870,10610AB291B1870,15,66000,TXG,231,1999,66000050036,2,,2017-10-13 07:48:00,10610130748,臺中市北區賴福里進化路學士路,0,1,110,112,120,50,126,141,163,172,176,181,188,189,193,206,211,216,218,234,24.1513295846551,120.694439875204,2019-05-29 12:05:03,2017-10-13 07:48:00,2017-10-13
3569411,10610AB793B1973,10610AB793B1973,15,66000,TXG,239,2569,66000170009,2,,2017-10-13 16:48:00,10610131648,臺中市潭子區大豐里雅豐街197巷,0,1,110,113,120,50,126,141,163,172,176,181,188,192,196,206,211,216,218,236,24.2233741954711,120.694404475085,2019-05-29 12:05:03,2017-10-13 16:48:00,2017-10-13
3502200,10610AB391B1860,10610AB391B1860,15,66000,TXG,228,2067,66000020007,2,,2017-10-13 07:15:00,10610130715,臺中市東區旱溪里旱溪三街與旱溪五街口附近與旱溪五街口,0,1,111,112,120,50,127,141,163,172,176,181,188,192,196,206,211,216,218,247,24.1421112725743,120.698061289785,2019-05-29 12:05:03,2017-10-13 07:15:00,2017-10-13
3569767,10610AB891B2052,10610AB891B2052,15,66000,TXG,247,2250,66000280009,2,,2017-10-13 21:27:00,10610132127,臺中市大里區東昇里環中東路六段56號,0,1,109,114,120,40,134,149,163,171,176,181,187,192,196,206,208,216,217,231,24.1096187462427,120.695510487233,2019-05-29 12:05:03,2017-10-13 21:27:00,2017-10-13
3505306,10610AB491B1886,10610AB491B1886,15,66000,TXG,13,2387,66000070019,2,,2017-10-13 08:40:00,10610130840,臺中市南屯區大誠里大墩二街東興西街,0,1,111,112,120,50,127,141,163,172,176,181,188,192,196,206,211,216,218,233,24.1388671470193,120.652033742877,2019-05-29 12:05:03,2017-10-13 08:40:00,2017-10-13
3569712,10610AB691B2034,10610AB691B2034,15,66000,TXG,232,2004,66000060005,2,,2017-10-13 20:20:00,10610132020,臺中市西屯區惠來里河南路三段市政北一路,0,1,109,114,120,40,126,141,163,171,176,181,188,189,193,206,211,216,218,236,24.1620191302022,120.637179533266,2019-05-29 12:05:03,2017-10-13 20:20:00,2017-10-13
3505245,10610AB993B3768,10610AB993B3768,15,66000,TXG,14,2140,66000230001,2,,2017-10-13 08:00:00,10610130800,臺中市烏日區烏日里永春東三南路大同路,0,1,111,112,120,50,126,141,167,172,176,181,188,192,196,206,211,216,218,234,24.1099479309141,120.629453929344,2019-05-29 12:05:03,2017-10-13 08:00:00,2017-10-13
3569400,10610AB291B1966,10610AB291B1966,15,66000,TXG,231,2363,66000050021,2,,2017-10-13 16:37:00,10610131637,臺中市北區健行里健行路766巷,0,1,111,112,120,50,127,142,163,172,176,181,188,192,196,206,211,216,218,235,24.0886014581563,120.732359495919,2019-05-29 12:05:03,2017-10-13 16:37:00,2017-10-13
3505206,10610AB691B1869,10610AB691B1869,15,66000,TXG,232,2320,66000060035,2,,2017-10-13 07:46:00,10610130746,臺中市西屯區福恩里國安一路國安國小附近國安國小,0,1,111,112,120,40,137,148,163,172,176,181,188,192,196,199,211,215,218,230,24.1937833206295,120.606929119403,2019-05-29 12:05:03,2017-10-13 07:46:00,2017-10-13
3569738,10610AB691B2044,10610AB691B2044,15,66000,TXG,232,2320,66000060035,2,,2017-10-13 20:46:00,10610132046,臺中市西屯區福恩里臺灣大道四段東海大學前附近東海大學前,0,4,109,114,120,1,137,148,163,171,176,181,188,190,193,197,211,212,218,234,24.1740451422686,120.632655743903,2019-05-29 12:05:03,2017-10-13 20:46:00,2017-10-13
3569709,10610AB391B2033,10610AB391B2033,15,66000,TXG,229,2293,66000030019,2,,2017-10-13 20:18:00,10610132018,臺中市南區南和里忠明南路美和街,0,1,109,114,120,50,127,141,163,171,176,181,188,189,193,206,211,216,218,231,24.119772946887,120.663502429657,2019-05-29 12:05:03,2017-10-13 20:18:00,2017-10-13
3563312,10610AB191B1931,10610AB191B1931,15,66000,TXG,230,2332,66000040015,2,,2017-10-13 12:59:00,10610131259,臺中市西區昇平里向上路全聯前附近全聯前,0,1,111,112,120,50,137,149,163,172,176,181,188,192,196,201,211,216,218,230,0.0,0.0,2019-05-29 12:05:03,2017-10-13 12:59:00,2017-10-13
3569570,10610AB291B2002,10610AB291B2002,15,66000,TXG,231,2365,66000050023,2,,2017-10-13 18:40:00,10610131840,臺中市北區長青里中清路一段與武漢街口附近與武漢街口,0,2,111,114,120,40,126,141,163,172,176,181,188,192,196,206,211,216,218,221,24.1674859782075,120.673120657566,2019-05-29 12:05:03,2017-10-13 18:40:00,2017-10-13
3569408,10610AB391B1971,10610AB391B1971,15,66000,TXG,229,2294,66000030020,2,,2017-10-13 16:45:00,10610131645,臺中市南區永和里高工路491號,0,1,111,113,120,50,137,147,163,172,176,181,188,192,196,201,211,215,218,231,24.1132156071117,120.660970757532,2019-05-29 12:05:03,2017-10-13 16:45:00,2017-10-13
3505219,10610ABA93B1872,10610ABA93B1872,15,66000,TXG,311,2510,66000120030,2,,2017-10-13 07:50:00,10610130750,臺中市清水區楊厝里和睦路二段502號,0,1,111,112,120,50,137,147,163,172,176,181,188,192,196,205,210,215,217,235,24.2854867799055,120.613396312814,2019-05-29 12:05:03,2017-10-13 07:50:00,2017-10-13
3505339,10610ABB91B1895,10610ABB91B1895,15,66000,TXG,286,2486,66000110007,2,,2017-10-13 09:05:00,10610130905,臺中市大甲區新美里經國路289號,0,1,111,112,120,60,137,152,163,172,176,181,188,192,196,197,211,216,217,230,24.3459858252887,120.617099692272,2019-05-29 12:05:03,2017-10-13 09:05:00,2017-10-13
3505187,10610AB591B1866,10610AB591B1866,15,66000,TXG,233,2410,66000080038,2,,2017-10-13 07:33:00,10610130733,臺中市北屯區平陽里大連路梅川東路附近梅川東路,0,1,111,112,120,50,127,141,163,172,176,181,188,189,193,201,211,215,218,234,0.0,0.0,2019-05-29 12:05:03,2017-10-13 07:33:00,2017-10-13
3569468,10610AB993B3770,10610AB993B3770,15,66000,TXG,14,0,66000230000,2,,2017-10-13 17:35:00,10610131735,臺中市烏日區溪南路一段468號旁附近旁,0,2,111,114,120,5,127,141,163,172,176,181,188,192,196,206,211,216,218,233,24.0784384292759,120.633124767058,2019-05-29 12:05:03,2017-10-13 17:35:00,2017-10-13
3569656,10610AB491B2014,10610AB491B2014,15,66000,TXG,13,2380,66000070012,2,,2017-10-13 19:40:00,10610131940,臺中市南屯區田心里文心路五權西路,0,2,109,114,120,30,127,141,163,171,176,177,188,190,193,206,211,216,218,234,24.1400518391532,120.646583318853,2019-05-29 12:05:03,2017-10-13 19:40:00,2017-10-13
3563339,10610AB891B1936,10610AB891B1936,15,66000,TXG,247,2238,66000280002,2,,2017-10-13 13:45:00,10610131345,臺中市大里區新里里樹王路德芳路二段,0,2,111,112,120,50,127,141,163,172,176,181,188,190,193,206,211,216,218,230,24.1029224410845,120.675207765143,2019-05-29 12:05:03,2017-10-13 13:45:00,2017-10-13
3569502,10610AB691B1992,10610AB691B1992,15,66000,TXG,232,2001,66000060002,2,,2017-10-13 17:53:00,10610131753,臺中市西屯區西墩里中彰快速道路11-53燈桿附近11-53燈桿,0,1,111,114,120,80,137,147,163,172,176,181,188,192,196,197,210,216,218,231,0.0,0.0,2019-05-29 12:05:03,2017-10-13 17:53:00,2017-10-13
3505297,10610AB391B1885,10610AB391B1885,15,66000,TXG,229,2245,66000030002,2,,2017-10-13 08:35:00,10610130835,臺中市南區國光里正義街仁和路,0,1,111,112,120,50,127,141,163,172,176,181,188,189,193,206,211,216,218,231,24.1263841252019,120.681101437275,2019-05-29 12:05:03,2017-10-13 08:35:00,2017-10-13
3569694,10610AB491B2029,10610AB491B2029,15,66000,TXG,13,2432,66000070005,2,,2017-10-13 20:05:00,10610132005,臺中市南屯區春社里永春路42之37號,0,1,109,114,120,50,137,148,163,171,176,181,188,192,196,201,210,215,218,234,24.1400169282798,120.621235453515,2019-05-29 12:05:03,2017-10-13 20:05:00,2017-10-13
3563310,10610AB591B1930,10610AB591B1930,15,66000,TXG,233,2022,66000080023,2,,2017-10-13 12:58:00,10610131258,臺中市北屯區水湳里文心路往北近中清路大約50公尺處附近往北近中清路大約50公尺處,0,1,111,112,120,50,137,149,163,172,176,177,188,192,196,197,210,216,218,230,0.0,0.0,2019-05-29 12:05:03,2017-10-13 12:58:00,2017-10-13
3505369,10610ABD91B1904,10610ABD91B1904,15,66000,TXG,241,2106,66000190012,2,,2017-10-13 09:36:00,10610130936,臺中市新社區中和里興和產業道路豐埔產業道路(中95與中95之1)附近(中95與中95之1),0,1,111,112,120,50,139,149,163,172,176,181,188,192,196,201,211,216,217,234,0.0,0.0,2019-05-29 12:05:03,2017-10-13 09:36:00,2017-10-13
3569495,10610ABD91B1990,10610ABD91B1990,15,66000,TXG,241,2101,66000190007,2,,2017-10-13 17:50:00,10610131750,臺中市新社區永源里興中街43號,0,2,111,113,120,50,126,142,163,172,176,181,188,192,196,206,211,216,217,231,24.2271049883698,120.803381491069,2019-05-29 12:05:03,2017-10-13 17:50:00,2017-10-13
3563445,10610AB391B1960,10610AB391B1960,15,66000,TXG,229,0,66000030000,2,,2017-10-13 16:20:00,10610131620,臺中市南區忠孝路195巷口附近口,0,2,111,112,120,50,127,141,163,172,176,181,188,192,196,206,211,216,218,233,24.1279363508965,120.677999142392,2019-05-29 12:05:03,2017-10-13 16:20:00,2017-10-13
3569490,10610ABC91B1989,10610ABC91B1989,15,66000,TXG,246,2205,66000270006,2,,2017-10-13 17:47:00,10610131747,臺中市太平區東平里東平路中和街,0,1,111,114,120,50,128,142,163,172,176,181,188,189,193,206,211,216,218,234,24.1336978022366,120.721071411481,2019-05-29 12:05:03,2017-10-13 17:47:00,2017-10-13
3569708,10610AB891B2032,10610AB891B2032,15,66000,TXG,247,2259,66000280018,2,,2017-10-13 20:17:00,10610132017,臺中市大里區金城里塗城路852巷77號,0,1,109,114,120,40,126,141,163,171,176,181,188,192,196,206,211,216,218,235,24.0921183303388,120.697222238259,2019-05-29 12:05:03,2017-10-13 20:17:00,2017-10-13
3502187,10610AB291B1857,10610AB291B1857,15,66000,TXG,231,2350,66000050008,2,,2017-10-13 06:53:00,10610130653,臺中市北區建成里東光東街東成三街,0,3,111,112,120,50,127,141,163,172,176,181,188,192,196,206,211,216,218,233,0.0,0.0,2019-05-29 12:05:03,2017-10-13 06:53:00,2017-10-13
3569499,10610AB291B1991,10610AB291B1991,15,66000,TXG,231,1995,66000050032,2,,2017-10-13 17:51:00,10610131751,臺中市北區賴旺里青島東街1號,0,1,110,113,120,40,137,149,163,172,176,181,188,192,196,206,211,216,218,235,24.1730042892959,120.675087814754,2019-05-29 12:05:03,2017-10-13 17:51:00,2017-10-13
3502150,10610AB491B1853,10610AB491B1853,15,66000,TXG,13,2376,66000070008,2,,2017-10-13 00:29:00,10610130029,臺中市南屯區新生里環中路魚市場旁附近魚市場旁,0,1,111,114,120,50,127,141,163,172,176,181,188,189,193,206,211,216,218,234,0.0,0.0,2019-05-29 12:05:03,2017-10-13 00:29:00,2017-10-13
3563454,10610ABA94B1963,10610ABA94B1963,15,66000,TXG,312,2542,66000140011,2,,2017-10-13 16:30:00,10610131630,臺中市梧棲區大村里文心街近文昌路21巷附近近文昌路21巷,0,1,110,112,120,50,127,142,163,172,176,181,188,192,196,206,211,216,218,234,24.2419441113648,120.54612391162,2019-05-29 12:05:03,2017-10-13 16:30:00,2017-10-13
3505307,10610AB794B1887,10610AB794B1887,15,66000,TXG,238,2041,66000160005,2,,2017-10-13 08:40:00,10610130840,臺中市神岡區社口里大圳路地下道附近地下道,0,3,111,112,120,50,130,148,163,172,176,181,188,192,196,201,210,215,218,231,24.2635655547029,120.659258274287,2019-05-29 12:05:03,2017-10-13 08:40:00,2017-10-13
3569488,10610A24WXB0061,10610A24WXB0061,15,66000,TXG,14,0,66000230000,2,,2017-10-13 17:45:00,10610131745,臺中市烏日區國道1號190.0公里700.0公尺南側內側車道,0,1,111,113,116,110,137,147,163,172,176,181,188,192,196,197,209,216,217,230,24.2197711715642,120.679412295913,2019-05-29 12:05:03,2017-10-13 17:45:00,2017-10-13
3569513,10610ABC91B1994,10610ABC91B1994,15,66000,TXG,246,2212,66000270013,2,,2017-10-13 18:00:00,10610131800,臺中市太平區新福里振福路229號,0,1,111,114,120,50,137,149,163,172,176,181,188,192,196,201,211,216,218,236,24.1499057786369,120.70630863552,2019-05-29 12:05:03,2017-10-13 18:00:00,2017-10-13
3563359,10610ABC91B1939,10610ABC91B1939,15,66000,TXG,246,2203,66000270004,2,,2017-10-13 14:27:00,10610131427,臺中市太平區中興里太平路太平二十三街,0,1,111,112,120,50,127,141,163,172,176,181,188,189,193,206,211,216,218,234,24.1166907365751,120.724262460208,2019-05-29 12:05:03,2017-10-13 14:27:00,2017-10-13
3569804,10610AB191B2062,10610AB191B2062,15,66000,TXG,230,2556,66000040011,2,,2017-10-13 22:04:00,10610132204,臺中市西區民龍里館前路71號,0,2,109,114,120,50,137,149,163,171,176,181,188,192,196,206,211,216,218,220,24.1563661850519,120.665530255483,2019-05-29 12:05:03,2017-10-13 22:04:00,2017-10-13
3569642,10610AB591B2010,10610AB591B2010,15,66000,TXG,233,2412,66000080040,2,,2017-10-13 19:34:00,10610131934,臺中市北屯區平昌里漢口路五段135號,0,2,109,114,120,50,137,147,163,171,176,179,188,192,196,201,210,215,218,227,0.0,0.0,2019-05-29 12:05:03,2017-10-13 19:34:00,2017-10-13
3569787,10610AB691B2059,10610AB691B2059,15,66000,TXG,232,2324,66000060039,2,,2017-10-13 21:47:00,10610132147,臺中市西屯區福雅里臺灣大道四段858號,0,1,111,114,120,50,126,141,163,172,176,181,188,190,193,205,211,215,218,234,24.1814500338452,120.618958855468,2019-05-29 12:05:03,2017-10-13 21:47:00,2017-10-13
3569563,10610AB191B2001,10610AB191B2001,15,66000,TXG,227,2055,66000010003,2,,2017-10-13 18:36:00,10610131836,臺中市中區綠川里綠川東街與成功路附近與成功路,0,1,111,114,120,30,127,141,163,172,176,181,188,192,196,206,211,216,218,233,24.1391825083342,120.684764119933,2019-05-29 12:05:03,2017-10-13 18:36:00,2017-10-13
3563343,10610ABA95B1937,10610ABA95B1937,15,66000,TXG,236,2531,66000130019,2,,2017-10-13 13:53:00,10610131353,臺中市沙鹿區西勢里和睦路三段466號旁附近旁,0,1,111,112,120,50,137,149,163,172,176,181,188,192,196,205,211,216,217,231,24.2625390721866,120.604243536251,2019-05-29 12:05:03,2017-10-13 13:53:00,2017-10-13
3569665,10610AB191B2015,10610AB191B2015,15,66000,TXG,227,2055,66000010003,2,,2017-10-13 19:45:00,10610131945,臺中市中區綠川里臺灣大道一段綠川西街附近綠川西街,0,1,109,114,120,50,127,141,163,171,176,181,188,189,193,206,211,216,218,233,24.1387003183123,120.683809447649,2019-05-29 12:05:03,2017-10-13 19:45:00,2017-10-13
3569732,10610AB891B2042,10610AB891B2042,15,66000,TXG,247,2261,66000280020,2,,2017-10-13 20:40:00,10610132040,臺中市大里區西湖里大峰路草溪東路,0,1,109,114,120,50,127,142,163,171,176,181,188,189,193,197,208,215,218,231,24.0740680763956,120.691823835505,2019-05-29 12:05:03,2017-10-13 20:40:00,2017-10-13
3569691,10610AB191B2027,10610AB191B2027,15,66000,TXG,230,2332,66000040015,2,,2017-10-13 20:02:00,10610132002,臺中市西區昇平里美村路一段302之7號,0,1,109,114,120,50,137,149,163,171,176,181,188,192,196,201,210,216,218,236,24.1431520071221,120.661697757519,2019-05-29 12:05:03,2017-10-13 20:02:00,2017-10-13
3505282,10610AB996B1882,10610AB996B1882,15,66000,TXG,288,2182,66000250014,2,,2017-10-13 08:23:00,10610130823,臺中市龍井區南寮里中沙路新庄仔巷1號,0,1,111,112,120,50,137,149,163,172,176,181,188,192,196,205,211,216,217,230,24.1757527601147,120.568405450671,2019-05-29 12:05:03,2017-10-13 08:23:00,2017-10-13
3569486,10610AB993B3772,10610AB993B3772,15,66000,TXG,14,2140,66000230001,2,,2017-10-13 17:45:00,10610131745,臺中市烏日區烏日里五光路公園路,0,2,111,113,120,40,127,141,163,172,176,181,188,189,193,206,211,216,218,234,24.1019448550196,120.628692329681,2019-05-29 12:05:03,2017-10-13 17:45:00,2017-10-13
3563360,10610ABC91B1940,10610ABC91B1940,15,66000,TXG,246,2225,66000270028,2,,2017-10-13 14:29:00,10610131429,臺中市太平區新高里育才路立文街,0,1,111,112,120,50,127,141,163,172,176,181,188,192,196,206,211,216,218,233,24.1569638293347,120.716285941108,2019-05-29 12:05:03,2017-10-13 14:29:00,2017-10-13
3569409,10610AB691B1972,10610AB691B1972,15,66000,TXG,232,2371,66000060019,2,,2017-10-13 16:46:00,10610131646,臺中市西屯區福安里西屯路近福裕路附近近福裕路,0,1,111,112,120,50,126,141,163,172,176,181,188,192,196,206,211,216,218,235,24.1952263350985,120.586843702165,2019-05-29 12:05:03,2017-10-13 16:46:00,2017-10-13
3569595,10610AB691B2005,10610AB691B2005,15,66000,TXG,232,2369,66000060017,2,,2017-10-13 19:00:00,10610131900,臺中市西屯區林厝里中科路近西平北巷附近近西平北巷,0,1,111,114,120,50,127,141,163,172,176,181,188,189,193,206,211,216,218,235,24.2013120149274,120.646033508794,2019-05-29 12:05:03,2017-10-13 19:00:00,2017-10-13
3502194,10610AB996B1859,10610AB996B1859,15,66000,TXG,288,2181,66000250013,2,,2017-10-13 07:10:00,10610130710,臺中市龍井區新庄里中沙路新庄仔巷13-4號,0,1,111,112,120,50,126,149,163,172,176,181,188,192,196,201,211,216,218,234,24.1757623302179,120.569030498768,2019-05-29 12:05:03,2017-10-13 07:10:00,2017-10-13
3569848,10610AB191B2075,10610AB191B2075,15,66000,TXG,227,2056,66000010004,2,,2017-10-13 23:20:00,10610132320,臺中市中區公園里市府路133巷與成功路202巷附近與成功路202巷,0,1,109,112,120,50,127,141,163,171,176,181,188,192,196,206,211,216,218,233,24.1414990106126,120.682102039278,2019-05-29 12:05:03,2017-10-13 23:20:00,2017-10-13
3505326,10610A2AZKB0026,10610A2AZKB0026,15,66000,TXG,232,0,66000060000,2,,2017-10-13 08:58:00,10610130858,臺中市西屯區中科路與科雅東路口附近,0,1,111,112,120,40,126,142,163,172,176,181,188,189,193,197,210,212,217,236,24.2071378290469,120.622428350531,2019-05-29 12:05:03,2017-10-13 08:58:00,2017-10-13
3569726,10610AB191B2039,10610AB191B2039,15,66000,TXG,230,2330,66000040013,2,,2017-10-13 20:33:00,10610132033,臺中市西區安龍里林森路忠勤街口附近忠勤街口,0,1,109,114,120,50,127,141,163,171,176,181,188,189,193,206,211,216,218,235,24.1405816888928,120.667328004722,2019-05-29 12:05:03,2017-10-13 20:33:00,2017-10-13
3563352,10610AB8R1B1938,10610AB8R1B1938,15,66000,TXG,247,2253,66000280012,2,,2017-10-13 14:11:00,10610131411,臺中市大里區大元里環中東路德芳南路,0,1,111,112,120,50,127,141,163,172,176,181,188,189,193,206,211,216,218,234,24.1006641504862,120.691738080766,2019-05-29 12:05:03,2017-10-13 14:11:00,2017-10-13
3569829,10610AB891B2070,10610AB891B2070,15,66000,TXG,247,2250,66000280009,2,,2017-10-13 22:49:00,10610132249,臺中市大里區東昇里日新路福大路,0,1,109,114,120,50,137,149,163,171,176,181,188,189,193,201,210,216,217,231,24.1212505218116,120.692626958992,2019-05-29 12:05:03,2017-10-13 22:49:00,2017-10-13
3569589,10610AB691B2004,10610AB691B2004,15,66000,TXG,232,2321,66000060036,2,,2017-10-13 18:53:00,10610131853,臺中市西屯區福聯里臺灣大道五段224號,0,1,110,114,120,40,137,148,163,172,176,181,188,192,196,197,210,212,218,236,24.1848263196524,120.589141173139,2019-05-29 12:05:03,2017-10-13 18:53:00,2017-10-13
3563397,10610AB491B1949,10610AB491B1949,15,66000,TXG,13,2390,66000070022,2,,2017-10-13 15:20:00,10610131520,臺中市南屯區惠中里大通街近向上路附近近向上路,0,2,111,112,120,50,126,149,163,172,176,181,188,192,196,201,211,216,218,234,24.1471140523418,120.641693905879,2019-05-29 12:05:03,2017-10-13 15:20:00,2017-10-13
3569754,10610AB491B2048,10610AB491B2048,15,66000,TXG,13,2384,66000070016,2,,2017-10-13 21:06:00,10610132106,臺中市南屯區文心里公益路二段文心路一段,0,1,109,114,120,50,127,142,163,171,176,181,188,189,193,197,210,216,218,230,24.150875502301,120.646865392043,2019-05-29 12:05:03,2017-10-13 21:06:00,2017-10-13
3563193,10610ABA95B1912,10610ABA95B1912,15,66000,TXG,236,2525,66000130013,2,,2017-10-13 10:33:00,10610131033,臺中市沙鹿區晉江里臺灣大道路七段晉武路附近晉武路,0,2,111,112,120,40,127,141,163,172,176,181,188,190,193,206,211,216,218,235,0.0,0.0,2019-05-29 12:05:03,2017-10-13 10:33:00,2017-10-13
3569547,10610AB591B2000,10610AB591B2000,15,66000,TXG,233,2410,66000080038,2,,2017-10-13 18:22:00,10610131822,臺中市北屯區平陽里梅川東路五段崇德二路,0,1,111,114,120,50,126,141,163,172,176,181,188,189,193,206,211,216,218,234,24.1779570571075,120.681771485914,2019-05-29 12:05:03,2017-10-13 18:22:00,2017-10-13
3563437,10610AB891B1959,10610AB891B1959,15,66000,TXG,247,2258,66000280017,2,,2017-10-13 16:15:00,10610131615,臺中市大里區瑞城里成功路449號,0,2,110,112,120,50,126,142,163,172,176,181,188,192,196,201,211,215,217,234,24.1475132751303,120.675205153919,2019-05-29 12:05:03,2017-10-13 16:15:00,2017-10-13
3569436,10610ABB91B1977,10610ABB91B1977,15,66000,TXG,286,2491,66000110012,2,,2017-10-13 17:10:00,10610131710,臺中市大甲區義和里興安路167號,0,1,111,114,120,50,126,141,163,172,176,181,188,192,196,206,211,215,218,234,24.3477772632294,120.609517827603,2019-05-29 12:05:03,2017-10-13 17:10:00,2017-10-13
3569826,10610AB591B2069,10610AB591B2069,15,66000,TXG,233,2395,66000080003,2,,2017-10-13 22:42:00,10610132242,臺中市北屯區三光里北屯路293號,0,1,109,114,120,50,127,141,163,171,176,181,188,190,193,206,211,216,218,234,24.1679674429804,120.695918353194,2019-05-29 12:05:03,2017-10-13 22:42:00,2017-10-13
3569445,10610AB291B1978,10610AB291B1978,15,66000,TXG,231,2365,66000050023,2,,2017-10-13 17:15:00,10610131715,臺中市北區長青里中清路武昌路,0,1,110,112,120,50,126,141,163,172,176,181,188,189,193,206,211,216,218,234,24.1687743793607,120.672587364609,2019-05-29 12:05:03,2017-10-13 17:15:00,2017-10-13
3569762,10610AB291B2050,10610AB291B2050,15,66000,TXG,231,1988,66000050025,2,,2017-10-13 21:23:00,10610132123,臺中市北區賴興里文昌東一街與文昌東二街口附近與文昌東二街口,0,1,109,114,120,50,126,142,163,171,176,181,188,192,196,206,211,216,218,235,24.1727270414941,120.677200365709,2019-05-29 12:05:03,2017-10-13 21:23:00,2017-10-13
3505286,10610AB691B1883,10610AB691B1883,15,66000,TXG,232,2366,66000060014,2,,2017-10-13 08:28:00,10610130828,臺中市西屯區大鵬里文心路與華美西街附近與華美西街,0,1,111,112,120,50,127,141,163,172,176,181,188,189,193,206,211,216,218,234,0.0,0.0,2019-05-29 12:05:03,2017-10-13 08:28:00,2017-10-13
3502208,10610AB891B1862,10610AB891B1862,15,66000,TXG,245,2185,66000260002,2,,2017-10-13 07:20:00,10610130720,臺中市霧峰區吉峰里峰堤路吉峰西路74巷口附近74巷口,0,2,111,112,122,30,137,149,163,172,176,181,188,192,196,201,211,216,217,231,24.0814146187031,120.658645081215,2019-05-29 12:05:03,2017-10-13 07:20:00,2017-10-13
3569838,10610AB691B2071,10610AB691B2071,15,66000,TXG,232,2004,66000060005,2,,2017-10-13 23:00:00,10610132300,臺中市西屯區惠來里市政路與惠來路附近與惠來路,0,1,109,114,120,50,137,149,163,171,176,181,188,189,193,201,210,216,218,234,24.1591030334742,120.639134965064,2019-05-29 12:05:03,2017-10-13 23:00:00,2017-10-13
3569719,10610AB391B2037,10610AB391B2037,15,66000,TXG,228,2073,66000020013,2,,2017-10-13 20:26:00,10610132026,臺中市東區合作里南京東路一段力行路,0,1,109,114,120,50,127,141,163,171,176,181,188,189,193,206,211,216,218,233,24.150730446234,120.697701161631,2019-05-29 12:05:03,2017-10-13 20:26:00,2017-10-13
3505266,10610AB491B1880,10610AB491B1880,15,66000,TXG,13,2432,66000070005,2,,2017-10-13 08:12:00,10610130812,臺中市南屯區春社里嶺東路96號,0,1,111,112,120,50,137,147,163,172,176,181,188,192,196,205,211,215,218,231,24.1518532840021,120.612473067346,2019-05-29 12:05:03,2017-10-13 08:12:00,2017-10-13
3569521,10610ABC91B1995,10610ABC91B1995,15,66000,TXG,246,2211,66000270012,2,,2017-10-13 18:04:00,10610131804,臺中市太平區新光里旱溪東路二段燈桿05728號前附近燈桿05728號前,0,2,111,114,120,10,137,162,163,172,176,181,188,192,196,205,211,215,217,229,24.1588299687521,120.705089278749,2019-05-29 12:05:03,2017-10-13 18:04:00,2017-10-13
3569403,10610AB691B1968,10610AB691B1968,15,66000,TXG,232,2320,66000060035,2,,2017-10-13 16:39:00,10610131639,臺中市西屯區福恩里臺灣大道四段福林路,0,1,111,112,120,50,127,141,163,172,176,181,188,189,193,206,211,216,218,234,24.1838559547482,120.614076033749,2019-05-29 12:05:03,2017-10-13 16:39:00,2017-10-13
3505405,10610AB591B1911,10610AB591B1911,15,66000,TXG,233,2395,66000080003,2,,2017-10-13 10:29:00,10610131029,臺中市北屯區三光里北屯路160號,0,1,111,112,120,50,127,141,163,172,176,181,188,189,193,199,208,215,218,234,24.1729058774905,120.69973600357,2019-05-29 12:05:03,2017-10-13 10:29:00,2017-10-13
3569683,10610AB391B2022,10610AB391B2022,15,66000,TXG,229,2281,66000030007,2,,2017-10-13 19:55:00,10610131955,臺中市南區新榮里復興路三段126號,0,2,109,114,120,40,137,148,163,171,176,181,188,192,196,199,210,215,218,231,24.1316498128042,120.676356433952,2019-05-29 12:05:03,2017-10-13 19:55:00,2017-10-13
3569707,10610AB291B2030,10610AB291B2030,15,66000,TXG,231,1996,66000050033,2,,2017-10-13 20:16:00,10610132016,臺中市北區明新里太原路一段與忠太東路口附近與忠太東路口,0,1,109,114,120,50,127,141,163,171,176,181,188,190,193,206,211,216,218,236,24.1649023201324,120.672180441283,2019-05-29 12:05:03,2017-10-13 20:16:00,2017-10-13