識別碼,案件編號,交通事故主表,縣市識別碼,縣市代碼,所屬縣市簡碼,鄉縣市區識別碼,村里識別碼,里代碼,事故類(A1、A2...An),處理單位代碼,案件時間(西元),案件時間(民國),發生地點,死亡人數,受傷人數(含2~30日內死亡),天氣識別碼,光線識別碼,道路類別識別碼,速限,道路型態識別碼,事故位置識別碼,路面鋪裝識別碼,路面狀態識別碼,路面缺陷識別碼,障礙物視距識別碼,視距識別碼,號誌種類識別碼,號誌動作識別碼,車道劃分設施-分向設施識別碼,快車道或一般車道間識別碼,快慢車道間識別碼,路面邊線識別碼,事故類型及型態識別碼,緯度,經度,本平台資料更新時間(yyyy-MM-dd HH:mm:ss),資料代表時間(yyyy-MM-dd HH:mm:ss),資料代表日期(yyyy-MM-dd)
3563296,10610AB591B1926,10610AB591B1926,15,66000,TXG,233,2397,66000080005,2,,2017-10-13 12:42:00,10610131242,臺中市北屯區平和里山西路二段225號,0,3,111,112,120,50,137,147,163,172,176,181,188,192,196,201,210,215,218,235,24.1741688556302,120.676276215107,2019-05-29 12:05:03,2017-10-13 12:42:00,2017-10-13
3563298,10610ABB91B1927,10610ABB91B1927,15,66000,TXG,286,0,66000110000,2,,2017-10-13 12:46:00,10610131246,臺中市大甲區東西四路西濱快速公路,0,1,111,112,123,40,127,141,163,172,176,181,188,189,193,206,211,216,218,233,0.0,0.0,2019-05-29 12:05:03,2017-10-13 12:46:00,2017-10-13
3569653,10610AB391B2013,10610AB391B2013,15,66000,TXG,229,2287,66000030013,2,,2017-10-13 19:39:00,10610131939,臺中市南區樹德里建國南路無名路口附近無名路口,0,1,109,114,120,50,126,141,163,171,176,181,188,192,196,206,211,216,218,236,0.0,0.0,2019-05-29 12:05:03,2017-10-13 19:39:00,2017-10-13
3505374,10610AB391B1907,10610AB391B1907,15,66000,TXG,229,2290,66000030016,2,,2017-10-13 09:49:00,10610130949,臺中市南區長榮里國光路信義南街,0,2,111,112,120,50,137,147,163,172,176,181,188,192,196,197,208,215,218,230,24.1293393545283,120.677821953767,2019-05-29 12:05:03,2017-10-13 09:49:00,2017-10-13
3569755,10610AB691B2049,10610AB691B2049,15,66000,TXG,232,2370,66000060018,2,,2017-10-13 21:10:00,10610132110,臺中市西屯區永安里西屯路三段90-28-B號,0,1,109,114,120,40,137,152,163,171,176,181,188,192,196,205,210,216,218,236,24.1833894049876,120.630471502845,2019-05-29 12:05:03,2017-10-13 21:10:00,2017-10-13
3502144,10610AB691B1852,10610AB691B1852,15,66000,TXG,232,2321,66000060036,2,,2017-10-13 00:02:00,10610130002,臺中市西屯區福聯里臺灣大道四段1766號,0,3,111,114,120,40,126,141,163,172,176,181,188,192,196,199,211,215,218,234,24.1827038297359,120.601718019927,2019-05-29 12:05:03,2017-10-13 00:02:00,2017-10-13
3569742,10610AB291B2045,10610AB291B2045,15,66000,TXG,231,1999,66000050036,2,,2017-10-13 20:50:00,10610132050,臺中市北區賴福里太原路綏遠路,0,1,109,114,120,50,126,141,163,171,176,181,188,189,193,206,211,216,218,221,24.1653744839255,120.680533448411,2019-05-29 12:05:03,2017-10-13 20:50:00,2017-10-13
3505190,10610AB291B1867,10610AB291B1867,15,66000,TXG,231,2358,66000050016,2,,2017-10-13 07:37:00,10610130737,臺中市北區賴村里德化街大德街,0,1,110,112,120,50,127,141,163,172,176,181,188,191,193,206,211,216,218,230,24.1616576762876,120.678466148456,2019-05-29 12:05:03,2017-10-13 07:37:00,2017-10-13
3569467,10610AB391B1983,10610AB391B1983,15,66000,TXG,229,2287,66000030013,2,,2017-10-13 17:35:00,10610131735,臺中市南區樹德里建國南路一段173號,0,1,111,114,120,50,137,149,163,172,176,181,188,192,196,203,210,216,218,234,24.1256342103223,120.659514451295,2019-05-29 12:05:03,2017-10-13 17:35:00,2017-10-13
3502188,10610ABB93B1858,10610ABB93B1858,15,66000,TXG,237,2553,66000150008,2,,2017-10-13 06:55:00,10610130655,臺中市后里區墩南里三豐路三段枋寮路口以北30公尺處附近枋寮路口以北30公尺處,0,2,111,112,120,60,137,152,163,172,176,181,188,192,196,197,210,215,217,231,24.2922022874488,120.723497860357,2019-05-29 12:05:03,2017-10-13 06:55:00,2017-10-13
3563422,10610ABB91B1954,10610ABB91B1954,15,66000,TXG,286,2495,66000110016,2,,2017-10-13 16:00:00,10610131600,臺中市大甲區文武里新政路五福街,0,1,111,112,120,50,127,141,163,172,176,181,188,191,193,206,211,216,218,235,24.3503175935345,120.621322407115,2019-05-29 12:05:03,2017-10-13 16:00:00,2017-10-13
3569856,10610AB491B2076,10610AB491B2076,15,66000,TXG,13,2379,66000070011,2,,2017-10-13 23:45:00,10610132345,臺中市南屯區溝墘里大業路376號,0,2,109,114,120,40,137,148,164,171,176,181,188,192,196,205,211,215,218,231,24.1536371903434,120.645013389457,2019-05-29 12:05:03,2017-10-13 23:45:00,2017-10-13
3569824,10610AB795B2068,10610AB795B2068,15,66000,TXG,240,2089,66000180008,2,,2017-10-13 22:35:00,10610132235,臺中市大雅區西寶里昌平路三段(陸橋上)附近(陸橋上),0,2,109,114,120,50,137,149,163,171,176,181,188,192,196,200,211,216,217,230,24.214832959911,120.668611547317,2019-05-29 12:05:03,2017-10-13 22:35:00,2017-10-13
3505196,10610AB391B1868,10610AB391B1868,15,66000,TXG,228,2074,66000020014,2,,2017-10-13 07:39:00,10610130739,臺中市東區富台里自由路富台東街,0,1,111,112,120,40,126,149,163,172,176,181,188,189,193,201,210,216,218,231,24.1427977911491,120.690803638662,2019-05-29 12:05:03,2017-10-13 07:39:00,2017-10-13
3505309,10610AB691B1888,10610AB691B1888,15,66000,TXG,232,2004,66000060005,2,,2017-10-13 08:43:00,10610130843,臺中市西屯區惠來里惠中路一段109號,0,1,110,112,120,40,137,148,163,172,176,181,188,192,196,197,210,215,218,234,24.164306695073,120.646311381203,2019-05-29 12:05:03,2017-10-13 08:43:00,2017-10-13
3614958,10610AB691B2209,10610AB691B2209,15,66000,TXG,232,2309,66000060024,2,,2017-10-14 20:00:00,10610142000,臺中市西屯區西平里逢甲路與至善路附近與至善路,0,3,109,114,120,50,127,141,163,171,176,181,188,189,193,206,211,216,218,234,24.1782938941516,120.643128412288,2019-05-29 12:05:03,2017-10-14 20:00:00,2017-10-14
3570072,10610AB491B2118,10610AB491B2118,15,66000,TXG,13,2377,66000070009,2,,2017-10-14 10:10:00,10610141010,臺中市南屯區永定里永春路永春東路,0,1,111,112,120,50,137,147,163,172,176,181,188,192,196,201,211,215,218,236,24.1401189042496,120.628588325335,2019-05-29 12:05:03,2017-10-14 10:10:00,2017-10-14
3615001,10610AB191B2225,10610AB191B2225,15,66000,TXG,230,2303,66000040007,2,,2017-10-14 21:28:00,10610142128,臺中市西區公民里林森路77之5號,0,1,110,114,120,50,137,148,163,172,176,181,188,192,196,206,210,215,218,234,24.1356252186434,120.675630124285,2019-05-29 12:05:03,2017-10-14 21:28:00,2017-10-14
3569981,10610AB491B2102,10610AB491B2102,15,66000,TXG,13,2380,66000070012,2,,2017-10-14 08:05:00,10610140805,臺中市南屯區田心里大墩六街330號,0,1,109,112,120,40,128,141,163,171,176,181,188,189,193,206,211,216,218,236,24.1426315116483,120.652573744924,2019-05-29 12:05:03,2017-10-14 08:05:00,2017-10-14
3569883,10610ABA93B2082,10610ABA93B2082,15,66000,TXG,311,1983,66000120024,2,,2017-10-14 01:10:00,10610140110,臺中市清水區菁埔里中華北路大甲溪橋南端附近大甲溪橋南端,0,2,109,115,120,70,137,147,163,171,176,181,188,192,196,197,210,215,217,241,24.3094296061611,120.599592572983,2019-05-29 12:05:03,2017-10-14 01:10:00,2017-10-14
3609768,10610ABB93B2152,10610ABB93B2152,15,66000,TXG,243,2117,66000210001,2,,2017-10-14 13:39:00,10610141339,臺中市外埔區永豐里外埔路598號,0,2,109,112,120,50,137,149,163,171,176,181,188,192,196,205,211,216,218,234,24.3341508867473,120.670655941108,2019-05-29 12:05:03,2017-10-14 13:39:00,2017-10-14
3569993,10610AB691B2103,10610AB691B2103,15,66000,TXG,232,2320,66000060035,2,,2017-10-14 08:22:00,10610140822,臺中市西屯區福恩里臺灣大道四段東海大學第二校門附近東海大學第二校門,0,1,109,112,120,40,137,148,163,171,176,181,188,192,196,199,211,214,218,236,24.1740374468049,120.632666254192,2019-05-29 12:05:03,2017-10-14 08:22:00,2017-10-14
3609878,10610AB291B2184,10610AB291B2184,15,66000,TXG,231,1998,66000050035,2,,2017-10-14 16:30:00,10610141630,臺中市北區梅川里漢口路四段345巷,0,1,109,112,120,50,127,141,163,171,176,181,188,192,196,206,211,216,218,233,0.0,0.0,2019-05-29 12:05:03,2017-10-14 16:30:00,2017-10-14
3609844,10610AB391B2177,10610AB391B2177,15,66000,TXG,229,2286,66000030012,2,,2017-10-14 15:28:00,10610141528,臺中市南區樹義里復興路一段大慶街一段,0,1,109,112,120,50,127,141,163,171,176,181,188,190,193,206,211,216,218,235,24.1137719486882,120.653635118555,2019-05-29 12:05:03,2017-10-14 15:28:00,2017-10-14
3570073,10610AB794B2119,10610AB794B2119,15,66000,TXG,238,2049,66000160013,2,,2017-10-14 10:11:00,10610141011,臺中市神岡區圳前里圳前路67號,0,1,110,112,120,40,137,149,163,172,176,181,188,192,196,205,211,216,217,238,0.0,0.0,2019-05-29 12:05:03,2017-10-14 10:11:00,2017-10-14
3609826,10610ABA95B2172,10610ABA95B2172,15,66000,TXG,236,2524,66000130012,2,,2017-10-14 14:51:00,10610141451,臺中市沙鹿區福興里福至路與福至路100巷口附近與福至路100巷口,0,3,109,112,120,50,127,141,163,171,176,181,188,192,196,205,211,216,218,234,24.2258213214093,120.563583504617,2019-05-29 12:05:03,2017-10-14 14:51:00,2017-10-14
3614884,10610AB591B2196,10610AB591B2196,15,66000,TXG,233,2018,66000080019,2,,2017-10-14 18:05:00,10610141805,臺中市北屯區四民里崇德路崇德十九路,0,1,109,114,120,50,126,141,163,171,176,181,188,190,193,206,211,216,218,234,24.1978736458133,120.686611371606,2019-05-29 12:05:03,2017-10-14 18:05:00,2017-10-14
3614982,10610ABA94B2218,10610ABA94B2218,15,66000,TXG,312,2535,66000140003,2,,2017-10-14 21:00:00,10610142100,臺中市梧棲區中正里臺灣大道九段20號,0,1,111,114,120,40,137,148,163,172,176,181,188,192,196,197,210,212,217,236,24.250791020625,120.534414967015,2019-05-29 12:05:03,2017-10-14 21:00:00,2017-10-14
3615057,10610AB691B2239,10610AB691B2239,15,66000,TXG,232,2004,66000060005,2,,2017-10-14 23:16:00,10610142316,臺中市西屯區惠來里惠來路二段市政北七路,0,2,109,114,120,50,127,141,163,171,176,181,188,189,193,206,211,216,218,235,24.1640748503836,120.642494660148,2019-05-29 12:05:03,2017-10-14 23:16:00,2017-10-14
3609903,10610AB491B2194,10610AB491B2194,15,66000,TXG,13,2379,66000070011,2,,2017-10-14 17:14:00,10610141714,臺中市南屯區溝墘里大墩路大墩十七街,0,1,109,113,120,50,127,141,163,171,176,181,188,190,193,206,211,216,218,236,24.1556229685536,120.649758100365,2019-05-29 12:05:03,2017-10-14 17:14:00,2017-10-14
3609893,10610AB291B2188,10610AB291B2188,15,66000,TXG,231,1992,66000050029,2,,2017-10-14 16:56:00,10610141656,臺中市北區錦平里五權路482號,0,1,109,112,120,40,137,148,163,171,176,181,188,192,196,197,210,215,218,231,24.1533143549025,120.682753370122,2019-05-29 12:05:03,2017-10-14 16:56:00,2017-10-14
3569898,10610ABA95B2086,10610ABA95B2086,15,66000,TXG,236,2529,66000130017,2,,2017-10-14 03:43:00,10610140343,臺中市沙鹿區公明里中清路七段188號,0,1,109,114,120,40,126,141,163,171,176,181,188,192,196,206,211,216,218,236,24.2501362847088,120.597428830077,2019-05-29 12:05:03,2017-10-14 03:43:00,2017-10-14
3570023,10610AB191B2106,10610AB191B2106,15,66000,TXG,227,2054,66000010002,2,,2017-10-14 09:00:00,10610140900,臺中市中區大墩里三民路成功路,0,2,110,112,120,50,127,141,163,171,176,181,188,189,193,201,211,216,218,235,24.1430997012255,120.680263305032,2019-05-29 12:05:03,2017-10-14 09:00:00,2017-10-14
3614994,10610AB995B2223,10610AB995B2223,15,66000,TXG,288,2175,66000250007,2,,2017-10-14 21:14:00,10610142114,臺中市龍井區龍津里中圳路中圳路50巷,0,2,109,114,120,50,127,141,163,171,176,181,188,192,196,206,211,216,218,233,24.2016736113271,120.529541887336,2019-05-29 12:05:03,2017-10-14 21:14:00,2017-10-14
3570028,10610ABA93B2107,10610ABA93B2107,15,66000,TXG,311,217,66000120017,2,,2017-10-14 09:10:00,10610140910,臺中市清水區中社里中社路鎮政路,0,1,110,112,120,50,126,141,163,171,176,181,188,191,193,206,211,216,218,234,24.2689257802918,120.559298678045,2019-05-29 12:05:03,2017-10-14 09:10:00,2017-10-14
3614945,10610AB691B2207,10610AB691B2207,15,66000,TXG,232,2370,66000060018,2,,2017-10-14 19:33:00,10610141933,臺中市西屯區永安里福雅路安林路,0,1,109,114,120,50,128,141,163,171,176,181,188,189,193,205,208,216,218,230,24.2015980629386,120.627706479778,2019-05-29 12:05:03,2017-10-14 19:33:00,2017-10-14
3609901,10610AB891B2193,10610AB891B2193,15,66000,TXG,247,2266,66000280025,2,,2017-10-14 17:10:00,10610141710,臺中市大里區中新里德芳南路50號,0,1,110,114,120,50,137,147,163,171,176,181,188,192,196,197,209,215,217,235,24.1008413401734,120.690856926221,2019-05-29 12:05:03,2017-10-14 17:10:00,2017-10-14
3614861,10610AB691B2195,10610AB691B2195,15,66000,TXG,232,2373,66000060021,2,,2017-10-14 17:43:00,10610141743,臺中市西屯區何仁里西屯路二段西屯路二段126巷,0,2,109,114,120,50,126,147,163,171,176,181,188,189,193,205,211,215,218,234,24.1667095764875,120.651809190924,2019-05-29 12:05:03,2017-10-14 17:43:00,2017-10-14
3569879,10610AB391B2081,10610AB391B2081,15,66000,TXG,229,2281,66000030007,2,,2017-10-14 00:44:00,10610140044,臺中市南區新榮里學府路信義南街,0,2,109,114,120,50,127,141,163,171,176,181,188,189,193,206,211,216,218,233,24.1279785441325,120.674567792127,2019-05-29 12:05:03,2017-10-14 00:44:00,2017-10-14
3615015,10610AB591B2229,10610AB591B2229,15,66000,TXG,233,2413,66000080041,2,,2017-10-14 21:45:00,10610142145,臺中市北屯區三和里太原路旱溪西路,0,2,110,114,120,50,127,141,163,171,176,181,188,192,196,206,211,216,218,235,24.1648030420042,120.704406282245,2019-05-29 12:05:03,2017-10-14 21:45:00,2017-10-14
3569967,10610AB591B2095,10610AB591B2095,15,66000,TXG,233,2015,66000080016,2,,2017-10-14 07:47:00,10610140747,臺中市北屯區松竹里崇德二路二段河北西街,0,1,109,112,120,50,127,141,163,171,176,181,188,192,196,206,211,216,218,233,24.1778343027739,120.682471267658,2019-05-29 12:05:03,2017-10-14 07:47:00,2017-10-14
3609879,10610AB591B2185,10610AB591B2185,15,66000,TXG,233,2410,66000080038,2,,2017-10-14 16:30:00,10610141630,臺中市北屯區平陽里大連路一段312號,0,1,109,112,120,50,137,147,163,171,176,181,188,192,196,201,210,215,218,231,24.1765010275215,120.680358118359,2019-05-29 12:05:03,2017-10-14 16:30:00,2017-10-14
3609850,10610AB391B2179,10610AB391B2179,15,66000,TXG,228,2061,66000020001,2,,2017-10-14 15:36:00,10610141536,臺中市東區新庄里復興路四段283號,0,1,109,112,120,40,137,148,163,171,176,181,188,192,196,205,210,215,218,234,24.1373604842838,120.689388440513,2019-05-29 12:05:03,2017-10-14 15:36:00,2017-10-14
3615032,10610ABA94B2234,10610ABA94B2234,15,66000,TXG,312,2596,66000140008,2,,2017-10-14 22:10:00,10610142210,臺中市梧棲區南簡里長春路民族路,0,1,109,114,120,50,127,141,163,171,176,181,188,189,193,206,211,216,218,234,24.2558052907594,120.562112487994,2019-05-29 12:05:03,2017-10-14 22:10:00,2017-10-14
3614904,10610AB491B2198,10610AB491B2198,15,66000,TXG,13,2385,66000070017,2,,2017-10-14 18:30:00,10610141830,臺中市南屯區同心里五權西路大墩路,0,1,109,114,120,50,127,141,163,171,176,181,188,189,193,206,211,216,218,236,24.1400002544365,120.649915505692,2019-05-29 12:05:03,2017-10-14 18:30:00,2017-10-14
3570070,10610AB591B2117,10610AB591B2117,15,66000,TXG,233,2401,66000080009,2,,2017-10-14 10:07:00,10610141007,臺中市北屯區軍功里軍功路二段2號,0,1,111,112,120,50,127,141,163,172,176,181,188,190,193,206,211,216,218,234,24.1760947375265,120.719207834603,2019-05-29 12:05:03,2017-10-14 10:07:00,2017-10-14
3609860,10610AB691B2180,10610AB691B2180,15,66000,TXG,232,2315,66000060030,2,,2017-10-14 15:50:00,10610141550,臺中市西屯區何明里漢口路二段32號,0,1,109,112,120,50,137,148,163,170,176,181,188,192,196,204,211,215,218,234,0.0,0.0,2019-05-29 12:05:03,2017-10-14 15:50:00,2017-10-14
3609819,10610ABA95B2170,10610ABA95B2170,15,66000,TXG,236,2523,66000130011,2,,2017-10-14 14:46:00,10610141446,臺中市沙鹿區北勢里鎮南路二段488號,0,1,109,112,120,50,137,148,163,171,176,181,188,192,196,206,211,216,218,234,24.2200559341706,120.5695111498,2019-05-29 12:05:03,2017-10-14 14:46:00,2017-10-14
3614966,10610ABB91B2213,10610ABB91B2213,15,66000,TXG,286,2503,66000110024,2,,2017-10-14 20:20:00,10610142020,臺中市大甲區日南里黎明路36-29號,0,2,109,114,120,50,137,149,163,171,176,181,188,192,196,201,211,216,217,221,24.3923505753428,120.655137183776,2019-05-29 12:05:03,2017-10-14 20:20:00,2017-10-14
3614942,10610AB491B2205,10610AB491B2205,15,66000,TXG,13,2375,66000070007,2,,2017-10-14 19:26:00,10610141926,臺中市南屯區文山里向上路五段近精科五路附近近精科五路,0,1,109,114,120,30,126,141,163,171,176,181,188,189,193,197,210,212,218,236,24.1514027308739,120.609937956461,2019-05-29 12:05:03,2017-10-14 19:26:00,2017-10-14
3615025,10610AB391B2232,10610AB391B2232,15,66000,TXG,228,2065,66000020005,2,,2017-10-14 21:58:00,10610142158,臺中市東區干城里復興路五段自由路三段,0,1,110,114,120,50,127,141,163,171,176,181,188,190,193,206,211,216,218,234,24.1429095516703,120.689243973393,2019-05-29 12:05:03,2017-10-14 21:58:00,2017-10-14
3569897,10610AB891B2085,10610AB891B2085,15,66000,TXG,247,2263,66000280022,2,,2017-10-14 03:16:00,10610140316,臺中市大里區大明里國光路二段仁興街,0,1,111,114,120,50,127,145,163,172,176,181,188,189,193,206,211,216,218,241,24.1165850120974,120.6794528263,2019-05-29 12:05:03,2017-10-14 03:16:00,2017-10-14
3609734,10610AB891B2144,10610AB891B2144,15,66000,TXG,247,2238,66000280002,2,,2017-10-14 12:45:00,10610141245,臺中市大里區新里里上田街青松街,0,2,109,112,120,50,127,142,163,171,176,181,188,192,196,202,211,216,218,233,24.1038701672948,120.680639745903,2019-05-29 12:05:03,2017-10-14 12:45:00,2017-10-14
3570095,10610AB191B2120,10610AB191B2120,15,66000,TXG,230,2340,66000040023,2,,2017-10-14 10:52:00,10610141052,臺中市西區公德里精誠路大墩七街,0,1,111,112,120,50,127,141,163,172,176,181,188,192,196,206,211,216,218,235,24.1437951381494,120.655121961765,2019-05-29 12:05:03,2017-10-14 10:52:00,2017-10-14
3609690,10610AB191B2129,10610AB191B2129,15,66000,TXG,230,2302,66000040006,2,,2017-10-14 11:47:00,10610141147,臺中市西區平和里中華路與民權路口附近與民權路口,0,2,111,112,120,50,127,141,163,172,176,181,188,190,193,206,211,216,218,234,24.1428030640766,120.674280008108,2019-05-29 12:05:03,2017-10-14 11:47:00,2017-10-14
3614920,10610AB191B2202,10610AB191B2202,15,66000,TXG,230,2332,66000040015,2,,2017-10-14 18:50:00,10610141850,臺中市西區昇平里美村路一段740巷,0,1,110,114,120,50,127,142,163,172,176,181,188,189,193,206,211,215,218,234,0.0,0.0,2019-05-29 12:05:03,2017-10-14 18:50:00,2017-10-14
3609871,10610ABA94B2182,10610ABA94B2182,15,66000,TXG,312,2539,66000140007,2,,2017-10-14 16:11:00,10610141611,臺中市梧棲區草湳里港埠路一段港埠路一段233巷,0,2,109,112,120,40,127,141,163,171,176,181,188,189,193,206,211,216,218,234,24.2300634225877,120.527565945247,2019-05-29 12:05:03,2017-10-14 16:11:00,2017-10-14
3570000,10610AB691B2104,10610AB691B2104,15,66000,TXG,232,2002,66000060003,2,,2017-10-14 08:38:00,10610140838,臺中市西屯區潮洋里朝貴路與朝馬路附近與朝馬路,0,1,109,112,120,40,127,142,163,171,176,181,188,189,193,206,211,216,218,221,24.1695705834892,120.634742736372,2019-05-29 12:05:03,2017-10-14 08:38:00,2017-10-14
3569888,10610AB691B2084,10610AB691B2084,15,66000,TXG,232,2008,66000060009,2,,2017-10-14 01:36:00,10610140136,臺中市西屯區何安里臺灣大道二段938號,0,1,109,114,120,40,137,148,163,171,176,181,188,192,196,197,210,212,218,236,24.1619165804694,120.651316135405,2019-05-29 12:05:03,2017-10-14 01:36:00,2017-10-14
3609776,10610AB291B2157,10610AB291B2157,15,66000,TXG,231,2347,66000050005,2,,2017-10-14 13:42:00,10610141342,臺中市北區新北里雙十路二段臺中一中校門口前附近臺中一中校門口前,0,1,109,112,120,50,137,149,163,171,176,181,188,192,196,201,210,216,218,235,24.1489548964218,120.687218690018,2019-05-29 12:05:03,2017-10-14 13:42:00,2017-10-14
3569875,10610AB793B2079,10610AB793B2079,15,66000,TXG,239,2565,66000170005,2,,2017-10-14 00:34:00,10610140034,臺中市潭子區頭家里中山路一段312號,0,2,109,114,120,60,127,142,163,171,176,181,188,190,193,197,210,215,217,236,24.1085302706389,120.639665765457,2019-05-29 12:05:03,2017-10-14 00:34:00,2017-10-14
3609848,10610ABC91B2178,10610ABC91B2178,15,66000,TXG,246,2207,66000270008,2,,2017-10-14 15:30:00,10610141530,臺中市太平區中山里中山路二段477巷138號,0,1,109,112,120,40,137,149,163,171,176,181,188,192,196,206,211,216,218,235,24.203985228524,120.704383746993,2019-05-29 12:05:03,2017-10-14 15:30:00,2017-10-14
3609710,10610AB891B2134,10610AB891B2134,15,66000,TXG,245,2193,66000260011,2,,2017-10-14 12:10:00,10610141210,臺中市霧峰區南柳里新厝路550巷高速公路下方便道口附近高速公路下方便道口,0,1,109,112,120,40,127,141,163,171,176,181,188,192,196,206,211,216,217,234,24.0548341780528,120.68637237678,2019-05-29 12:05:03,2017-10-14 12:10:00,2017-10-14
3569954,10610AB995B2093,10610AB995B2093,15,66000,TXG,288,2177,66000250009,2,,2017-10-14 07:30:00,10610140730,臺中市龍井區忠和里中央路三段174號,0,2,109,112,120,50,126,141,163,171,176,181,188,192,196,206,211,216,218,221,24.2147547645647,120.526003712899,2019-05-29 12:05:03,2017-10-14 07:30:00,2017-10-14
3615024,10610AB793B2231,10610AB793B2231,15,66000,TXG,239,2561,66000170001,2,,2017-10-14 21:57:00,10610142157,臺中市潭子區潭陽里潭興路三段1號,0,1,109,112,120,50,127,142,163,171,176,181,188,189,193,206,211,216,218,221,24.211358887315,120.702217011652,2019-05-29 12:05:03,2017-10-14 21:57:00,2017-10-14
3569918,10610AB996B2088,10610AB996B2088,15,66000,TXG,244,2168,66000240017,2,,2017-10-14 06:30:00,10610140630,臺中市大肚區自強里遊園路二段221號,0,1,109,112,120,50,137,149,163,171,176,181,188,192,196,201,211,216,217,236,24.1735988843447,120.580897923053,2019-05-29 12:05:03,2017-10-14 06:30:00,2017-10-14
3609705,10610AB591B2133,10610AB591B2133,15,66000,TXG,233,2401,66000080009,2,,2017-10-14 12:06:00,10610141206,臺中市北屯區軍功里旱溪東路軍福十八路附近軍福十八路,0,2,109,112,120,50,126,141,163,171,176,181,188,191,193,201,211,215,218,234,24.1782203521071,120.710575684797,2019-05-29 12:05:03,2017-10-14 12:06:00,2017-10-14
3614915,10610AB391B2200,10610AB391B2200,15,66000,TXG,228,2067,66000020007,2,,2017-10-14 18:44:00,10610141844,臺中市東區旱溪里建成路旱溪街,0,2,110,113,120,50,126,141,163,171,176,181,188,189,193,206,211,216,218,233,24.1404885425914,120.696188540059,2019-05-29 12:05:03,2017-10-14 18:44:00,2017-10-14
3609896,10610ABC91B2191,10610ABC91B2191,15,66000,TXG,246,2208,66000270009,2,,2017-10-14 17:01:00,10610141701,臺中市太平區坪林里中山路二段163號,0,2,111,115,120,50,126,141,163,172,176,181,188,192,196,201,210,216,218,234,24.2080467881645,120.705125825538,2019-05-29 12:05:03,2017-10-14 17:01:00,2017-10-14
3609810,10610AB691B2168,10610AB691B2168,15,66000,TXG,232,2319,66000060034,2,,2017-10-14 14:23:00,10610141423,臺中市西屯區福中里福中十街8號,0,2,109,112,120,40,127,141,163,171,176,181,188,192,196,206,211,216,218,233,24.1768010575807,120.615417046009,2019-05-29 12:05:03,2017-10-14 14:23:00,2017-10-14
3570008,10610AB391B2105,10610AB391B2105,15,66000,TXG,229,2283,66000030009,2,,2017-10-14 08:47:00,10610140847,臺中市南區福平里建國南路二段159號,0,1,110,112,120,50,137,147,163,172,176,181,188,192,196,204,211,215,218,234,24.1280044324117,120.66516271169,2019-05-29 12:05:03,2017-10-14 08:47:00,2017-10-14
3609721,10610AB191B2138,10610AB191B2138,15,66000,TXG,230,2301,66000040005,2,,2017-10-14 12:26:00,10610141226,臺中市西區廣民里林森路80號,0,1,109,112,120,50,137,162,163,171,176,181,188,189,193,201,211,216,218,232,24.0689468743759,120.694997509048,2019-05-29 12:05:03,2017-10-14 12:26:00,2017-10-14
3570109,10610AB996B2125,10610AB996B2125,15,66000,TXG,288,2181,66000250013,2,,2017-10-14 11:15:00,10610141115,臺中市龍井區新庄里臺灣大道六段電桿(晉江幹103)附近電桿(晉江幹103),0,1,111,112,120,40,137,148,163,172,176,181,188,192,196,197,210,212,217,244,24.1912454808095,120.579905783798,2019-05-29 12:05:03,2017-10-14 11:15:00,2017-10-14
3609882,10610ABC91B2187,10610ABC91B2187,15,66000,TXG,246,2236,66000270039,2,,2017-10-14 16:38:00,10610141638,臺中市太平區永隆里光德路300巷口附近口,0,1,109,112,120,50,127,141,163,171,176,181,188,189,193,206,211,216,218,234,24.1002679887752,120.721195984888,2019-05-29 12:05:03,2017-10-14 16:38:00,2017-10-14
3570037,10610AB793B2111,10610AB793B2111,15,66000,TXG,239,2568,66000170008,2,,2017-10-14 09:18:00,10610140918,臺中市潭子區大富里大富路二段15-1號,0,1,110,112,120,40,134,149,163,171,176,181,188,192,196,206,211,216,217,229,24.2027675215757,120.679330544788,2019-05-29 12:05:03,2017-10-14 09:18:00,2017-10-14
3614924,10610AB291B2203,10610AB291B2203,15,66000,TXG,231,2355,66000050013,2,,2017-10-14 18:53:00,10610141853,臺中市北區建興里健行路健行路352巷附近352巷,0,2,110,114,120,50,127,141,163,172,176,181,188,192,196,206,211,216,218,233,24.1590727138004,120.683079092234,2019-05-29 12:05:03,2017-10-14 18:53:00,2017-10-14
3615030,10610AB891B2233,10610AB891B2233,15,66000,TXG,247,2260,66000280019,2,,2017-10-14 22:07:00,10610142207,臺中市大里區東湖里中興路一段153號,0,2,109,114,120,50,137,148,163,171,176,181,188,192,196,197,210,215,217,231,24.0846547102119,120.696913956544,2019-05-29 12:05:03,2017-10-14 22:07:00,2017-10-14
3569931,10610AB491B2090,10610AB491B2090,15,66000,TXG,13,2376,66000070008,2,,2017-10-14 06:54:00,10610140654,臺中市南屯區新生里環中路四段新鎮和路,0,1,109,112,120,50,137,145,163,171,176,181,188,189,193,197,210,215,218,241,24.1355512100586,120.623081016446,2019-05-29 12:05:03,2017-10-14 06:54:00,2017-10-14
3609796,10610AB891B2165,10610AB891B2165,15,66000,TXG,247,2264,66000280023,2,,2017-10-14 14:07:00,10610141407,臺中市大里區永隆里東榮路與永隆路(口)附近與永隆路(口),0,1,109,112,120,50,127,141,163,171,176,181,188,189,193,206,211,216,218,236,24.1093485622478,120.676592458096,2019-05-29 12:05:03,2017-10-14 14:07:00,2017-10-14