識別碼,案件編號,交通事故主表,縣市識別碼,縣市代碼,所屬縣市簡碼,鄉縣市區識別碼,村里識別碼,里代碼,事故類(A1、A2...An),處理單位代碼,案件時間(西元),案件時間(民國),發生地點,死亡人數,受傷人數(含2~30日內死亡),天氣識別碼,光線識別碼,道路類別識別碼,速限,道路型態識別碼,事故位置識別碼,路面鋪裝識別碼,路面狀態識別碼,路面缺陷識別碼,障礙物視距識別碼,視距識別碼,號誌種類識別碼,號誌動作識別碼,車道劃分設施-分向設施識別碼,快車道或一般車道間識別碼,快慢車道間識別碼,路面邊線識別碼,事故類型及型態識別碼,緯度,經度,本平台資料更新時間(yyyy-MM-dd HH:mm:ss),資料代表時間(yyyy-MM-dd HH:mm:ss),資料代表日期(yyyy-MM-dd)
3609738,10610ABC91B2145,10610ABC91B2145,15,66000,TXG,246,2225,66000270028,2,,2017-10-14 12:50:00,10610141250,臺中市太平區新高里中山路四段55巷口附近口,0,1,109,112,120,50,127,141,163,171,176,177,188,190,193,206,211,216,218,234,0.0,0.0,2019-05-29 12:05:03,2017-10-14 12:50:00,2017-10-14
3570053,10610AB691B2113,10610AB691B2113,15,66000,TXG,232,2004,66000060005,2,,2017-10-14 09:46:00,10610140946,臺中市西屯區惠來里市政北二路惠來路,0,1,111,114,120,50,127,141,163,172,176,181,188,189,193,206,211,216,218,235,24.1614427302576,120.64072984983,2019-05-29 12:05:03,2017-10-14 09:46:00,2017-10-14
3569950,10610AB891B2092,10610AB891B2092,15,66000,TXG,247,2254,66000280013,2,,2017-10-14 07:25:00,10610140725,臺中市大里區夏田里中投西路環河路一段,0,1,109,112,120,50,126,141,163,171,176,181,188,189,193,206,211,216,218,236,24.0832473721541,120.663882255555,2019-05-29 12:05:03,2017-10-14 07:25:00,2017-10-14
3570094,10610AB691B2121,10610AB691B2121,15,66000,TXG,232,2004,66000060005,2,,2017-10-14 10:52:00,10610141052,臺中市西屯區惠來里臺灣大道三段389號,0,2,111,112,120,40,137,148,163,172,176,181,188,192,196,197,211,216,218,234,24.166706277193,120.642042504814,2019-05-29 12:05:03,2017-10-14 10:52:00,2017-10-14
3614933,10610ABD91B2204,10610ABD91B2204,15,66000,TXG,235,2458,66000100004,2,,2017-10-14 19:14:00,10610141914,臺中市東勢區南平里文化街62號,0,1,110,114,120,50,137,149,163,172,176,181,188,192,196,201,211,216,217,230,24.2541803126144,120.82703254634,2019-05-29 12:05:03,2017-10-14 19:14:00,2017-10-14
3609749,10610AB191B2147,10610AB191B2147,15,66000,TXG,227,2057,66000010005,2,,2017-10-14 13:06:00,10610141306,臺中市中區光復里光復路135號,0,1,109,112,120,50,137,149,163,171,176,181,188,192,196,205,210,216,218,235,24.1433335717789,120.681569287393,2019-05-29 12:05:03,2017-10-14 13:06:00,2017-10-14
3615067,10610AB891B2240,10610AB891B2240,15,66000,TXG,245,2188,66000260005,2,,2017-10-14 23:50:00,10610142350,臺中市霧峰區中正里曾厝街振德街,0,1,109,114,120,40,127,141,163,171,176,181,188,191,193,206,211,216,218,247,24.0663807313989,120.697949055638,2019-05-29 12:05:03,2017-10-14 23:50:00,2017-10-14
3609718,10610AB891B2136,10610AB891B2136,15,66000,TXG,247,2248,66000280007,2,,2017-10-14 12:24:00,10610141224,臺中市大里區西榮里東明路與來興街(口)附近與來興街(口),0,1,109,112,120,50,127,141,163,171,176,181,188,192,196,206,211,216,218,233,24.11314234963,120.682595296739,2019-05-29 12:05:03,2017-10-14 12:24:00,2017-10-14
3614887,10610AB591B2197,10610AB591B2197,15,66000,TXG,233,2395,66000080003,2,,2017-10-14 18:14:00,10610141814,臺中市北屯區三光里三光北一街110號,0,1,109,114,120,50,126,141,163,171,176,181,188,192,196,206,211,216,218,234,24.1683750947471,120.698360052775,2019-05-29 12:05:03,2017-10-14 18:14:00,2017-10-14
3609894,10610AB691B2189,10610AB691B2189,15,66000,TXG,232,2313,66000060028,2,,2017-10-14 16:56:00,10610141656,臺中市西屯區上德里青海路二段157號,0,1,109,112,120,40,137,148,163,171,176,181,188,192,196,197,210,215,218,235,24.1691454469729,120.646694507758,2019-05-29 12:05:03,2017-10-14 16:56:00,2017-10-14
3609897,10610AB291B2192,10610AB291B2192,15,66000,TXG,231,1992,66000050029,2,,2017-10-14 17:02:00,10610141702,臺中市北區錦平里三民路錦南街,0,1,109,112,120,50,128,142,163,171,176,181,188,190,193,198,208,216,218,234,24.1547070548445,120.686166181402,2019-05-29 12:05:03,2017-10-14 17:02:00,2017-10-14
3609766,10610AB996B2151,10610AB996B2151,15,66000,TXG,288,2184,66000250016,2,,2017-10-14 13:38:00,10610141338,臺中市龍井區東海里遠東街209巷與國際街256巷口附近與國際街256巷口,0,3,109,112,120,40,127,149,163,171,176,181,188,192,196,206,211,216,218,234,24.1887365373753,120.596585330032,2019-05-29 12:05:03,2017-10-14 13:38:00,2017-10-14
3609784,10610AB591B2160,10610AB591B2160,15,66000,TXG,233,2413,66000080041,2,,2017-10-14 13:52:00,10610141352,臺中市北屯區三和里東山路一段138巷8弄1號,0,1,109,112,120,50,127,141,163,171,176,181,188,192,196,206,211,216,218,234,24.1697537381239,120.699829458364,2019-05-29 12:05:03,2017-10-14 13:52:00,2017-10-14
3615045,10610AB691B2236,10610AB691B2236,15,66000,TXG,232,2008,66000060009,2,,2017-10-14 22:50:00,10610142250,臺中市西屯區何安里西屯路二段文心路三段,0,1,111,114,120,30,127,141,163,171,176,181,188,190,193,206,211,216,218,234,24.166545055548,120.652404958513,2019-05-29 12:05:03,2017-10-14 22:50:00,2017-10-14
3615019,10610AB591B2230,10610AB591B2230,15,66000,TXG,233,2402,66000080010,2,,2017-10-14 21:53:00,10610142153,臺中市北屯區和平里軍福十三路和祥路,0,1,109,114,120,50,127,141,163,171,176,181,188,190,193,206,211,216,218,234,24.1717914965517,120.726844643675,2019-05-29 12:05:03,2017-10-14 21:53:00,2017-10-14
3569982,10610AB491B2101,10610AB491B2101,15,66000,TXG,13,2383,66000070015,2,,2017-10-14 08:05:00,10610140805,臺中市南屯區大同里大墩五街大進街,0,1,109,112,120,50,127,141,163,171,176,181,188,192,196,206,211,216,218,235,24.1418107123808,120.651315754345,2019-05-29 12:05:03,2017-10-14 08:05:00,2017-10-14
3609697,10610AB891B2130,10610AB891B2130,15,66000,TXG,245,2191,66000260008,2,,2017-10-14 11:58:00,10610141158,臺中市霧峰區本堂里中正路育智街,0,1,110,112,120,50,127,141,163,172,176,181,188,189,193,206,211,216,218,230,24.0619451206974,120.698357734773,2019-05-29 12:05:03,2017-10-14 11:58:00,2017-10-14
3614961,10610AB891B2211,10610AB891B2211,15,66000,TXG,247,2253,66000280012,2,,2017-10-14 20:10:00,10610142010,臺中市大里區大元里環河路一段230號,0,1,109,112,120,60,126,141,163,171,176,181,188,189,193,206,211,216,218,234,24.0879800755752,120.680360240882,2019-05-29 12:05:03,2017-10-14 20:10:00,2017-10-14
3609895,10610AB794B2190,10610AB794B2190,15,66000,TXG,238,2046,66000160010,2,,2017-10-14 17:00:00,10610141700,臺中市神岡區豐洲里豐洲路258號,0,1,109,112,120,50,137,147,163,171,176,181,188,189,193,201,211,215,218,234,24.2596335995592,120.708604528314,2019-05-29 12:05:03,2017-10-14 17:00:00,2017-10-14
3609679,10610ABA93B2128,10610ABA93B2128,15,66000,TXG,311,1986,66000120027,2,,2017-10-14 11:36:00,10610141136,臺中市清水區橋頭里高美路215號,0,1,110,112,120,50,126,141,163,172,176,181,188,192,196,201,211,216,218,234,24.2823820946887,120.574940337223,2019-05-29 12:05:03,2017-10-14 11:36:00,2017-10-14
3609754,10610ABA94B2148,10610ABA94B2148,15,66000,TXG,312,2596,66000140008,2,,2017-10-14 13:11:00,10610141311,臺中市梧棲區南簡里中華路二段504號,0,3,111,112,120,70,126,142,163,171,176,181,188,192,196,197,210,215,217,231,24.2544871337996,120.557595040249,2019-05-29 12:05:03,2017-10-14 13:11:00,2017-10-14
3609872,10610AB391B2183,10610AB391B2183,15,66000,TXG,229,2290,66000030016,2,,2017-10-14 16:15:00,10610141615,臺中市南區長榮里國光路國光路2巷,0,1,109,112,120,40,126,141,163,171,176,181,188,192,196,201,210,212,218,236,24.1321807267555,120.676346067303,2019-05-29 12:05:03,2017-10-14 16:15:00,2017-10-14
3570035,10610AB291B2109,10610AB291B2109,15,66000,TXG,231,2347,66000050005,2,,2017-10-14 09:15:00,10610140915,臺中市北區新北里五權路三民路﹑錦南街附近三民路﹑錦南街,0,1,109,112,120,50,128,141,163,171,176,181,188,189,193,206,211,216,218,236,24.1547069646816,120.686168481089,2019-05-29 12:05:03,2017-10-14 09:15:00,2017-10-14
3569975,10610ABB91B2098,10610ABB91B2098,15,66000,TXG,286,2503,66000110024,2,,2017-10-14 07:55:00,10610140755,臺中市大甲區日南里幼獅路幼五路,0,2,111,112,120,50,127,141,163,172,176,181,188,189,193,201,211,216,218,233,24.4047393547149,120.65241446294,2019-05-29 12:05:03,2017-10-14 07:55:00,2017-10-14
3609862,10610AB891B2181,10610AB891B2181,15,66000,TXG,247,2241,66000280005,2,,2017-10-14 15:54:00,10610141554,臺中市大里區祥興里益民路二段大智路433巷,0,1,111,112,120,40,126,141,163,172,176,181,188,192,196,197,210,216,217,234,24.119035274443,120.68444715399,2019-05-29 12:05:03,2017-10-14 15:54:00,2017-10-14
3615008,10610AB491B2228,10610AB491B2228,15,66000,TXG,13,2389,66000070021,2,,2017-10-14 21:39:00,10610142139,臺中市南屯區大業里公益路大聖街,0,2,109,114,120,40,127,141,163,171,176,181,188,189,193,206,211,216,218,233,24.1508712291054,120.650633463273,2019-05-29 12:05:03,2017-10-14 21:39:00,2017-10-14
3570103,10610AB491B2123,10610AB491B2123,15,66000,TXG,13,2388,66000070020,2,,2017-10-14 11:06:00,10610141106,臺中市南屯區大興里南屯路二段102號,0,1,110,112,120,50,137,149,163,172,176,181,188,192,196,205,210,216,218,235,24.1396557554344,120.638501405476,2019-05-29 12:05:03,2017-10-14 11:06:00,2017-10-14
3570110,10610AB994B2126,10610AB994B2126,15,66000,TXG,244,2159,66000240008,2,,2017-10-14 11:16:00,10610141116,臺中市大肚區大肚里文昌路一段38號,0,1,111,112,120,50,137,149,163,172,176,181,188,192,196,201,211,216,217,230,24.1509902558403,120.544547692563,2019-05-29 12:05:03,2017-10-14 11:16:00,2017-10-14
3609778,10610AB391B2158,10610AB391B2158,15,66000,TXG,228,2073,66000020013,2,,2017-10-14 13:44:00,10610141344,臺中市東區合作里南京東路一段399號,0,1,109,112,120,50,137,148,163,171,176,181,188,192,196,201,211,216,218,236,24.1455894318266,120.696987333636,2019-05-29 12:05:03,2017-10-14 13:44:00,2017-10-14
3609757,10610AB691B2149,10610AB691B2149,15,66000,TXG,232,2368,66000060016,2,,2017-10-14 13:15:00,10610141315,臺中市西屯區廣福里西林巷電桿02128附近電桿02128,0,1,110,112,120,50,137,149,163,171,176,181,188,192,196,205,211,216,218,235,24.1865620694065,120.634489098852,2019-05-29 12:05:03,2017-10-14 13:15:00,2017-10-14
3569947,10610ABC91B2091,10610ABC91B2091,15,66000,TXG,246,2200,66000270001,2,,2017-10-14 07:22:00,10610140722,臺中市太平區太平里永豐路與永豐路18巷附近與永豐路18巷,0,2,109,112,120,50,127,141,163,171,176,181,188,189,193,206,211,216,218,233,24.1249399461055,120.71272752072,2019-05-29 12:05:03,2017-10-14 07:22:00,2017-10-14
3609790,10610AB691B2164,10610AB691B2164,15,66000,TXG,232,2007,66000060008,2,,2017-10-14 14:01:00,10610141401,臺中市西屯區鵬程里福上巷216弄25號,0,3,109,112,120,40,126,142,163,171,176,181,188,192,196,206,211,216,218,231,24.1750938140099,120.655623451178,2019-05-29 12:05:03,2017-10-14 14:01:00,2017-10-14
3609771,10610AB793B2154,10610AB793B2154,15,66000,TXG,239,2567,66000170007,2,,2017-10-14 13:40:00,10610141340,臺中市潭子區東寶里昌平路三段378巷,0,1,109,112,120,50,126,142,163,171,176,181,188,192,196,201,210,216,217,236,0.0,0.0,2019-05-29 12:05:03,2017-10-14 13:40:00,2017-10-14
3609822,10610AB191B2171,10610AB191B2171,15,66000,TXG,230,2337,66000040020,2,,2017-10-14 14:49:00,10610141449,臺中市西區公益里公正路華美街附近華美街,0,1,109,112,120,50,127,141,163,171,176,181,188,192,196,206,211,216,218,235,24.1490159254604,120.658835889027,2019-05-29 12:05:03,2017-10-14 14:49:00,2017-10-14
3570043,10610AB691B2112,10610AB691B2112,15,66000,TXG,232,2004,66000060005,2,,2017-10-14 09:30:00,10610140930,臺中市西屯區惠來里文心路市政北三路,0,1,111,112,120,50,126,142,163,172,176,181,188,192,196,197,210,216,218,230,24.1588098050495,120.646963698924,2019-05-29 12:05:03,2017-10-14 09:30:00,2017-10-14
3614972,10610AB691B2214,10610AB691B2214,15,66000,TXG,232,2371,66000060019,2,,2017-10-14 20:41:00,10610142041,臺中市西屯區福安里福安路福順路,0,1,109,114,120,50,127,141,163,171,176,181,188,190,193,206,211,216,218,236,24.1815165376006,120.622527661589,2019-05-29 12:05:03,2017-10-14 20:41:00,2017-10-14
3569971,10610AB795B2097,10610AB795B2097,15,66000,TXG,240,2278,66000180014,2,,2017-10-14 07:53:00,10610140753,臺中市大雅區大楓里民生路三段民族街415巷,0,1,110,112,120,40,127,141,163,172,176,181,188,191,193,206,211,216,218,233,0.0,0.0,2019-05-29 12:05:03,2017-10-14 07:53:00,2017-10-14
3609788,10610AB591B2162,10610AB591B2162,15,66000,TXG,233,2027,66000080028,2,,2017-10-14 13:57:00,10610141357,臺中市北屯區平德里崇德路二段北平路四段,0,1,109,112,120,50,127,158,163,171,176,181,188,190,193,206,211,216,218,221,24.1708513251266,120.685437389872,2019-05-29 12:05:03,2017-10-14 13:57:00,2017-10-14
3569860,10610AB191B2078,10610AB191B2078,15,66000,TXG,230,0,66000040000,2,,2017-10-14 00:03:00,10610140003,臺中市西區向上路英才路,0,1,109,114,120,50,137,149,163,171,176,181,188,192,196,201,210,216,218,236,24.1466912411044,120.665300056272,2019-05-29 12:05:03,2017-10-14 00:03:00,2017-10-14
3614999,10610AB591B2224,10610AB591B2224,15,66000,TXG,233,2572,66000080002,2,,2017-10-14 21:17:00,10610142117,臺中市北屯區北屯里太原路三段191號,0,1,109,114,120,40,137,148,163,171,176,181,188,189,193,201,211,215,218,236,24.1608061948636,120.729469185509,2019-05-29 12:05:03,2017-10-14 21:17:00,2017-10-14
3609831,10610AB794B2173,10610AB794B2173,15,66000,TXG,238,2042,66000160006,2,,2017-10-14 15:00:00,10610141500,臺中市神岡區社南里昌平路五段412號,0,1,109,112,120,50,137,149,163,171,176,181,188,192,196,201,211,216,217,236,24.2447844315402,120.683681642033,2019-05-29 12:05:03,2017-10-14 15:00:00,2017-10-14
3614986,10610ABA93B2220,10610ABA93B2220,15,66000,TXG,311,1982,66000120023,2,,2017-10-14 21:04:00,10610142104,臺中市清水區國姓里臨港路七段三美路往東下一缺口處附近三美路往東下一缺口處,0,1,109,115,120,40,137,148,163,171,176,181,188,192,196,197,210,212,217,235,24.3006616358768,120.577756758559,2019-05-29 12:05:03,2017-10-14 21:04:00,2017-10-14
3570059,10610AB691B2114,10610AB691B2114,15,66000,TXG,232,2000,66000060001,2,,2017-10-14 09:50:00,10610140950,臺中市西屯區西安里黎明路三段190號,0,1,111,112,120,50,137,162,163,172,176,181,188,192,196,206,211,216,218,230,24.178284350598,120.637641047544,2019-05-29 12:05:03,2017-10-14 09:50:00,2017-10-14
3609772,10610AB795B2155,10610AB795B2155,15,66000,TXG,240,2088,66000180007,2,,2017-10-14 13:40:00,10610141340,臺中市大雅區三和里信和路1號旁附近旁,0,1,109,112,120,40,137,149,164,171,176,181,188,192,196,206,211,216,218,236,24.2079461177781,120.658449595992,2019-05-29 12:05:03,2017-10-14 13:40:00,2017-10-14
3609703,10610AB996B2131,10610AB996B2131,15,66000,TXG,244,2168,66000240017,2,,2017-10-14 12:04:00,10610141204,臺中市大肚區自強里遊園路二段146號,0,1,110,112,120,50,126,142,163,172,176,181,188,192,196,201,211,216,217,221,24.1719454148251,120.580283855294,2019-05-29 12:05:03,2017-10-14 12:04:00,2017-10-14
3570063,10610AB191B2115,10610AB191B2115,15,66000,TXG,230,2341,66000040024,2,,2017-10-14 09:52:00,10610140952,臺中市西區[雙]龍里向上路模範街,0,1,111,112,120,50,127,141,163,171,176,181,188,189,193,206,211,216,218,234,24.1466969189146,120.666621472685,2019-05-29 12:05:03,2017-10-14 09:52:00,2017-10-14
3614980,10610AB291B2216,10610AB291B2216,15,66000,TXG,231,2363,66000050021,2,,2017-10-14 20:55:00,10610142055,臺中市北區健行里西屯路一段與梅亭街口附近與梅亭街口,0,1,109,114,120,50,127,141,163,171,176,181,188,190,193,206,211,216,218,234,24.1604356965616,120.665356559644,2019-05-29 12:05:03,2017-10-14 20:55:00,2017-10-14
3609806,10610AB491B2167,10610AB491B2167,15,66000,TXG,13,2383,66000070015,2,,2017-10-14 14:18:00,10610141418,臺中市南屯區大同里大墩五街大進街,0,1,109,112,120,50,127,141,163,171,176,181,188,192,196,206,211,216,218,234,24.1418138765965,120.651317748604,2019-05-29 12:05:03,2017-10-14 14:18:00,2017-10-14
3609725,10610AB891B2140,10610AB891B2140,15,66000,TXG,247,2258,66000280017,2,,2017-10-14 12:30:00,10610141230,臺中市大里區瑞城里塗城路541巷,0,1,109,112,120,50,126,141,163,171,176,181,188,192,196,206,211,216,218,221,24.0868912773064,120.708100036832,2019-05-29 12:05:03,2017-10-14 12:30:00,2017-10-14
3614965,10610AB891B2212,10610AB891B2212,15,66000,TXG,247,2258,66000280017,2,,2017-10-14 20:15:00,10610142015,臺中市大里區瑞城里塗城路276巷1弄與塗城路276巷口附近與塗城路276巷口,0,1,109,114,120,40,127,141,163,171,176,181,188,192,196,206,211,216,218,233,24.0874377688931,120.706922984172,2019-05-29 12:05:03,2017-10-14 20:15:00,2017-10-14
3609786,10610AB691B2161,10610AB691B2161,15,66000,TXG,232,2320,66000060035,2,,2017-10-14 13:56:00,10610141356,臺中市西屯區福恩里臺灣大道四段玉門路,0,2,109,112,120,40,137,148,163,171,176,181,188,192,196,199,210,214,218,235,24.1845641810822,120.609588005199,2019-05-29 12:05:03,2017-10-14 13:56:00,2017-10-14
3570096,10610AB391B2122,10610AB391B2122,15,66000,TXG,229,2286,66000030012,2,,2017-10-14 10:54:00,10610141054,臺中市南區樹義里復興路一段369號,0,1,111,112,120,50,137,149,163,172,176,181,188,192,196,199,210,216,218,231,24.2058791525357,120.706669932886,2019-05-29 12:05:03,2017-10-14 10:54:00,2017-10-14
3609744,10610AB291B2146,10610AB291B2146,15,66000,TXG,231,2345,66000050003,2,,2017-10-14 12:56:00,10610141256,臺中市北區五常里崇德路一段五義街,0,1,109,112,120,50,127,141,163,171,176,181,188,190,193,206,211,216,218,234,24.1559077955372,120.685648233485,2019-05-29 12:05:03,2017-10-14 12:56:00,2017-10-14
3615002,10610AB291B2226,10610AB291B2226,15,66000,TXG,231,2363,66000050021,2,,2017-10-14 21:29:00,10610142129,臺中市北區健行里西屯路忠明路,0,2,110,114,120,50,127,141,163,171,176,181,188,190,193,206,211,216,218,235,24.1620409525321,120.664162843395,2019-05-29 12:05:03,2017-10-14 21:29:00,2017-10-14
3614918,10610ABB93B2201,10610ABB93B2201,15,66000,TXG,243,2120,66000210004,2,,2017-10-14 18:45:00,10610141845,臺中市外埔區大同里甲后路三段中山路,0,1,109,114,120,50,127,141,164,171,176,181,188,189,193,206,211,216,218,236,24.328627794583,120.65658833733,2019-05-29 12:05:03,2017-10-14 18:45:00,2017-10-14
3609731,10610AB591B2142,10610AB591B2142,15,66000,TXG,233,2017,66000080018,2,,2017-10-14 12:42:00,10610141242,臺中市北屯區仁美里豐樂路10之12巷3號,0,1,110,112,120,40,137,149,163,172,176,181,188,192,196,206,211,216,218,235,24.1941836892269,120.683924868061,2019-05-29 12:05:03,2017-10-14 12:42:00,2017-10-14
3609722,10610AB491B2139,10610AB491B2139,15,66000,TXG,13,2376,66000070008,2,,2017-10-14 12:26:00,10610141226,臺中市南屯區新生里環中路四段近永春路附近近永春路,0,2,109,112,120,40,127,148,163,171,174,180,188,190,193,197,208,212,218,236,24.1381112528432,120.623133306841,2019-05-29 12:05:03,2017-10-14 12:26:00,2017-10-14
3609726,10610AB691B2141,10610AB691B2141,15,66000,TXG,232,2370,66000060018,2,,2017-10-14 12:32:00,10610141232,臺中市西屯區永安里西屯路三段80-10號,0,1,109,112,120,40,127,142,163,171,176,181,188,189,193,206,211,216,218,236,24.1833891755337,120.630475751876,2019-05-29 12:05:03,2017-10-14 12:32:00,2017-10-14
3609770,10610AB291B2153,10610AB291B2153,15,66000,TXG,231,1996,66000050033,2,,2017-10-14 13:40:00,10610141340,臺中市北區明新里中清路一段415號,0,1,109,112,120,40,137,148,163,171,176,181,188,192,196,197,210,215,218,235,24.1601904284668,120.675520693705,2019-05-29 12:05:03,2017-10-14 13:40:00,2017-10-14
3609780,10610AB795B2159,10610AB795B2159,15,66000,TXG,240,2083,66000180002,2,,2017-10-14 13:45:00,10610141345,臺中市大雅區員林里神林路一段49巷口附近49巷口,0,1,109,112,120,50,127,141,163,171,176,181,188,189,193,200,211,215,218,234,24.2306668468207,120.651705215907,2019-05-29 12:05:03,2017-10-14 13:45:00,2017-10-14
3569887,10610AB691B2083,10610AB691B2083,15,66000,TXG,232,2006,66000060007,2,,2017-10-14 01:35:00,10610140135,臺中市西屯區逢甲里福星路514號,0,1,109,114,120,50,137,149,163,171,176,181,188,192,196,201,211,216,218,231,24.1822607216072,120.641197884466,2019-05-29 12:05:03,2017-10-14 01:35:00,2017-10-14
3615051,10610AB891B2237,10610AB891B2237,15,66000,TXG,245,2193,66000260011,2,,2017-10-14 23:10:00,10610142310,臺中市霧峰區南柳里防汛道路與新厝橋路口附近與新厝橋路口,0,1,109,114,120,40,127,141,163,171,176,181,188,192,196,206,211,216,218,235,0.0,0.0,2019-05-29 12:05:03,2017-10-14 23:10:00,2017-10-14
3609775,10610AB391B2156,10610AB391B2156,15,66000,TXG,229,2279,66000030005,2,,2017-10-14 13:41:00,10610141341,臺中市南區積善里興大路426號,0,1,109,112,120,50,127,142,163,171,176,181,188,192,196,205,210,216,218,236,24.1167734043557,120.67179542998,2019-05-29 12:05:03,2017-10-14 13:41:00,2017-10-14
3570029,10610ABA95B2108,10610ABA95B2108,15,66000,TXG,236,2520,66000130008,2,,2017-10-14 09:10:00,10610140910,臺中市沙鹿區鹿寮里福人街與中山路378巷口附近與中山路378巷口,0,2,110,112,120,40,126,141,163,171,176,181,188,192,196,206,211,216,218,234,24.2410413836919,120.563219393325,2019-05-29 12:05:03,2017-10-14 09:10:00,2017-10-14
3614990,10610AB491B2221,10610AB491B2221,15,66000,TXG,13,2379,66000070011,2,,2017-10-14 21:06:00,10610142106,臺中市南屯區溝墘里大業路惠文二街,0,1,109,114,120,40,126,141,163,171,176,181,188,192,196,201,210,215,218,236,24.1536708036472,120.641658215532,2019-05-29 12:05:03,2017-10-14 21:06:00,2017-10-14
3569970,10610ABC91B2096,10610ABC91B2096,15,66000,TXG,246,2236,66000270039,2,,2017-10-14 07:50:00,10610140750,臺中市太平區永隆里太堤東路與新仁橋口附近與新仁橋口,0,1,111,112,120,40,127,149,163,172,176,181,188,190,193,201,211,216,217,233,24.1120431331069,120.724953870359,2019-05-29 12:05:03,2017-10-14 07:50:00,2017-10-14
3609732,10610AB994B2143,10610AB994B2143,15,66000,TXG,244,2431,66000240001,2,,2017-10-14 12:44:00,10610141244,臺中市大肚區王田里沙田路一段230號,0,1,109,112,120,50,137,148,163,171,176,179,186,192,196,197,210,215,217,234,24.1205788503285,120.571852409926,2019-05-29 12:05:03,2017-10-14 12:44:00,2017-10-14
3614974,10610AB795B2215,10610AB795B2215,15,66000,TXG,240,2093,66000180013,2,,2017-10-14 20:42:00,10610142042,臺中市大雅區文雅里中山北路與永和路口附近與永和路口,0,1,109,114,120,50,127,142,163,171,176,181,188,189,193,201,210,216,217,221,24.2219088625364,120.64541358203,2019-05-29 12:05:03,2017-10-14 20:42:00,2017-10-14
3609798,10610ABB93B2166,10610ABB93B2166,15,66000,TXG,237,2551,66000150006,2,,2017-10-14 14:10:00,10610141410,臺中市后里區墩東里文明路69巷與文明路69巷4弄口附近與文明路69巷4弄口,0,1,109,112,120,50,126,141,163,171,176,181,188,192,196,201,211,216,218,230,24.3064716987351,120.720426666313,2019-05-29 12:05:03,2017-10-14 14:10:00,2017-10-14
3570034,10610AB491B2110,10610AB491B2110,15,66000,TXG,13,2381,66000070013,2,,2017-10-14 09:15:00,10610140915,臺中市南屯區黎明里黎明路市政南一路,0,1,110,112,120,50,127,141,163,171,176,181,188,190,193,206,211,216,218,233,24.1582403828382,120.634088847775,2019-05-29 12:05:03,2017-10-14 09:15:00,2017-10-14
3609704,10610AB491B2132,10610AB491B2132,15,66000,TXG,13,2390,66000070022,2,,2017-10-14 12:05:00,10610141205,臺中市南屯區惠中里大觀路與大觀路68號旁無名巷口附近與大觀路68號旁無名巷口,0,1,109,112,120,50,127,141,163,171,176,181,188,192,196,206,211,216,218,233,24.145832267602,120.642621598005,2019-05-29 12:05:03,2017-10-14 12:05:00,2017-10-14
3570069,10610AB191B2116,10610AB191B2116,15,66000,TXG,230,2333,66000040016,2,,2017-10-14 10:01:00,10610141001,臺中市西區忠明里華美街與中美街379巷附近與中美街379巷,0,1,110,112,120,50,126,142,163,172,176,181,188,192,196,205,211,216,218,236,24.1519650205647,120.658878997453,2019-05-29 12:05:03,2017-10-14 10:01:00,2017-10-14
3614953,10610AB291B2208,10610AB291B2208,15,66000,TXG,231,2343,66000050001,2,,2017-10-14 19:51:00,10610141951,臺中市北區光大里公園路光大街,0,1,110,114,120,50,127,141,163,171,176,181,188,190,193,206,211,216,218,234,24.1505208787633,120.677539980006,2019-05-29 12:05:03,2017-10-14 19:51:00,2017-10-14
3609818,10610AB691B2169,10610AB691B2169,15,66000,TXG,232,2006,66000060007,2,,2017-10-14 14:45:00,10610141445,臺中市西屯區逢甲里福星路537號,0,1,111,112,120,50,137,148,163,171,176,181,188,192,196,205,210,215,218,235,24.1822579599414,120.641200399749,2019-05-29 12:05:03,2017-10-14 14:45:00,2017-10-14
3615055,10610AB994B2238,10610AB994B2238,15,66000,TXG,244,2430,66000240006,2,,2017-10-14 23:15:00,10610142315,臺中市大肚區新興里沙田路二段新興街,0,1,110,114,120,70,126,142,163,171,176,181,188,189,193,197,210,215,217,231,24.1405077458966,120.549445173342,2019-05-29 12:05:03,2017-10-14 23:15:00,2017-10-14
3569926,10610AB391B2089,10610AB391B2089,15,66000,TXG,228,2065,66000020005,2,,2017-10-14 06:45:00,10610140645,臺中市東區干城里南京路武德街,0,1,109,112,120,50,126,141,163,171,176,181,188,192,196,206,211,216,218,227,24.1400950746792,120.687868658309,2019-05-29 12:05:03,2017-10-14 06:45:00,2017-10-14
3614911,10610AB691B2199,10610AB691B2199,15,66000,TXG,232,2321,66000060036,2,,2017-10-14 18:40:00,10610141840,臺中市西屯區福聯里國際街60之2號,0,1,109,114,120,50,126,142,163,171,176,181,188,192,196,206,211,216,218,235,24.1860177213698,120.595049412094,2019-05-29 12:05:03,2017-10-14 18:40:00,2017-10-14