識別碼,案件編號,交通事故主表,縣市識別碼,縣市代碼,所屬縣市簡碼,鄉縣市區識別碼,村里識別碼,里代碼,事故類(A1、A2...An),處理單位代碼,案件時間(西元),案件時間(民國),發生地點,死亡人數,受傷人數(含2~30日內死亡),天氣識別碼,光線識別碼,道路類別識別碼,速限,道路型態識別碼,事故位置識別碼,路面鋪裝識別碼,路面狀態識別碼,路面缺陷識別碼,障礙物視距識別碼,視距識別碼,號誌種類識別碼,號誌動作識別碼,車道劃分設施-分向設施識別碼,快車道或一般車道間識別碼,快慢車道間識別碼,路面邊線識別碼,事故類型及型態識別碼,緯度,經度,本平台資料更新時間(yyyy-MM-dd HH:mm:ss),資料代表時間(yyyy-MM-dd HH:mm:ss),資料代表日期(yyyy-MM-dd)
3615532,10610AB591B2356,10610AB591B2356,15,66000,TXG,233,2016,66000080017,2,,2017-10-15 19:08:00,10610151908,臺中市北屯區仁和里崇德九路崇德路三段,0,1,110,114,120,50,127,141,163,171,176,181,188,190,193,206,211,216,218,236,24.1868949193436,120.686233701381,2019-05-29 12:05:03,2017-10-15 19:08:00,2017-10-15
3615373,10610AB691B2321,10610AB691B2321,15,66000,TXG,232,2004,66000060005,2,,2017-10-15 15:31:00,10610151531,臺中市西屯區惠來里文心路二段西屯區06451燈桿附近西屯區06451燈桿,0,1,109,112,120,30,137,149,163,171,176,181,188,192,196,206,211,216,218,234,24.1598357752966,120.647878395385,2019-05-29 12:05:03,2017-10-15 15:31:00,2017-10-15
3615328,10610AB794B2311,10610AB794B2311,15,66000,TXG,238,2046,66000160010,2,,2017-10-15 14:07:00,10610151407,臺中市神岡區豐洲里東洲一街53號,0,1,111,112,120,40,126,142,163,171,176,181,188,192,196,201,211,216,218,234,24.2604329345771,120.710556626196,2019-05-29 12:05:03,2017-10-15 14:07:00,2017-10-15
3615289,10610AB891B2301,10610AB891B2301,15,66000,TXG,247,2255,66000280014,2,,2017-10-15 12:50:00,10610151250,臺中市大里區仁化里仁堤路善化路,0,1,109,112,120,50,127,141,163,171,176,181,188,189,193,206,211,216,218,235,24.1002538769438,120.701151212352,2019-05-29 12:05:03,2017-10-15 12:50:00,2017-10-15
3615145,10610AB491B2259,10610AB491B2259,15,66000,TXG,13,2392,66000070024,2,,2017-10-15 08:11:00,10610150811,臺中市南屯區三和里黎明路大墩十二街,0,1,109,112,120,50,126,141,163,171,176,181,188,192,196,206,211,216,218,234,24.1499998122665,120.635463037418,2019-05-29 12:05:03,2017-10-15 08:11:00,2017-10-15
3615156,10610AB291B2262,10610AB291B2262,15,66000,TXG,231,1997,66000050034,2,,2017-10-15 08:55:00,10610150855,臺中市北區立人里北平路陝西路,0,1,109,112,120,50,127,141,163,171,176,181,188,189,193,206,211,216,218,235,24.1716332047515,120.668260179825,2019-05-29 12:05:03,2017-10-15 08:55:00,2017-10-15
3615123,10610AB994B2253,10610AB994B2253,15,66000,TXG,244,2155,66000240003,2,,2017-10-15 06:55:00,10610150655,臺中市大肚區福山里沙田路一段沙田路一段566巷,0,1,109,112,120,50,127,141,163,171,176,181,188,189,193,206,211,216,218,234,24.1253134612152,120.561256695292,2019-05-29 12:05:03,2017-10-15 06:55:00,2017-10-15
3615493,10610AB891B2350,10610AB891B2350,15,66000,TXG,247,2248,66000280007,2,,2017-10-15 18:10:00,10610151810,臺中市大里區西榮里東榮路新南路,0,1,110,114,120,50,127,141,163,172,176,181,188,192,196,206,211,216,218,234,24.1103175116652,120.684964231802,2019-05-29 12:05:03,2017-10-15 18:10:00,2017-10-15
3615522,10610AB691B2355,10610AB691B2355,15,66000,TXG,232,2004,66000060005,2,,2017-10-15 18:55:00,10610151855,臺中市西屯區惠來里惠來路與市政北七路附近與市政北七路,0,3,109,114,120,50,127,141,163,171,176,181,188,189,193,206,211,216,218,234,24.1640850216461,120.642495666261,2019-05-29 12:05:03,2017-10-15 18:55:00,2017-10-15
3615219,10610AB691B2277,10610AB691B2277,15,66000,TXG,232,2002,66000060003,2,,2017-10-15 11:01:00,10610151101,臺中市西屯區潮洋里臺灣大道三段河南路三段,0,1,111,112,120,50,127,141,163,172,176,181,188,189,193,206,211,216,218,234,24.1676134283331,120.640805214372,2019-05-29 12:05:03,2017-10-15 11:01:00,2017-10-15
3615340,10610AB291B2314,10610AB291B2314,15,66000,TXG,231,1990,66000050027,2,,2017-10-15 14:36:00,10610151436,臺中市北區六合里篤行路福龍街,0,1,109,112,120,50,127,141,163,171,176,181,188,192,196,206,211,216,218,234,24.1485655554176,120.675570225547,2019-05-29 12:05:03,2017-10-15 14:36:00,2017-10-15
3615407,10610AB691B2328,10610AB691B2328,15,66000,TXG,232,2004,66000060005,2,,2017-10-15 16:20:00,10610151620,臺中市西屯區惠來里惠中路一段近市政北七路附近近市政北七路,0,2,109,112,120,50,126,141,163,171,176,181,188,189,193,206,211,216,218,235,24.1643048263834,120.646319106714,2019-05-29 12:05:03,2017-10-15 16:20:00,2017-10-15
3615539,10610ABA93B2357,10610ABA93B2357,15,66000,TXG,311,213,66000120012,2,,2017-10-15 19:16:00,10610151916,臺中市清水區臨江里高美路426-1號,0,3,111,114,120,50,126,142,163,172,176,181,188,192,196,205,211,216,217,234,24.2920022248727,120.565280079323,2019-05-29 12:05:03,2017-10-15 19:16:00,2017-10-15
3615262,10610ABC91B2293,10610ABC91B2293,15,66000,TXG,246,2229,66000270032,2,,2017-10-15 12:08:00,10610151208,臺中市太平區宜昌里中山路三段67巷口附近口,0,1,109,112,120,50,126,142,163,171,176,181,188,192,196,201,211,215,217,234,24.1495054965884,120.721972246235,2019-05-29 12:05:03,2017-10-15 12:08:00,2017-10-15
3615426,10610AB996B2338,10610AB996B2338,15,66000,TXG,244,2168,66000240017,2,,2017-10-15 17:00:00,10610151700,臺中市大肚區自強里遊園路二段269巷1號,0,2,109,112,120,50,137,149,163,171,176,181,188,192,196,201,211,216,218,235,24.1690214190762,120.579155298531,2019-05-29 12:05:03,2017-10-15 17:00:00,2017-10-15
3615071,10610AB891B2242,10610AB891B2242,15,66000,TXG,245,5907,66000260009,2,,2017-10-15 00:10:00,10610150010,臺中市霧峰區坑口里中正路694號,0,1,110,114,120,70,127,141,163,171,176,181,188,189,193,206,211,216,218,235,24.0499396424084,120.694366026122,2019-05-29 12:05:03,2017-10-15 00:10:00,2017-10-15
3615547,10610AB291B2358,10610AB291B2358,15,66000,TXG,231,2347,66000050005,2,,2017-10-15 19:41:00,10610151941,臺中市北區新北里雙十路二段與育才北路口附近與育才北路口,0,1,110,114,120,50,126,141,163,171,176,181,188,189,193,206,211,216,218,234,24.151705253221,120.688408155294,2019-05-29 12:05:03,2017-10-15 19:41:00,2017-10-15
3615294,10610AB691B2302,10610AB691B2302,15,66000,TXG,232,2004,66000060005,2,,2017-10-15 12:55:00,10610151255,臺中市西屯區惠來里臺灣大道三段近河南路附近近河南路,0,1,109,112,120,40,138,148,163,171,176,181,188,192,196,197,210,212,218,234,24.1728797681587,120.634170533965,2019-05-29 12:05:03,2017-10-15 12:55:00,2017-10-15
3615583,10610AB291B2368,10610AB291B2368,15,66000,TXG,231,2348,66000050006,2,,2017-10-15 21:06:00,10610152106,臺中市北區樂英里錦南街近雙十路二段附近近雙十路二段,0,1,110,114,120,50,137,147,163,172,176,181,188,189,193,197,210,215,218,234,24.1545552400033,120.68651882857,2019-05-29 12:05:03,2017-10-15 21:06:00,2017-10-15
3615144,10610AB391B2258,10610AB391B2258,15,66000,TXG,228,2066,66000020006,2,,2017-10-15 08:11:00,10610150811,臺中市東區泉源里復興路四段305號,0,2,109,112,120,50,126,141,163,171,176,181,188,190,193,199,208,216,218,234,24.1382961017052,120.689788757784,2019-05-29 12:05:03,2017-10-15 08:11:00,2017-10-15
3615277,10610ABB93B2298,10610ABB93B2298,15,66000,TXG,243,2122,66000210006,2,,2017-10-15 12:30:00,10610151230,臺中市外埔區大東里甲后路五段158號,0,2,109,112,120,40,126,142,163,171,176,181,188,192,196,201,211,215,217,235,24.342934144112,120.630718621958,2019-05-29 12:05:03,2017-10-15 12:30:00,2017-10-15
3615318,10610AB491B2308,10610AB491B2308,15,66000,TXG,13,2389,66000070021,2,,2017-10-15 13:55:00,10610151355,臺中市南屯區大業里公益路大進街,0,1,109,112,120,50,127,141,163,171,176,181,188,190,193,206,211,216,218,234,24.1507788639695,120.651405398654,2019-05-29 12:05:03,2017-10-15 13:55:00,2017-10-15
3615594,10610AB391B2371,10610AB391B2371,15,66000,TXG,229,2244,66000030001,2,,2017-10-15 21:30:00,10610152130,臺中市南區城隍里忠孝路154號,0,1,111,112,120,50,137,147,163,172,176,181,188,192,196,201,211,215,218,234,24.1295003276421,120.682145669731,2019-05-29 12:05:03,2017-10-15 21:30:00,2017-10-15
3615284,10610AB291B2299,10610AB291B2299,15,66000,TXG,231,1994,66000050031,2,,2017-10-15 12:45:00,10610151245,臺中市北區崇德里進化北路160號,0,1,109,112,120,40,137,148,163,171,176,181,188,192,196,197,210,215,218,235,24.1632270038402,120.68573816767,2019-05-29 12:05:03,2017-10-15 12:45:00,2017-10-15
3615292,10610ABC91B2303,10610ABC91B2303,15,66000,TXG,246,2233,66000270036,2,,2017-10-15 12:55:00,10610151255,臺中市太平區勤益里中山路一段223號,0,3,109,112,120,50,137,149,163,171,176,181,188,192,196,201,211,216,217,221,24.109379805257,120.644176852804,2019-05-29 12:05:03,2017-10-15 12:55:00,2017-10-15
3615557,10610AB491B2361,10610AB491B2361,15,66000,TXG,13,2390,66000070022,2,,2017-10-15 20:01:00,10610152001,臺中市南屯區惠中里向上路惠中路口附近惠中路口,0,1,110,114,120,50,127,141,163,171,176,181,188,190,193,206,211,216,218,234,24.1468805830125,120.640611187485,2019-05-29 12:05:03,2017-10-15 20:01:00,2017-10-15
3615362,10610AB891B2317,10610AB891B2317,15,66000,TXG,247,2263,66000280022,2,,2017-10-15 15:14:00,10610151514,臺中市大里區大明里國光路二段國光橋上附近國光橋上,0,2,109,112,120,50,126,142,163,171,176,181,188,192,196,197,210,215,218,231,24.1061357385091,120.680699690624,2019-05-29 12:05:03,2017-10-15 15:14:00,2017-10-15
3615581,10610AB591B2367,10610AB591B2367,15,66000,TXG,233,2402,66000080010,2,,2017-10-15 21:00:00,10610152100,臺中市北屯區和平里東山路一段421-8號,0,1,110,114,120,50,137,149,163,171,176,181,188,192,196,201,210,216,218,234,24.1698596893501,120.702247782299,2019-05-29 12:05:03,2017-10-15 21:00:00,2017-10-15
3615190,10610AB391B2272,10610AB391B2272,15,66000,TXG,229,2289,66000030015,2,,2017-10-15 10:09:00,10610151009,臺中市南區長春里忠孝路178號對面附近對面,0,1,109,112,120,50,127,142,163,171,176,181,188,189,193,206,211,216,218,231,24.0851614891678,120.690047527739,2019-05-29 12:05:03,2017-10-15 10:09:00,2017-10-15
3615405,10610AB691B2329,10610AB691B2329,15,66000,TXG,232,2371,66000060019,2,,2017-10-15 16:20:00,10610151620,臺中市西屯區福安里福科路11822路燈附近11822路燈,0,1,109,112,120,50,126,141,163,171,176,181,188,192,196,197,210,215,218,230,24.1872468475828,120.607636688907,2019-05-29 12:05:03,2017-10-15 16:20:00,2017-10-15
3615512,10610AB691B2354,10610AB691B2354,15,66000,TXG,232,2004,66000060005,2,,2017-10-15 18:38:00,10610151838,臺中市西屯區惠來里臺灣大道三段近河南路附近近河南路,0,1,109,114,120,50,127,141,163,171,176,181,188,189,193,206,211,216,218,235,24.1728880455695,120.634183703267,2019-05-29 12:05:03,2017-10-15 18:38:00,2017-10-15
3615501,10610AB291B2352,10610AB291B2352,15,66000,TXG,231,2358,66000050016,2,,2017-10-15 18:22:00,10610151822,臺中市北區賴村里學士路健行路,0,1,110,114,120,50,127,141,163,171,176,181,188,190,193,206,211,216,218,233,24.1591096268663,120.680941589653,2019-05-29 12:05:03,2017-10-15 18:22:00,2017-10-15
3615569,10610ABC91B2363,10610ABC91B2363,15,66000,TXG,246,2206,66000270007,2,,2017-10-15 20:20:00,10610152020,臺中市太平區宜欣里宜欣二路宜欣四街,0,1,111,114,120,50,127,141,163,171,176,181,188,192,196,201,211,216,218,233,24.1451784695185,120.716519026417,2019-05-29 12:05:03,2017-10-15 20:20:00,2017-10-15
3615420,10610ABD91B2333,10610ABD91B2333,15,66000,TXG,242,2109,66000200003,2,,2017-10-15 16:50:00,10610151650,臺中市石岡區九房里豐勢路949號,0,1,109,112,120,70,126,141,163,171,176,181,188,190,193,206,211,216,218,235,24.2746015447769,120.783501885436,2019-05-29 12:05:03,2017-10-15 16:50:00,2017-10-15
3615575,10610AB191B2366,10610AB191B2366,15,66000,TXG,230,2329,66000040012,2,,2017-10-15 20:47:00,10610152047,臺中市西區後龍里五權路與民權路口附近與民權路口,0,2,111,114,120,50,127,141,163,172,176,181,188,190,193,206,211,216,218,235,24.145483308761,120.671213874512,2019-05-29 12:05:03,2017-10-15 20:47:00,2017-10-15
3615431,10610AB691B2339,10610AB691B2339,15,66000,TXG,232,2002,66000060003,2,,2017-10-15 17:04:00,10610151704,臺中市西屯區潮洋里臺灣大道三段00467路燈附近00467路燈,0,1,109,112,120,50,137,147,163,171,176,181,188,192,196,197,210,215,218,231,24.1728844231779,120.634185445999,2019-05-29 12:05:03,2017-10-15 17:04:00,2017-10-15
3615366,10610AB793B2318,10610AB793B2318,15,66000,TXG,239,2570,66000170010,2,,2017-10-15 15:20:00,10610151520,臺中市潭子區栗林里中山路三段275巷,0,2,109,112,120,60,128,141,163,171,176,181,188,191,193,197,210,215,217,244,0.0,0.0,2019-05-29 12:05:03,2017-10-15 15:20:00,2017-10-15
3615472,10610AB591B2347,10610AB591B2347,15,66000,TXG,233,2410,66000080038,2,,2017-10-15 17:55:00,10610151755,臺中市北屯區平陽里河北路大連路,0,1,109,113,120,50,127,141,163,171,176,181,188,190,193,206,211,216,218,234,24.1760784625738,120.683699104965,2019-05-29 12:05:03,2017-10-15 17:55:00,2017-10-15
3615353,10610ABA94B2316,10610ABA94B2316,15,66000,TXG,312,2542,66000140011,2,,2017-10-15 14:56:00,10610151456,臺中市梧棲區大村里臺灣大道八段近文明街附近近文明街,0,1,109,112,120,50,137,149,163,171,176,181,188,189,193,198,211,216,217,231,24.2504809129121,120.537482651512,2019-05-29 12:05:03,2017-10-15 14:56:00,2017-10-15
3615221,10610AB691B2279,10610AB691B2279,15,66000,TXG,232,2371,66000060019,2,,2017-10-15 11:04:00,10610151104,臺中市西屯區福安里福科路福誠路,0,1,109,112,120,50,126,141,163,171,176,181,188,192,196,206,211,216,218,235,24.1816771355922,120.626026370127,2019-05-29 12:05:03,2017-10-15 11:04:00,2017-10-15
3615158,10610AB891B2264,10610AB891B2264,15,66000,TXG,247,2239,66000280003,2,,2017-10-15 08:58:00,10610150858,臺中市大里區樹王里樹王路中投西路三段,0,1,109,112,120,50,127,141,163,171,176,181,188,189,193,206,211,216,218,234,24.1031864090672,120.674970435435,2019-05-29 12:05:03,2017-10-15 08:58:00,2017-10-15
3615118,10610AB491B2252,10610AB491B2252,15,66000,TXG,13,2376,66000070008,2,,2017-10-15 06:39:00,10610150639,臺中市南屯區新生里中彰快速道路6.4K處附近6.4K處,0,1,109,112,120,80,137,149,163,171,176,181,188,192,196,197,210,212,218,238,0.0,0.0,2019-05-29 12:05:03,2017-10-15 06:39:00,2017-10-15
3615237,10610AB491B2284,10610AB491B2284,15,66000,TXG,13,2392,66000070024,2,,2017-10-15 11:30:00,10610151130,臺中市南屯區三和里公益路二段689號,0,1,109,112,120,40,137,148,163,171,176,181,188,192,196,197,210,215,218,231,24.150759167161,120.631847918319,2019-05-29 12:05:03,2017-10-15 11:30:00,2017-10-15
3615414,10610AB691B2331,10610AB691B2331,15,66000,TXG,232,2370,66000060018,2,,2017-10-15 16:36:00,10610151636,臺中市西屯區永安里宏恩三巷電桿G5250CD10號附近電桿G5250CD10號,0,2,109,112,120,50,127,141,163,171,176,181,188,192,196,206,211,216,218,234,0.0,0.0,2019-05-29 12:05:03,2017-10-15 16:36:00,2017-10-15
3615453,10610AB291B2344,10610AB291B2344,15,66000,TXG,231,2347,66000050005,2,,2017-10-15 17:36:00,10610151736,臺中市北區新北里雙十路二段15號,0,1,110,113,120,50,137,147,163,171,176,181,188,192,196,201,210,216,218,235,24.1553089300217,120.691188066416,2019-05-29 12:05:03,2017-10-15 17:36:00,2017-10-15
3666019,10610AB691B2375,10610AB691B2375,15,66000,TXG,232,2320,66000060035,2,,2017-10-15 22:30:00,10610152230,臺中市西屯區福恩里臺灣大道四段環保局監測站前人行道附近環保局監測站前人行道,0,1,109,114,123,1,138,160,164,171,176,181,188,192,196,206,211,216,218,236,24.174045560233,120.632669910335,2019-05-29 12:05:03,2017-10-15 22:30:00,2017-10-15
3615226,10610AB691B2281,10610AB691B2281,15,66000,TXG,232,2001,66000060002,2,,2017-10-15 11:13:00,10610151113,臺中市西屯區西墩里黎明路福星北路,0,1,109,112,120,50,137,149,163,171,176,181,188,189,193,205,210,216,218,235,24.1872545640592,120.640510126199,2019-05-29 12:05:03,2017-10-15 11:13:00,2017-10-15
3615256,10610AB491B2291,10610AB491B2291,15,66000,TXG,13,2326,66000070002,2,,2017-10-15 11:56:00,10610151156,臺中市南屯區豐樂里文心南三路近向心南路口附近近向心南路口,0,1,109,112,120,50,127,141,163,171,176,181,188,189,193,206,211,216,218,236,24.1333902592034,120.641992200585,2019-05-29 12:05:03,2017-10-15 11:56:00,2017-10-15
3615428,10610ABC91B2337,10610ABC91B2337,15,66000,TXG,246,2231,66000270034,2,,2017-10-15 17:00:00,10610151700,臺中市太平區豐年里大源十三街大源一路,0,1,109,112,120,40,127,149,163,171,176,181,188,192,196,206,211,216,218,233,24.1427347592394,120.72594593756,2019-05-29 12:05:03,2017-10-15 17:00:00,2017-10-15
3666043,10610AB996B2376,10610AB996B2376,15,66000,TXG,288,2184,66000250016,2,,2017-10-15 23:30:00,10610152330,臺中市龍井區東海里遠東街94號,0,1,110,114,120,50,137,147,163,172,176,181,188,192,196,201,210,215,218,219,24.1899608817898,120.592225046495,2019-05-29 12:05:03,2017-10-15 23:30:00,2017-10-15
3615264,10610AB191B2294,10610AB191B2294,15,66000,TXG,230,2337,66000040020,2,,2017-10-15 12:09:00,10610151209,臺中市西區公益里中美街299巷與公正路210巷口附近與公正路210巷口,0,1,109,112,120,40,127,141,163,171,176,181,188,192,196,206,211,216,218,233,24.1490285863248,120.660194089036,2019-05-29 12:05:03,2017-10-15 12:09:00,2017-10-15
3615324,10610AB491B2309,10610AB491B2309,15,66000,TXG,13,2376,66000070008,2,,2017-10-15 14:02:00,10610151402,臺中市南屯區新生里五權西路環中路,0,1,109,112,120,50,127,141,163,171,176,181,188,189,193,206,211,216,218,234,24.1495678532784,120.623688599645,2019-05-29 12:05:03,2017-10-15 14:02:00,2017-10-15
3615131,10610AB291B2255,10610AB291B2255,15,66000,TXG,231,1998,66000050035,2,,2017-10-15 07:30:00,10610150730,臺中市北區梅川里漢口路四段359號,0,1,109,112,120,50,137,149,163,171,174,177,188,192,196,201,210,216,218,236,0.0,0.0,2019-05-29 12:05:03,2017-10-15 07:30:00,2017-10-15
3615570,10610AB993B3767,10610AB993B3767,15,66000,TXG,14,2277,66000230005,2,,2017-10-15 20:20:00,10610152020,臺中市烏日區學田里高鐵東二路往學田路方向附近往學田路方向,0,1,110,114,120,40,137,149,163,171,176,181,188,192,196,197,211,216,218,236,24.1098082453196,120.611479103262,2019-05-29 12:05:03,2017-10-15 20:20:00,2017-10-15
3615268,10610AB291B2296,10610AB291B2296,15,66000,TXG,231,1999,66000050036,2,,2017-10-15 12:17:00,10610151217,臺中市北區賴福里進化北路大德街附近大德街,0,1,109,112,120,50,127,141,163,171,176,181,188,189,193,197,210,215,218,234,24.1631835613564,120.678310040045,2019-05-29 12:05:03,2017-10-15 12:17:00,2017-10-15
3615263,10610AB191B2292,10610AB191B2292,15,66000,TXG,227,2055,66000010003,2,,2017-10-15 12:08:00,10610151208,臺中市中區綠川里綠川西街民族路,0,1,109,112,120,50,127,141,163,171,176,181,188,191,193,203,211,216,218,233,24.1372360530372,120.682295527594,2019-05-29 12:05:03,2017-10-15 12:08:00,2017-10-15
3615450,10610AB591B2343,10610AB591B2343,15,66000,TXG,233,2395,66000080003,2,,2017-10-15 17:29:00,10610151729,臺中市北屯區三光里北屯路232之1號,0,1,109,114,120,40,138,160,166,171,176,181,188,192,196,206,211,216,218,236,24.1749643039172,120.698835847217,2019-05-29 12:05:03,2017-10-15 17:29:00,2017-10-15
3666046,10610AB591B2377,10610AB591B2377,15,66000,TXG,233,2020,66000080021,2,,2017-10-15 23:55:00,10610152355,臺中市北屯區同榮里昌平路二段豐樂一街,0,1,111,114,120,50,128,141,163,172,176,181,188,189,193,206,211,216,218,231,24.1969044585211,120.680480855358,2019-05-29 12:05:03,2017-10-15 23:55:00,2017-10-15
3615160,10610ABA94B2265,10610ABA94B2265,15,66000,TXG,312,2539,66000140007,2,,2017-10-15 09:02:00,10610150902,臺中市梧棲區草湳里港埠路一段文昌路,0,1,109,112,120,50,127,141,163,171,176,181,188,189,193,206,211,216,218,219,24.2463930681831,120.534550229263,2019-05-29 12:05:03,2017-10-15 09:02:00,2017-10-15
3615157,10610AB391B2263,10610AB391B2263,15,66000,TXG,229,2279,66000030005,2,,2017-10-15 08:57:00,10610150857,臺中市南區積善里國光路國光路365巷,0,1,109,112,120,50,126,141,163,171,176,181,188,190,193,206,211,216,218,219,24.1205825900161,120.67931026127,2019-05-29 12:05:03,2017-10-15 08:57:00,2017-10-15
3615456,10610AB691B2346,10610AB691B2346,15,66000,TXG,232,2368,66000060016,2,,2017-10-15 17:40:00,10610151740,臺中市西屯區廣福里廣福路352巷96號,0,1,109,114,120,50,137,149,163,171,176,181,188,192,196,206,211,216,218,229,24.2026649909277,120.650032465411,2019-05-29 12:05:03,2017-10-15 17:40:00,2017-10-15
3615379,10610ABB91B2322,10610ABB91B2322,15,66000,TXG,286,2503,66000110024,2,,2017-10-15 15:40:00,10610151540,臺中市大甲區日南里幼二路青年路口附近青年路口,0,1,109,112,120,50,127,149,163,171,176,181,188,191,193,201,211,216,217,235,24.4043274649129,120.646201389532,2019-05-29 12:05:03,2017-10-15 15:40:00,2017-10-15
3615308,10610AB691B2305,10610AB691B2305,15,66000,TXG,232,2316,66000060031,2,,2017-10-15 13:30:00,10610151330,臺中市西屯區何成里文心路二段大隆路,0,1,109,112,120,50,127,142,163,171,176,181,188,190,193,197,208,216,218,236,24.1592959931532,120.647517269636,2019-05-29 12:05:03,2017-10-15 13:30:00,2017-10-15
3615167,10610AB291B2267,10610AB291B2267,15,66000,TXG,231,2347,66000050005,2,,2017-10-15 09:30:00,10610150930,臺中市北區新北里錦新街40號,0,1,109,112,120,50,137,149,163,171,176,181,188,192,196,205,211,216,218,235,24.1529002952132,120.68739759243,2019-05-29 12:05:03,2017-10-15 09:30:00,2017-10-15
3615141,10610AB795B2257,10610AB795B2257,15,66000,TXG,240,2090,66000180010,2,,2017-10-15 07:58:00,10610150758,臺中市大雅區二和里學府路與神林南路口附近與神林南路口,0,1,109,112,120,50,127,142,163,171,176,181,188,189,193,201,211,215,217,235,24.2190062397488,120.65049784347,2019-05-29 12:05:03,2017-10-15 07:58:00,2017-10-15
3666014,10610A24NVB0067,10610A24NVB0067,15,66000,TXG,245,0,66000260000,2,,2017-10-15 22:18:00,10610152218,臺中市霧峰區國道6號西側交流道車道,0,1,109,115,116,60,137,156,163,171,176,181,188,192,196,206,209,216,217,238,24.1236855650131,120.666628042976,2019-05-29 12:05:03,2017-10-15 22:18:00,2017-10-15
3615133,10610ABB93B2256,10610ABB93B2256,15,66000,TXG,237,2546,66000150001,2,,2017-10-15 07:45:00,10610150745,臺中市后里區廣福里三豐路三段與公安路一段路口旁附近與公安路一段路口旁,0,1,109,112,120,50,137,153,163,171,176,181,187,192,196,197,210,215,217,227,24.3030410600201,120.722337551505,2019-05-29 12:05:03,2017-10-15 07:45:00,2017-10-15
3615389,10610AB891B2323,10610AB891B2323,15,66000,TXG,247,2262,66000280021,2,,2017-10-15 16:00:00,10610151600,臺中市大里區國光里德芳南路德芳路一段,0,1,109,112,120,60,127,142,163,171,176,181,188,189,193,197,208,215,217,235,24.1048232917093,120.681239878532,2019-05-29 12:05:03,2017-10-15 16:00:00,2017-10-15
3615305,10610AB191B2304,10610AB191B2304,15,66000,TXG,230,2340,66000040023,2,,2017-10-15 13:21:00,10610151321,臺中市西區公德里精誠路與精誠二十八街口附近與精誠二十八街口,0,1,109,112,120,50,127,142,163,171,176,181,188,192,196,201,211,215,218,236,24.1437164285267,120.655109007775,2019-05-29 12:05:03,2017-10-15 13:21:00,2017-10-15
3666157,10610AB891B2401,10610AB891B2401,15,66000,TXG,247,2257,66000280016,2,,2017-10-16 07:45:00,10610160745,臺中市大里區塗城里塗城路成功路,0,1,111,112,120,50,127,142,163,172,176,181,188,189,193,200,211,216,217,231,24.0882068481245,120.70273415232,2019-05-29 12:05:03,2017-10-16 07:45:00,2017-10-16
3674403,10610AB291B2475,10610AB291B2475,15,66000,TXG,231,2358,66000050016,2,,2017-10-16 13:40:00,10610161340,臺中市北區賴村里梅川東路德化街,0,1,111,112,120,50,127,141,163,172,176,181,188,189,193,206,211,216,218,234,24.161687260711,120.676654613638,2019-05-29 12:05:03,2017-10-16 13:40:00,2017-10-16
3674812,10610AB891B2556,10610AB891B2556,15,66000,TXG,247,2239,66000280003,2,,2017-10-16 23:58:00,10610162358,臺中市大里區樹王里中投西路三段東興路,0,1,111,114,120,50,127,141,163,172,176,181,188,191,193,206,211,216,218,235,24.0873364632136,120.664054285686,2019-05-29 12:05:03,2017-10-16 23:58:00,2017-10-16
3674184,10610AB491B2433,10610AB491B2433,15,66000,TXG,13,2375,66000070007,2,,2017-10-16 09:02:00,10610160902,臺中市南屯區文山里嶺東路文山路,0,1,111,112,120,50,126,141,163,172,176,181,188,189,193,206,211,216,218,234,24.1441406748786,120.610524347484,2019-05-29 12:05:03,2017-10-16 09:02:00,2017-10-16
3666150,10610AB891B2398,10610AB891B2398,15,66000,TXG,245,2194,66000260012,2,,2017-10-16 07:42:00,10610160742,臺中市霧峰區四德里四德路320號,0,1,111,112,120,40,137,149,163,172,176,181,188,192,196,201,211,216,217,230,24.0651671452119,120.681044759904,2019-05-29 12:05:03,2017-10-16 07:42:00,2017-10-16
3674219,10610AB291B2441,10610AB291B2441,15,66000,TXG,231,2348,66000050006,2,,2017-10-16 09:40:00,10610160940,臺中市北區樂英里雙十路二段2號(自來水公司大門)附近(自來水公司大門),0,1,111,112,120,50,137,149,163,172,176,181,188,192,196,206,210,216,218,232,24.1573077507829,120.691261433082,2019-05-29 12:05:03,2017-10-16 09:40:00,2017-10-16
3674698,10610AB691B2531,10610AB691B2531,15,66000,TXG,232,2367,66000060015,2,,2017-10-16 19:39:00,10610161939,臺中市西屯區港尾里經貿七路8號,0,2,111,113,120,50,137,149,163,172,176,181,188,192,196,197,210,216,218,228,24.1929771871159,120.659348171228,2019-05-29 12:05:03,2017-10-16 19:39:00,2017-10-16
3666063,10610AB891B2380,10610AB891B2380,15,66000,TXG,247,2263,66000280022,2,,2017-10-16 01:00:00,10610160100,臺中市大里區大明里國光路二段大明路,0,1,111,114,120,50,127,141,163,172,176,181,188,189,193,206,211,216,218,221,24.114989431036,120.679296928261,2019-05-29 12:05:03,2017-10-16 01:00:00,2017-10-16
3674226,10610AB491B2444,10610AB491B2444,15,66000,TXG,13,2376,66000070008,2,,2017-10-16 09:45:00,10610160945,臺中市南屯區新生里環中路,0,1,111,112,120,40,137,148,163,172,176,181,188,192,196,197,210,215,218,236,0.0,0.0,2019-05-29 12:05:03,2017-10-16 09:45:00,2017-10-16