識別碼,案件編號,交通事故主表,縣市識別碼,縣市代碼,所屬縣市簡碼,鄉縣市區識別碼,村里識別碼,里代碼,事故類(A1、A2...An),處理單位代碼,案件時間(西元),案件時間(民國),發生地點,死亡人數,受傷人數(含2~30日內死亡),天氣識別碼,光線識別碼,道路類別識別碼,速限,道路型態識別碼,事故位置識別碼,路面鋪裝識別碼,路面狀態識別碼,路面缺陷識別碼,障礙物視距識別碼,視距識別碼,號誌種類識別碼,號誌動作識別碼,車道劃分設施-分向設施識別碼,快車道或一般車道間識別碼,快慢車道間識別碼,路面邊線識別碼,事故類型及型態識別碼,緯度,經度,本平台資料更新時間(yyyy-MM-dd HH:mm:ss),資料代表時間(yyyy-MM-dd HH:mm:ss),資料代表日期(yyyy-MM-dd)
3674396,10610ABA95B2473,10610ABA95B2473,15,66000,TXG,236,2520,66000130008,2,,2017-10-16 13:33:00,10610161333,臺中市沙鹿區鹿寮里光榮街福安街,0,2,111,112,120,50,127,141,163,172,176,181,188,192,196,205,211,216,218,233,24.2432024757717,120.562690616776,2019-05-29 12:05:03,2017-10-16 13:33:00,2017-10-16
3674633,10610AB993B3763,10610AB993B3763,15,66000,TXG,14,2150,66000230012,2,,2017-10-16 18:20:00,10610161820,臺中市烏日區溪埧里溪南路一段﹑福泰街口附近﹑福泰街口,0,2,111,114,120,60,127,142,163,172,176,180,188,190,193,201,210,216,217,235,24.0857300805223,120.644170810195,2019-05-29 12:05:03,2017-10-16 18:20:00,2017-10-16
3674449,10610ABC91B2485,10610ABC91B2485,15,66000,TXG,246,2211,66000270012,2,,2017-10-16 15:17:00,10610161517,臺中市太平區新光里樹德路16之3號,0,1,111,112,120,50,126,142,163,172,176,181,188,191,193,201,210,216,217,231,24.1522617148736,120.710615841502,2019-05-29 12:05:03,2017-10-16 15:17:00,2017-10-16
3674332,10610AB591B2464,10610AB591B2464,15,66000,TXG,233,2022,66000080023,2,,2017-10-16 11:47:00,10610161147,臺中市北屯區水湳里文心路三段999號,0,1,111,112,120,50,137,149,163,172,176,181,188,192,196,197,210,216,218,247,24.17365403604,120.669755489346,2019-05-29 12:05:03,2017-10-16 11:47:00,2017-10-16
3674614,10610AB993B3766,10610AB993B3766,15,66000,TXG,14,2148,66000230010,2,,2017-10-16 18:01:00,10610161801,臺中市烏日區光明里溪南路一段11545路燈旁附近11545路燈旁,0,1,111,114,120,60,137,149,163,172,176,181,188,192,196,200,210,216,217,245,24.0866713123415,120.644262254165,2019-05-29 12:05:03,2017-10-16 18:01:00,2017-10-16
3674183,10610AB491B2434,10610AB491B2434,15,66000,TXG,13,2326,66000070002,2,,2017-10-16 09:02:00,10610160902,臺中市南屯區豐樂里豐富路300巷8號,0,1,111,112,120,50,137,149,163,172,176,181,188,192,196,205,210,215,218,235,24.1314452071596,120.647990427041,2019-05-29 12:05:03,2017-10-16 09:02:00,2017-10-16
3674704,10610ABD91B2532,10610ABD91B2532,15,66000,TXG,242,2110,66000200004,2,,2017-10-16 19:45:00,10610161945,臺中市石岡區金星里明德路415號,0,1,110,114,120,70,137,148,163,172,176,181,188,192,196,197,210,215,217,235,24.2765066067173,120.765691910605,2019-05-29 12:05:03,2017-10-16 19:45:00,2017-10-16
3674172,10610AB191B2430,10610AB191B2430,15,66000,TXG,230,2334,66000040017,2,,2017-10-16 08:54:00,10610160854,臺中市西區公正里大墩十街6號,0,1,111,112,120,50,137,148,163,172,176,181,188,192,196,205,211,215,218,232,24.1477359642897,120.654739941466,2019-05-29 12:05:03,2017-10-16 08:54:00,2017-10-16
3674712,10610AB491B2533,10610AB491B2533,15,66000,TXG,13,2392,66000070024,2,,2017-10-16 19:55:00,10610161955,臺中市南屯區三和里大墩十一街黎明東街,0,1,111,114,120,50,138,148,163,172,176,181,188,192,196,201,211,215,218,234,24.1486188497752,120.636726429764,2019-05-29 12:05:03,2017-10-16 19:55:00,2017-10-16
3674300,10610AB491B2455,10610AB491B2455,15,66000,TXG,13,2378,66000070010,2,,2017-10-16 11:00:00,10610161100,臺中市南屯區三厝里益豐路益豐東街,0,1,111,112,120,50,126,149,163,172,176,181,188,192,196,206,211,216,218,234,0.0,0.0,2019-05-29 12:05:03,2017-10-16 11:00:00,2017-10-16
3674671,10610ABC91B2523,10610ABC91B2523,15,66000,TXG,246,2219,66000270022,2,,2017-10-16 19:05:00,10610161905,臺中市太平區成功里成功東路與成功東路280巷路口附近與成功東路280巷路口,0,1,111,114,120,50,126,141,163,172,176,181,188,192,196,206,211,216,218,235,24.128511786389,120.721223072751,2019-05-29 12:05:03,2017-10-16 19:05:00,2017-10-16
3737756,10610AB291B2712,10610AB291B2712,15,66000,TXG,231,1997,66000050034,2,,2017-10-17 19:51:00,10610171951,臺中市北區立人里中清路一段北平路一段,0,1,111,114,120,50,127,141,163,172,176,181,188,189,193,206,211,216,218,230,24.17165466572,120.671807882973,2019-05-29 12:05:03,2017-10-17 19:51:00,2017-10-17
3737687,10610ABA94B2693,10610ABA94B2693,15,66000,TXG,312,2535,66000140003,2,,2017-10-17 18:26:00,10610171826,臺中市梧棲區中正里港埠路二段73號,0,1,111,114,120,60,126,149,163,172,176,181,188,189,193,197,210,216,217,220,24.252977640342,120.537342511903,2019-05-29 12:05:03,2017-10-17 18:26:00,2017-10-17
3732230,10610ABC91B2589,10610ABC91B2589,15,66000,TXG,246,2219,66000270022,2,,2017-10-17 08:17:00,10610170817,臺中市太平區成功里成功東路177號,0,2,111,112,120,50,137,149,163,172,176,181,188,192,196,201,211,216,217,234,24.1291981874742,120.722291959289,2019-05-29 12:05:03,2017-10-17 08:17:00,2017-10-17
3737688,10610AB391B2694,10610AB391B2694,15,66000,TXG,228,2068,66000020008,2,,2017-10-17 18:27:00,10610171827,臺中市東區樂成里旱溪西路一段246號,0,1,111,114,120,50,137,147,163,172,176,181,188,192,196,205,211,215,218,236,24.1340660728602,120.699111862345,2019-05-29 12:05:03,2017-10-17 18:27:00,2017-10-17
3737580,10610AB691B2666,10610AB691B2666,15,66000,TXG,232,2002,66000060003,2,,2017-10-17 17:00:00,10610171700,臺中市西屯區潮洋里環中路三段998-1號,0,1,111,113,120,50,137,148,163,172,176,181,188,192,196,206,210,215,218,234,24.1605195170029,120.627901000736,2019-05-29 12:05:03,2017-10-17 17:00:00,2017-10-17
3732237,10610AB891B2592,10610AB891B2592,15,66000,TXG,247,2259,66000280018,2,,2017-10-17 08:23:00,10610170823,臺中市大里區金城里塗城路金城街735巷,0,1,111,112,120,50,127,141,163,172,176,181,182,192,196,206,211,216,218,233,24.0877666165567,120.698970228119,2019-05-29 12:05:03,2017-10-17 08:23:00,2017-10-17
3737600,10610AB391B2668,10610AB391B2668,15,66000,TXG,228,2073,66000020013,2,,2017-10-17 17:16:00,10610171716,臺中市東區合作里旱溪西路與精武路1-17號附近與精武路1-17號,0,3,111,114,120,50,126,147,163,172,176,181,188,191,193,201,211,215,218,234,24.1479482688724,120.699354898059,2019-05-29 12:05:03,2017-10-17 17:16:00,2017-10-17
3737568,10610AB795B2663,10610AB795B2663,15,66000,TXG,240,2092,66000180012,2,,2017-10-17 16:45:00,10610171645,臺中市大雅區上雅里神林南路21巷口弄,0,2,111,112,120,50,127,141,163,172,176,181,188,192,196,205,210,216,217,235,24.2291546112161,120.655065840585,2019-05-29 12:05:03,2017-10-17 16:45:00,2017-10-17
3737698,10610AB891B2697,10610AB891B2697,15,66000,TXG,245,2195,66000260013,2,,2017-10-17 18:38:00,10610171838,臺中市霧峰區五福里峰堤路車籠埤抽水站前附近車籠埤抽水站前,0,1,111,112,122,40,127,141,163,172,176,181,188,192,196,206,211,216,218,234,24.081408361097,120.658645880716,2019-05-29 12:05:03,2017-10-17 18:38:00,2017-10-17
3737420,10610ABC91B2627,10610ABC91B2627,15,66000,TXG,246,2208,66000270009,2,,2017-10-17 12:24:00,10610171224,臺中市太平區坪林里中山路二段155號,0,2,111,112,120,50,137,149,163,172,176,181,188,192,196,201,210,216,218,235,24.2076734966537,120.705080022915,2019-05-29 12:05:03,2017-10-17 12:24:00,2017-10-17
3737471,10610AB591B2639,10610AB591B2639,15,66000,TXG,233,2026,66000080027,2,,2017-10-17 14:20:00,10610171420,臺中市北屯區平順里崇德二路柳陽西街,0,2,111,112,120,50,127,141,163,172,176,181,188,189,193,206,211,216,218,234,24.1764516919632,120.693494348596,2019-05-29 12:05:03,2017-10-17 14:20:00,2017-10-17
3737721,10610AB891B2706,10610AB891B2706,15,66000,TXG,247,2264,66000280023,2,,2017-10-17 19:03:00,10610171903,臺中市大里區永隆里大明路永隆路,0,1,111,114,120,50,127,141,163,172,176,181,188,189,193,200,210,215,217,229,24.1149242420335,120.676196405285,2019-05-29 12:05:03,2017-10-17 19:03:00,2017-10-17
3732203,10610AB793B2584,10610AB793B2584,15,66000,TXG,239,2078,66000170013,2,,2017-10-17 07:57:00,10610170757,臺中市潭子區聚興里潭興路一段165巷320號,0,1,111,112,120,40,126,149,163,172,176,181,188,192,196,205,210,216,218,234,24.1947025892629,120.716685080681,2019-05-29 12:05:03,2017-10-17 07:57:00,2017-10-17
3737636,10610AB691B2681,10610AB691B2681,15,66000,TXG,232,2372,66000060020,2,,2017-10-17 17:49:00,10610171749,臺中市西屯區協和里工業區四十一路19號,0,1,111,114,120,50,137,149,163,172,176,181,188,192,196,205,211,216,218,232,24.172552382351,120.585733958287,2019-05-29 12:05:03,2017-10-17 17:49:00,2017-10-17
3732194,10610AB491B2581,10610AB491B2581,15,66000,TXG,13,2432,66000070005,2,,2017-10-17 07:53:00,10610170753,臺中市南屯區春社里忠勇路12-23號,0,2,111,112,120,50,137,147,163,172,176,181,188,192,196,201,211,215,218,236,24.1319569179485,120.609892880341,2019-05-29 12:05:03,2017-10-17 07:53:00,2017-10-17
3737521,10610AB591B2653,10610AB591B2653,15,66000,TXG,233,2394,66000080001,2,,2017-10-17 15:40:00,10610171540,臺中市北屯區北興里北安街17號,0,1,111,112,120,50,127,141,163,172,176,181,188,192,196,206,211,216,218,233,24.1642965511342,120.69789357888,2019-05-29 12:05:03,2017-10-17 15:40:00,2017-10-17
3737447,10610AB891B2633,10610AB891B2633,15,66000,TXG,247,2259,66000280018,2,,2017-10-17 13:07:00,10610171307,臺中市大里區金城里塗城路798號,0,1,111,112,120,50,137,153,163,172,176,181,188,192,196,201,211,216,217,235,24.0905788967565,120.696727522722,2019-05-29 12:05:03,2017-10-17 13:07:00,2017-10-17
3737739,10610AB691B2711,10610AB691B2711,15,66000,TXG,232,2319,66000060034,2,,2017-10-17 19:25:00,10610171925,臺中市西屯區福中里臺灣大道近中工二路附近近中工二路,0,2,111,114,120,40,126,148,163,172,176,181,188,192,196,197,210,212,218,221,0.0,0.0,2019-05-29 12:05:03,2017-10-17 19:25:00,2017-10-17
3737417,10610AB491B2625,10610AB491B2625,15,66000,TXG,13,2375,66000070007,2,,2017-10-17 12:20:00,10610171220,臺中市南屯區文山里向上路五段近忠勇路附近近忠勇路,0,2,111,112,120,50,137,149,163,172,176,181,188,192,196,199,211,216,218,234,24.1513965914445,120.60994151379,2019-05-29 12:05:03,2017-10-17 12:20:00,2017-10-17
3737512,10610AB291B2650,10610AB291B2650,15,66000,TXG,231,2357,66000050015,2,,2017-10-17 15:24:00,10610171524,臺中市北區賴厝里漢口路四段東漢街,0,2,111,112,120,50,127,141,163,172,176,181,188,191,193,206,211,216,218,234,0.0,0.0,2019-05-29 12:05:03,2017-10-17 15:24:00,2017-10-17
3732199,10610AB891B2583,10610AB891B2583,15,66000,TXG,247,2252,66000280011,2,,2017-10-17 07:55:00,10610170755,臺中市大里區新仁里新仁六街52巷,0,1,111,112,120,40,126,141,163,172,176,181,188,192,196,206,211,216,218,234,24.1096887759474,120.705673038861,2019-05-29 12:05:03,2017-10-17 07:55:00,2017-10-17
3737460,10610AB794B2637,10610AB794B2637,15,66000,TXG,238,2037,66000160001,2,,2017-10-17 13:46:00,10610171346,臺中市神岡區神岡里神林路神岡路,0,1,111,112,120,50,127,141,163,172,176,181,188,189,193,206,211,216,218,221,24.2568539749369,120.659003069066,2019-05-29 12:05:03,2017-10-17 13:46:00,2017-10-17
3674870,10610AB291B2563,10610AB291B2563,15,66000,TXG,231,2357,66000050015,2,,2017-10-17 07:10:00,10610170710,臺中市北區賴厝里永興街永興街315巷口附近永興街315巷口,0,1,111,112,120,50,126,142,163,172,176,181,188,192,196,201,211,215,218,234,24.1664315508149,120.682237570281,2019-05-29 12:05:03,2017-10-17 07:10:00,2017-10-17
3737850,10610AB291B2730,10610AB291B2730,15,66000,TXG,231,2364,66000050022,2,,2017-10-17 22:58:00,10610172258,臺中市北區明德里太原路華美街,0,2,111,114,120,50,127,141,163,172,176,181,188,189,193,206,211,216,218,233,0.0,0.0,2019-05-29 12:05:03,2017-10-17 22:58:00,2017-10-17
3737518,10610ABC91B2652,10610ABC91B2652,15,66000,TXG,246,2228,66000270031,2,,2017-10-17 15:34:00,10610171534,臺中市太平區宜佳里宜佳街近新平路二段路口附近近新平路二段路口,0,1,111,112,120,50,126,142,163,172,176,181,188,192,196,201,211,216,218,228,24.1399052618389,120.714208821003,2019-05-29 12:05:03,2017-10-17 15:34:00,2017-10-17
3737728,10610ABC91B2707,10610ABC91B2707,15,66000,TXG,246,2229,66000270032,2,,2017-10-17 19:12:00,10610171912,臺中市太平區宜昌里宜昌路421號,0,3,111,114,120,50,137,149,163,172,176,181,188,192,196,201,211,215,217,234,24.1457092177068,120.714362003535,2019-05-29 12:05:03,2017-10-17 19:12:00,2017-10-17
3737524,10610AB891B2656,10610AB891B2656,15,66000,TXG,247,2264,66000280023,2,,2017-10-17 15:45:00,10610171545,臺中市大里區永隆里東榮路736號,0,1,111,112,120,50,127,142,163,172,176,181,188,191,193,205,211,215,217,234,24.1093548306802,120.675476233407,2019-05-29 12:05:03,2017-10-17 15:45:00,2017-10-17
3732274,10610ABC91B2595,10610ABC91B2595,15,66000,TXG,246,2219,66000270022,2,,2017-10-17 08:47:00,10610170847,臺中市太平區成功里成功東路280巷7號,0,2,111,112,120,40,127,141,163,172,176,181,188,192,196,206,211,216,218,233,24.1146613442384,120.603302716363,2019-05-29 12:05:03,2017-10-17 08:47:00,2017-10-17
3737526,10610AB491B2657,10610AB491B2657,15,66000,TXG,13,2325,66000070001,2,,2017-10-17 15:46:00,10610171546,臺中市南屯區南屯里河南路大墩七街,0,1,111,112,120,40,126,141,163,172,176,181,188,189,193,206,211,216,218,234,24.1444268745176,120.639315652936,2019-05-29 12:05:03,2017-10-17 15:46:00,2017-10-17
3737623,10610AB691B2675,10610AB691B2675,15,66000,TXG,232,2000,66000060001,2,,2017-10-17 17:32:00,10610171732,臺中市西屯區西安里逢甲路202號,0,1,111,114,120,50,126,141,163,172,176,181,188,190,193,206,211,216,218,234,24.1752560622232,120.639975112025,2019-05-29 12:05:03,2017-10-17 17:32:00,2017-10-17
3732335,10610AB391B2604,10610AB391B2604,15,66000,TXG,228,2070,66000020010,2,,2017-10-17 09:47:00,10610170947,臺中市東區十甲里自由路近東英路附近近東英路,0,2,111,112,120,40,137,147,163,172,176,181,188,189,193,201,211,215,218,234,24.1430361604653,120.548462105296,2019-05-29 12:05:03,2017-10-17 09:47:00,2017-10-17
3737826,10610AB691B2723,10610AB691B2723,15,66000,TXG,232,2370,66000060018,2,,2017-10-17 21:57:00,10610172157,臺中市西屯區永安里西屯路安和路,0,1,111,114,120,50,127,141,163,172,176,181,188,189,193,206,211,216,218,234,24.1845701963709,120.626058891205,2019-05-29 12:05:03,2017-10-17 21:57:00,2017-10-17
3737650,10610AB891B2686,10610AB891B2686,15,66000,TXG,247,2249,66000280008,2,,2017-10-17 18:00:00,10610171800,臺中市大里區內新里德芳南路與現岱路口附近與現岱路口,0,1,111,112,120,50,127,141,163,172,176,181,188,190,193,206,211,216,218,230,24.1009161649246,120.689765136559,2019-05-29 12:05:03,2017-10-17 18:00:00,2017-10-17
3737426,10610ABB91B2629,10610ABB91B2629,15,66000,TXG,286,2495,66000110016,2,,2017-10-17 12:35:00,10610171235,臺中市大甲區文武里和平路經國路,0,1,111,112,120,50,127,141,163,172,176,181,188,189,193,206,211,216,218,235,24.356641603659,120.622421648434,2019-05-29 12:05:03,2017-10-17 12:35:00,2017-10-17
3737605,10610AB391B2671,10610AB391B2671,15,66000,TXG,228,2067,66000020007,2,,2017-10-17 17:20:00,10610171720,臺中市東區旱溪里自由路進化路,0,1,111,114,120,50,127,141,163,172,176,181,188,189,193,206,211,216,218,230,24.1427434974714,120.694463164831,2019-05-29 12:05:03,2017-10-17 17:20:00,2017-10-17
3737501,10610ABC91B2646,10610ABC91B2646,15,66000,TXG,246,0,66000270000,2,,2017-10-17 15:09:00,10610171509,臺中市太平區光興路1407號,0,3,111,112,120,40,126,141,163,172,176,181,188,192,196,206,211,216,218,234,24.1244806427398,120.734735081924,2019-05-29 12:05:03,2017-10-17 15:09:00,2017-10-17
3732169,10610AB691B2570,10610AB691B2570,15,66000,TXG,232,2310,66000060025,2,,2017-10-17 07:41:00,10610170741,臺中市西屯區何南里大墩路與大墩十七街附近與大墩十七街,0,1,111,112,120,50,127,141,163,172,176,181,188,189,193,206,211,216,218,234,24.1556252308052,120.649763059066,2019-05-29 12:05:03,2017-10-17 07:41:00,2017-10-17
3732192,10610ABA95B2579,10610ABA95B2579,15,66000,TXG,236,2521,66000130009,2,,2017-10-17 07:50:00,10610170750,臺中市沙鹿區竹林里光華路福田北街,0,1,111,112,120,50,126,141,163,172,176,181,188,192,196,206,211,216,218,235,24.2444440781317,120.569891739164,2019-05-29 12:05:03,2017-10-17 07:50:00,2017-10-17
3737769,10610AB191B2713,10610AB191B2713,15,66000,TXG,227,2055,66000010003,2,,2017-10-17 20:15:00,10610172015,臺中市中區綠川里綠川西街121號,0,1,111,114,120,50,137,149,163,172,176,181,188,192,196,206,210,216,218,235,24.1389186780981,120.684014516109,2019-05-29 12:05:03,2017-10-17 20:15:00,2017-10-17
3737573,10610AB794B2664,10610AB794B2664,15,66000,TXG,238,2046,66000160010,2,,2017-10-17 16:55:00,10610171655,臺中市神岡區豐洲里前寮路22-6號,0,2,111,113,120,50,126,141,163,172,176,181,188,192,196,206,211,216,218,235,0.0,0.0,2019-05-29 12:05:03,2017-10-17 16:55:00,2017-10-17
3737770,10610AB391B2714,10610AB391B2714,15,66000,TXG,229,2280,66000030006,2,,2017-10-17 20:15:00,10610172015,臺中市南區江川里學府路建成路,0,1,111,114,120,50,127,141,163,172,176,181,188,189,193,206,211,216,218,230,24.1264812195968,120.675167733625,2019-05-29 12:05:03,2017-10-17 20:15:00,2017-10-17
3674854,10610AB993B3758,10610AB993B3758,15,66000,TXG,14,2148,66000230010,2,,2017-10-17 06:43:00,10610170643,臺中市烏日區光明里五光路復光四巷89號,0,2,111,112,120,40,126,149,163,172,176,181,188,192,196,206,211,216,217,234,24.0981196469458,120.641591208241,2019-05-29 12:05:03,2017-10-17 06:43:00,2017-10-17
3737664,10610AB191B2690,10610AB191B2690,15,66000,TXG,227,2055,66000010003,2,,2017-10-17 18:10:00,10610171810,臺中市中區綠川里成功路與綠川東街附近與綠川東街,0,1,111,114,120,50,127,158,163,172,176,181,188,192,196,206,211,216,218,221,24.1391721629392,120.684759439711,2019-05-29 12:05:03,2017-10-17 18:10:00,2017-10-17
3732193,10610AB391B2580,10610AB391B2580,15,66000,TXG,229,2284,66000030010,2,,2017-10-17 07:51:00,10610170751,臺中市南區和平里忠明南路近忠明南路730巷附近近忠明南路730巷,0,2,111,112,120,50,126,141,163,172,176,181,187,189,193,199,208,213,218,235,24.1221268376162,120.655389180378,2019-05-29 12:05:03,2017-10-17 07:51:00,2017-10-17
3737418,10610AB491B2626,10610AB491B2626,15,66000,TXG,13,2432,66000070005,2,,2017-10-17 12:23:00,10610171223,臺中市南屯區春社里嶺東南路春安三街,0,1,111,112,120,50,127,141,163,172,176,181,188,190,193,206,211,216,218,234,24.1327653793462,120.610292011502,2019-05-29 12:05:03,2017-10-17 12:23:00,2017-10-17
3732405,10610AB591B2614,10610AB591B2614,15,66000,TXG,233,2410,66000080038,2,,2017-10-17 11:15:00,10610171115,臺中市北屯區平陽里大連路河北路,0,1,111,112,120,50,127,141,163,172,176,181,188,189,193,206,211,216,218,234,24.1760734552753,120.683693490495,2019-05-29 12:05:03,2017-10-17 11:15:00,2017-10-17
3737629,10610AB191B2677,10610AB191B2677,15,66000,TXG,230,2336,66000040019,2,,2017-10-17 17:39:00,10610171739,臺中市西區忠誠里忠明路臺灣大道附近臺灣大道,0,2,111,113,120,40,127,142,163,172,176,181,188,190,193,206,211,216,218,231,24.1574729639206,120.659320430023,2019-05-29 12:05:03,2017-10-17 17:39:00,2017-10-17
3737837,10610AB795B2725,10610AB795B2725,15,66000,TXG,240,2083,66000180002,2,,2017-10-17 22:27:00,10610172227,臺中市大雅區員林里神林路一段49巷與大林路140巷66弄口附近與大林路140巷66弄口,0,1,111,115,120,40,126,141,163,172,176,181,188,192,196,206,211,216,218,230,24.2500174971778,120.655879262156,2019-05-29 12:05:03,2017-10-17 22:27:00,2017-10-17
3737697,10610AB891B2698,10610AB891B2698,15,66000,TXG,245,2188,66000260005,2,,2017-10-17 18:38:00,10610171838,臺中市霧峰區中正里四德路137號,0,1,111,114,120,50,137,149,163,172,176,181,188,192,196,201,210,216,217,231,24.065825695468,120.695706777877,2019-05-29 12:05:03,2017-10-17 18:38:00,2017-10-17
3737424,10610AB391B2628,10610AB391B2628,15,66000,TXG,228,2076,66000020016,2,,2017-10-17 12:30:00,10610171230,臺中市東區東信里振興路345號,0,1,111,112,120,50,127,141,163,172,176,181,188,189,193,206,211,216,218,234,24.1308967605748,120.70327291212,2019-05-29 12:05:03,2017-10-17 12:30:00,2017-10-17
3732388,10610AB891B2611,10610AB891B2611,15,66000,TXG,247,2249,66000280008,2,,2017-10-17 11:00:00,10610171100,臺中市大里區內新里中興路二段德芳路一段,0,1,111,112,120,50,128,141,163,172,176,181,188,189,193,206,211,216,218,235,24.1127954207853,120.689885007717,2019-05-29 12:05:03,2017-10-17 11:00:00,2017-10-17
3737395,10610AB291B2620,10610AB291B2620,15,66000,TXG,231,2363,66000050021,2,,2017-10-17 11:40:00,10610171140,臺中市北區健行里中清路與梅亭街口附近與梅亭街口,0,2,111,112,120,40,127,142,163,172,176,181,188,190,193,206,211,216,218,231,24.1604215225868,120.675340929722,2019-05-29 12:05:03,2017-10-17 11:40:00,2017-10-17
3737738,10610AB993B3757,10610AB993B3757,15,66000,TXG,14,0,66000230000,2,,2017-10-17 19:24:00,10610171924,臺中市烏日區溪南路一段溪南路一段1巷口附近1巷口,0,2,111,114,120,60,127,141,163,172,176,181,188,189,193,206,211,216,218,234,24.0875128196763,120.64428053737,2019-05-29 12:05:03,2017-10-17 19:24:00,2017-10-17
3737702,10610AB591B2699,10610AB591B2699,15,66000,TXG,233,2022,66000080023,2,,2017-10-17 18:45:00,10610171845,臺中市北屯區水湳里中清路一段近文心路附近近文心路,0,1,111,114,120,50,137,149,163,172,176,181,188,192,196,197,208,216,218,230,24.1559776476373,120.676798857858,2019-05-29 12:05:03,2017-10-17 18:45:00,2017-10-17
3737479,10610AB891B2640,10610AB891B2640,15,66000,TXG,247,2252,66000280011,2,,2017-10-17 14:35:00,10610171435,臺中市大里區新仁里新仁路一段1之1巷4號,0,2,111,112,120,40,126,141,163,172,176,181,188,192,196,206,211,216,218,234,24.1118404602898,120.707925772049,2019-05-29 12:05:03,2017-10-17 14:35:00,2017-10-17
3737497,10610AB691B2643,10610AB691B2643,15,66000,TXG,232,2324,66000060039,2,,2017-10-17 15:05:00,10610171505,臺中市西屯區福雅里永福路143號,0,1,111,112,120,50,127,141,163,172,176,181,188,192,196,206,211,216,218,235,24.1849803146399,120.621159127667,2019-05-29 12:05:03,2017-10-17 15:05:00,2017-10-17
3737559,10610ABC91B2662,10610ABC91B2662,15,66000,TXG,246,2234,66000270037,2,,2017-10-17 16:28:00,10610171628,臺中市太平區聖和里長龍路一段546號,0,2,111,112,120,40,137,149,163,172,176,181,188,192,196,200,211,216,217,234,24.1261376195433,120.748171218473,2019-05-29 12:05:03,2017-10-17 16:28:00,2017-10-17
3732235,10610AB391B2591,10610AB391B2591,15,66000,TXG,229,2289,66000030015,2,,2017-10-17 08:22:00,10610170822,臺中市南區長春里正義街41號,0,2,111,112,120,50,127,162,166,172,176,181,188,190,193,206,211,216,218,235,24.1324837124289,120.678808183793,2019-05-29 12:05:03,2017-10-17 08:22:00,2017-10-17
3737656,10610AB591B2687,10610AB591B2687,15,66000,TXG,233,2022,66000080023,2,,2017-10-17 18:05:00,10610171805,臺中市北屯區水湳里文心路四段1號MRT側,0,1,111,114,120,50,127,141,163,172,176,181,188,190,193,206,211,216,218,234,24.1714444035055,120.690702514513,2019-05-29 12:05:03,2017-10-17 18:05:00,2017-10-17
3737790,10610AB691B2718,10610AB691B2718,15,66000,TXG,232,2324,66000060039,2,,2017-10-17 20:41:00,10610172041,臺中市西屯區福雅里西屯路三段151-4號,0,1,111,114,120,50,126,141,163,172,176,181,188,192,196,206,211,216,218,234,24.1886209389115,120.622154416766,2019-05-29 12:05:03,2017-10-17 20:41:00,2017-10-17
3737589,10610AB996B2667,10610AB996B2667,15,66000,TXG,288,2183,66000250015,2,,2017-10-17 17:09:00,10610171709,臺中市龍井區新東里臺灣大道五段遊園南路,0,1,111,112,120,60,127,141,163,172,176,181,188,190,193,206,211,216,218,235,24.1859893999319,120.585662474794,2019-05-29 12:05:03,2017-10-17 17:09:00,2017-10-17
3732424,10610AB691B2619,10610AB691B2619,15,66000,TXG,232,2004,66000060005,2,,2017-10-17 11:35:00,10610171135,臺中市西屯區惠來里市政路惠中路,0,1,111,112,120,50,127,141,163,172,176,181,188,190,193,206,211,216,218,230,24.1572849280236,120.641623195876,2019-05-29 12:05:03,2017-10-17 11:35:00,2017-10-17
3732302,10610AB794B2600,10610AB794B2600,15,66000,TXG,238,2042,66000160006,2,,2017-10-17 09:12:00,10610170912,臺中市神岡區社南里昌平路五段356號,0,1,111,112,120,50,126,141,163,172,176,181,188,192,196,201,208,216,217,230,24.2439044489843,120.6829286886,2019-05-29 12:05:03,2017-10-17 09:12:00,2017-10-17
3732183,10610ABA93B2576,10610ABA93B2576,15,66000,TXG,311,187,66000120004,2,,2017-10-17 07:47:00,10610170747,臺中市清水區文昌里中山路285號,0,1,111,112,120,50,127,141,163,172,176,181,188,189,193,197,211,216,218,233,24.2473700302798,120.715168287605,2019-05-29 12:05:03,2017-10-17 07:47:00,2017-10-17
3737659,10610AB795B2689,10610AB795B2689,15,66000,TXG,240,2084,66000180003,2,,2017-10-17 18:06:00,10610171806,臺中市大雅區六寶里科雅路平和南路,0,1,111,114,120,50,126,141,163,172,176,181,188,189,193,205,210,215,217,235,24.2267330897618,120.630009668054,2019-05-29 12:05:03,2017-10-17 18:06:00,2017-10-17
3737499,10610AB795B2644,10610AB795B2644,15,66000,TXG,240,2083,66000180002,2,,2017-10-17 15:05:00,10610171505,臺中市大雅區員林里中清路四段雅環路三段,0,1,111,112,120,50,126,141,163,172,176,181,188,190,193,199,210,215,217,230,24.2281559774642,120.643404393836,2019-05-29 12:05:03,2017-10-17 15:05:00,2017-10-17
3737847,10610AB891B2728,10610AB891B2728,15,66000,TXG,247,2249,66000280008,2,,2017-10-17 22:55:00,10610172255,臺中市大里區內新里益民路一段148號,0,1,111,114,120,50,137,152,163,172,176,181,188,192,196,200,211,215,217,236,24.1061285788804,120.69091191779,2019-05-29 12:05:03,2017-10-17 22:55:00,2017-10-17