識別碼,案件編號,交通事故主表,縣市識別碼,縣市代碼,所屬縣市簡碼,鄉縣市區識別碼,村里識別碼,里代碼,事故類(A1、A2...An),處理單位代碼,案件時間(西元),案件時間(民國),發生地點,死亡人數,受傷人數(含2~30日內死亡),天氣識別碼,光線識別碼,道路類別識別碼,速限,道路型態識別碼,事故位置識別碼,路面鋪裝識別碼,路面狀態識別碼,路面缺陷識別碼,障礙物視距識別碼,視距識別碼,號誌種類識別碼,號誌動作識別碼,車道劃分設施-分向設施識別碼,快車道或一般車道間識別碼,快慢車道間識別碼,路面邊線識別碼,事故類型及型態識別碼,緯度,經度,本平台資料更新時間(yyyy-MM-dd HH:mm:ss),資料代表時間(yyyy-MM-dd HH:mm:ss),資料代表日期(yyyy-MM-dd)
2953837,10610AB691B2808,10610AB691B2808,15,66000,TXG,232,2371,66000060019,2,,2017-10-18 12:45:00,10610181245,臺中市西屯區福安里安和路188號,0,2,111,112,120,50,127,141,163,172,176,181,188,191,193,206,211,216,218,231,24.1802990154938,120.624922164114,2019-05-29 12:05:03,2017-10-18 12:45:00,2017-10-18
3738110,10610AB691B2811,10610AB691B2811,15,66000,TXG,232,2323,66000060038,2,,2017-10-18 10:10:00,10610181010,臺中市西屯區福林里臺灣大道四段1150號,0,1,111,112,120,40,137,148,163,172,176,181,188,192,196,197,210,212,218,231,24.1843865274555,120.612841675687,2019-05-29 12:05:03,2017-10-18 10:10:00,2017-10-18
2953952,10610AB994B3753,10610AB994B3753,15,66000,TXG,244,2431,66000240001,2,,2017-10-18 16:05:00,10610181605,臺中市大肚區王田里沙田路一段王田交流道旁機車道燈桿04724號附近附近王田交流道旁機車道燈桿04724號附近,0,1,111,112,120,40,134,148,163,172,176,181,188,192,196,197,211,214,217,236,24.1182935263274,120.577647818553,2019-05-29 12:05:03,2017-10-18 16:05:00,2017-10-18
2953935,10610AB891B2835,10610AB891B2835,15,66000,TXG,247,2268,66000280027,2,,2017-10-18 15:49:00,10610181549,臺中市大里區仁德里中興路一段仁化路,0,2,111,112,120,50,127,141,163,172,176,181,188,190,193,197,210,215,217,230,24.0918861522836,120.691289370811,2019-05-29 12:05:03,2017-10-18 15:49:00,2017-10-18
3737986,10610AB691B2819,10610AB691B2819,15,66000,TXG,232,2008,66000060009,2,,2017-10-18 07:53:00,10610180753,臺中市西屯區何安里四川東街重慶路附近重慶路,0,1,111,112,120,50,126,148,163,172,176,181,188,192,196,205,210,215,218,234,24.1637225297901,120.654738117886,2019-05-29 12:05:03,2017-10-18 07:53:00,2017-10-18
2960224,10610AB291B2754,10610AB291B2754,15,66000,TXG,231,2352,66000050010,2,,2017-10-18 17:42:00,10610181742,臺中市北區金華里雙十路近興進路附近近興進路,0,2,111,114,120,50,127,141,163,172,176,181,188,189,193,206,211,216,218,234,0.0,0.0,2019-05-29 12:05:03,2017-10-18 17:42:00,2017-10-18
2960257,10610AB591B2796,10610AB591B2796,15,66000,TXG,233,2401,66000080009,2,,2017-10-18 18:03:00,10610181803,臺中市北屯區軍功里東山路一段297號,0,2,111,113,120,50,137,147,163,172,176,181,188,189,193,201,210,216,218,230,24.1698606810237,120.702254375934,2019-05-29 12:05:03,2017-10-18 18:03:00,2017-10-18
2960400,10610AB691B2816,10610AB691B2816,15,66000,TXG,232,2000,66000060001,2,,2017-10-18 21:41:00,10610182141,臺中市西屯區西安里福星路福星北路,0,1,111,114,120,50,126,141,163,172,176,181,188,189,193,206,211,216,218,230,24.1822856282858,120.644943795074,2019-05-29 12:05:03,2017-10-18 21:41:00,2017-10-18
2960387,10610ABC91B2840,10610ABC91B2840,15,66000,TXG,246,5904,66000270015,2,,2017-10-18 21:17:00,10610182117,臺中市太平區東汴里長龍路四段中埔支12號電桿附近中埔支12號電桿,0,1,111,114,120,30,137,149,163,172,176,181,188,192,196,201,211,216,217,236,24.103570766408,120.798611449084,2019-05-29 12:05:03,2017-10-18 21:17:00,2017-10-18
2960183,10610AB691B2813,10610AB691B2813,15,66000,TXG,232,2004,66000060005,2,,2017-10-18 17:06:00,10610181706,臺中市西屯區惠來里青海路二段惠中路,0,2,111,112,120,50,127,141,163,172,176,181,188,189,193,206,211,216,218,234,24.16778870035,120.648251514266,2019-05-29 12:05:03,2017-10-18 17:06:00,2017-10-18
2953814,10610AB591B2794,10610AB591B2794,15,66000,TXG,233,2400,66000080008,2,,2017-10-18 12:05:00,10610181205,臺中市北屯區水景里旱溪東路三段北屯區01726燈桿處附近北屯區01726燈桿處,0,1,111,112,120,50,137,147,163,172,176,181,188,192,196,201,210,215,218,234,24.1815509655132,120.711689062913,2019-05-29 12:05:03,2017-10-18 12:05:00,2017-10-18
3737974,10610ABC91B2837,10610ABC91B2837,15,66000,TXG,246,2235,66000270038,2,,2017-10-18 07:48:00,10610180748,臺中市太平區福隆里太堤東路與光興路1463巷口附近與光興路1463巷口,0,2,111,112,120,40,126,141,163,172,176,181,188,192,196,206,211,216,217,235,24.1299563992473,120.735938158205,2019-05-29 12:05:03,2017-10-18 07:48:00,2017-10-18
2953807,10610AB891B2829,10610AB891B2829,15,66000,TXG,247,2248,66000280007,2,,2017-10-18 11:56:00,10610181156,臺中市大里區西榮里東明路113號,0,1,111,112,120,40,126,141,163,172,176,181,188,192,196,206,211,216,218,229,24.1133219657406,120.68671155914,2019-05-29 12:05:03,2017-10-18 11:56:00,2017-10-18
2960445,10610AB191B2742,10610AB191B2742,15,66000,TXG,227,2060,66000010008,2,,2017-10-18 23:33:00,10610182333,臺中市中區中華里中華路一段144號前附近144號前,0,3,110,114,120,50,137,147,163,172,176,181,188,192,196,201,211,215,218,221,24.1889635999977,120.544304637997,2019-05-29 12:05:03,2017-10-18 23:33:00,2017-10-18
2953928,10610AB691B2812,10610AB691B2812,15,66000,TXG,232,2010,66000060011,2,,2017-10-18 15:41:00,10610181541,臺中市西屯區大河里河南路甘肅路,0,1,111,112,120,50,127,141,163,172,176,181,188,189,193,206,211,216,218,235,24.1761224873353,120.655145805241,2019-05-29 12:05:03,2017-10-18 15:41:00,2017-10-18
2960405,10610AB993B3754,10610AB993B3754,15,66000,TXG,14,2140,66000230001,2,,2017-10-18 21:45:00,10610182145,臺中市烏日區烏日里光日路123號,0,1,111,114,120,50,137,149,163,172,176,181,188,192,196,201,210,216,217,227,24.1052609879203,120.624791346111,2019-05-29 12:05:03,2017-10-18 21:45:00,2017-10-18
2960282,10610AB691B2815,10610AB691B2815,15,66000,TXG,232,2324,66000060039,2,,2017-10-18 18:21:00,10610181821,臺中市西屯區福雅里永福路141號,0,1,111,113,120,50,137,147,163,172,176,181,188,192,196,201,210,215,218,234,24.1833849579727,120.620280252073,2019-05-29 12:05:03,2017-10-18 18:21:00,2017-10-18
3737962,10610AB391B2758,10610AB391B2758,15,66000,TXG,229,2286,66000030012,2,,2017-10-18 07:41:00,10610180741,臺中市南區樹義里復興路一段487號,0,1,111,112,120,40,137,148,163,172,176,181,188,192,196,197,210,215,218,235,24.1172959603933,120.657931295202,2019-05-29 12:05:03,2017-10-18 07:41:00,2017-10-18
3738079,10610AB591B2801,10610AB591B2801,15,66000,TXG,233,2025,66000080026,2,,2017-10-18 09:20:00,10610180920,臺中市北屯區平安里崇德路一段602號,0,1,111,112,120,50,127,142,163,172,176,181,188,189,193,203,211,216,218,231,24.1676451017096,120.685220000442,2019-05-29 12:05:03,2017-10-18 09:20:00,2017-10-18
3737983,10610AB491B2780,10610AB491B2780,15,66000,TXG,13,2374,66000070006,2,,2017-10-18 07:51:00,10610180751,臺中市南屯區春安里建功路上近同安西巷口附近上近同安西巷口,0,1,111,112,120,50,137,149,163,172,176,181,188,192,196,201,211,216,218,236,24.1351416610155,120.605059396004,2019-05-29 12:05:03,2017-10-18 07:51:00,2017-10-18
2954954,10610AB391B2766,10610AB391B2766,15,66000,TXG,228,2066,66000020006,2,,2017-10-18 16:26:00,10610181626,臺中市東區泉源里復興東路泉源街,0,2,111,112,120,50,127,141,163,172,176,181,188,189,193,206,211,216,218,234,24.1403832999364,120.694579475875,2019-05-29 12:05:03,2017-10-18 16:26:00,2017-10-18
3738031,10610AB391B2760,10610AB391B2760,15,66000,TXG,229,2296,66000030022,2,,2017-10-18 08:22:00,10610180822,臺中市南區崇倫里建國北路一段近忠明南路附近近忠明南路,0,2,111,112,120,50,126,142,163,172,176,181,188,192,196,206,211,216,218,228,24.1257724544858,120.658716387954,2019-05-29 12:05:03,2017-10-18 08:22:00,2017-10-18
2960434,10610AB591B2798,10610AB591B2798,15,66000,TXG,233,2399,66000080007,2,,2017-10-18 22:50:00,10610182250,臺中市北屯區舊社里松竹路二段36號,0,2,111,114,120,50,137,147,163,172,176,181,188,192,196,197,210,215,218,220,24.1845027689176,120.69995467318,2019-05-29 12:05:03,2017-10-18 22:50:00,2017-10-18
2960306,10610AB491B2790,10610AB491B2790,15,66000,TXG,13,2379,66000070011,2,,2017-10-18 18:43:00,10610181843,臺中市南屯區溝墘里公益路二段106號,0,1,111,114,120,40,137,148,163,172,176,181,188,192,196,199,210,215,218,231,24.1508848064846,120.649469871671,2019-05-29 12:05:03,2017-10-18 18:43:00,2017-10-18
2960424,10610AB291B2753,10610AB291B2753,15,66000,TXG,231,2347,66000050005,2,,2017-10-18 22:16:00,10610182216,臺中市北區新北里雙十路育才南街,0,2,111,114,120,50,126,141,163,172,176,181,188,192,196,206,211,216,218,234,24.1478923099339,120.686733269795,2019-05-29 12:05:03,2017-10-18 22:16:00,2017-10-18
2960253,10610AB691B2822,10610AB691B2822,15,66000,TXG,232,2323,66000060038,2,,2017-10-18 18:00:00,10610181800,臺中市西屯區福林里臺灣大道四段1176號旁慢車道附近旁慢車道,0,1,111,114,120,40,137,148,163,172,176,181,188,192,196,197,209,212,218,235,24.1844612580073,120.612521921566,2019-05-29 12:05:03,2017-10-18 18:00:00,2017-10-18
3738006,10610AB995B2841,10610AB995B2841,15,66000,TXG,288,2178,66000250010,2,,2017-10-18 08:03:00,10610180803,臺中市龍井區山腳里中華路三段中山二路二段,0,2,111,112,120,70,127,141,163,172,176,181,188,189,193,206,211,216,218,235,24.2104522957998,120.54017000709,2019-05-29 12:05:03,2017-10-18 08:03:00,2017-10-18
3737897,10610AB591B2799,10610AB591B2799,15,66000,TXG,233,2021,66000080022,2,,2017-10-18 06:19:00,10610180619,臺中市北屯區仁愛里大連北街水湳路,0,1,111,112,120,50,127,141,163,172,176,181,188,189,193,206,211,216,218,234,24.1783190872343,120.671720190979,2019-05-29 12:05:03,2017-10-18 06:19:00,2017-10-18
2960233,10610AB191B2739,10610AB191B2739,15,66000,TXG,230,2333,66000040016,2,,2017-10-18 17:46:00,10610181746,臺中市西區忠明里臺灣大道二段429號,0,1,111,114,120,40,137,148,163,172,176,181,188,192,196,197,210,212,218,231,24.1551859048271,120.662917512092,2019-05-29 12:05:03,2017-10-18 17:46:00,2017-10-18
3737939,10610AB291B2746,10610AB291B2746,15,66000,TXG,231,1999,66000050036,2,,2017-10-18 07:25:00,10610180725,臺中市北區賴福里梅川東路三段80巷19號,0,3,111,112,120,40,127,141,163,172,176,181,188,192,196,206,211,216,218,233,24.1680499186863,120.679428872734,2019-05-29 12:05:03,2017-10-18 07:25:00,2017-10-18
2953848,10610AB691B2818,10610AB691B2818,15,66000,TXG,232,2309,66000060024,2,,2017-10-18 13:00:00,10610181300,臺中市西屯區西平里西屯路烈美街,0,1,111,112,120,50,127,141,163,172,176,181,188,189,193,206,211,216,218,234,24.1782426985491,120.641690817283,2019-05-29 12:05:03,2017-10-18 13:00:00,2017-10-18
3738082,10610AB691B2805,10610AB691B2805,15,66000,TXG,232,2324,66000060039,2,,2017-10-18 09:24:00,10610180924,臺中市西屯區福雅里臺灣大道四段與福雅路附近與福雅路,0,1,111,112,120,40,137,148,163,172,176,181,188,192,196,199,211,212,218,234,24.1821632698251,120.617529839562,2019-05-29 12:05:03,2017-10-18 09:24:00,2017-10-18
3738022,10610A2IR1B0001,10610A2IR1B0001,15,66000,TXG,312,0,66000140000,2,,2017-10-18 08:14:00,10610180814,臺中市梧棲區中二路與大成路口附近中二南048號燈桿,0,1,111,112,120,10,127,141,163,172,176,181,188,189,193,197,210,212,217,234,24.2339052096971,120.513144071521,2019-05-29 12:05:03,2017-10-18 08:14:00,2017-10-18
2960423,10610AB891B2832,10610AB891B2832,15,66000,TXG,245,2193,66000260011,2,,2017-10-18 22:16:00,10610182216,臺中市霧峰區南柳里柳豐路500號,0,2,111,114,120,50,126,141,163,172,176,181,188,189,193,206,211,216,218,234,24.0646212037441,120.67955141581,2019-05-29 12:05:03,2017-10-18 22:16:00,2017-10-18
3738090,10610AB591B2792,10610AB591B2792,15,66000,TXG,233,2020,66000080021,2,,2017-10-18 09:30:00,10610180930,臺中市北屯區同榮里昌平路二段榮昌街口附近榮昌街口,0,1,111,112,120,50,126,141,163,172,176,181,188,192,196,206,211,216,218,234,24.1974838146959,120.679822163229,2019-05-29 12:05:03,2017-10-18 09:30:00,2017-10-18
2960355,10610AB491B2785,10610AB491B2785,15,66000,TXG,13,2386,66000070018,2,,2017-10-18 19:55:00,10610181955,臺中市南屯區向心里文心南路文心南三路,0,1,111,114,120,30,127,141,163,172,176,181,188,190,193,206,211,216,218,234,24.1333381151879,120.646572043526,2019-05-29 12:05:03,2017-10-18 19:55:00,2017-10-18
3737979,10610AB191B2734,10610AB191B2734,15,66000,TXG,230,2337,66000040020,2,,2017-10-18 07:50:00,10610180750,臺中市西區公益里公正路與公正路210巷口附近與公正路210巷口,0,2,111,112,120,50,127,141,163,172,176,181,188,192,196,206,211,216,218,233,24.1494479890998,120.659516208473,2019-05-29 12:05:03,2017-10-18 07:50:00,2017-10-18
3737870,10610AB891B2831,10610AB891B2831,15,66000,TXG,247,2255,66000280014,2,,2017-10-18 00:25:00,10610180025,臺中市大里區仁化里大里橋路北上機車專用道路燈16737號附近北上機車專用道路燈16737號,0,4,111,114,120,40,137,151,163,172,176,181,188,192,196,206,210,216,217,247,0.0,0.0,2019-05-29 12:05:03,2017-10-18 00:25:00,2017-10-18
3738092,10610AB391B2759,10610AB391B2759,15,66000,TXG,228,2068,66000020008,2,,2017-10-18 09:31:00,10610180931,臺中市東區樂成里建成路振興路,0,1,111,112,120,50,128,141,163,172,176,181,188,189,193,206,211,216,218,234,24.1331406169753,120.693843058825,2019-05-29 12:05:03,2017-10-18 09:31:00,2017-10-18
2960432,10610AB996B3752,10610AB996B3752,15,66000,TXG,288,2181,66000250013,2,,2017-10-18 22:44:00,10610182244,臺中市龍井區新庄里遊園南路391號,0,2,111,114,120,50,137,149,163,172,176,181,188,192,196,201,211,216,217,234,24.1767188649556,120.582101205953,2019-05-29 12:05:03,2017-10-18 22:44:00,2017-10-18
3737993,10610AB993B3749,10610AB993B3749,15,66000,TXG,14,2141,66000230002,2,,2017-10-18 07:55:00,10610180755,臺中市烏日區湖日里公園路402號,0,1,111,112,120,50,127,141,163,172,176,181,188,192,196,206,211,216,218,234,24.1030350377106,120.62194810711,2019-05-29 12:05:03,2017-10-18 07:55:00,2017-10-18
3737951,10610AB291B2745,10610AB291B2745,15,66000,TXG,231,2343,66000050001,2,,2017-10-18 07:35:00,10610180735,臺中市北區光大里英才路133號,0,1,111,112,120,40,137,149,163,172,176,181,188,192,196,200,210,215,218,230,24.1557326623026,120.677395511269,2019-05-29 12:05:03,2017-10-18 07:35:00,2017-10-18
3737978,10610ABC91B2836,10610ABC91B2836,15,66000,TXG,246,2235,66000270038,2,,2017-10-18 07:50:00,10610180750,臺中市太平區福隆里光興路光興路1215巷,0,2,111,112,120,40,127,142,163,172,176,181,188,192,196,200,210,215,217,230,24.120300829241,120.733786656387,2019-05-29 12:05:03,2017-10-18 07:50:00,2017-10-18
2960334,10610AB391B2771,10610AB391B2771,15,66000,TXG,228,2067,66000020007,2,,2017-10-18 19:28:00,10610181928,臺中市東區旱溪里自由路三段154號,0,1,111,114,120,50,137,147,163,172,176,181,188,192,196,201,211,215,218,231,24.1461984850509,120.548724997808,2019-05-29 12:05:03,2017-10-18 19:28:00,2017-10-18
2953770,10610AB891B2827,10610AB891B2827,15,66000,TXG,247,2253,66000280012,2,,2017-10-18 10:40:00,10610181040,臺中市大里區大元里環中東路七段26巷口附近口,0,1,111,112,120,40,126,141,163,172,176,181,188,192,196,201,211,216,217,235,0.0,0.0,2019-05-29 12:05:03,2017-10-18 10:40:00,2017-10-18
2953802,10610AB993B3750,10610AB993B3750,15,66000,TXG,14,2148,66000230010,2,,2017-10-18 11:49:00,10610181149,臺中市烏日區光明里五光路復光三巷115號,0,2,111,112,120,40,127,141,163,172,176,181,188,192,196,206,211,216,217,234,24.0993808330137,120.640450408203,2019-05-29 12:05:03,2017-10-18 11:49:00,2017-10-18
3738019,10610AB591B2791,10610AB591B2791,15,66000,TXG,233,2020,66000080021,2,,2017-10-18 08:11:00,10610180811,臺中市北屯區同榮里環中路一段898號,0,1,111,112,120,50,137,160,163,172,176,181,188,192,196,197,208,216,218,234,24.2012435945885,120.667870444226,2019-05-29 12:05:03,2017-10-18 08:11:00,2017-10-18
2953873,10610AB591B2793,10610AB591B2793,15,66000,TXG,233,2398,66000080006,2,,2017-10-18 13:56:00,10610181356,臺中市北屯區東光里東山路一段北屯路,0,2,111,112,120,50,127,141,163,172,176,177,188,189,193,206,211,216,218,234,24.1703992785156,120.697792160453,2019-05-29 12:05:03,2017-10-18 13:56:00,2017-10-18
2953945,10610AB391B2768,10610AB391B2768,15,66000,TXG,228,2068,66000020008,2,,2017-10-18 16:00:00,10610181600,臺中市東區樂成里樂業路與東光園路口附近附近與東光園路口附近,0,1,111,112,120,40,137,148,163,172,176,181,188,192,196,201,211,215,218,235,24.138867555885,120.697159611486,2019-05-29 12:05:03,2017-10-18 16:00:00,2017-10-18
3737878,10610AB391B2757,10610AB391B2757,15,66000,TXG,228,2068,66000020008,2,,2017-10-18 01:45:00,10610180145,臺中市東區樂成里振興路旱溪西路一段,0,1,111,114,120,50,127,141,163,172,176,181,188,190,193,206,211,216,218,241,24.132961019209,120.698807793222,2019-05-29 12:05:03,2017-10-18 01:45:00,2017-10-18
2953823,10610AB291B2749,10610AB291B2749,15,66000,TXG,231,2347,66000050005,2,,2017-10-18 12:15:00,10610181215,臺中市北區新北里太平路22號,0,2,111,112,120,50,126,141,163,172,176,181,188,192,196,206,211,216,218,235,24.1472505459109,120.684575507497,2019-05-29 12:05:03,2017-10-18 12:15:00,2017-10-18
2954958,10610AB691B2820,10610AB691B2820,15,66000,TXG,232,2373,66000060021,2,,2017-10-18 16:30:00,10610181630,臺中市西屯區何仁里文心路西屯路附近西屯路,0,1,111,112,120,50,137,147,163,172,176,181,188,190,193,201,211,215,218,247,24.1665419247282,120.652399433874,2019-05-29 12:05:03,2017-10-18 16:30:00,2017-10-18
2953845,10610AB391B2762,10610AB391B2762,15,66000,TXG,229,2294,66000030020,2,,2017-10-18 12:55:00,10610181255,臺中市南區永和里興大路忠明南路,0,1,111,112,120,50,127,141,163,172,176,181,188,189,193,206,211,216,218,234,24.1191219738176,120.67180290574,2019-05-29 12:05:03,2017-10-18 12:55:00,2017-10-18
3737997,10610AB491B2782,10610AB491B2782,15,66000,TXG,13,2390,66000070022,2,,2017-10-18 07:58:00,10610180758,臺中市南屯區惠中里文心路一段338號,0,2,111,112,120,30,137,149,163,172,176,181,188,192,196,197,208,216,218,231,24.1505516158507,120.646854296501,2019-05-29 12:05:03,2017-10-18 07:58:00,2017-10-18
2953890,10610AB391B2777,10610AB391B2777,15,66000,TXG,228,2243,66000020017,2,,2017-10-18 14:28:00,10610181428,臺中市東區東英里自由路四段十全街,0,2,111,112,120,50,127,141,163,172,176,181,188,191,193,206,211,216,218,233,24.142710128232,120.710020956916,2019-05-29 12:05:03,2017-10-18 14:28:00,2017-10-18
2953758,10610AB891B2826,10610AB891B2826,15,66000,TXG,247,2262,66000280021,2,,2017-10-18 10:25:00,10610181025,臺中市大里區國光里國光路二段德芳南路,0,1,111,112,120,60,128,141,163,172,176,181,188,189,193,206,211,216,218,234,24.1048250546706,120.68124112719,2019-05-29 12:05:03,2017-10-18 10:25:00,2017-10-18
2954960,10610AB391B2765,10610AB391B2765,15,66000,TXG,229,2287,66000030013,2,,2017-10-18 16:35:00,10610181635,臺中市南區樹德里復興路大慶街,0,1,111,112,120,50,127,141,163,172,176,181,188,190,193,206,211,216,218,221,24.3460052568428,120.621175205439,2019-05-29 12:05:03,2017-10-18 16:35:00,2017-10-18
2960258,10610AB391B2770,10610AB391B2770,15,66000,TXG,229,2286,66000030012,2,,2017-10-18 18:04:00,10610181804,臺中市南區樹義里復興路文心南路,0,1,111,114,120,50,127,141,163,172,176,181,188,189,193,206,211,216,218,231,24.1151139254963,120.655305442152,2019-05-29 12:05:03,2017-10-18 18:04:00,2017-10-18
2954961,10610AB291B2751,10610AB291B2751,15,66000,TXG,231,2353,66000050011,2,,2017-10-18 16:36:00,10610181636,臺中市北區金龍里北屯路79號,0,2,111,112,120,50,137,152,163,172,176,181,188,192,196,199,210,215,218,235,24.1734791678089,120.700487012691,2019-05-29 12:05:03,2017-10-18 16:36:00,2017-10-18
2954965,10610ABC91B2838,10610ABC91B2838,15,66000,TXG,246,2231,66000270034,2,,2017-10-18 16:40:00,10610181640,臺中市太平區豐年里大源路大源十八街,0,1,111,112,120,50,127,141,163,172,176,181,188,189,193,201,211,216,218,233,24.1419435333359,120.724722171279,2019-05-29 12:05:03,2017-10-18 16:40:00,2017-10-18
2954968,10610AB391B2774,10610AB391B2774,15,66000,TXG,228,2067,66000020007,2,,2017-10-18 16:44:00,10610181644,臺中市東區旱溪里東光路自由路,0,1,111,112,120,50,127,141,163,172,176,181,188,189,193,206,211,216,218,234,24.1427313444636,120.697026644957,2019-05-29 12:05:03,2017-10-18 16:44:00,2017-10-18
2953953,10610AB191B2744,10610AB191B2744,15,66000,TXG,230,2303,66000040007,2,,2017-10-18 16:06:00,10610181606,臺中市西區公民里貴和街貴和街214巷附近貴和街214巷,0,2,111,112,120,50,126,142,163,172,176,181,188,192,196,201,211,216,218,235,24.1395551899474,120.666151924125,2019-05-29 12:05:03,2017-10-18 16:06:00,2017-10-18
2960411,10610AB691B2821,10610AB691B2821,15,66000,TXG,232,2370,66000060018,2,,2017-10-18 21:53:00,10610182153,臺中市西屯區永安里西屯路三段166-92號,0,1,111,114,120,50,127,141,163,172,176,181,188,190,193,206,211,216,218,230,24.1887552732803,120.616959761224,2019-05-29 12:05:03,2017-10-18 21:53:00,2017-10-18
2954966,10610AB191B2743,10610AB191B2743,15,66000,TXG,230,2303,66000040007,2,,2017-10-18 16:41:00,10610181641,臺中市西區公民里五權路柳川西路口附近柳川西路口,0,1,111,112,120,40,127,141,163,172,176,181,188,189,193,206,211,216,218,234,24.1521346651803,120.679429599115,2019-05-29 12:05:03,2017-10-18 16:41:00,2017-10-18
2953916,10610AB391B2763,10610AB391B2763,15,66000,TXG,228,2069,66000020009,2,,2017-10-18 15:25:00,10610181525,臺中市東區東門里東門南街東福一街,0,1,111,112,120,50,127,141,163,172,176,181,188,192,196,206,211,216,218,233,24.1262190455879,120.699875058153,2019-05-29 12:05:03,2017-10-18 15:25:00,2017-10-18
2960735,10610AB491B2896,10610AB491B2896,15,66000,TXG,13,2378,66000070010,2,,2017-10-19 12:35:00,10610191235,臺中市南屯區三厝里黎明路二段向上路三段,0,1,111,112,120,50,127,142,163,172,176,181,188,189,193,201,210,215,218,234,24.1466954539001,120.636240890774,2019-05-29 12:05:03,2017-10-19 12:35:00,2017-10-19
2960882,10610AB691B2929,10610AB691B2929,15,66000,TXG,232,2373,66000060021,2,,2017-10-19 17:15:00,10610191715,臺中市西屯區何仁里文心路與甘肅路附近與甘肅路,0,1,111,112,120,50,127,141,163,172,176,181,188,189,193,206,211,216,218,236,24.1694108451553,120.656199910776,2019-05-29 12:05:03,2017-10-19 17:15:00,2017-10-19
3017759,10610AB691B2953,10610AB691B2953,15,66000,TXG,232,2003,66000060004,2,,2017-10-19 18:14:00,10610191814,臺中市西屯區龍潭里市政南一路龍德路,0,1,111,114,120,50,127,142,163,172,176,181,188,192,196,201,211,216,218,234,24.1593697670804,120.627800273405,2019-05-29 12:05:03,2017-10-19 18:14:00,2017-10-19
2960852,10610AB391B2874,10610AB391B2874,15,66000,TXG,228,2243,66000020017,2,,2017-10-19 16:32:00,10610191632,臺中市東區東英里旱溪街三賢街,0,1,111,112,120,50,127,141,163,172,176,181,188,189,193,206,211,216,218,234,24.1405103839074,120.706609820238,2019-05-29 12:05:03,2017-10-19 16:32:00,2017-10-19
2960737,10610AB591B2905,10610AB591B2905,15,66000,TXG,233,2400,66000080008,2,,2017-10-19 12:39:00,10610191239,臺中市北屯區水景里東山路一段196-10號,0,1,111,112,120,50,137,149,163,172,176,181,188,192,196,201,210,216,218,231,24.1723094764842,120.708843735239,2019-05-29 12:05:03,2017-10-19 12:39:00,2017-10-19
2960479,10610AB591B2900,10610AB591B2900,15,66000,TXG,233,2412,66000080040,2,,2017-10-19 06:15:00,10610190615,臺中市北屯區平昌里文心路興安路,0,1,111,113,120,50,127,141,163,172,176,181,188,190,193,206,211,216,218,221,24.1710505735431,120.694196758914,2019-05-29 12:05:03,2017-10-19 06:15:00,2017-10-19
3017824,10610AB591B2915,10610AB591B2915,15,66000,TXG,233,2026,66000080027,2,,2017-10-19 19:42:00,10610191942,臺中市北屯區平順里昌平路一段400號,0,1,111,114,120,50,127,142,163,172,176,181,188,189,193,201,211,216,218,235,24.1752320377147,120.690409139783,2019-05-29 12:05:03,2017-10-19 19:42:00,2017-10-19
3017829,10610AB491B2891,10610AB491B2891,15,66000,TXG,13,2380,66000070012,2,,2017-10-19 19:47:00,10610191947,臺中市南屯區田心里大墩六街391號,0,1,111,112,120,50,137,147,163,172,176,181,188,192,196,205,210,215,218,234,24.1430704769,120.642327756661,2019-05-29 12:05:03,2017-10-19 19:47:00,2017-10-19
2960488,10610AB691B2933,10610AB691B2933,15,66000,TXG,232,0,66000060000,2,,2017-10-19 06:43:00,10610190643,臺中市西屯區工業區二十三路9號,0,1,111,112,120,50,137,149,163,172,176,181,188,192,196,205,211,216,218,234,24.1566183626807,120.602917536546,2019-05-29 12:05:03,2017-10-19 06:43:00,2017-10-19
2960814,10610AB691B2951,10610AB691B2951,15,66000,TXG,232,2367,66000060015,2,,2017-10-19 15:26:00,10610191526,臺中市西屯區港尾里經貿路環中路,0,1,111,112,120,50,126,141,163,172,176,181,188,190,193,206,211,216,218,234,24.198480962705,120.653501502935,2019-05-29 12:05:03,2017-10-19 15:26:00,2017-10-19
2960895,10610AB691B2945,10610AB691B2945,15,66000,TXG,232,2372,66000060020,2,,2017-10-19 17:29:00,10610191729,臺中市西屯區協和里工業區二十八路工業區三十七路,0,1,111,113,120,50,126,141,163,172,176,181,188,189,193,206,211,215,218,234,24.1749432146234,120.590405518391,2019-05-29 12:05:03,2017-10-19 17:29:00,2017-10-19
2960878,10610AB291B2861,10610AB291B2861,15,66000,TXG,231,2343,66000050001,2,,2017-10-19 17:12:00,10610191712,臺中市北區光大里公園路光大街,0,1,111,112,120,50,137,147,163,172,176,181,188,189,193,201,211,215,218,228,24.1505179688669,120.677543321739,2019-05-29 12:05:03,2017-10-19 17:12:00,2017-10-19