識別碼,案件編號,交通事故主表,縣市識別碼,縣市代碼,所屬縣市簡碼,鄉縣市區識別碼,村里識別碼,里代碼,事故類(A1、A2...An),處理單位代碼,案件時間(西元),案件時間(民國),發生地點,死亡人數,受傷人數(含2~30日內死亡),天氣識別碼,光線識別碼,道路類別識別碼,速限,道路型態識別碼,事故位置識別碼,路面鋪裝識別碼,路面狀態識別碼,路面缺陷識別碼,障礙物視距識別碼,視距識別碼,號誌種類識別碼,號誌動作識別碼,車道劃分設施-分向設施識別碼,快車道或一般車道間識別碼,快慢車道間識別碼,路面邊線識別碼,事故類型及型態識別碼,緯度,經度,本平台資料更新時間(yyyy-MM-dd HH:mm:ss),資料代表時間(yyyy-MM-dd HH:mm:ss),資料代表日期(yyyy-MM-dd)
2960811,10610AB691B2923,10610AB691B2923,15,66000,TXG,232,2321,66000060036,2,,2017-10-19 15:24:00,10610191524,臺中市西屯區福聯里臺灣大道四段1650號,0,1,111,112,120,50,137,148,163,172,176,181,188,192,196,206,211,216,218,230,24.1740468469079,120.632660469042,2019-05-29 12:05:03,2017-10-19 15:24:00,2017-10-19
2960912,10610AB891B2966,10610AB891B2966,15,66000,TXG,247,2264,66000280023,2,,2017-10-19 17:57:00,10610191757,臺中市大里區永隆里大明路永大街,0,2,111,114,120,50,127,141,163,172,176,181,188,189,193,206,211,216,218,233,24.1149464889298,120.67791787276,2019-05-29 12:05:03,2017-10-19 17:57:00,2017-10-19
2960728,10610AB691B2922,10610AB691B2922,15,66000,TXG,232,2314,66000060029,2,,2017-10-19 12:22:00,10610191222,臺中市西屯區逢福里河南路二段近中科路附近近中科路,0,1,111,112,120,50,137,147,163,172,176,181,188,192,196,197,208,216,218,231,24.1744923348976,120.66001552618,2019-05-29 12:05:03,2017-10-19 12:22:00,2017-10-19
2960918,10610AB491B2897,10610AB491B2897,15,66000,TXG,13,2391,66000070023,2,,2017-10-19 18:01:00,10610191801,臺中市南屯區寶山里五權西路三段1-48號,0,1,111,114,120,50,137,149,163,172,176,181,188,192,196,197,210,216,217,231,24.153056736957,120.618151166642,2019-05-29 12:05:03,2017-10-19 18:01:00,2017-10-19
3017754,10610AB591B2908,10610AB591B2908,15,66000,TXG,233,2016,66000080017,2,,2017-10-19 18:10:00,10610191810,臺中市北屯區仁和里梅川東路山西南一街,0,1,111,114,120,50,126,141,163,172,176,181,188,192,196,201,211,216,218,234,24.1848397131643,120.682266937812,2019-05-29 12:05:03,2017-10-19 18:10:00,2017-10-19
2960450,10610ABC91B2974,10610ABC91B2974,15,66000,TXG,246,2205,66000270006,2,,2017-10-19 00:13:00,10610190013,臺中市太平區東平里中和街38巷7號,0,1,111,114,120,40,126,141,163,172,176,181,188,192,196,206,211,216,218,229,24.2562903421604,120.532561306317,2019-05-29 12:05:03,2017-10-19 00:13:00,2017-10-19
2960595,10610AB591B2912,10610AB591B2912,15,66000,TXG,233,2399,66000080007,2,,2017-10-19 08:50:00,10610190850,臺中市北屯區舊社里北屯路僑孝街,0,1,111,112,120,50,127,158,163,172,176,181,188,190,193,206,211,216,218,221,24.1785047583676,120.700394079242,2019-05-29 12:05:03,2017-10-19 08:50:00,2017-10-19
2960834,10610AB491B2889,10610AB491B2889,15,66000,TXG,13,2326,66000070002,2,,2017-10-19 15:52:00,10610191552,臺中市南屯區豐樂里東興路一段450號,0,1,111,112,120,50,137,149,163,172,176,181,188,192,196,205,211,216,218,234,24.1329812021316,120.653116578843,2019-05-29 12:05:03,2017-10-19 15:52:00,2017-10-19
2960692,10610AB291B2865,10610AB291B2865,15,66000,TXG,231,2355,66000050013,2,,2017-10-19 11:32:00,10610191132,臺中市北區建興里大義街與德化街口附近與德化街口,0,1,111,112,120,50,127,141,163,172,176,181,188,192,196,206,211,216,218,233,24.1615742781753,120.683668159272,2019-05-29 12:05:03,2017-10-19 11:32:00,2017-10-19
2960620,10610AB891B2971,10610AB891B2971,15,66000,TXG,247,2265,66000280024,2,,2017-10-19 09:20:00,10610190920,臺中市大里區長榮里中興路二段東榮路,0,1,111,112,120,50,127,142,163,172,176,181,188,189,193,205,210,215,217,227,24.1099999421217,120.689966383427,2019-05-29 12:05:03,2017-10-19 09:20:00,2017-10-19
2960650,10610AB591B2902,10610AB591B2902,15,66000,TXG,233,2017,66000080018,2,,2017-10-19 10:25:00,10610191025,臺中市北屯區仁美里環中路一段近長生巷附近近長生巷,0,1,111,112,120,50,137,149,163,172,176,181,188,192,196,197,210,216,218,234,0.0,0.0,2019-05-29 12:05:03,2017-10-19 10:25:00,2017-10-19
2960574,10610AB691B2918,10610AB691B2918,15,66000,TXG,232,2320,66000060035,2,,2017-10-19 08:26:00,10610190826,臺中市西屯區福恩里臺灣大道四段近福林路附近近福林路,0,1,111,112,120,40,126,141,163,172,176,181,188,189,193,206,211,216,218,234,24.1740351602933,120.63266804184,2019-05-29 12:05:03,2017-10-19 08:26:00,2017-10-19
2960726,10610AB691B2939,10610AB691B2939,15,66000,TXG,232,2368,66000060016,2,,2017-10-19 12:21:00,10610191221,臺中市西屯區廣福里中科路廣福路,0,1,111,112,120,50,127,141,163,172,176,181,188,189,193,206,211,216,218,234,24.2016189249051,120.644237521526,2019-05-29 12:05:03,2017-10-19 12:21:00,2017-10-19
3017786,10610AB891B2970,10610AB891B2970,15,66000,TXG,247,2250,66000280009,2,,2017-10-19 18:35:00,10610191835,臺中市大里區東昇里環中東路五段機車道附近機車道,0,1,111,114,120,40,137,148,163,172,176,181,188,192,196,197,211,216,217,235,24.1182864548757,120.70048815958,2019-05-29 12:05:03,2017-10-19 18:35:00,2017-10-19
2960804,10610AB993B3743,10610AB993B3743,15,66000,TXG,14,2142,66000230003,2,,2017-10-19 15:15:00,10610191515,臺中市烏日區三和里中山路三段與高鐵東路附近與高鐵東路,0,2,111,112,120,70,137,148,163,172,176,181,188,190,193,197,210,215,217,231,24.1065852363325,120.614186068012,2019-05-29 12:05:03,2017-10-19 15:15:00,2017-10-19
3017830,10610AB491B2894,10610AB491B2894,15,66000,TXG,13,2379,66000070011,2,,2017-10-19 19:47:00,10610191947,臺中市南屯區溝墘里大業路惠文二街,0,1,111,114,120,50,126,141,163,172,176,181,188,192,196,201,211,215,218,234,24.1536679757894,120.641661772861,2019-05-29 12:05:03,2017-10-19 19:47:00,2017-10-19
2960819,10610AB691B2950,10610AB691B2950,15,66000,TXG,232,2366,66000060014,2,,2017-10-19 15:30:00,10610191530,臺中市西屯區大鵬里文心路三段279號,0,2,111,112,120,30,127,141,163,172,176,181,188,189,193,197,210,216,218,235,24.1701284533235,120.656936812434,2019-05-29 12:05:03,2017-10-19 15:30:00,2017-10-19
2960545,10610AB491B2884,10610AB491B2884,15,66000,TXG,13,2388,66000070020,2,,2017-10-19 07:53:00,10610190753,臺中市南屯區大興里南屯路二段186號,0,2,110,112,120,50,137,149,163,172,176,181,188,192,196,205,211,216,218,234,24.1364304561247,120.650714347628,2019-05-29 12:05:03,2017-10-19 07:53:00,2017-10-19
3017798,10610AB691B2946,10610AB691B2946,15,66000,TXG,232,2372,66000060020,2,,2017-10-19 18:57:00,10610191857,臺中市西屯區協和里工業區二十八路工業區三十七路,0,2,111,114,120,40,126,141,163,172,176,181,188,189,193,206,211,216,218,234,24.1749427392946,120.590392510785,2019-05-29 12:05:03,2017-10-19 18:57:00,2017-10-19
2960861,10610AB291B2864,10610AB291B2864,15,66000,TXG,231,2343,66000050001,2,,2017-10-19 16:50:00,10610191650,臺中市北區光大里中清路一段58號,0,1,111,112,120,50,137,147,163,172,176,181,188,192,196,197,210,215,218,231,24.1525284352967,120.677335925978,2019-05-29 12:05:03,2017-10-19 16:50:00,2017-10-19
2960522,10610AB691B2925,10610AB691B2925,15,66000,TXG,232,2002,66000060003,2,,2017-10-19 07:32:00,10610190732,臺中市西屯區潮洋里臺灣大道三段752號,0,1,111,112,120,50,137,148,163,172,176,181,188,192,196,197,210,215,217,231,24.172883759346,120.634179840511,2019-05-29 12:05:03,2017-10-19 07:32:00,2017-10-19
2960553,10610AB391B2881,10610AB391B2881,15,66000,TXG,228,2063,66000020003,2,,2017-10-19 07:58:00,10610190758,臺中市東區東橋里建成路大興街,0,1,111,112,120,50,128,141,163,172,176,181,188,189,193,206,211,216,218,235,24.1328383215241,120.69315142029,2019-05-29 12:05:03,2017-10-19 07:58:00,2017-10-19
3017774,10610AB591B2911,10610AB591B2911,15,66000,TXG,233,2407,66000080035,2,,2017-10-19 18:23:00,10610191823,臺中市北屯區平心里昌平路一段264號,0,1,111,112,120,50,137,149,163,172,176,181,188,192,196,201,210,216,218,230,24.1685595013762,120.69252250637,2019-05-29 12:05:03,2017-10-19 18:23:00,2017-10-19
2960823,10610AB491B2888,10610AB491B2888,15,66000,TXG,13,2386,66000070018,2,,2017-10-19 15:39:00,10610191539,臺中市南屯區向心里向心南路980號,0,1,111,112,120,50,128,141,163,172,176,181,188,192,196,206,211,216,218,234,24.1376944479414,120.644048292946,2019-05-29 12:05:03,2017-10-19 15:39:00,2017-10-19
3017802,10610AB691B2949,10610AB691B2949,15,66000,TXG,232,2309,66000060024,2,,2017-10-19 19:05:00,10610191905,臺中市西屯區西平里福星北二街13號,0,1,111,114,120,50,137,149,163,172,176,181,188,192,196,205,211,216,218,235,24.18369135272,120.64361475224,2019-05-29 12:05:03,2017-10-19 19:05:00,2017-10-19
2960684,10610AB291B2860,10610AB291B2860,15,66000,TXG,231,2345,66000050003,2,,2017-10-19 11:20:00,10610191120,臺中市北區五常里學士路近五順街口附近近五順街口,0,2,111,112,120,50,127,142,163,172,176,181,188,189,193,200,207,215,218,235,24.1580401795401,120.680980415365,2019-05-29 12:05:03,2017-10-19 11:20:00,2017-10-19
2960898,10610AB191B2846,10610AB191B2846,15,66000,TXG,227,2057,66000010005,2,,2017-10-19 17:30:00,10610191730,臺中市中區光復里中山路179巷29號,0,1,111,112,120,40,137,149,166,170,174,177,188,192,196,206,211,216,218,236,24.140672412162,120.678789880458,2019-05-29 12:05:03,2017-10-19 17:30:00,2017-10-19
2960565,10610AB996B3739,10610AB996B3739,15,66000,TXG,288,2181,66000250013,2,,2017-10-19 08:17:00,10610190817,臺中市龍井區新庄里遊園南路388號,0,1,111,112,120,50,127,142,163,172,176,181,188,189,193,206,211,216,218,230,24.175949857949,120.581809470401,2019-05-29 12:05:03,2017-10-19 08:17:00,2017-10-19
2960634,10610AB491B2883,10610AB491B2883,15,66000,TXG,13,2390,66000070022,2,,2017-10-19 09:58:00,10610190958,臺中市南屯區惠中里向上路一段近大墩路附近近大墩路,0,1,111,112,120,40,127,141,163,172,176,181,188,189,193,201,210,215,218,231,24.1467790093824,120.647933463478,2019-05-29 12:05:03,2017-10-19 09:58:00,2017-10-19
3017778,10610AB491B2899,10610AB491B2899,15,66000,TXG,13,2382,66000070014,2,,2017-10-19 18:28:00,10610191828,臺中市南屯區鎮平里黎明路文心南三路,0,1,111,113,120,50,126,141,163,172,176,181,188,189,193,206,211,216,218,234,24.1343318901471,120.636222872264,2019-05-29 12:05:03,2017-10-19 18:28:00,2017-10-19
3017789,10610AB191B2856,10610AB191B2856,15,66000,TXG,230,2331,66000040014,2,,2017-10-19 18:39:00,10610191839,臺中市西區吉龍里忠明南路(大勇國小公車站)往北車道附近(大勇國小公車站)往北車道,0,1,111,114,120,50,137,148,163,172,176,181,188,192,196,197,210,215,218,231,24.1538584769773,120.657665601971,2019-05-29 12:05:03,2017-10-19 18:39:00,2017-10-19
3017767,10610AB891B2969,10610AB891B2969,15,66000,TXG,245,2191,66000260008,2,,2017-10-19 18:18:00,10610191818,臺中市霧峰區本堂里草湖路與中正路(口)附近與中正路(口),0,1,111,114,120,50,128,142,163,172,176,181,188,189,193,206,211,216,218,234,24.0677648789705,120.699082827075,2019-05-29 12:05:03,2017-10-19 18:18:00,2017-10-19
2960791,10610AB491B2890,10610AB491B2890,15,66000,TXG,13,2379,66000070011,2,,2017-10-19 14:50:00,10610191450,臺中市南屯區溝墘里文心路大墩十七街,0,1,111,112,120,50,127,141,163,172,176,181,188,189,193,206,211,216,218,234,24.1555845963483,120.646703491325,2019-05-29 12:05:03,2017-10-19 14:50:00,2017-10-19
3017874,10610AB691B2931,10610AB691B2931,15,66000,TXG,232,2002,66000060003,2,,2017-10-19 21:36:00,10610192136,臺中市西屯區潮洋里黎明路與朝馬路附近與朝馬路,0,1,111,114,120,50,127,141,163,172,176,181,188,189,193,206,211,216,218,229,24.1692139505326,120.635997169846,2019-05-29 12:05:03,2017-10-19 21:36:00,2017-10-19
2960886,10610AB691B2952,10610AB691B2952,15,66000,TXG,232,2320,66000060035,2,,2017-10-19 17:19:00,10610191719,臺中市西屯區福恩里臺灣大道東大路,0,1,111,114,120,70,127,141,163,172,176,181,188,190,193,206,211,216,218,234,24.182932776282,120.602693859967,2019-05-29 12:05:03,2017-10-19 17:19:00,2017-10-19
2960764,10610AB691B2943,10610AB691B2943,15,66000,TXG,232,2316,66000060031,2,,2017-10-19 13:55:00,10610191355,臺中市西屯區何成里大墩十九街大洲街,0,2,111,112,120,50,127,141,163,172,176,181,188,192,196,206,211,216,218,233,24.1588244567043,120.6510225999,2019-05-29 12:05:03,2017-10-19 13:55:00,2017-10-19
3017780,10610AB891B2967,10610AB891B2967,15,66000,TXG,247,2237,66000280001,2,,2017-10-19 18:30:00,10610191830,臺中市大里區大里里大里路473-11號,0,1,111,114,120,50,137,147,163,172,176,181,188,192,196,205,211,215,217,231,24.0968823100896,120.668904345568,2019-05-29 12:05:03,2017-10-19 18:30:00,2017-10-19
2960919,10610AB491B2893,10610AB491B2893,15,66000,TXG,13,2377,66000070009,2,,2017-10-19 18:04:00,10610191804,臺中市南屯區永定里五權西路二段近黎明路附近近黎明路,0,1,111,114,120,50,128,142,163,172,176,181,188,190,193,197,208,215,218,230,24.1499909681668,120.622760947,2019-05-29 12:05:03,2017-10-19 18:04:00,2017-10-19
2960864,10610AB891B2964,10610AB891B2964,15,66000,TXG,247,2253,66000280012,2,,2017-10-19 16:55:00,10610191655,臺中市大里區大元里環中東路六段大元路,0,1,111,112,120,40,126,141,163,172,176,181,188,189,193,206,211,216,218,235,24.0979703954708,120.690389741903,2019-05-29 12:05:03,2017-10-19 16:55:00,2017-10-19
2960772,10610AB491B2887,10610AB491B2887,15,66000,TXG,13,2390,66000070022,2,,2017-10-19 14:20:00,10610191420,臺中市南屯區惠中里公益路二段125號,0,1,111,112,120,50,137,149,163,172,176,181,188,192,196,201,211,216,218,234,24.151241760616,120.639884054882,2019-05-29 12:05:03,2017-10-19 14:20:00,2017-10-19
2960718,10610AB591B2904,10610AB591B2904,15,66000,TXG,233,2015,66000080016,2,,2017-10-19 12:09:00,10610191209,臺中市北屯區松竹里熱河路三段崇德三路,0,2,111,112,120,40,127,141,163,172,176,181,188,189,193,206,211,216,218,233,24.1780725319295,120.688433310348,2019-05-29 12:05:03,2017-10-19 12:09:00,2017-10-19
2960762,10610AB891B2960,10610AB891B2960,15,66000,TXG,247,2264,66000280023,2,,2017-10-19 13:50:00,10610191350,臺中市大里區永隆里環河路175號,0,1,111,112,120,40,137,149,163,172,176,181,188,192,196,200,211,216,217,235,24.1639089723295,120.630250287706,2019-05-29 12:05:03,2017-10-19 13:50:00,2017-10-19
2960451,10610AB191B2845,10610AB191B2845,15,66000,TXG,227,2057,66000010005,2,,2017-10-19 00:20:00,10610190020,臺中市中區光復里興中街112號,0,1,111,114,120,50,126,141,163,172,176,181,188,192,196,206,210,216,218,233,24.2271104360307,120.80339092338,2019-05-29 12:05:03,2017-10-19 00:20:00,2017-10-19
2960884,10610AB491B2895,10610AB491B2895,15,66000,TXG,13,2376,66000070008,2,,2017-10-19 17:17:00,10610191717,臺中市南屯區新生里向上路近環中路往市區附近近環中路往市區,0,1,111,114,120,50,131,149,163,172,176,181,188,192,196,197,211,216,218,234,0.0,0.0,2019-05-29 12:05:03,2017-10-19 17:17:00,2017-10-19
2960663,10610AB691B2938,10610AB691B2938,15,66000,TXG,232,2002,66000060003,2,,2017-10-19 10:56:00,10610191056,臺中市西屯區潮洋里環中路三段橋墩3-P108-S1附近橋墩3-P108-S1,0,1,111,112,120,40,127,144,163,172,176,181,188,189,193,197,210,212,218,231,24.1605144025429,120.627894982024,2019-05-29 12:05:03,2017-10-19 10:56:00,2017-10-19
2960619,10610AB391B2869,10610AB391B2869,15,66000,TXG,228,2076,66000020016,2,,2017-10-19 09:20:00,10610190920,臺中市東區東信里環中東路四段936號,0,1,111,112,120,50,126,141,163,172,176,181,188,192,196,206,211,216,218,235,24.1318096202282,120.707117556551,2019-05-29 12:05:03,2017-10-19 09:20:00,2017-10-19
2960511,10610AB391B2879,10610AB391B2879,15,66000,TXG,229,2289,66000030015,2,,2017-10-19 07:20:00,10610190720,臺中市南區長春里復興路三段531號,0,2,111,112,120,50,127,142,163,172,176,181,188,190,193,206,211,216,218,235,24.1344488245576,120.68246816107,2019-05-29 12:05:03,2017-10-19 07:20:00,2017-10-19
3017923,10610AB691B2936,10610AB691B2936,15,66000,TXG,232,2310,66000060025,2,,2017-10-19 23:13:00,10610192313,臺中市西屯區何南里精誠路18號,0,1,111,114,120,50,127,141,163,172,176,181,188,192,196,205,210,215,218,235,24.154755170877,120.654763630986,2019-05-29 12:05:03,2017-10-19 23:13:00,2017-10-19
2960554,10610AB891B2957,10610AB891B2957,15,66000,TXG,247,2255,66000280014,2,,2017-10-19 07:59:00,10610190759,臺中市大里區仁化里工業九路162號,0,2,111,112,120,50,137,149,163,172,176,181,188,192,196,205,211,216,218,235,24.1009007609427,120.710599164537,2019-05-29 12:05:03,2017-10-19 07:59:00,2017-10-19
2960572,10610AB691B2916,10610AB691B2916,15,66000,TXG,232,2370,66000060018,2,,2017-10-19 08:22:00,10610190822,臺中市西屯區永安里福雅路332-1號附近332-1號,0,2,111,112,120,50,137,149,163,172,176,181,188,189,193,201,211,216,218,234,24.1859477154542,120.619518348148,2019-05-29 12:05:03,2017-10-19 08:22:00,2017-10-19
3017833,10610AB191B2848,10610AB191B2848,15,66000,TXG,230,2556,66000040011,2,,2017-10-19 19:50:00,10610191950,臺中市西區民龍里英才路臺灣大道,0,1,111,114,120,50,127,141,163,172,176,181,188,189,193,206,211,216,218,234,24.1531981638439,120.666956141894,2019-05-29 12:05:03,2017-10-19 19:50:00,2017-10-19
3017861,10610AB691B2934,10610AB691B2934,15,66000,TXG,232,2309,66000060024,2,,2017-10-19 21:00:00,10610192100,臺中市西屯區西平里福星路269號,0,1,111,114,120,50,126,141,163,172,176,181,188,190,193,201,210,215,218,234,24.1823035602131,120.644694412079,2019-05-29 12:05:03,2017-10-19 21:00:00,2017-10-19
3017785,10610AB993B3747,10610AB993B3747,15,66000,TXG,14,2140,66000230001,2,,2017-10-19 18:34:00,10610191834,臺中市烏日區烏日里新興路五光路,0,1,111,114,120,50,128,142,163,172,176,181,188,190,193,201,210,216,217,230,24.1040291629863,120.627370924289,2019-05-29 12:05:03,2017-10-19 18:34:00,2017-10-19
2960781,10610AB191B2854,10610AB191B2854,15,66000,TXG,230,2336,66000040019,2,,2017-10-19 14:31:00,10610191431,臺中市西區忠誠里忠明路與博館路口附近與博館路口,0,3,111,112,120,40,127,141,163,172,176,181,188,189,193,206,211,216,218,234,24.1591096046059,120.661059627191,2019-05-29 12:05:03,2017-10-19 14:31:00,2017-10-19
2960788,10610AB691B2924,10610AB691B2924,15,66000,TXG,232,2008,66000060009,2,,2017-10-19 14:42:00,10610191442,臺中市西屯區何安里西屯路二段95-27號,0,1,111,112,120,50,137,147,163,172,176,181,188,192,196,201,211,215,218,231,24.165269890506,120.65678178196,2019-05-29 12:05:03,2017-10-19 14:42:00,2017-10-19
2960745,10610AB996B3742,10610AB996B3742,15,66000,TXG,288,2184,66000250016,2,,2017-10-19 13:05:00,10610191305,臺中市龍井區東海里遠東街100巷與遠東街口附近與遠東街口,0,2,111,112,120,40,127,141,163,172,176,181,188,192,196,206,211,216,218,234,24.1898807577105,120.592562121508,2019-05-29 12:05:03,2017-10-19 13:05:00,2017-10-19
2960903,10610AB691B2942,10610AB691B2942,15,66000,TXG,232,2373,66000060021,2,,2017-10-19 17:38:00,10610191738,臺中市西屯區何仁里文心路三段甘肅路,0,1,111,114,120,30,127,142,163,172,173,181,188,189,193,205,210,216,218,230,24.1694170001102,120.656203063863,2019-05-29 12:05:03,2017-10-19 17:38:00,2017-10-19
2960854,10610AB891B2968,10610AB891B2968,15,66000,TXG,247,2251,66000280010,2,,2017-10-19 16:34:00,10610191634,臺中市大里區立仁里立元路26號前附近26號前,0,2,111,112,120,50,126,141,163,172,176,181,188,189,193,201,211,216,218,235,24.099616042027,120.695678195526,2019-05-29 12:05:03,2017-10-19 16:34:00,2017-10-19
3017875,10610AB191B2849,10610AB191B2849,15,66000,TXG,230,2297,66000040001,2,,2017-10-19 21:37:00,10610192137,臺中市西區民生里林森路與府後街附近與府後街,0,2,110,114,120,50,127,141,163,172,176,181,188,189,193,206,211,216,218,231,24.1349092535518,120.673807610288,2019-05-29 12:05:03,2017-10-19 21:37:00,2017-10-19
2960800,10610AB691B2948,10610AB691B2948,15,66000,TXG,232,2005,66000060006,2,,2017-10-19 15:05:00,10610191505,臺中市西屯區上石里青海路二段242-33號,0,1,111,112,120,40,137,148,163,172,176,181,188,192,196,205,210,215,218,235,24.1685896978679,120.647274576156,2019-05-29 12:05:03,2017-10-19 15:05:00,2017-10-19
3017821,10610AB691B2954,10610AB691B2954,15,66000,TXG,232,2323,66000060038,2,,2017-10-19 19:31:00,10610191931,臺中市西屯區福林里西屯路三段159-60號,0,1,111,114,120,50,137,147,163,172,176,181,188,192,196,201,210,216,218,236,24.1833785469015,120.630464001912,2019-05-29 12:05:03,2017-10-19 19:31:00,2017-10-19
2960614,10610AB691B2917,10610AB691B2917,15,66000,TXG,232,2000,66000060001,2,,2017-10-19 09:15:00,10610190915,臺中市西屯區西安里西屯路二段325號,0,1,111,112,120,40,137,149,163,172,176,180,188,192,196,201,211,216,218,220,24.179962097825,120.639208081165,2019-05-29 12:05:03,2017-10-19 09:15:00,2017-10-19
2960630,10610AB291B2866,10610AB291B2866,15,66000,TXG,231,1991,66000050028,2,,2017-10-19 09:50:00,10610190950,臺中市北區大湖里中華路二段與精武路口附近與精武路口,0,2,111,112,120,50,127,142,163,172,176,181,188,189,193,201,211,215,218,234,24.1481572397211,120.679815287146,2019-05-29 12:05:03,2017-10-19 09:50:00,2017-10-19
2960693,10610AB591B2913,10610AB591B2913,15,66000,TXG,233,2412,66000080040,2,,2017-10-19 11:37:00,10610191137,臺中市北屯區平昌里昌平路一段天津路四段,0,1,111,112,120,50,127,141,163,172,176,181,188,189,193,206,211,216,218,231,24.16902446732,120.692206273682,2019-05-29 12:05:03,2017-10-19 11:37:00,2017-10-19
2960892,10610AB993B3746,10610AB993B3746,15,66000,TXG,14,2140,66000230001,2,,2017-10-19 17:25:00,10610191725,臺中市烏日區烏日里光日路與光華街口附近與光華街口,0,1,111,113,120,50,127,141,163,172,176,181,188,189,193,206,211,216,218,234,24.1104456884167,120.625725346004,2019-05-29 12:05:03,2017-10-19 17:25:00,2017-10-19
2960794,10610AB891B2963,10610AB891B2963,15,66000,TXG,245,2196,66000260017,2,,2017-10-19 14:55:00,10610191455,臺中市霧峰區六股里中投西路一段峰東路,0,2,111,112,120,40,126,141,163,172,176,181,188,192,196,206,211,216,218,234,24.0403409751509,120.676229292648,2019-05-29 12:05:03,2017-10-19 14:55:00,2017-10-19
2960829,10610AB191B2855,10610AB191B2855,15,66000,TXG,230,2336,66000040019,2,,2017-10-19 15:45:00,10610191545,臺中市西區忠誠里忠明路與臺灣大道二段口附近與臺灣大道二段口,0,1,111,112,120,40,127,141,163,172,176,181,188,189,193,206,211,216,218,234,24.1574820455818,120.659317627279,2019-05-29 12:05:03,2017-10-19 15:45:00,2017-10-19
2960643,10610AB391B2872,10610AB391B2872,15,66000,TXG,228,2066,66000020006,2,,2017-10-19 10:10:00,10610191010,臺中市東區泉源里樂業路建成路,0,1,111,112,120,40,127,142,163,172,176,181,188,189,193,201,211,215,218,229,24.1388666586826,120.696605971306,2019-05-29 12:05:03,2017-10-19 10:10:00,2017-10-19
3017768,10610AB691B2935,10610AB691B2935,15,66000,TXG,232,2010,66000060011,2,,2017-10-19 18:19:00,10610191819,臺中市西屯區大河里甘肅路二段28號,0,2,111,114,120,50,137,147,163,172,176,181,188,192,196,205,210,215,218,232,24.176169627747,120.655142958632,2019-05-29 12:05:03,2017-10-19 18:19:00,2017-10-19
2960487,10610AB291B2867,10610AB291B2867,15,66000,TXG,231,2363,66000050021,2,,2017-10-19 06:43:00,10610190643,臺中市北區健行里華興街德化街,0,2,111,112,120,50,127,141,163,172,176,181,188,189,193,206,211,216,217,233,24.161609269074,120.669199731905,2019-05-29 12:05:03,2017-10-19 06:43:00,2017-10-19
3017896,10610AB291B2863,10610AB291B2863,15,66000,TXG,231,1994,66000050031,2,,2017-10-19 22:14:00,10610192214,臺中市北區崇德里崇德路一段與漢口路五段口附近與漢口路五段口,0,1,111,114,120,50,127,141,163,172,176,181,188,189,193,206,211,216,218,234,24.1647436137502,120.684997627554,2019-05-29 12:05:03,2017-10-19 22:14:00,2017-10-19
2960802,10610AB591B2914,10610AB591B2914,15,66000,TXG,233,2025,66000080026,2,,2017-10-19 15:06:00,10610191506,臺中市北屯區平安里崇德路二段46號,0,1,111,112,120,40,138,160,166,172,176,181,188,192,196,206,211,216,218,227,24.1739593708661,120.685574405451,2019-05-29 12:05:03,2017-10-19 15:06:00,2017-10-19
3017816,10610AB491B2898,10610AB491B2898,15,66000,TXG,13,2376,66000070008,2,,2017-10-19 19:25:00,10610191925,臺中市南屯區新生里環中路三段1388-9號,0,1,111,114,120,40,137,148,163,172,176,181,188,192,196,197,210,212,218,245,24.1510623452268,120.623301748999,2019-05-29 12:05:03,2017-10-19 19:25:00,2017-10-19
2960721,10610AB691B2921,10610AB691B2921,15,66000,TXG,232,2372,66000060020,2,,2017-10-19 12:14:00,10610191214,臺中市西屯區協和里安和路36-2號,0,2,111,112,120,50,126,142,163,172,176,181,188,192,196,206,211,216,218,235,24.1803031375687,120.624929557249,2019-05-29 12:05:03,2017-10-19 12:14:00,2017-10-19
3017800,10610AB191B2851,10610AB191B2851,15,66000,TXG,230,2302,66000040006,2,,2017-10-19 19:00:00,10610191900,臺中市西區平和里柳川西路近大華街附近近大華街,0,2,111,114,120,40,137,152,163,172,176,181,188,192,196,201,210,215,218,227,0.0,0.0,2019-05-29 12:05:03,2017-10-19 19:00:00,2017-10-19
3017775,10610AB491B2892,10610AB491B2892,15,66000,TXG,13,2375,66000070007,2,,2017-10-19 18:26:00,10610191826,臺中市南屯區文山里嶺東路近向上路附近近向上路,0,1,111,114,120,50,127,141,163,172,176,181,188,190,193,206,211,216,218,234,24.1518520872684,120.612475798225,2019-05-29 12:05:03,2017-10-19 18:26:00,2017-10-19
2960740,10610AB993B3745,10610AB993B3745,15,66000,TXG,14,0,66000230000,2,,2017-10-19 12:50:00,10610191250,臺中市烏日區溪南路一段557號前附近557號前,0,1,111,112,120,50,128,141,163,172,176,181,188,189,193,201,210,216,217,234,24.0866782503721,120.644269566451,2019-05-29 12:05:03,2017-10-19 12:50:00,2017-10-19
2960914,10610AB891B2965,10610AB891B2965,15,66000,TXG,247,2259,66000280018,2,,2017-10-19 17:58:00,10610191758,臺中市大里區金城里塗城路928巷口附近口,0,3,111,114,120,50,126,141,163,172,176,181,188,192,196,206,211,216,218,234,24.0867452969156,120.708651691472,2019-05-29 12:05:03,2017-10-19 17:58:00,2017-10-19