識別碼,案件編號,交通事故主表,縣市識別碼,縣市代碼,所屬縣市簡碼,鄉縣市區識別碼,村里識別碼,里代碼,事故類(A1、A2...An),處理單位代碼,案件時間(西元),案件時間(民國),發生地點,死亡人數,受傷人數(含2~30日內死亡),天氣識別碼,光線識別碼,道路類別識別碼,速限,道路型態識別碼,事故位置識別碼,路面鋪裝識別碼,路面狀態識別碼,路面缺陷識別碼,障礙物視距識別碼,視距識別碼,號誌種類識別碼,號誌動作識別碼,車道劃分設施-分向設施識別碼,快車道或一般車道間識別碼,快慢車道間識別碼,路面邊線識別碼,事故類型及型態識別碼,緯度,經度,本平台資料更新時間(yyyy-MM-dd HH:mm:ss),資料代表時間(yyyy-MM-dd HH:mm:ss),資料代表日期(yyyy-MM-dd)
3017898,10610AB391B2877,10610AB391B2877,15,66000,TXG,228,2065,66000020005,2,,2017-10-19 22:16:00,10610192216,臺中市東區干城里復興路南京路,0,1,111,114,120,50,127,141,163,172,176,181,188,189,193,206,211,216,218,234,24.140080504827,120.689201917586,2019-05-29 12:05:03,2017-10-19 22:16:00,2017-10-19
2960539,10610AB491B2882,10610AB491B2882,15,66000,TXG,13,2375,66000070007,2,,2017-10-19 07:48:00,10610190748,臺中市南屯區文山里忠勇路文山三街,0,1,111,112,120,50,127,141,163,172,176,181,188,189,193,206,211,216,218,234,24.1452979747546,120.614848511706,2019-05-29 12:05:03,2017-10-19 07:48:00,2017-10-19
2960466,10610AB691B2932,10610AB691B2932,15,66000,TXG,232,2010,66000060011,2,,2017-10-19 04:28:00,10610190428,臺中市西屯區大河里甘肅路二段122號,0,1,111,113,120,50,137,147,163,172,176,181,188,192,196,201,210,215,218,231,24.174218122839,120.655458516185,2019-05-29 12:05:03,2017-10-19 04:28:00,2017-10-19
3017758,10610AB291B2862,10610AB291B2862,15,66000,TXG,231,1992,66000050029,2,,2017-10-19 18:13:00,10610191813,臺中市北區錦平里光大街162號,0,2,111,114,120,40,126,149,163,172,176,181,188,192,196,206,211,216,218,236,24.1519102162387,120.681033779978,2019-05-29 12:05:03,2017-10-19 18:13:00,2017-10-19
2960793,10610AB691B2944,10610AB691B2944,15,66000,TXG,232,2370,66000060018,2,,2017-10-19 14:55:00,10610191455,臺中市西屯區永安里西屯路西林巷,0,2,111,112,120,50,127,141,163,172,176,181,188,189,193,206,211,216,218,233,24.1828070069846,120.632536344398,2019-05-29 12:05:03,2017-10-19 14:55:00,2017-10-19
3017873,10610AB591B2910,10610AB591B2910,15,66000,TXG,233,2395,66000080003,2,,2017-10-19 21:35:00,10610192135,臺中市北屯區三光里三光北一街九龍街,0,1,111,114,120,50,127,142,163,172,176,181,188,189,193,201,211,216,218,230,24.1686184393826,120.69764593108,2019-05-29 12:05:03,2017-10-19 21:35:00,2017-10-19
2960785,10610AB993B3748,10610AB993B3748,15,66000,TXG,14,2147,66000230009,2,,2017-10-19 14:40:00,10610191440,臺中市烏日區五光里五光路189巷110號,0,1,111,112,120,40,126,141,163,172,176,181,188,192,196,206,211,216,218,235,24.0918895468005,120.656154796622,2019-05-29 12:05:03,2017-10-19 14:40:00,2017-10-19
2960874,10610AB191B2853,10610AB191B2853,15,66000,TXG,230,2302,66000040006,2,,2017-10-19 17:07:00,10610191707,臺中市西區平和里中華路一段4-3號,0,1,111,112,120,50,137,147,163,172,176,181,188,192,196,201,211,215,218,234,24.1416398794438,120.673081995188,2019-05-29 12:05:03,2017-10-19 17:07:00,2017-10-19
2960711,10610AB691B2920,10610AB691B2920,15,66000,TXG,232,2008,66000060009,2,,2017-10-19 11:58:00,10610191158,臺中市西屯區何安里文心路三段61號附近61號,0,1,111,112,120,1,126,141,163,172,176,181,188,189,193,206,211,216,218,234,24.1701402140565,120.656944385231,2019-05-29 12:05:03,2017-10-19 11:58:00,2017-10-19
2960696,10610AB996B3741,10610AB996B3741,15,66000,TXG,244,2166,66000240015,2,,2017-10-19 11:40:00,10610191140,臺中市大肚區瑞井里遊園路一段122-6號,0,1,111,112,120,50,137,149,163,172,176,181,188,192,196,205,211,216,217,235,24.1587159321396,120.575935764611,2019-05-29 12:05:03,2017-10-19 11:40:00,2017-10-19
3017766,10610AB993B3744,10610AB993B3744,15,66000,TXG,14,2142,66000230003,2,,2017-10-19 18:18:00,10610191818,臺中市烏日區三和里中山路三段與高鐵東路附近與高鐵東路,0,1,111,114,120,70,127,141,163,172,176,181,188,190,193,197,210,216,218,231,24.106579783527,120.614180489474,2019-05-29 12:05:03,2017-10-19 18:18:00,2017-10-19
3017887,10610AB391B2878,10610AB391B2878,15,66000,TXG,229,2285,66000030011,2,,2017-10-19 22:02:00,10610192202,臺中市南區永興里工學二街149號,0,1,111,114,120,50,126,141,163,172,176,181,188,192,196,206,211,216,218,231,24.1152910801589,120.664010180554,2019-05-29 12:05:03,2017-10-19 22:02:00,2017-10-19
2960677,10610AB591B2903,10610AB591B2903,15,66000,TXG,233,2024,66000080025,2,,2017-10-19 11:13:00,10610191113,臺中市北屯區新平里中清路二段407號,0,1,111,112,120,50,137,147,163,172,176,181,188,189,193,197,210,215,218,231,24.1800183873261,120.667203700506,2019-05-29 12:05:03,2017-10-19 11:13:00,2017-10-19
2960597,10610AB391B2870,10610AB391B2870,15,66000,TXG,228,2068,66000020008,2,,2017-10-19 08:56:00,10610190856,臺中市東區樂成里旱溪西路樂業路,0,2,111,112,120,50,127,141,163,172,176,181,188,189,193,206,211,216,218,234,24.1388836183659,120.700106422708,2019-05-29 12:05:03,2017-10-19 08:56:00,2017-10-19
3017893,10610AB691B2947,10610AB691B2947,15,66000,TXG,232,2311,66000060026,2,,2017-10-19 22:09:00,10610192209,臺中市西屯區至善里逢甲路燈桿00890附近燈桿00890,0,1,111,112,120,50,137,147,163,172,176,181,188,192,196,206,211,216,218,234,24.1752567506287,120.639981013956,2019-05-29 12:05:03,2017-10-19 22:09:00,2017-10-19
2960496,10610AB191B2857,10610AB191B2857,15,66000,TXG,230,2329,66000040012,2,,2017-10-19 06:57:00,10610190657,臺中市西區後龍里梅川東路一段與梅川東路一段87巷均安宮前附近與梅川東路一段87巷均安宮前,0,1,111,112,120,50,128,141,163,172,176,181,188,192,196,206,211,216,218,235,24.1480900754038,120.671455972288,2019-05-29 12:05:03,2017-10-19 06:57:00,2017-10-19
2960828,10610AB591B2907,10610AB591B2907,15,66000,TXG,233,2395,66000080003,2,,2017-10-19 15:45:00,10610191545,臺中市北屯區三光里太原路南京東路,0,1,111,112,120,50,127,141,163,172,176,181,188,189,193,206,211,216,218,231,24.1648929088898,120.699605697838,2019-05-29 12:05:03,2017-10-19 15:45:00,2017-10-19
2960581,10610AB691B2927,10610AB691B2927,15,66000,TXG,232,2000,66000060001,2,,2017-10-19 08:31:00,10610190831,臺中市西屯區西安里西屯路二段97-12號,0,1,111,112,120,50,126,142,163,172,176,181,188,192,196,201,210,215,217,234,24.176902721346,120.643088723695,2019-05-29 12:05:03,2017-10-19 08:31:00,2017-10-19
2960639,10610AB691B2919,10610AB691B2919,15,66000,TXG,232,2000,66000060001,2,,2017-10-19 10:05:00,10610191005,臺中市西屯區西安里華夏巷東二弄2號,0,2,111,112,120,50,127,141,163,172,176,181,188,192,196,206,211,216,218,234,24.1805326625664,120.644604863357,2019-05-29 12:05:03,2017-10-19 10:05:00,2017-10-19
2960784,10610AB191B2847,10610AB191B2847,15,66000,TXG,230,0,66000040000,2,,2017-10-19 14:40:00,10610191440,臺中市西區南屯路一段35-2號,0,1,111,112,120,50,137,147,163,172,176,181,188,192,196,201,210,215,218,231,24.1320129185691,120.66639967764,2019-05-29 12:05:03,2017-10-19 14:40:00,2017-10-19
3017906,10610AB691B2955,10610AB691B2955,15,66000,TXG,232,2309,66000060024,2,,2017-10-19 22:29:00,10610192229,臺中市西屯區西平里福星路逢甲路,0,1,111,114,120,50,128,142,163,172,176,181,188,190,193,201,211,216,218,235,24.1788192331709,120.64509901189,2019-05-29 12:05:03,2017-10-19 22:29:00,2017-10-19
2960905,10610AB391B2875,10610AB391B2875,15,66000,TXG,229,2284,66000030010,2,,2017-10-19 17:44:00,10610191744,臺中市南區和平里復興路一段東興路,0,1,111,114,120,50,127,141,163,172,176,181,188,189,193,206,211,216,218,247,24.1175553118376,120.658251930814,2019-05-29 12:05:03,2017-10-19 17:44:00,2017-10-19
2960527,10610AB491B2886,10610AB491B2886,15,66000,TXG,13,2325,66000070001,2,,2017-10-19 07:37:00,10610190737,臺中市南屯區南屯里五權西路二段658號,0,1,111,112,120,50,137,149,163,172,176,181,188,192,196,197,210,216,218,236,24.1416817801037,120.639979664029,2019-05-29 12:05:03,2017-10-19 07:37:00,2017-10-19
2960546,10610AB691B2937,10610AB691B2937,15,66000,TXG,232,2367,66000060015,2,,2017-10-19 07:53:00,10610190753,臺中市西屯區港尾里中清路二段225巷12弄口附近口,0,2,111,112,120,40,126,149,163,172,176,181,188,192,196,206,211,216,218,234,0.0,0.0,2019-05-29 12:05:03,2017-10-19 07:53:00,2017-10-19
2960738,10610AB191B2858,10610AB191B2858,15,66000,TXG,230,2299,66000040003,2,,2017-10-19 12:45:00,10610191245,臺中市西區三民里民生路近三民路一段附近近三民路一段,0,1,111,112,120,50,137,149,163,172,176,181,188,192,196,206,208,216,218,230,24.2256726591019,120.645588353669,2019-05-29 12:05:03,2017-10-19 12:45:00,2017-10-19
2960746,10610AB591B2906,10610AB591B2906,15,66000,TXG,233,2402,66000080010,2,,2017-10-19 13:10:00,10610191310,臺中市北屯區和平里東山路一段299號,0,3,111,112,120,50,127,159,163,172,176,181,188,189,193,201,210,216,218,221,24.1698644920011,120.702246767203,2019-05-29 12:05:03,2017-10-19 13:10:00,2017-10-19
2960813,10610AB191B2850,10610AB191B2850,15,66000,TXG,230,2329,66000040012,2,,2017-10-19 15:25:00,10610191525,臺中市西區後龍里民權路302之6號,0,1,111,112,120,50,127,141,163,172,176,181,188,189,193,206,211,216,218,227,24.1536657045401,120.670505203763,2019-05-29 12:05:03,2017-10-19 15:25:00,2017-10-19
2960559,10610AB891B2962,10610AB891B2962,15,66000,TXG,247,2254,66000280013,2,,2017-10-19 08:05:00,10610190805,臺中市大里區夏田里環河路一段(路燈編號G5829CE07)附近(路燈編號G5829CE07),0,1,111,112,120,40,137,148,163,172,176,181,188,192,196,197,210,212,217,235,24.0879820601925,120.680362163277,2019-05-29 12:05:03,2017-10-19 08:05:00,2017-10-19
3017799,10610AB691B2941,10610AB691B2941,15,66000,TXG,232,2002,66000060003,2,,2017-10-19 18:59:00,10610191859,臺中市西屯區潮洋里市政路101005路燈附近101005路燈,0,1,111,114,120,40,127,141,163,172,176,181,188,189,193,199,211,216,218,234,24.1625819448669,120.629311850905,2019-05-29 12:05:03,2017-10-19 18:59:00,2017-10-19
2960627,10610AB291B2859,10610AB291B2859,15,66000,TXG,231,2348,66000050006,2,,2017-10-19 09:45:00,10610190945,臺中市北區樂英里水源街43號,0,1,111,112,120,40,126,141,163,172,176,181,188,192,196,206,211,216,218,235,24.1487569854362,120.690885316228,2019-05-29 12:05:03,2017-10-19 09:45:00,2017-10-19
2960515,10610AB994B3738,10610AB994B3738,15,66000,TXG,244,2158,66000240007,2,,2017-10-19 07:25:00,10610190725,臺中市大肚區大東里自由路250巷90號,0,3,110,112,120,40,136,149,163,172,176,181,188,192,196,206,211,216,218,229,24.15187708483,120.551560619632,2019-05-29 12:05:03,2017-10-19 07:25:00,2017-10-19
2960822,10610AB691B2930,10610AB691B2930,15,66000,TXG,232,2001,66000060002,2,,2017-10-19 15:38:00,10610191538,臺中市西屯區西墩里西屯路三段78-38號,0,1,111,112,120,40,137,149,163,172,176,181,188,192,196,205,211,216,218,234,24.183386987527,120.630465744644,2019-05-29 12:05:03,2017-10-19 15:38:00,2017-10-19
3017806,10610AB391B2876,10610AB391B2876,15,66000,TXG,229,2246,66000030003,2,,2017-10-19 19:14:00,10610191914,臺中市南區南門里南門路3號,0,2,111,114,120,50,127,142,163,172,176,181,188,192,196,201,211,215,218,235,24.1221530525644,120.683340483313,2019-05-29 12:05:03,2017-10-19 19:14:00,2017-10-19
3017890,10610AB891B2972,10610AB891B2972,15,66000,TXG,247,2259,66000280018,2,,2017-10-19 22:05:00,10610192205,臺中市大里區金城里中興路一段306巷,0,1,111,114,120,30,126,141,163,172,176,181,188,189,193,206,211,216,218,233,0.0,0.0,2019-05-29 12:05:03,2017-10-19 22:05:00,2017-10-19
2960601,10610AB891B2958,10610AB891B2958,15,66000,TXG,247,2255,66000280014,2,,2017-10-19 09:00:00,10610190900,臺中市大里區仁化里仁堤路立善橋附近立善橋,0,1,111,112,120,40,127,142,163,172,176,181,188,189,193,205,210,215,217,230,24.0999075489965,120.700381647443,2019-05-29 12:05:03,2017-10-19 09:00:00,2017-10-19
2960722,10610AB691B2928,10610AB691B2928,15,66000,TXG,232,2002,66000060003,2,,2017-10-19 12:15:00,10610191215,臺中市西屯區潮洋里市政路龍富路,0,1,111,112,120,50,127,141,163,172,176,181,188,189,193,197,207,212,217,234,24.1621610367338,120.630646118815,2019-05-29 12:05:03,2017-10-19 12:15:00,2017-10-19
2960883,10610AB691B2940,10610AB691B2940,15,66000,TXG,232,2310,66000060025,2,,2017-10-19 17:17:00,10610191717,臺中市西屯區何南里臺灣大道二段687號,0,3,111,112,120,50,127,141,163,172,176,181,188,189,193,206,211,216,218,235,24.1602422531985,120.65356688071,2019-05-29 12:05:03,2017-10-19 17:17:00,2017-10-19
3017857,10610AB691B2956,10610AB691B2956,15,66000,TXG,232,2010,66000060011,2,,2017-10-19 20:50:00,10610192050,臺中市西屯區大河里河南路二段長安路一段,0,1,111,114,120,50,127,147,163,172,176,181,188,189,193,197,210,215,218,247,24.1723683596464,120.660730596262,2019-05-29 12:05:03,2017-10-19 20:50:00,2017-10-19
2960615,10610AB591B2901,10610AB591B2901,15,66000,TXG,233,2402,66000080010,2,,2017-10-19 09:15:00,10610190915,臺中市北屯區和平里環中東路二段軍福十六路,0,1,111,112,120,40,127,141,163,172,176,181,188,189,193,197,211,216,218,234,24.1749439900831,120.721048665667,2019-05-29 12:05:03,2017-10-19 09:15:00,2017-10-19
2960757,10610AB891B2961,10610AB891B2961,15,66000,TXG,245,2186,66000260003,2,,2017-10-19 13:46:00,10610191346,臺中市霧峰區甲寅里中正路中正路1092巷,0,3,111,112,120,40,127,141,163,172,176,181,188,192,196,206,211,216,218,234,24.0691119129505,120.699251231444,2019-05-29 12:05:03,2017-10-19 13:46:00,2017-10-19
2960872,10610AB391B2873,10610AB391B2873,15,66000,TXG,229,2288,66000030014,2,,2017-10-19 17:05:00,10610191705,臺中市南區西川里美村路三民西路,0,1,111,114,120,40,127,141,163,172,176,181,188,189,193,206,211,216,218,236,24.1301087016706,120.66192839288,2019-05-29 12:05:03,2017-10-19 17:05:00,2017-10-19
2960767,10610AB691B2926,10610AB691B2926,15,66000,TXG,232,2371,66000060019,2,,2017-10-19 14:00:00,10610191400,臺中市西屯區福安里福順路140號,0,1,111,112,120,50,137,147,163,172,176,181,188,192,196,201,210,215,218,234,24.1854320719758,120.613800350515,2019-05-29 12:05:03,2017-10-19 14:00:00,2017-10-19
2960674,10610AB995B3740,10610AB995B3740,15,66000,TXG,288,2172,66000250004,2,,2017-10-19 11:09:00,10610191109,臺中市龍井區田中里舊車路82號,0,2,111,112,120,50,126,141,163,172,176,181,188,192,196,206,211,216,218,234,24.1865854152498,120.52848410521,2019-05-29 12:05:03,2017-10-19 11:09:00,2017-10-19
3017853,10610AB191B2852,10610AB191B2852,15,66000,TXG,227,2054,66000010002,2,,2017-10-19 20:48:00,10610192048,臺中市中區大墩里三民路光復路,0,2,111,114,120,50,127,141,163,172,176,181,188,189,193,206,211,216,218,227,24.1438230088583,120.681003096509,2019-05-29 12:05:03,2017-10-19 20:48:00,2017-10-19
2960549,10610AB491B2885,10610AB491B2885,15,66000,TXG,13,2388,66000070020,2,,2017-10-19 07:54:00,10610190754,臺中市南屯區大興里文昌街南美街206巷,0,1,111,112,120,40,127,141,163,172,176,181,188,192,196,206,211,216,218,233,24.1396156015772,120.636701293954,2019-05-29 12:05:03,2017-10-19 07:54:00,2017-10-19
3017843,10610AB591B2909,10610AB591B2909,15,66000,TXG,233,2025,66000080026,2,,2017-10-19 20:18:00,10610192018,臺中市北屯區平安里崇德路天津路附近天津路,0,1,111,114,120,50,127,141,163,172,176,181,188,189,193,201,211,215,218,221,24.1694429211432,120.685333370119,2019-05-29 12:05:03,2017-10-19 20:18:00,2017-10-19
3017899,10610AB891B2973,10610AB891B2973,15,66000,TXG,245,2186,66000260003,2,,2017-10-19 22:16:00,10610192216,臺中市霧峰區甲寅里錦州路144號前附近144號前,0,3,111,114,120,50,127,141,163,172,176,181,188,191,193,206,211,216,218,233,24.0795285850444,120.70938459085,2019-05-29 12:05:03,2017-10-19 22:16:00,2017-10-19
2960673,10610AB391B2868,10610AB391B2868,15,66000,TXG,228,2066,66000020006,2,,2017-10-19 11:07:00,10610191107,臺中市東區泉源里樂業路近泉源街附近近泉源街,0,2,111,112,120,50,137,147,163,172,176,181,188,191,193,201,210,215,218,231,24.1387521010055,120.70320717897,2019-05-29 12:05:03,2017-10-19 11:07:00,2017-10-19
2960705,10610AB391B2880,10610AB391B2880,15,66000,TXG,228,2069,66000020009,2,,2017-10-19 11:51:00,10610191151,臺中市東區東門里振興路246之6號號,0,1,111,112,120,50,127,141,163,172,176,181,188,189,193,206,211,216,218,235,24.1309027288277,120.703269696151,2019-05-29 12:05:03,2017-10-19 11:51:00,2017-10-19
2960589,10610AB391B2871,10610AB391B2871,15,66000,TXG,228,2071,66000020011,2,,2017-10-19 08:44:00,10610190844,臺中市東區東南里精武路旱溪西路二段,0,3,111,112,120,50,137,147,163,172,176,181,188,189,193,201,211,215,218,231,24.1479560232875,120.699346265249,2019-05-29 12:05:03,2017-10-19 08:44:00,2017-10-19
3018406,10610A2AZNB0061,10610A2AZNB0061,15,66000,TXG,237,0,66000150000,2,,2017-10-20 16:28:00,10610201628,臺中市后里區后科路二段309號(高聖精密)公司前附近,0,1,111,112,120,10,137,152,163,172,176,181,188,192,196,205,211,215,218,230,24.3200456694697,120.731414710485,2019-05-29 12:05:03,2017-10-20 16:28:00,2017-10-20
3018166,10610AB591B2991,10610AB591B2991,15,66000,TXG,233,2015,66000080016,2,,2017-10-20 09:34:00,10610200934,臺中市北屯區松竹里崇德路二段405號,0,1,111,112,120,50,127,142,163,172,176,181,188,189,193,197,210,216,218,234,24.1798805195354,120.685991021071,2019-05-29 12:05:03,2017-10-20 09:34:00,2017-10-20
3020659,10610AB891B3017,10610AB891B3017,15,66000,TXG,245,2193,66000260011,2,,2017-10-20 22:45:00,10610202245,臺中市霧峰區南柳里福新路291號,0,1,111,114,120,50,137,147,163,172,176,181,188,192,196,205,211,216,217,236,24.0497086532106,120.682060897209,2019-05-29 12:05:03,2017-10-20 22:45:00,2017-10-20
3018050,10610AB691B3005,10610AB691B3005,15,66000,TXG,232,2372,66000060020,2,,2017-10-20 07:46:00,10610200746,臺中市西屯區協和里工業區二十八路電桿G4648HC71號附近電桿G4648HC71號,0,2,111,112,120,40,126,141,163,172,176,181,188,192,196,206,211,216,218,234,24.1740366546115,120.58696850569,2019-05-29 12:05:03,2017-10-20 07:46:00,2017-10-20
3020590,10610AB994B3732,10610AB994B3732,15,66000,TXG,244,2159,66000240008,2,,2017-10-20 20:08:00,10610202008,臺中市大肚區大肚里沙田路二段597號,0,1,111,114,120,50,137,149,163,172,176,181,188,192,196,200,208,216,217,221,24.1432233554254,120.547977460265,2019-05-29 12:05:03,2017-10-20 20:08:00,2017-10-20
3018127,10610A2AZKB0059,10610A2AZKB0059,15,66000,TXG,240,0,66000180000,2,,2017-10-20 08:55:00,10610200855,臺中市大雅區科雅四路與科雅東路口附近,0,1,111,112,120,40,127,141,163,172,176,181,188,189,193,197,210,212,218,234,24.2216015756413,120.627961251104,2019-05-29 12:05:03,2017-10-20 08:55:00,2017-10-20
3018326,10610AB996B3731,10610AB996B3731,15,66000,TXG,288,2183,66000250015,2,,2017-10-20 13:50:00,10610201350,臺中市龍井區新東里新興路2-5號,0,3,111,112,120,50,126,149,163,172,176,181,188,192,196,201,211,215,218,221,24.1803658688334,120.589465545991,2019-05-29 12:05:03,2017-10-20 13:50:00,2017-10-20
3018170,10610AB891B3011,10610AB891B3011,15,66000,TXG,245,2194,66000260012,2,,2017-10-20 09:38:00,10610200938,臺中市霧峰區四德里四德路376巷與峰堤路口附近與峰堤路口,0,1,111,112,120,40,127,141,163,172,176,181,188,189,193,206,211,216,218,234,24.0709405467372,120.679953805421,2019-05-29 12:05:03,2017-10-20 09:38:00,2017-10-20
3018109,10610AB191B2976,10610AB191B2976,15,66000,TXG,230,2329,66000040012,2,,2017-10-20 08:35:00,10610200835,臺中市西區後龍里民生北路與民權路229巷口附近與民權路229巷口,0,1,111,112,120,50,127,141,163,172,176,181,188,192,196,206,211,216,218,233,24.1490089526029,120.668182144911,2019-05-29 12:05:03,2017-10-20 08:35:00,2017-10-20
3017942,10610AB591B2990,10610AB591B2990,15,66000,TXG,233,2394,66000080001,2,,2017-10-20 01:50:00,10610200150,臺中市北屯區北興里南京東路北華街,0,1,111,114,120,50,126,141,163,172,176,181,188,191,193,206,211,216,218,234,24.161966007755,120.699219062035,2019-05-29 12:05:03,2017-10-20 01:50:00,2017-10-20
3018090,10610AB995B3728,10610AB995B3728,15,66000,TXG,288,2179,66000250011,2,,2017-10-20 08:20:00,10610200820,臺中市龍井區龍泉里中社路與中社二街附近與中社二街,0,2,111,112,120,50,126,141,163,172,176,181,188,192,196,206,211,215,218,234,24.1996208501654,120.562190538975,2019-05-29 12:05:03,2017-10-20 08:20:00,2017-10-20
3017991,10610ABA94B3026,10610ABA94B3026,15,66000,TXG,312,2540,66000140009,2,,2017-10-20 07:16:00,10610200716,臺中市梧棲區福德里忠孝街中正路166巷口附近166巷口,0,1,111,112,120,50,127,141,163,172,176,181,188,192,196,206,211,216,218,233,24.2524144613575,120.546291835389,2019-05-29 12:05:03,2017-10-20 07:16:00,2017-10-20
3018043,10610AB691B3002,10610AB691B3002,15,66000,TXG,232,2002,66000060003,2,,2017-10-20 07:43:00,10610200743,臺中市西屯區潮洋里環中路三段86號,0,1,111,112,120,50,137,149,163,172,176,181,188,192,196,206,211,216,218,234,24.1605184924717,120.627905609094,2019-05-29 12:05:03,2017-10-20 07:43:00,2017-10-20
3018469,10610AB691B3003,10610AB691B3003,15,66000,TXG,232,2370,66000060018,2,,2017-10-20 17:30:00,10610201730,臺中市西屯區永安里國安一路166之98號對面附近166之98號對面,0,1,111,114,120,50,137,147,163,172,176,181,188,192,196,203,211,215,218,231,24.1937795349488,120.60692332527,2019-05-29 12:05:03,2017-10-20 17:30:00,2017-10-20
3018007,10610AB691B3001,10610AB691B3001,15,66000,TXG,232,2314,66000060029,2,,2017-10-20 07:28:00,10610200728,臺中市西屯區逢福里逢甲巷30弄2號,0,1,111,112,120,40,126,141,163,172,176,181,188,192,196,206,211,216,217,234,24.1758701037083,120.647577620717,2019-05-29 12:05:03,2017-10-20 07:28:00,2017-10-20
3018035,10610ABC91B3020,10610ABC91B3020,15,66000,TXG,246,2212,66000270013,2,,2017-10-20 07:40:00,10610200740,臺中市太平區新福里旱溪西路二段230巷,0,2,111,112,120,50,126,141,163,172,176,181,188,192,196,201,211,216,218,234,0.0,0.0,2019-05-29 12:05:03,2017-10-20 07:40:00,2017-10-20
3020666,10610AB391B2986,10610AB391B2986,15,66000,TXG,228,2066,66000020006,2,,2017-10-20 22:54:00,10610202254,臺中市東區泉源里復興東路樂業路,0,2,111,114,120,50,126,141,163,172,176,181,188,189,193,206,211,216,218,234,24.138718622037,120.690818994547,2019-05-29 12:05:03,2017-10-20 22:54:00,2017-10-20
3017974,10610AB795B3037,10610AB795B3037,15,66000,TXG,240,2087,66000180006,2,,2017-10-20 06:53:00,10610200653,臺中市大雅區橫山里通山路15之1號旁附近15之1號旁,0,1,111,112,120,50,128,141,163,172,176,181,188,192,196,206,211,216,218,235,24.218367413078,120.615505177526,2019-05-29 12:05:03,2017-10-20 06:53:00,2017-10-20
3018014,10610ABD91B3031,10610ABD91B3031,15,66000,TXG,241,2095,66000190001,2,,2017-10-20 07:30:00,10610200730,臺中市新社區新社里興安路8號,0,1,111,112,120,50,137,147,163,172,176,181,188,192,196,200,209,216,218,230,24.3469145877218,120.615493999867,2019-05-29 12:05:03,2017-10-20 07:30:00,2017-10-20
3018026,10610AB291B2980,10610AB291B2980,15,66000,TXG,231,2360,66000050018,2,,2017-10-20 07:37:00,10610200737,臺中市北區淡溝里民權路健行路,0,1,111,112,120,50,127,141,163,172,176,181,188,189,193,206,211,216,218,233,24.1591977114124,120.670496541059,2019-05-29 12:05:03,2017-10-20 07:37:00,2017-10-20
3017998,10610ABA93B3025,10610ABA93B3025,15,66000,TXG,311,188,66000120005,2,,2017-10-20 07:20:00,10610200720,臺中市清水區南寧里鰲峰路1號,0,1,111,112,120,50,137,149,163,172,176,181,188,192,196,201,210,216,217,230,24.268378017743,120.567624189595,2019-05-29 12:05:03,2017-10-20 07:20:00,2017-10-20
3018104,10610AB891B3013,10610AB891B3013,15,66000,TXG,247,2255,66000280014,2,,2017-10-20 08:30:00,10610200830,臺中市大里區仁化里仁化路310巷附近310巷,0,1,111,112,120,40,134,149,163,172,176,181,188,192,196,206,211,216,218,236,24.0952788496711,120.710451178657,2019-05-29 12:05:03,2017-10-20 08:30:00,2017-10-20
3018117,10610ABA93B3027,10610ABA93B3027,15,66000,TXG,311,216,66000120015,2,,2017-10-20 08:48:00,10610200848,臺中市清水區海濱里臨港路六段漁港路,0,1,111,112,120,40,126,141,163,172,176,181,188,189,193,197,211,216,218,231,24.289661343706,120.540545087214,2019-05-29 12:05:03,2017-10-20 08:48:00,2017-10-20
3018001,10610AB391B2981,10610AB391B2981,15,66000,TXG,228,2070,66000020010,2,,2017-10-20 07:21:00,10610200721,臺中市東區十甲里旱溪街366號,0,3,111,112,120,50,137,147,163,172,176,181,188,192,196,201,211,215,218,231,24.1404291041997,120.705481999085,2019-05-29 12:05:03,2017-10-20 07:21:00,2017-10-20
3018298,10610AB996B3730,10610AB996B3730,15,66000,TXG,288,2183,66000250015,2,,2017-10-20 13:03:00,10610201303,臺中市龍井區新東里臺灣大道五段73號,0,1,111,112,120,40,126,141,163,172,176,181,188,192,196,206,211,216,218,236,24.1833796764807,120.589854368059,2019-05-29 12:05:03,2017-10-20 13:03:00,2017-10-20
3018494,10610AB795B3790,10610AB795B3790,15,66000,TXG,240,2084,66000180003,2,,2017-10-20 17:52:00,10610201752,臺中市大雅區六寶里和平路152-3號,0,1,111,114,120,40,137,149,163,172,176,181,188,192,196,205,211,216,218,234,24.3555856529461,120.622190920504,2019-05-29 12:05:03,2017-10-20 17:52:00,2017-10-20
3017950,10610AB891B3007,10610AB891B3007,15,66000,TXG,247,2265,66000280024,2,,2017-10-20 04:10:00,10610200410,臺中市大里區長榮里大里路新南路,0,1,111,114,120,40,127,141,163,172,176,181,188,189,193,206,211,216,218,233,24.1078962645868,120.689563878284,2019-05-29 12:05:03,2017-10-20 04:10:00,2017-10-20
3020675,10610AB691B3004,10610AB691B3004,15,66000,TXG,232,2367,66000060015,2,,2017-10-20 23:23:00,10610202323,臺中市西屯區港尾里中清路二段1502號,0,1,111,114,120,50,126,142,163,172,176,181,188,192,196,197,210,216,218,230,24.196201725851,120.657670973896,2019-05-29 12:05:03,2017-10-20 23:23:00,2017-10-20