識別碼,案件編號,交通事故主表,縣市識別碼,縣市代碼,所屬縣市簡碼,鄉縣市區識別碼,村里識別碼,里代碼,事故類(A1、A2...An),處理單位代碼,案件時間(西元),案件時間(民國),發生地點,死亡人數,受傷人數(含2~30日內死亡),天氣識別碼,光線識別碼,道路類別識別碼,速限,道路型態識別碼,事故位置識別碼,路面鋪裝識別碼,路面狀態識別碼,路面缺陷識別碼,障礙物視距識別碼,視距識別碼,號誌種類識別碼,號誌動作識別碼,車道劃分設施-分向設施識別碼,快車道或一般車道間識別碼,快慢車道間識別碼,路面邊線識別碼,事故類型及型態識別碼,緯度,經度,本平台資料更新時間(yyyy-MM-dd HH:mm:ss),資料代表時間(yyyy-MM-dd HH:mm:ss),資料代表日期(yyyy-MM-dd)
3091547,10610AB191B3117,10610AB191B3117,15,66000,TXG,227,2055,66000010003,2,,2017-10-22 14:03:00,10610221403,臺中市中區綠川里臺灣大道一段近建國路附近近建國路,0,1,111,112,120,50,137,149,163,172,176,181,188,192,196,201,208,216,218,235,24.1476605935881,120.67352565054,2019-05-29 12:05:03,2017-10-22 14:03:00,2017-10-22
3091583,10610AB795B3179,10610AB795B3179,15,66000,TXG,240,2094,66000180015,2,,2017-10-22 14:57:00,10610221457,臺中市大雅區雅楓里民生路三段297號前附近297號前,0,2,111,112,120,50,127,144,163,172,176,181,188,192,196,206,211,216,218,231,24.2305859808433,120.657372461538,2019-05-29 12:05:03,2017-10-22 14:57:00,2017-10-22
3091440,10610AB391B3134,10610AB391B3134,15,66000,TXG,229,2286,66000030012,2,,2017-10-22 11:05:00,10610221105,臺中市南區樹義里復興路一段70號,0,1,111,112,120,50,127,141,163,172,176,181,188,189,193,206,211,216,218,234,24.1125849845526,120.651946290957,2019-05-29 12:05:03,2017-10-22 11:05:00,2017-10-22
3147796,10610AB291B3129,10610AB291B3129,15,66000,TXG,231,2362,66000050020,2,,2017-10-22 18:10:00,10610221810,臺中市北區錦祥里北屯路梅亭東街,0,1,111,114,120,50,127,141,163,172,176,181,188,190,193,206,211,216,218,235,24.1601176904101,120.691828038623,2019-05-29 12:05:03,2017-10-22 18:10:00,2017-10-22
3147773,10610AB291B3126,10610AB291B3126,15,66000,TXG,231,2345,66000050003,2,,2017-10-22 17:38:00,10610221738,臺中市北區五常里學士路進柳川東路附近進柳川東路,0,2,111,113,120,50,137,147,163,172,176,181,188,192,196,201,210,215,218,234,24.1580482448063,120.680978250425,2019-05-29 12:05:03,2017-10-22 17:38:00,2017-10-22
3091085,10610ABD91B3170,10610ABD91B3170,15,66000,TXG,235,2473,66000100019,2,,2017-10-22 08:10:00,10610220810,臺中市東勢區粵寧里新寧街2號,0,1,111,112,120,40,137,149,163,172,176,181,188,191,193,201,211,216,217,239,24.263611243981,120.824972911214,2019-05-29 12:05:03,2017-10-22 08:10:00,2017-10-22
3147867,10610AB291B3130,10610AB291B3130,15,66000,TXG,231,2343,66000050001,2,,2017-10-22 20:32:00,10610222032,臺中市北區光大里五權路與公園路附近與公園路,0,1,111,114,120,50,127,141,163,172,176,181,188,190,193,206,211,216,218,230,24.1512018899096,120.677303880902,2019-05-29 12:05:03,2017-10-22 20:32:00,2017-10-22
3092359,10610AB291B3124,10610AB291B3124,15,66000,TXG,231,2364,66000050022,2,,2017-10-22 15:50:00,10610221550,臺中市北區明德里太原二街漢口南二街,0,2,111,112,120,50,127,141,163,172,176,181,188,192,196,206,211,216,218,233,24.1664806599193,120.66755602715,2019-05-29 12:05:03,2017-10-22 15:50:00,2017-10-22
3091485,10610AB291B3125,10610AB291B3125,15,66000,TXG,231,2353,66000050011,2,,2017-10-22 12:13:00,10610221213,臺中市北區金龍里北屯路監理站前附近監理站前,0,1,111,112,120,50,126,142,163,172,176,181,188,192,196,197,211,215,218,235,24.1749698685412,120.698820854335,2019-05-29 12:05:03,2017-10-22 12:13:00,2017-10-22
3091094,10610AB191B3112,10610AB191B3112,15,66000,TXG,230,2332,66000040015,2,,2017-10-22 08:35:00,10610220835,臺中市西區昇平里向上路一段中美街,0,1,111,112,120,50,127,142,163,172,176,181,188,189,193,201,210,216,218,227,24.1466867784986,120.660200706709,2019-05-29 12:05:03,2017-10-22 08:35:00,2017-10-22
3091525,10610AB794B3174,10610AB794B3174,15,66000,TXG,238,2051,66000160015,2,,2017-10-22 13:27:00,10610221327,臺中市神岡區圳堵里福成路50號,0,2,111,112,120,40,126,141,163,172,176,179,186,192,196,206,211,216,218,234,24.2235097620361,120.566971931107,2019-05-29 12:05:03,2017-10-22 13:27:00,2017-10-22
3147864,10610AB691B3148,10610AB691B3148,15,66000,TXG,232,2372,66000060020,2,,2017-10-22 20:28:00,10610222028,臺中市西屯區協和里朝馬路安和路,0,2,111,114,120,40,127,142,163,172,176,181,188,189,193,205,210,215,218,231,24.1740862739617,120.622142721922,2019-05-29 12:05:03,2017-10-22 20:28:00,2017-10-22
3147805,10610AB691B3146,10610AB691B3146,15,66000,TXG,232,2372,66000060020,2,,2017-10-22 18:23:00,10610221823,臺中市西屯區協和里工業區十七路6號,0,1,111,114,120,40,126,141,163,172,176,181,188,192,196,206,211,216,218,229,24.1789587237266,120.591111929203,2019-05-29 12:05:03,2017-10-22 18:23:00,2017-10-22
3091115,10610AB891B3159,10610AB891B3159,15,66000,TXG,247,2255,66000280014,2,,2017-10-22 09:20:00,10610220920,臺中市大里區仁化里成功二路260號,0,1,111,112,120,40,137,149,163,172,176,181,188,192,196,206,211,216,218,227,24.0981458553452,120.702144274897,2019-05-29 12:05:03,2017-10-22 09:20:00,2017-10-22
3091394,10610AB691B3144,10610AB691B3144,15,66000,TXG,232,2308,66000060023,2,,2017-10-22 10:09:00,10610221009,臺中市西屯區何源里中清西二街34號,0,1,111,112,120,50,137,147,163,172,176,181,188,192,196,201,211,215,218,234,24.1746784589353,120.667947308217,2019-05-29 12:05:03,2017-10-22 10:09:00,2017-10-22
3091373,10610ABA95B3164,10610ABA95B3164,15,66000,TXG,236,2518,66000130006,2,,2017-10-22 09:43:00,10610220943,臺中市沙鹿區斗抵里斗潭路1號附近附近附近,0,1,111,112,120,40,135,149,163,172,174,181,188,192,196,206,211,216,218,236,24.2274039677204,120.556237792787,2019-05-29 12:05:03,2017-10-22 09:43:00,2017-10-22
3147902,10610AB191B3118,10610AB191B3118,15,66000,TXG,230,2337,66000040020,2,,2017-10-22 22:40:00,10610222240,臺中市西區公益里公益路華美街348巷附近華美街348巷,0,1,111,114,120,50,127,141,163,172,176,181,188,192,196,206,211,216,218,234,24.1508876386167,120.658888868759,2019-05-29 12:05:03,2017-10-22 22:40:00,2017-10-22
3147759,10610AB691B3149,10610AB691B3149,15,66000,TXG,232,2001,66000060002,2,,2017-10-22 17:15:00,10610221715,臺中市西屯區西墩里漢翔路上墩路,0,1,111,112,120,50,127,141,163,172,176,181,188,191,193,205,210,215,218,233,24.1853188871453,120.638649576835,2019-05-29 12:05:03,2017-10-22 17:15:00,2017-10-22
3147751,10610AB291B3121,10610AB291B3121,15,66000,TXG,231,2344,66000050002,2,,2017-10-22 17:01:00,10610221701,臺中市北區文莊里中清路一段與五權路附近與五權路,0,2,111,113,120,50,127,142,163,172,176,181,188,190,193,197,208,216,218,235,24.15129741521,120.677281984813,2019-05-29 12:05:03,2017-10-22 17:01:00,2017-10-22
3091481,10610AB795B3187,10610AB795B3187,15,66000,TXG,240,2083,66000180002,2,,2017-10-22 12:03:00,10610221203,臺中市大雅區員林里中清路四段大林路396巷121巷口附近121巷口,0,1,111,112,120,40,127,141,163,172,176,181,188,192,196,197,211,216,217,233,24.2300375969136,120.641488038581,2019-05-29 12:05:03,2017-10-22 12:03:00,2017-10-22
3091042,10610ABEM1B3172,10610ABEM1B3172,15,66000,TXG,248,5901,66000290002,2,,2017-10-22 05:33:00,10610220533,臺中市和平區天輪里東關路二段21.6公尺處,0,1,111,113,120,50,137,149,163,172,176,181,188,192,196,204,209,216,217,238,24.1801607136183,120.928032752869,2019-05-29 12:05:03,2017-10-22 05:33:00,2017-10-22
3091031,10610AB891B3156,10610AB891B3156,15,66000,TXG,247,2255,66000280014,2,,2017-10-22 03:23:00,10610220323,臺中市大里區仁化里美群路路燈19842前附近路燈19842前,0,1,111,114,120,50,137,153,163,172,176,181,188,192,196,205,211,216,217,235,24.0847012412615,120.708610938499,2019-05-29 12:05:03,2017-10-22 03:23:00,2017-10-22
3091105,10610AB691B3137,10610AB691B3137,15,66000,TXG,232,2008,66000060009,2,,2017-10-22 08:57:00,10610220857,臺中市西屯區何安里西屯路二段105-9號,0,1,111,112,120,50,137,149,163,172,176,181,188,192,196,201,211,216,218,235,24.1769078679304,120.643092730182,2019-05-29 12:05:03,2017-10-22 08:57:00,2017-10-22
3091443,10610ABD91B3171,10610ABD91B3171,15,66000,TXG,241,2101,66000190007,2,,2017-10-22 11:10:00,10610221110,臺中市新社區永源里中和街二段158號,0,1,111,112,120,40,137,149,163,172,176,181,188,192,196,205,211,216,217,234,24.2568429052048,120.532315098432,2019-05-29 12:05:03,2017-10-22 11:10:00,2017-10-22
3091445,10610AB191B3119,10610AB191B3119,15,66000,TXG,227,2053,66000010001,2,,2017-10-22 11:11:00,10610221111,臺中市中區繼光里臺灣大道一段127號,0,1,111,112,120,50,127,142,163,172,176,181,188,189,193,201,208,216,218,235,24.1395559687742,120.682840830559,2019-05-29 12:05:03,2017-10-22 11:11:00,2017-10-22
3091479,10610ABB93B3165,10610ABB93B3165,15,66000,TXG,237,2035,66000150017,2,,2017-10-22 12:01:00,10610221201,臺中市后里區月眉里月眉南路麗寶樂園第三支路燈南下20公尺處附近麗寶樂園第三支路燈南下20公尺處,0,1,111,112,120,50,137,149,163,172,176,181,188,192,196,201,210,216,218,236,24.3181881393284,120.691738279233,2019-05-29 12:05:03,2017-10-22 12:01:00,2017-10-22
3091009,10610AB691B3151,10610AB691B3151,15,66000,TXG,232,2002,66000060003,2,,2017-10-22 00:12:00,10610220012,臺中市西屯區潮洋里環中路三段慢車道(高公局前)附近慢車道(高公局前),0,1,111,115,123,40,134,148,163,172,176,181,188,192,196,197,211,212,218,231,24.1605228856616,120.627900973787,2019-05-29 12:05:03,2017-10-22 00:12:00,2017-10-22
3091536,10610AB691B3138,10610AB691B3138,15,66000,TXG,232,2321,66000060036,2,,2017-10-22 13:44:00,10610221344,臺中市西屯區福聯里臺灣大道四段265燈桿附近265燈桿,0,1,111,112,120,40,137,148,163,172,176,181,188,192,196,199,211,213,218,236,24.1740419542651,120.632666146394,2019-05-29 12:05:03,2017-10-22 13:44:00,2017-10-22
3147866,10610AB691B3143,10610AB691B3143,15,66000,TXG,232,2318,66000060033,2,,2017-10-22 20:32:00,10610222032,臺中市西屯區福和里中工三路天佑街,0,3,111,114,120,50,128,141,163,172,176,181,188,191,193,206,211,216,218,234,24.178946170236,120.618871736316,2019-05-29 12:05:03,2017-10-22 20:32:00,2017-10-22
3091045,10610AB191B3113,10610AB191B3113,15,66000,TXG,230,2329,66000040012,2,,2017-10-22 05:53:00,10610220553,臺中市西區後龍里民族路福龍街,0,1,111,113,120,50,127,141,163,172,176,181,188,192,196,206,211,216,218,233,24.1456966566477,120.67258870036,2019-05-29 12:05:03,2017-10-22 05:53:00,2017-10-22
3147849,10610AB591B3135,10610AB591B3135,15,66000,TXG,233,2401,66000080009,2,,2017-10-22 19:58:00,10610221958,臺中市北屯區軍功里松竹路松竹二路,0,1,111,112,120,50,126,141,163,172,176,181,188,189,193,197,211,216,218,244,24.1823433107226,120.71778150252,2019-05-29 12:05:03,2017-10-22 19:58:00,2017-10-22
3147904,10610AB691B3154,10610AB691B3154,15,66000,TXG,232,2001,66000060002,2,,2017-10-22 22:44:00,10610222244,臺中市西屯區西墩里環中路二段福科路,0,1,111,114,120,40,127,141,163,172,176,181,188,189,193,205,210,215,218,234,24.1794863377192,120.634834793219,2019-05-29 12:05:03,2017-10-22 22:44:00,2017-10-22
3147800,10610ABA95B3162,10610ABA95B3162,15,66000,TXG,236,2525,66000130013,2,,2017-10-22 18:16:00,10610221816,臺中市沙鹿區晉江里晉文路臺灣大道路六段301巷,0,2,111,114,120,40,126,141,163,172,176,181,188,190,193,206,211,216,218,236,24.2212311292711,120.582532017371,2019-05-29 12:05:03,2017-10-22 18:16:00,2017-10-22
3147776,10610AB291B3131,10610AB291B3131,15,66000,TXG,231,2362,66000050020,2,,2017-10-22 17:40:00,10610221740,臺中市北區錦祥里北屯路與雙十路口附近與雙十路口,0,2,111,113,120,40,128,142,163,172,176,181,188,189,193,206,210,216,218,230,24.1591048911861,120.691415112519,2019-05-29 12:05:03,2017-10-22 17:40:00,2017-10-22
3091537,10610ABA94B3160,10610ABA94B3160,15,66000,TXG,312,2542,66000140011,2,,2017-10-22 13:44:00,10610221344,臺中市梧棲區大村里中央路一段電桿工業幹2G3964GC24旁附近電桿工業幹2G3964GC24旁,0,1,111,112,120,50,137,149,163,172,176,181,188,189,193,201,211,216,217,231,24.2378778042523,120.536425160808,2019-05-29 12:05:03,2017-10-22 13:44:00,2017-10-22
3154604,10610ABA93B3248,10610ABA93B3248,15,66000,TXG,311,2508,66000120028,2,,2017-10-23 17:10:00,10610231710,臺中市清水區下湳里高美路95-2號,0,2,111,112,120,50,128,147,163,172,176,181,188,189,193,197,210,215,218,236,24.2776932488671,120.575671338942,2019-05-29 12:05:03,2017-10-23 17:10:00,2017-10-23
3153980,10610ABB93B3254,10610ABB93B3254,15,66000,TXG,243,2122,66000210006,2,,2017-10-23 07:50:00,10610230750,臺中市外埔區大東里大馬路403號,0,1,111,112,120,50,137,149,163,172,176,181,188,192,196,201,211,216,217,230,24.3411399963606,120.641197982022,2019-05-29 12:05:03,2017-10-23 07:50:00,2017-10-23
3153998,10610AB291B3196,10610AB291B3196,15,66000,TXG,231,1997,66000050034,2,,2017-10-23 08:10:00,10610230810,臺中市北區立人里華美街北平二街,0,1,111,112,120,50,127,141,163,172,176,181,188,192,196,206,211,216,218,234,24.1730055086555,120.669379936058,2019-05-29 12:05:03,2017-10-23 08:10:00,2017-10-23
3154727,10610AB191B3190,10610AB191B3190,15,66000,TXG,230,2333,66000040016,2,,2017-10-23 19:21:00,10610231921,臺中市西區忠明里華美西街一段172號,0,1,111,114,120,50,137,149,163,172,176,181,188,192,196,205,211,216,218,230,24.1592127890697,120.662258822722,2019-05-29 12:05:03,2017-10-23 19:21:00,2017-10-23
3154758,10610AB391B3204,10610AB391B3204,15,66000,TXG,229,2279,66000030005,2,,2017-10-23 20:35:00,10610232035,臺中市南區積善里國光路228號,0,1,111,114,120,50,126,141,163,172,176,181,188,192,196,206,211,216,218,236,24.1266770327407,120.679234722269,2019-05-29 12:05:03,2017-10-23 20:35:00,2017-10-23
3154671,10610ABA95B3250,10610ABA95B3250,15,66000,TXG,236,2526,66000130014,2,,2017-10-23 18:20:00,10610231820,臺中市沙鹿區六路里南陽路北勢國小側門前附近北勢國小側門前,0,2,111,115,120,50,137,147,163,172,176,181,188,192,196,200,211,215,218,234,24.2147807634993,120.578293091903,2019-05-29 12:05:03,2017-10-23 18:20:00,2017-10-23
3154507,10610AB391B3198,10610AB391B3198,15,66000,TXG,228,2076,66000020016,2,,2017-10-23 14:35:00,10610231435,臺中市東區東信里樂業路環中東路,0,1,111,112,120,40,127,141,163,172,176,181,188,189,193,206,211,216,218,234,24.1354102622797,120.709005736709,2019-05-29 12:05:03,2017-10-23 14:35:00,2017-10-23
3154561,10610AB591B3210,10610AB591B3210,15,66000,TXG,233,2015,66000080016,2,,2017-10-23 16:05:00,10610231605,臺中市北屯區松竹里崇德二路二段232號,0,1,111,112,120,50,137,147,163,172,176,181,188,192,196,205,211,215,218,229,24.1774833973667,120.685456150891,2019-05-29 12:05:03,2017-10-23 16:05:00,2017-10-23
3153908,10610ABC91B3233,10610ABC91B3233,15,66000,TXG,246,2217,66000270020,2,,2017-10-23 07:12:00,10610230712,臺中市太平區永成里長億六街173號對面附近對面,0,2,111,112,120,50,137,147,163,172,176,181,188,192,196,201,211,215,218,235,24.1190409353807,120.715971182647,2019-05-29 12:05:03,2017-10-23 07:12:00,2017-10-23
3154715,10610AB795B3268,10610AB795B3268,15,66000,TXG,240,2091,66000180011,2,,2017-10-23 19:06:00,10610231906,臺中市大雅區四德里龍善街(大雅聯絡道)附近(大雅聯絡道),0,2,111,114,120,50,126,141,163,172,176,181,188,189,193,197,208,216,217,234,24.2107319881619,120.665141088325,2019-05-29 12:05:03,2017-10-23 19:06:00,2017-10-23
3154037,10610AB891B3223,10610AB891B3223,15,66000,TXG,245,2194,66000260012,2,,2017-10-23 08:50:00,10610230850,臺中市霧峰區四德里中投東路一段(北豐路175號前)附近(北豐路175號前),0,1,111,112,120,40,137,153,163,172,176,181,188,192,196,197,211,215,217,231,24.0479653658093,120.664517646633,2019-05-29 12:05:03,2017-10-23 08:50:00,2017-10-23
3147961,10610AB591B3209,10610AB591B3209,15,66000,TXG,233,2401,66000080009,2,,2017-10-23 06:45:00,10610230645,臺中市北屯區軍功里東山路一段219-1號,0,1,111,112,120,50,126,141,163,172,176,181,188,192,196,206,211,216,218,234,24.1698662458702,120.702248563834,2019-05-29 12:05:03,2017-10-23 06:45:00,2017-10-23
3154118,10610AB691B3217,10610AB691B3217,15,66000,TXG,232,2367,66000060015,2,,2017-10-23 10:28:00,10610231028,臺中市西屯區港尾里中彰快速道路14.8K處附近14.8K處,0,2,111,112,120,80,137,149,163,172,176,179,187,192,196,197,209,216,217,235,0.0,0.0,2019-05-29 12:05:03,2017-10-23 10:28:00,2017-10-23
3154380,10610ABA95B3249,10610ABA95B3249,15,66000,TXG,236,2517,66000130005,2,,2017-10-23 11:00:00,10610231100,臺中市沙鹿區興仁里鎮南路二段沙田路,0,2,111,112,120,50,127,141,167,172,176,181,188,189,193,206,211,216,218,235,24.2347495097284,120.558817034684,2019-05-29 12:05:03,2017-10-23 11:00:00,2017-10-23
3154655,10610AB891B3231,10610AB891B3231,15,66000,TXG,247,2260,66000280019,2,,2017-10-23 18:03:00,10610231803,臺中市大里區東湖里大峰路330號,0,1,111,114,120,50,137,152,163,172,176,181,188,192,196,197,210,215,217,235,24.0816567397219,120.688520984227,2019-05-29 12:05:03,2017-10-23 18:03:00,2017-10-23
3154670,10610AB591B3211,10610AB591B3211,15,66000,TXG,233,2405,66000080013,2,,2017-10-23 18:20:00,10610231820,臺中市北屯區[部]子里祥順東路祥順六街,0,1,111,114,120,50,137,149,163,172,176,181,188,192,196,201,211,216,218,235,24.1697767985267,120.728886007619,2019-05-29 12:05:03,2017-10-23 18:20:00,2017-10-23
3154496,10610AB691B3218,10610AB691B3218,15,66000,TXG,232,2367,66000060015,2,,2017-10-23 14:19:00,10610231419,臺中市西屯區港尾里同志巷信和幹69G5555DD83電桿附近信和幹69G5555DD83電桿,0,1,111,112,120,40,137,149,163,172,176,181,188,192,196,206,211,216,218,234,24.2013290077883,120.659824179263,2019-05-29 12:05:03,2017-10-23 14:19:00,2017-10-23
3154088,10610AB691B3215,10610AB691B3215,15,66000,TXG,232,2370,66000060018,2,,2017-10-23 09:51:00,10610230951,臺中市西屯區永安里西屯路三段166-51號,0,1,111,112,120,40,126,141,163,172,176,181,188,192,196,206,211,216,218,234,24.1887537736983,120.616961512939,2019-05-29 12:05:03,2017-10-23 09:51:00,2017-10-23
3154040,10610AB191B3192,10610AB191B3192,15,66000,TXG,227,2055,66000010003,2,,2017-10-23 08:51:00,10610230851,臺中市中區綠川里雙十路一段21號,0,3,111,112,120,50,126,141,163,172,176,181,188,192,196,206,211,216,218,235,24.1407935291991,120.685580574998,2019-05-29 12:05:03,2017-10-23 08:51:00,2017-10-23
3154395,10610ABB91B3255,10610ABB91B3255,15,66000,TXG,286,2495,66000110016,2,,2017-10-23 11:34:00,10610231134,臺中市大甲區文武里和平路253巷28-22號,0,1,111,112,120,50,137,149,163,172,176,181,188,192,196,206,211,216,218,243,24.3543860397119,120.621099746298,2019-05-29 12:05:03,2017-10-23 11:34:00,2017-10-23
3154079,10610ABC91B3238,10610ABC91B3238,15,66000,TXG,246,2225,66000270028,2,,2017-10-23 09:38:00,10610230938,臺中市太平區新高里環中東路三段太順路,0,1,111,112,120,50,127,141,163,172,176,181,188,189,193,206,211,216,218,234,24.159728703343,120.717836535578,2019-05-29 12:05:03,2017-10-23 09:38:00,2017-10-23
3154718,10610ABA95B3253,10610ABA95B3253,15,66000,TXG,236,2525,66000130013,2,,2017-10-23 19:10:00,10610231910,臺中市沙鹿區晉江里晉文路39巷口附近口,0,1,111,114,120,50,126,142,163,172,176,181,188,192,196,204,211,216,217,230,24.2219921749512,120.582625262625,2019-05-29 12:05:03,2017-10-23 19:10:00,2017-10-23
3154019,10610ABC91B3237,10610ABC91B3237,15,66000,TXG,246,2200,66000270001,2,,2017-10-23 08:30:00,10610230830,臺中市太平區太平里新仁路一段77號,0,1,111,112,120,50,137,149,163,172,176,181,188,192,196,201,211,216,217,230,24.1092437340732,120.714988941015,2019-05-29 12:05:03,2017-10-23 08:30:00,2017-10-23
3154030,10610AB794B3261,10610AB794B3261,15,66000,TXG,238,2048,66000160012,2,,2017-10-23 08:43:00,10610230843,臺中市神岡區溪洲里豐洲路1261號,0,2,111,112,120,50,137,149,163,172,176,181,188,192,196,201,208,216,217,221,24.2683220869441,120.682189178565,2019-05-29 12:05:03,2017-10-23 08:43:00,2017-10-23
3154063,10610AB793B3267,10610AB793B3267,15,66000,TXG,239,2569,66000170009,2,,2017-10-23 09:20:00,10610230920,臺中市潭子區大豐里大豐路一段205號,0,1,111,112,120,50,137,149,163,172,176,181,188,192,196,205,210,216,217,235,24.2129584902232,120.690419635828,2019-05-29 12:05:03,2017-10-23 09:20:00,2017-10-23
3154431,10610AB891B3225,10610AB891B3225,15,66000,TXG,247,2253,66000280012,2,,2017-10-23 12:25:00,10610231225,臺中市大里區大元里中興路二段56-1號,0,1,111,112,120,50,126,142,163,172,176,181,188,189,193,201,210,216,217,235,24.1162909656137,120.687830856201,2019-05-29 12:05:03,2017-10-23 12:25:00,2017-10-23
3153982,10610ABD91B3260,10610ABD91B3260,15,66000,TXG,242,2109,66000200003,2,,2017-10-23 07:54:00,10610230754,臺中市石岡區九房里豐勢路1055號,0,1,111,112,120,50,126,141,163,172,176,181,188,191,193,201,211,216,217,235,24.2755358305586,120.779115623588,2019-05-29 12:05:03,2017-10-23 07:54:00,2017-10-23
3154615,10610ABA95B3252,10610ABA95B3252,15,66000,TXG,236,2528,66000130016,2,,2017-10-23 17:20:00,10610231720,臺中市沙鹿區埔子里榜文路西屯往沙鹿附近西屯往沙鹿,0,1,111,113,120,40,134,149,164,172,176,181,188,192,196,206,211,216,218,229,24.1984493562833,120.587109691134,2019-05-29 12:05:03,2017-10-23 17:20:00,2017-10-23
3153963,10610AB793B3262,10610AB793B3262,15,66000,TXG,239,2080,66000170015,2,,2017-10-23 07:41:00,10610230741,臺中市潭子區家興里中山路一段大通街,0,3,111,112,120,60,126,141,163,172,176,181,188,190,193,206,211,216,218,234,24.1920611462947,120.702565150816,2019-05-29 12:05:03,2017-10-23 07:41:00,2017-10-23
3154412,10610ABA94B3246,10610ABA94B3246,15,66000,TXG,312,2541,66000140010,2,,2017-10-23 12:00:00,10610231200,臺中市梧棲區大庄里文華街文華街204巷,0,3,111,112,120,40,127,141,163,172,176,181,188,192,196,206,211,216,218,233,24.2462623740752,120.541757215822,2019-05-29 12:05:03,2017-10-23 12:00:00,2017-10-23
3153926,10610AB291B3194,10610AB291B3194,15,66000,TXG,231,2357,66000050015,2,,2017-10-23 07:25:00,10610230725,臺中市北區賴厝里太原路二段梅川東路三段,0,2,111,112,120,50,127,141,163,172,176,181,188,189,193,206,211,216,218,234,24.1651734719353,120.677179345994,2019-05-29 12:05:03,2017-10-23 07:25:00,2017-10-23
3153932,10610AB491B3206,10610AB491B3206,15,66000,TXG,13,2375,66000070007,2,,2017-10-23 07:29:00,10610230729,臺中市南屯區文山里嶺東路818號,0,2,111,112,120,50,126,141,163,172,176,181,188,192,196,206,211,216,218,234,24.1513949853514,120.612414705191,2019-05-29 12:05:03,2017-10-23 07:29:00,2017-10-23
3154701,10610ABB91B3256,10610ABB91B3256,15,66000,TXG,286,2485,66000110006,2,,2017-10-23 18:50:00,10610231850,臺中市大甲區庄美里興安路18號,0,1,111,114,120,50,137,149,163,172,176,181,188,192,196,205,211,216,217,236,24.347015990777,120.615133425399,2019-05-29 12:05:03,2017-10-23 18:50:00,2017-10-23
3154041,10610AB491B3207,10610AB491B3207,15,66000,TXG,13,2385,66000070017,2,,2017-10-23 08:51:00,10610230851,臺中市南屯區同心里大墩二街大墩西二街,0,2,111,112,120,50,127,142,163,172,176,181,188,192,196,201,211,215,218,234,24.1388287847277,120.647831089129,2019-05-29 12:05:03,2017-10-23 08:51:00,2017-10-23
3154790,10610AB795B3269,10610AB795B3269,15,66000,TXG,240,2429,66000180009,2,,2017-10-23 21:40:00,10610232140,臺中市大雅區上楓里鳳鳴路與民族路147巷口附近與民族路147巷口,0,1,111,114,120,40,126,142,163,172,176,181,188,192,196,206,211,216,217,235,24.2406248319791,120.674244281259,2019-05-29 12:05:03,2017-10-23 21:40:00,2017-10-23
3154451,10610AB995B3243,10610AB995B3243,15,66000,TXG,288,2169,66000250001,2,,2017-10-23 12:55:00,10610231255,臺中市龍井區竹坑里中華路一段221巷88弄與龍田路橋下方平面道路口附近與龍田路橋下方平面道路口,0,1,111,112,120,40,127,141,163,172,176,181,188,191,193,206,211,216,218,233,0.0,0.0,2019-05-29 12:05:03,2017-10-23 12:55:00,2017-10-23
3154602,10610ABD91B3259,10610ABD91B3259,15,66000,TXG,235,2462,66000100008,2,,2017-10-23 17:07:00,10610231707,臺中市東勢區泰昌里泰昌街218號,0,2,111,112,120,50,128,141,163,172,176,181,188,192,196,206,211,216,218,235,24.2494697054378,120.833993101531,2019-05-29 12:05:03,2017-10-23 17:07:00,2017-10-23
3154398,10610ABB91B3257,10610ABB91B3257,15,66000,TXG,286,2484,66000110005,2,,2017-10-23 11:36:00,10610231136,臺中市大甲區平安里五福街民權路,0,1,111,112,120,50,127,141,163,172,176,181,188,192,196,206,211,216,218,233,24.3493843073692,120.620937398325,2019-05-29 12:05:03,2017-10-23 11:36:00,2017-10-23
3153960,10610AB994B3240,10610AB994B3240,15,66000,TXG,244,2161,66000240010,2,,2017-10-23 07:40:00,10610230740,臺中市大肚區磺溪里文昌一街(靠近磺溪書院)附近(靠近磺溪書院),0,1,111,112,120,50,126,142,163,172,176,181,188,192,196,206,211,216,217,231,24.1513198239584,120.536219383731,2019-05-29 12:05:03,2017-10-23 07:40:00,2017-10-23
3153952,10610AB891B3221,10610AB891B3221,15,66000,TXG,245,2194,66000260012,2,,2017-10-23 07:37:00,10610230737,臺中市霧峰區四德里四德路477-1號附近477-1號,0,1,111,112,120,40,126,142,163,172,176,181,188,189,193,203,211,216,217,231,24.0656037594987,120.68540156084,2019-05-29 12:05:03,2017-10-23 07:37:00,2017-10-23
3154046,10610A24WXB0099,10610A24WXB0099,15,66000,TXG,13,0,66000070000,2,,2017-10-23 08:55:00,10610230855,臺中市南屯區國道1號181.0公里北側交流道車道,0,1,111,112,116,50,137,156,163,172,176,181,188,189,193,206,209,216,217,231,24.2910881240278,120.695276206845,2019-05-29 12:05:03,2017-10-23 08:55:00,2017-10-23
3154596,10610AB891B3230,10610AB891B3230,15,66000,TXG,247,2259,66000280018,2,,2017-10-23 17:00:00,10610231700,臺中市大里區金城里金城街171號,0,2,111,114,120,50,137,149,163,172,176,181,188,192,196,201,211,216,218,235,24.0882079808747,120.698565127213,2019-05-29 12:05:03,2017-10-23 17:00:00,2017-10-23