識別碼,案件編號,交通事故主表,縣市識別碼,縣市代碼,所屬縣市簡碼,鄉縣市區識別碼,村里識別碼,里代碼,事故類(A1、A2...An),處理單位代碼,案件時間(西元),案件時間(民國),發生地點,死亡人數,受傷人數(含2~30日內死亡),天氣識別碼,光線識別碼,道路類別識別碼,速限,道路型態識別碼,事故位置識別碼,路面鋪裝識別碼,路面狀態識別碼,路面缺陷識別碼,障礙物視距識別碼,視距識別碼,號誌種類識別碼,號誌動作識別碼,車道劃分設施-分向設施識別碼,快車道或一般車道間識別碼,快慢車道間識別碼,路面邊線識別碼,事故類型及型態識別碼,緯度,經度,本平台資料更新時間(yyyy-MM-dd HH:mm:ss),資料代表時間(yyyy-MM-dd HH:mm:ss),資料代表日期(yyyy-MM-dd)
3154647,10610AB391B3200,10610AB391B3200,15,66000,TXG,228,2243,66000020017,2,,2017-10-23 17:54:00,10610231754,臺中市東區東英里自由路四段三賢街,0,2,111,114,120,50,127,141,163,172,176,181,188,189,193,206,211,216,218,233,24.142730537549,120.707123397968,2019-05-29 12:05:03,2017-10-23 17:54:00,2017-10-23
3154035,10610AB891B3224,10610AB891B3224,15,66000,TXG,245,5912,66000260015,2,,2017-10-23 08:48:00,10610230848,臺中市霧峰區舊正里中正路與國道六號舊正交流道口附近與國道六號舊正交流道口,0,1,111,112,120,70,127,141,163,172,176,181,188,189,193,206,211,216,218,234,24.067206259086,120.69901785173,2019-05-29 12:05:03,2017-10-23 08:48:00,2017-10-23
3153900,10610AB891B3220,10610AB891B3220,15,66000,TXG,247,2248,66000280007,2,,2017-10-23 07:05:00,10610230705,臺中市大里區西榮里益民路二段302號,0,1,111,112,120,50,127,141,163,172,176,181,188,192,196,206,211,216,218,234,24.111781393358,120.683851441032,2019-05-29 12:05:03,2017-10-23 07:05:00,2017-10-23
3153974,10610AB891B3222,10610AB891B3222,15,66000,TXG,247,2238,66000280002,2,,2017-10-23 07:45:00,10610230745,臺中市大里區新里里國光路一段161號,0,1,111,112,120,50,137,153,163,172,176,181,188,192,196,197,210,215,217,235,24.0990744584777,120.682804172244,2019-05-29 12:05:03,2017-10-23 07:45:00,2017-10-23
3147927,10610AB995B3239,10610AB995B3239,15,66000,TXG,288,2179,66000250011,2,,2017-10-23 00:30:00,10610230030,臺中市龍井區龍泉里沙田路四段觀光路,0,1,111,114,120,50,126,142,163,172,176,181,188,191,193,197,210,215,218,234,24.191888775642,120.545895647729,2019-05-29 12:05:03,2017-10-23 00:30:00,2017-10-23
3153978,10610ABC91B3235,10610ABC91B3235,15,66000,TXG,246,2221,66000270024,2,,2017-10-23 07:49:00,10610230749,臺中市太平區中政里太平路中興路,0,1,111,112,120,50,126,141,163,172,176,181,188,189,193,206,211,216,218,234,24.125545856565,120.713071626519,2019-05-29 12:05:03,2017-10-23 07:49:00,2017-10-23
3153918,10610AB793B3270,10610AB793B3270,15,66000,TXG,239,2561,66000170001,2,,2017-10-23 07:20:00,10610230720,臺中市潭子區潭陽里復興路二段130號,0,1,111,112,120,50,128,141,163,172,176,181,188,191,193,205,210,215,218,233,24.1250897355429,120.664147423786,2019-05-29 12:05:03,2017-10-23 07:20:00,2017-10-23
3154656,10610AB891B3227,10610AB891B3227,15,66000,TXG,247,2267,66000280026,2,,2017-10-23 18:03:00,10610231803,臺中市大里區立德里甲堤南路與立元路口附近與立元路口,0,2,111,114,120,40,126,142,163,172,176,181,188,190,193,201,210,215,217,231,24.0995644468797,120.695598251032,2019-05-29 12:05:03,2017-10-23 18:03:00,2017-10-23
3147925,10610AB891B3219,10610AB891B3219,15,66000,TXG,247,2250,66000280009,2,,2017-10-23 00:10:00,10610230010,臺中市大里區東昇里環中東路六段6號,0,1,111,114,120,40,137,147,163,172,176,181,188,192,196,200,210,215,217,234,24.1073331924026,120.694090438734,2019-05-29 12:05:03,2017-10-23 00:10:00,2017-10-23
3154805,10610AB391B3203,10610AB391B3203,15,66000,TXG,229,2244,66000030001,2,,2017-10-23 22:30:00,10610232230,臺中市南區城隍里建成路與正義街口附近與正義街口,0,1,111,114,120,50,127,141,163,172,176,181,188,189,193,206,211,216,218,221,24.1277931899799,120.681085043729,2019-05-29 12:05:03,2017-10-23 22:30:00,2017-10-23
3154020,10610AB793B3265,10610AB793B3265,15,66000,TXG,239,2078,66000170013,2,,2017-10-23 08:30:00,10610230830,臺中市潭子區聚興里豐興路一段192巷慈濟醫院停車場入口附近慈濟醫院停車場入口,0,1,111,112,120,50,137,149,163,172,176,181,188,192,196,205,210,216,217,235,0.0,0.0,2019-05-29 12:05:03,2017-10-23 08:30:00,2017-10-23
3154696,10610AB391B3201,10610AB391B3201,15,66000,TXG,229,2285,66000030011,2,,2017-10-23 18:44:00,10610231844,臺中市南區永興里工學一街195號,0,1,110,114,120,40,127,141,163,172,176,181,188,192,196,206,211,216,218,234,24.115433616424,120.665682540516,2019-05-29 12:05:03,2017-10-23 18:44:00,2017-10-23
3154668,10610ABA95B3247,10610ABA95B3247,15,66000,TXG,236,2520,66000130008,2,,2017-10-23 18:19:00,10610231819,臺中市沙鹿區鹿寮里光明街260號,0,2,111,114,123,50,127,141,163,172,176,181,188,192,196,206,211,216,218,233,24.2479976132199,120.558556608043,2019-05-29 12:05:03,2017-10-23 18:19:00,2017-10-23
3154001,10610AB291B3195,10610AB291B3195,15,66000,TXG,231,2359,66000050017,2,,2017-10-23 08:11:00,10610230811,臺中市北區育德里美德街尚德街,0,1,111,112,120,50,127,141,163,172,176,181,188,192,196,206,211,216,218,233,24.1582081178714,120.677688803986,2019-05-29 12:05:03,2017-10-23 08:11:00,2017-10-23
3154475,10610AB391B3199,10610AB391B3199,15,66000,TXG,229,2288,66000030014,2,,2017-10-23 13:47:00,10610231347,臺中市南區西川里美村路二段柳川西路一段,0,1,111,112,120,50,127,141,163,172,176,181,188,189,193,206,211,216,218,234,24.1314618818692,120.661757275872,2019-05-29 12:05:03,2017-10-23 13:47:00,2017-10-23
3154726,10610ABA95B3251,10610ABA95B3251,15,66000,TXG,236,2520,66000130008,2,,2017-10-23 19:20:00,10610231920,臺中市沙鹿區鹿寮里成功東街福安街,0,1,111,112,120,50,127,141,163,172,176,181,188,189,193,206,211,216,218,221,24.2423481421219,120.562400979225,2019-05-29 12:05:03,2017-10-23 19:20:00,2017-10-23
3154131,10610AB794B3263,10610AB794B3263,15,66000,TXG,238,2043,66000160007,2,,2017-10-23 10:41:00,10610231041,臺中市神岡區三角里大豐路五段三社路,0,1,111,112,120,50,126,142,163,172,176,181,188,189,193,200,211,215,218,231,24.236427137869,120.695514385792,2019-05-29 12:05:03,2017-10-23 10:41:00,2017-10-23
3154707,10610AB891B3232,10610AB891B3232,15,66000,TXG,247,2264,66000280023,2,,2017-10-23 18:54:00,10610231854,臺中市大里區永隆里爽文路永隆五街,0,2,111,114,120,50,127,141,163,172,176,181,188,189,193,206,211,216,218,234,24.1108348380412,120.674721349797,2019-05-29 12:05:03,2017-10-23 18:54:00,2017-10-23
3153975,10610AB391B3205,10610AB391B3205,15,66000,TXG,228,2071,66000020011,2,,2017-10-23 07:45:00,10610230745,臺中市東區東南里旱溪西路近十甲路附近近十甲路,0,1,111,112,120,50,127,147,163,172,176,181,188,192,196,201,211,215,218,236,24.2019382810212,120.711991594496,2019-05-29 12:05:03,2017-10-23 07:45:00,2017-10-23
3154470,10610AB191B3193,10610AB191B3193,15,66000,TXG,230,2303,66000040007,2,,2017-10-23 13:30:00,10610231330,臺中市西區公民里五權路樂群街,0,1,111,112,120,50,127,141,163,172,176,181,188,189,193,206,210,215,218,235,24.1336590623829,120.666496206556,2019-05-29 12:05:03,2017-10-23 13:30:00,2017-10-23
3154688,10610AB191B3191,10610AB191B3191,15,66000,TXG,230,2329,66000040012,2,,2017-10-23 18:35:00,10610231835,臺中市西區後龍里臺灣大道均安街附近均安街,0,2,111,114,120,50,127,141,163,172,176,181,188,190,193,206,211,216,218,234,24.1482423247471,120.672652800895,2019-05-29 12:05:03,2017-10-23 18:35:00,2017-10-23
3154736,10610AB591B3212,10610AB591B3212,15,66000,TXG,233,2397,66000080005,2,,2017-10-23 19:43:00,10610231943,臺中市北屯區平和里河北路瀋陽路,0,2,111,114,120,50,127,141,163,172,176,181,188,189,193,206,211,216,218,234,24.173581215882,120.683544739102,2019-05-29 12:05:03,2017-10-23 19:43:00,2017-10-23
3154474,10610AB691B3216,10610AB691B3216,15,66000,TXG,232,2324,66000060039,2,,2017-10-23 13:45:00,10610231345,臺中市西屯區福雅里臺灣大道四段福雅路,0,1,111,112,120,40,126,142,163,172,176,181,188,192,196,197,211,212,218,230,24.1821682359104,120.617540933756,2019-05-29 12:05:03,2017-10-23 13:45:00,2017-10-23
3153959,10610AB491B3208,10610AB491B3208,15,66000,TXG,13,2432,66000070005,2,,2017-10-23 07:40:00,10610230740,臺中市南屯區春社里中台路中台路315巷,0,1,111,112,120,50,137,149,163,172,176,181,188,192,196,201,211,216,218,231,24.139293345754,120.593540681634,2019-05-29 12:05:03,2017-10-23 07:40:00,2017-10-23
3154730,10610AB891B3228,10610AB891B3228,15,66000,TXG,247,2256,66000280015,2,,2017-10-23 19:26:00,10610231926,臺中市大里區健民里健民路與久居街口附近與久居街口,0,2,111,114,120,50,126,141,163,172,176,181,188,190,193,206,211,216,218,234,24.0941732352491,120.729153036122,2019-05-29 12:05:03,2017-10-23 19:26:00,2017-10-23
3153931,10610ABA94B3245,10610ABA94B3245,15,66000,TXG,312,2541,66000140010,2,,2017-10-23 07:27:00,10610230727,臺中市梧棲區大庄里文心街與文昌路169巷口附近與文昌路169巷口,0,2,111,112,120,50,127,141,163,172,176,181,188,192,196,206,211,216,218,233,24.2416468751189,120.547104725799,2019-05-29 12:05:03,2017-10-23 07:27:00,2017-10-23
3153971,10610AB795B3266,10610AB795B3266,15,66000,TXG,240,2093,66000180013,2,,2017-10-23 07:44:00,10610230744,臺中市大雅區文雅里中清路三段與永和路口附近與永和路口,0,1,111,112,120,50,127,141,163,172,176,181,188,189,193,206,211,216,218,234,24.2226404942455,120.646736335415,2019-05-29 12:05:03,2017-10-23 07:44:00,2017-10-23
3154495,10610AB891B3226,10610AB891B3226,15,66000,TXG,245,2191,66000260008,2,,2017-10-23 14:16:00,10610231416,臺中市霧峰區本堂里四德路林森路,0,1,111,112,120,50,127,142,163,172,176,181,188,189,193,201,211,216,217,230,24.0656254867008,120.696030323885,2019-05-29 12:05:03,2017-10-23 14:16:00,2017-10-23
3154057,10610AB591B3213,10610AB591B3213,15,66000,TXG,233,0,66000080000,2,,2017-10-23 09:07:00,10610230907,臺中市北屯區太原路三段1138號,0,1,111,112,120,40,127,141,163,172,176,181,188,189,193,206,211,216,218,234,24.1608016131701,120.729473704035,2019-05-29 12:05:03,2017-10-23 09:07:00,2017-10-23
3154704,10610AB391B3202,10610AB391B3202,15,66000,TXG,228,2076,66000020016,2,,2017-10-23 18:52:00,10610231852,臺中市東區東信里樂業路342號,0,2,110,114,120,50,127,141,163,172,176,181,188,189,193,206,211,216,218,234,24.1385907341843,120.703691981529,2019-05-29 12:05:03,2017-10-23 18:52:00,2017-10-23
3153987,10610ABC91B3236,10610ABC91B3236,15,66000,TXG,246,2203,66000270004,2,,2017-10-23 07:56:00,10610230756,臺中市太平區中興里東平路東平路715巷,0,1,111,112,120,50,126,141,163,172,176,181,188,189,193,206,211,216,218,234,24.1333977297073,120.71368410639,2019-05-29 12:05:03,2017-10-23 07:56:00,2017-10-23
3153996,10610AB691B3214,10610AB691B3214,15,66000,TXG,232,2004,66000060005,2,,2017-10-23 08:06:00,10610230806,臺中市西屯區惠來里惠來路二段市政北一路,0,1,111,112,120,50,137,147,163,172,176,181,188,190,193,201,211,215,218,235,24.1603691403368,120.639991124097,2019-05-29 12:05:03,2017-10-23 08:06:00,2017-10-23
3154685,10610ABB93B3258,10610ABB93B3258,15,66000,TXG,237,2560,66000150014,2,,2017-10-23 18:33:00,10610231833,臺中市后里區眉山里四月路后里區眉山村216號路燈附近后里區眉山村216號路燈,0,2,111,115,120,50,137,153,163,172,176,181,188,192,196,205,211,216,217,244,24.312107521831,120.666595808667,2019-05-29 12:05:03,2017-10-23 18:33:00,2017-10-23
3154128,10610AB291B3197,10610AB291B3197,15,66000,TXG,231,2345,66000050003,2,,2017-10-23 10:40:00,10610231040,臺中市北區五常里學士路五順街,0,1,111,112,120,50,127,141,163,172,176,181,188,190,193,206,211,216,218,234,24.1539869950078,120.682320096697,2019-05-29 12:05:03,2017-10-23 10:40:00,2017-10-23
3153913,10610ABC91B3234,10610ABC91B3234,15,66000,TXG,246,2209,66000270010,2,,2017-10-23 07:18:00,10610230718,臺中市太平區光華里環太東路04826路燈前附近04826路燈前,0,2,111,112,120,50,137,149,163,172,176,181,188,192,196,201,211,216,218,229,24.1551793830469,120.72761007698,2019-05-29 12:05:03,2017-10-23 07:18:00,2017-10-23
3154662,10610AB891B3229,10610AB891B3229,15,66000,TXG,247,2264,66000280023,2,,2017-10-23 18:08:00,10610231808,臺中市大里區永隆里東興路239號,0,2,111,112,120,40,126,141,163,172,176,181,188,192,196,205,211,216,218,235,24.109441679466,120.673517814725,2019-05-29 12:05:03,2017-10-23 18:08:00,2017-10-23
3154859,10610AB793B3342,10610AB793B3342,15,66000,TXG,239,2561,66000170001,2,,2017-10-24 06:58:00,10610240658,臺中市潭子區潭陽里潭興路二段332巷30弄27號,0,1,111,112,120,50,134,149,163,172,176,181,182,192,196,206,210,216,218,229,24.2063276980851,120.712477782515,2019-05-29 12:05:03,2017-10-24 06:58:00,2017-10-24
3219046,10610AB993B3774,10610AB993B3774,15,66000,TXG,14,2142,66000230003,2,,2017-10-24 09:08:00,10610240908,臺中市烏日區三和里三和路環河路四段,0,2,111,112,120,60,126,141,163,172,176,181,188,190,193,206,211,216,218,234,24.1038474274676,120.608715026352,2019-05-29 12:05:03,2017-10-24 09:08:00,2017-10-24
3232328,10610AB291B3280,10610AB291B3280,15,66000,TXG,231,2351,66000050009,2,,2017-10-24 19:51:00,10610241951,臺中市北區錦洲里梅豐街76號,0,1,111,114,120,50,137,149,163,172,176,181,188,192,196,201,211,216,218,231,24.1567113505645,120.694661034756,2019-05-29 12:05:03,2017-10-24 19:51:00,2017-10-24
3219111,10610AB996B3323,10610AB996B3323,15,66000,TXG,288,2184,66000250016,2,,2017-10-24 10:40:00,10610241040,臺中市龍井區東海里遊園北路389-1號,0,1,111,112,120,50,126,141,163,172,176,181,188,192,196,206,211,216,218,234,24.1918596052824,120.589173450849,2019-05-29 12:05:03,2017-10-24 10:40:00,2017-10-24
3154829,10610AB794B3341,10610AB794B3341,15,66000,TXG,238,2047,66000160011,2,,2017-10-24 01:20:00,10610240120,臺中市神岡區神洲里神洲路317號,0,1,111,115,120,40,134,149,163,172,176,181,188,192,196,206,211,216,217,228,24.2726909772923,120.702380969132,2019-05-29 12:05:03,2017-10-24 01:20:00,2017-10-24
3232339,10610AB191B3276,10610AB191B3276,15,66000,TXG,230,2304,66000040008,2,,2017-10-24 20:12:00,10610242012,臺中市西區藍興里三民路自由路,0,1,111,114,120,50,128,141,163,172,176,181,188,189,193,206,211,216,218,234,24.1320409412745,120.668812637042,2019-05-29 12:05:03,2017-10-24 20:12:00,2017-10-24
3226056,10610ABA95B3330,10610ABA95B3330,15,66000,TXG,236,2525,66000130013,2,,2017-10-24 11:55:00,10610241155,臺中市沙鹿區晉江里北勢東路487號,0,1,111,112,120,50,137,147,163,172,176,181,188,192,196,205,211,215,218,234,24.2237413946557,120.576983886144,2019-05-29 12:05:03,2017-10-24 11:55:00,2017-10-24
3232215,10610AB795B3683,10610AB795B3683,15,66000,TXG,240,2084,66000180003,2,,2017-10-24 17:32:00,10610241732,臺中市大雅區六寶里中清路四段與光復路口附近與光復路口,0,1,111,113,120,70,127,142,163,172,176,181,188,190,193,197,208,215,217,235,24.2379659943062,120.633237994415,2019-05-29 12:05:03,2017-10-24 17:32:00,2017-10-24
3232331,10610AB391B3287,10610AB391B3287,15,66000,TXG,229,2295,66000030021,2,,2017-10-24 19:56:00,10610241956,臺中市南區工學里工學路工學市場前附近工學市場前,0,1,111,114,120,50,137,148,163,172,176,181,188,192,196,201,208,215,218,232,24.1168844139814,120.660238614211,2019-05-29 12:05:03,2017-10-24 19:56:00,2017-10-24
3226271,10610AB691B3295,10610AB691B3295,15,66000,TXG,232,2366,66000060014,2,,2017-10-24 17:11:00,10610241711,臺中市西屯區大鵬里文心路二段201號,0,1,111,114,120,50,127,141,163,172,176,181,188,189,193,206,211,216,218,235,24.1598277429284,120.647868882227,2019-05-29 12:05:03,2017-10-24 17:11:00,2017-10-24
3232242,10610AB691B3304,10610AB691B3304,15,66000,TXG,232,2367,66000060015,2,,2017-10-24 17:55:00,10610241755,臺中市西屯區港尾里黎明路中清路,0,2,111,114,120,50,126,141,163,172,176,181,188,189,193,206,211,216,218,233,24.1966710528477,120.657360989914,2019-05-29 12:05:03,2017-10-24 17:55:00,2017-10-24
3232285,10610AB691B3296,10610AB691B3296,15,66000,TXG,232,2005,66000060006,2,,2017-10-24 18:40:00,10610241840,臺中市西屯區上石里西屯路上石南八巷,0,1,111,114,120,50,126,141,163,172,176,181,188,192,196,201,211,216,218,234,24.1952271053365,120.586845956937,2019-05-29 12:05:03,2017-10-24 18:40:00,2017-10-24
3226255,10610AB996B3776,10610AB996B3776,15,66000,TXG,244,2168,66000240017,2,,2017-10-24 16:50:00,10610241650,臺中市大肚區自強里中沙路164巷46號,0,1,111,112,120,50,137,149,163,172,176,181,188,192,196,201,210,216,217,234,24.1764089372953,120.569757612895,2019-05-29 12:05:03,2017-10-24 16:50:00,2017-10-24
3232393,10610ABC91B3313,10610ABC91B3313,15,66000,TXG,246,2200,66000270001,2,,2017-10-24 22:23:00,10610242223,臺中市太平區太平里永成路2巷近永豐路口附近近永豐路口,0,1,111,114,120,40,126,141,163,172,176,181,188,192,196,206,211,216,218,235,24.1160324438776,120.709388422689,2019-05-29 12:05:03,2017-10-24 22:23:00,2017-10-24
3226182,10610AB993B3779,10610AB993B3779,15,66000,TXG,14,2151,66000230014,2,,2017-10-24 15:10:00,10610241510,臺中市烏日區北里里太明路6號,0,1,111,112,120,50,126,141,163,172,176,181,188,192,196,206,211,216,218,234,24.0593664004441,120.661148855455,2019-05-29 12:05:03,2017-10-24 15:10:00,2017-10-24
3232238,10610AB795B3679,10610AB795B3679,15,66000,TXG,240,2084,66000180003,2,,2017-10-24 17:53:00,10610241753,臺中市大雅區六寶里光復路15-2號(六寶國小)前附近(六寶國小)前,0,2,111,114,120,40,137,149,163,172,176,181,188,192,196,206,211,216,218,229,24.1453731023391,120.680101300755,2019-05-29 12:05:03,2017-10-24 17:53:00,2017-10-24
3154866,10610AB391B3282,10610AB391B3282,15,66000,TXG,229,2247,66000030004,2,,2017-10-24 07:10:00,10610240710,臺中市南區德義里仁義街與復新街88巷附近與復新街88巷,0,1,111,112,120,50,127,141,163,172,176,181,188,192,196,206,211,216,218,227,24.125651225291,120.676349786714,2019-05-29 12:05:03,2017-10-24 07:10:00,2017-10-24
3218914,10610ABB93B3334,10610ABB93B3334,15,66000,TXG,237,2036,66000150018,2,,2017-10-24 07:33:00,10610240733,臺中市后里區義德里中興街一段大山路,0,2,111,112,120,40,126,141,163,172,176,181,186,192,196,206,211,216,217,234,24.3050390832701,120.725285485828,2019-05-29 12:05:03,2017-10-24 07:33:00,2017-10-24
3219064,10610AB794B3346,10610AB794B3346,15,66000,TXG,238,2038,66000160002,2,,2017-10-24 09:27:00,10610240927,臺中市神岡區庄前里和睦路一段285號,0,1,111,112,120,50,126,141,163,172,176,181,188,191,193,206,211,216,218,235,24.2766742640332,120.659265028529,2019-05-29 12:05:03,2017-10-24 09:27:00,2017-10-24
3219045,10610AB793B3344,10610AB793B3344,15,66000,TXG,239,2567,66000170007,2,,2017-10-24 09:06:00,10610240906,臺中市潭子區東寶里雅豐街132巷15號,0,1,111,112,120,40,137,149,163,172,176,181,188,192,196,206,211,216,218,234,24.2198263366172,120.694522101065,2019-05-29 12:05:03,2017-10-24 09:06:00,2017-10-24
3218978,10610AB591B3293,10610AB591B3293,15,66000,TXG,233,2015,66000080016,2,,2017-10-24 08:12:00,10610240812,臺中市北屯區松竹里崇德路二段松竹路一段,0,2,111,112,120,40,127,141,163,172,176,181,188,190,193,206,211,216,218,235,24.181504624623,120.686192524148,2019-05-29 12:05:03,2017-10-24 08:12:00,2017-10-24
3232269,10610AB795B3680,10610AB795B3680,15,66000,TXG,240,2086,66000180005,2,,2017-10-24 18:22:00,10610241822,臺中市大雅區忠義里東大路二段975-3號,0,1,111,114,120,50,126,142,163,172,176,181,188,189,193,197,210,216,217,234,24.2319854646717,120.613599212977,2019-05-29 12:05:03,2017-10-24 18:22:00,2017-10-24
3154853,10610AB996B3320,10610AB996B3320,15,66000,TXG,288,2184,66000250016,2,,2017-10-24 06:40:00,10610240640,臺中市龍井區東海里都會南街龍井區03307路燈前附近龍井區03307路燈前,0,1,111,112,120,50,137,149,163,172,176,181,188,192,196,205,211,216,217,231,24.1872425454948,120.583443249946,2019-05-29 12:05:03,2017-10-24 06:40:00,2017-10-24
3219019,10610ABA93B3327,10610ABA93B3327,15,66000,TXG,311,2510,66000120030,2,,2017-10-24 08:40:00,10610240840,臺中市清水區楊厝里楊厝一街第04557號電桿附近第04557號電桿,0,1,111,112,120,40,127,141,163,172,176,181,188,192,196,201,211,216,218,233,24.2917226250865,120.610674498209,2019-05-29 12:05:03,2017-10-24 08:40:00,2017-10-24
3226080,10610AB995B3325,10610AB995B3325,15,66000,TXG,288,2178,66000250010,2,,2017-10-24 12:20:00,10610241220,臺中市龍井區山腳里沙田路六段沙田路六段291巷,0,1,111,112,120,70,126,141,163,172,176,181,188,192,196,206,211,216,218,234,24.2112443835836,120.550918300481,2019-05-29 12:05:03,2017-10-24 12:20:00,2017-10-24
3226282,10610AB691B3300,10610AB691B3300,15,66000,TXG,232,2308,66000060023,2,,2017-10-24 17:25:00,10610241725,臺中市西屯區何源里文心路三段312號,0,1,111,114,120,50,127,141,163,172,176,181,188,189,193,206,211,216,218,219,24.1701394682539,120.656941914864,2019-05-29 12:05:03,2017-10-24 17:25:00,2017-10-24
3219119,10610AB591B3294,10610AB591B3294,15,66000,TXG,233,2015,66000080016,2,,2017-10-24 11:10:00,10610241110,臺中市北屯區松竹里崇德路二段462號,0,1,111,112,120,50,127,141,163,172,176,181,188,189,193,206,211,216,218,234,24.1739454305117,120.685567757918,2019-05-29 12:05:03,2017-10-24 11:10:00,2017-10-24
3226095,10610AB891B3308,10610AB891B3308,15,66000,TXG,245,2185,66000260002,2,,2017-10-24 12:43:00,10610241243,臺中市霧峰區吉峰里自強路257號,0,2,111,112,120,40,135,149,163,172,176,181,188,192,196,206,211,216,218,229,24.202613111955,120.567185385402,2019-05-29 12:05:03,2017-10-24 12:43:00,2017-10-24
3226215,10610AB891B3312,10610AB891B3312,15,66000,TXG,247,2241,66000280005,2,,2017-10-24 16:00:00,10610241600,臺中市大里區祥興里國光路二段仁興街,0,1,111,112,120,50,137,147,163,172,176,181,188,192,196,197,210,215,218,234,24.1165902676991,120.679468079694,2019-05-29 12:05:03,2017-10-24 16:00:00,2017-10-24
3232387,10610ABA95B3332,10610ABA95B3332,15,66000,TXG,236,2521,66000130009,2,,2017-10-24 22:15:00,10610242215,臺中市沙鹿區竹林里臺灣大道路七段七賢路,0,1,111,114,120,40,128,141,163,172,176,181,188,189,193,206,211,216,218,236,0.0,0.0,2019-05-29 12:05:03,2017-10-24 22:15:00,2017-10-24
3226265,10610AB994B3322,10610AB994B3322,15,66000,TXG,244,2154,66000240002,2,,2017-10-24 17:05:00,10610241705,臺中市大肚區中和里興和路榮華街185巷(電桿61-100)附近(電桿61-100),0,1,111,112,120,50,137,149,163,172,176,181,188,192,196,206,211,216,218,244,24.1121858247737,120.578473072196,2019-05-29 12:05:03,2017-10-24 17:05:00,2017-10-24
3226071,10610AB191B3274,10610AB191B3274,15,66000,TXG,227,2054,66000010002,2,,2017-10-24 12:14:00,10610241214,臺中市中區大墩里三民路近公園路附近近公園路,0,1,111,112,120,50,137,147,163,172,176,181,188,189,193,201,208,215,218,235,24.2486969542581,120.575566609477,2019-05-29 12:05:03,2017-10-24 12:14:00,2017-10-24
3226285,10610AB691B3303,10610AB691B3303,15,66000,TXG,232,2372,66000060020,2,,2017-10-24 17:25:00,10610241725,臺中市西屯區協和里工業區一路工業區十六路,0,1,111,112,120,50,126,141,163,172,176,181,188,192,196,206,211,216,218,234,24.1805417686428,120.593631882305,2019-05-29 12:05:03,2017-10-24 17:25:00,2017-10-24
3219060,10610AB391B3284,10610AB391B3284,15,66000,TXG,228,2070,66000020010,2,,2017-10-24 09:23:00,10610240923,臺中市東區十甲里十甲路旱溪東路,0,1,111,112,120,50,128,141,163,172,176,181,188,190,193,206,211,216,218,234,24.1445679282628,120.701045013747,2019-05-29 12:05:03,2017-10-24 09:23:00,2017-10-24
3226173,10610AB391B3285,10610AB391B3285,15,66000,TXG,229,2292,66000030018,2,,2017-10-24 15:00:00,10610241500,臺中市南區平和里忠明南路美村南路,0,1,111,112,120,50,127,141,163,172,176,181,188,189,193,206,211,216,218,231,24.1186599975115,120.666827335604,2019-05-29 12:05:03,2017-10-24 15:00:00,2017-10-24
3232282,10610AB993B3778,10610AB993B3778,15,66000,TXG,14,2140,66000230001,2,,2017-10-24 18:40:00,10610241840,臺中市烏日區烏日里中山路二段259號,0,1,111,114,120,60,137,148,163,172,176,181,188,192,196,201,210,215,217,234,24.2103017698845,120.705305173367,2019-05-29 12:05:03,2017-10-24 18:40:00,2017-10-24
3218899,10610ABA95B3331,10610ABA95B3331,15,66000,TXG,236,2528,66000130016,2,,2017-10-24 07:26:00,10610240726,臺中市沙鹿區埔子里臺灣大道路六段近鎮南路一段口附近近鎮南路一段口,0,2,111,112,120,40,137,148,163,172,176,181,188,192,196,197,210,214,217,220,0.0,0.0,2019-05-29 12:05:03,2017-10-24 07:26:00,2017-10-24
3232280,10610AB291B3279,10610AB291B3279,15,66000,TXG,231,2361,66000050019,2,,2017-10-24 18:38:00,10610241838,臺中市北區中達里英才路近篤行路附近近篤行路,0,1,111,114,120,40,137,152,163,172,176,181,188,190,193,201,210,215,218,236,24.1555021244259,120.669336081093,2019-05-29 12:05:03,2017-10-24 18:38:00,2017-10-24
3232391,10610AB691B3297,10610AB691B3297,15,66000,TXG,232,2005,66000060006,2,,2017-10-24 22:21:00,10610242221,臺中市西屯區上石里河南路二段西屯路二段,0,1,111,114,120,50,127,141,163,172,176,181,188,190,193,206,211,216,218,231,24.1724363494397,120.645522081263,2019-05-29 12:05:03,2017-10-24 22:21:00,2017-10-24
3219072,10610ABB91B3338,10610ABB91B3338,15,66000,TXG,287,2138,66000220011,2,,2017-10-24 09:38:00,10610240938,臺中市大安區西安里大安港路653號,0,1,111,112,120,50,126,141,163,172,176,181,188,191,193,206,211,216,218,239,24.3626251085273,120.602804379279,2019-05-29 12:05:03,2017-10-24 09:38:00,2017-10-24
3226069,10610ABA93B3328,10610ABA93B3328,15,66000,TXG,311,188,66000120005,2,,2017-10-24 12:11:00,10610241211,臺中市清水區南寧里鎮南街49號,0,2,111,112,120,50,137,149,163,172,176,181,188,192,196,201,211,216,218,235,24.2677193747885,120.574258091166,2019-05-29 12:05:03,2017-10-24 12:11:00,2017-10-24
3154871,10610AB491B3289,10610AB491B3289,15,66000,TXG,13,2376,66000070008,2,,2017-10-24 07:15:00,10610240715,臺中市南屯區新生里環中路向上路,0,2,111,112,120,40,127,141,163,172,176,181,188,189,193,206,211,216,218,234,24.14517105872,120.622910414789,2019-05-29 12:05:03,2017-10-24 07:15:00,2017-10-24