識別碼,案件編號,交通事故主表,縣市識別碼,縣市代碼,所屬縣市簡碼,鄉縣市區識別碼,村里識別碼,里代碼,事故類(A1、A2...An),處理單位代碼,案件時間(西元),案件時間(民國),發生地點,死亡人數,受傷人數(含2~30日內死亡),天氣識別碼,光線識別碼,道路類別識別碼,速限,道路型態識別碼,事故位置識別碼,路面鋪裝識別碼,路面狀態識別碼,路面缺陷識別碼,障礙物視距識別碼,視距識別碼,號誌種類識別碼,號誌動作識別碼,車道劃分設施-分向設施識別碼,快車道或一般車道間識別碼,快慢車道間識別碼,路面邊線識別碼,事故類型及型態識別碼,緯度,經度,本平台資料更新時間(yyyy-MM-dd HH:mm:ss),資料代表時間(yyyy-MM-dd HH:mm:ss),資料代表日期(yyyy-MM-dd)
3296575,10610AB891B3399,10610AB891B3399,15,66000,TXG,247,2261,66000280020,2,,2017-10-25 15:40:00,10610251540,臺中市大里區西湖里西湖路219巷29號,0,1,111,112,120,40,137,149,163,172,176,181,188,192,196,206,211,216,218,236,24.0773018663005,120.690059832339,2019-05-29 12:05:03,2017-10-25 15:40:00,2017-10-25
3301226,10610AB691B3701,10610AB691B3701,15,66000,TXG,232,2309,66000060024,2,,2017-10-25 19:18:00,10610251918,臺中市西屯區西平里逢甲路147號,0,2,111,113,120,50,127,141,163,172,176,181,188,189,193,201,211,216,218,234,24.1752529398123,120.639972785388,2019-05-29 12:05:03,2017-10-25 19:18:00,2017-10-25
3296491,10610AB993B3783,10610AB993B3783,15,66000,TXG,14,2143,66000230004,2,,2017-10-25 13:38:00,10610251338,臺中市烏日區榮泉里中山路三段1311號,0,1,111,112,120,70,134,153,163,172,176,181,188,192,196,197,210,215,217,234,24.1116877917648,120.584256985965,2019-05-29 12:05:03,2017-10-25 13:38:00,2017-10-25
3301297,10610AB291B3360,10610AB291B3360,15,66000,TXG,231,2365,66000050023,2,,2017-10-25 21:50:00,10610252150,臺中市北區長青里天津路一段陝西東五街,0,2,111,112,120,50,127,141,163,172,176,181,188,192,196,206,211,216,218,234,24.1700534933004,120.671188217558,2019-05-29 12:05:03,2017-10-25 21:50:00,2017-10-25
3301216,10610AB591B3373,10610AB591B3373,15,66000,TXG,233,2022,66000080023,2,,2017-10-25 18:57:00,10610251857,臺中市北屯區水湳里中清路二段95號,0,1,111,114,120,50,137,147,163,172,176,181,188,192,196,197,210,215,218,231,24.1771707955303,120.666724166084,2019-05-29 12:05:03,2017-10-25 18:57:00,2017-10-25
3296514,10610AB391B3367,10610AB391B3367,15,66000,TXG,229,2286,66000030012,2,,2017-10-25 14:08:00,10610251408,臺中市南區樹義里文心南路近福田路附近近福田路,0,1,111,112,120,50,137,147,163,172,176,181,188,189,193,197,207,216,218,231,24.1100211175725,120.66061236752,2019-05-29 12:05:03,2017-10-25 14:08:00,2017-10-25
3232625,10610AB491B3368,10610AB491B3368,15,66000,TXG,13,2326,66000070002,2,,2017-10-25 09:14:00,10610250914,臺中市南屯區豐樂里黎明路文心南五路,0,1,111,112,120,40,126,141,163,172,176,181,188,192,196,201,210,215,218,229,24.1330742903137,120.635727608487,2019-05-29 12:05:03,2017-10-25 09:14:00,2017-10-25
3232572,10610AB891B3395,10610AB891B3395,15,66000,TXG,245,2193,66000260011,2,,2017-10-25 08:18:00,10610250818,臺中市霧峰區南柳里柳豐路新厝路27巷,0,2,111,112,120,40,127,141,163,172,176,181,188,192,196,206,211,216,217,233,24.0510805988389,120.684258435918,2019-05-29 12:05:03,2017-10-25 08:18:00,2017-10-25
3296665,10610AB691B3704,10610AB691B3704,15,66000,TXG,232,2317,66000060032,2,,2017-10-25 17:26:00,10610251726,臺中市西屯區何福里寧夏東六街21號,0,2,111,113,120,40,127,141,163,172,176,181,188,192,196,206,211,216,218,234,24.1677825208611,120.662442866695,2019-05-29 12:05:03,2017-10-25 17:26:00,2017-10-25
3296512,10610AB691B3698,10610AB691B3698,15,66000,TXG,232,2320,66000060035,2,,2017-10-25 14:05:00,10610251405,臺中市西屯區福恩里臺灣大道四段206燈桿附近206燈桿,0,3,111,112,120,40,137,148,163,172,176,181,188,192,196,197,210,212,218,231,24.1740454291069,120.632661466172,2019-05-29 12:05:03,2017-10-25 14:05:00,2017-10-25
3296407,10610AB691B3714,10610AB691B3714,15,66000,TXG,232,2367,66000060015,2,,2017-10-25 11:44:00,10610251144,臺中市西屯區港尾里經貿七路經貿路,0,1,111,112,120,50,126,141,163,172,176,181,188,189,193,206,211,216,218,234,24.1924507053347,120.657004856902,2019-05-29 12:05:03,2017-10-25 11:44:00,2017-10-25
3296457,10610ABC91B3403,10610ABC91B3403,15,66000,TXG,246,2207,66000270008,2,,2017-10-25 12:45:00,10610251245,臺中市太平區中山里中山路二段477巷2號,0,1,111,112,120,40,137,149,163,172,176,180,188,192,196,206,211,216,218,247,24.2056737418105,120.703487669324,2019-05-29 12:05:03,2017-10-25 12:45:00,2017-10-25
3232629,10610AB795B3430,10610AB795B3430,15,66000,TXG,240,2091,66000180011,2,,2017-10-25 09:19:00,10610250919,臺中市大雅區四德里中清路三段與中山路口附近與中山路口,0,1,111,112,120,60,127,141,163,172,176,181,188,189,193,197,210,215,217,234,24.2179235769716,120.648786282532,2019-05-29 12:05:03,2017-10-25 09:19:00,2017-10-25
3232600,10610AB891B3397,10610AB891B3397,15,66000,TXG,245,2186,66000260003,2,,2017-10-25 08:45:00,10610250845,臺中市霧峰區甲寅里錦州路99號,0,2,111,112,120,50,137,149,163,172,176,181,188,192,196,201,210,216,217,231,24.0795296594329,120.709395496397,2019-05-29 12:05:03,2017-10-25 08:45:00,2017-10-25
3296571,10610AB891B3400,10610AB891B3400,15,66000,TXG,247,2255,66000280014,2,,2017-10-25 15:32:00,10610251532,臺中市大里區仁化里仁化路仁祥街,0,2,111,112,120,50,126,141,163,172,176,181,188,192,196,206,211,216,218,234,24.0961718221951,120.702997299477,2019-05-29 12:05:03,2017-10-25 15:32:00,2017-10-25
3301258,10610AB691B3707,10610AB691B3707,15,66000,TXG,232,2006,66000060007,2,,2017-10-25 20:30:00,10610252030,臺中市西屯區逢甲里河南路二段301巷76號,0,4,111,114,120,50,126,141,163,172,176,181,188,192,196,206,211,216,218,234,24.1746791761612,120.6601012415,2019-05-29 12:05:03,2017-10-25 20:30:00,2017-10-25
3232470,10610AB491B3370,10610AB491B3370,15,66000,TXG,13,2376,66000070008,2,,2017-10-25 07:10:00,10610250710,臺中市南屯區新生里環中路三段1330-1號,0,1,111,112,120,40,137,148,163,172,176,181,188,192,196,197,210,212,218,236,24.1510630993376,120.623310453675,2019-05-29 12:05:03,2017-10-25 07:10:00,2017-10-25
3232576,10610AB691B3709,10610AB691B3709,15,66000,TXG,232,2320,66000060035,2,,2017-10-25 08:22:00,10610250822,臺中市西屯區福恩里臺灣大道與福林路附近與福林路,0,1,111,112,120,40,128,141,163,172,176,181,188,189,193,197,210,215,218,231,24.1838536438282,120.614071434375,2019-05-29 12:05:03,2017-10-25 08:22:00,2017-10-25
3296423,10610AB391B3366,10610AB391B3366,15,66000,TXG,228,2075,66000020015,2,,2017-10-25 12:05:00,10610251205,臺中市東區富仁里十甲路進化路,0,1,111,112,120,50,126,141,163,172,176,181,188,189,193,206,211,216,218,234,24.1446774107815,120.694359509916,2019-05-29 12:05:03,2017-10-25 12:05:00,2017-10-25
3301191,10610AB691B3690,10610AB691B3690,15,66000,TXG,232,2004,66000060005,2,,2017-10-25 18:21:00,10610251821,臺中市西屯區惠來里上石路與弘孝路附近與弘孝路,0,1,111,114,120,50,127,141,163,172,176,181,188,189,193,206,211,216,218,230,24.1665530861411,120.64405987513,2019-05-29 12:05:03,2017-10-25 18:21:00,2017-10-25
3232685,10610AB995B3415,10610AB995B3415,15,66000,TXG,288,2178,66000250010,2,,2017-10-25 10:51:00,10610251051,臺中市龍井區山腳里向上路八段橋面道路與向上路八段(口)附近橋面道路與向上路八段(口),0,1,111,112,120,60,127,141,163,172,176,181,188,189,193,206,211,216,218,235,24.219283029812,120.538735868724,2019-05-29 12:05:03,2017-10-25 10:51:00,2017-10-25
3232654,10610AB391B3365,10610AB391B3365,15,66000,TXG,229,2289,66000030015,2,,2017-10-25 10:10:00,10610251010,臺中市南區長春里復興路三段國光路,0,2,111,112,120,50,127,141,163,172,176,181,188,189,193,206,211,216,218,234,24.131762767709,120.676654656872,2019-05-29 12:05:03,2017-10-25 10:10:00,2017-10-25
3296503,10610AB691B3382,10610AB691B3382,15,66000,TXG,232,2004,66000060005,2,,2017-10-25 13:55:00,10610251355,臺中市西屯區惠來里惠中路G5447CD0065電桿附近G5447CD0065電桿,0,1,111,112,120,50,137,147,163,172,176,181,188,192,196,203,211,215,218,234,24.1678358389367,120.648281827046,2019-05-29 12:05:03,2017-10-25 13:55:00,2017-10-25
3301315,10610ABB91B3424,10610ABB91B3424,15,66000,TXG,286,2503,66000110024,2,,2017-10-25 23:00:00,10610252300,臺中市大甲區日南里青一路1巷1號,0,1,111,114,120,50,126,141,163,172,176,181,188,192,196,206,211,216,218,236,24.4047341586609,120.642355791451,2019-05-29 12:05:03,2017-10-25 23:00:00,2017-10-25
3232530,10610AB691B3700,10610AB691B3700,15,66000,TXG,232,2372,66000060020,2,,2017-10-25 07:50:00,10610250750,臺中市西屯區協和里工業區一路工業區八路,0,3,111,112,120,50,127,141,163,172,176,181,188,189,193,201,211,216,218,230,24.1732900942836,120.604410934976,2019-05-29 12:05:03,2017-10-25 07:50:00,2017-10-25
3232573,10610AB691B3386,10610AB691B3386,15,66000,TXG,232,2308,66000060023,2,,2017-10-25 08:19:00,10610250819,臺中市西屯區何源里漢成七街4號,0,1,111,112,120,40,126,141,163,172,176,181,188,192,196,206,211,216,218,234,24.1722028151408,120.665496502619,2019-05-29 12:05:03,2017-10-25 08:19:00,2017-10-25
3232677,10610AB491B3369,10610AB491B3369,15,66000,TXG,13,2377,66000070009,2,,2017-10-25 10:46:00,10610251046,臺中市南屯區永定里南屯路二段益昌二街,0,1,111,112,120,50,127,141,163,172,176,181,188,192,196,206,211,216,218,234,24.1413444290688,120.635622145951,2019-05-29 12:05:03,2017-10-25 10:46:00,2017-10-25
3232450,10610AB996B3407,10610AB996B3407,15,66000,TXG,288,2181,66000250013,2,,2017-10-25 06:40:00,10610250640,臺中市龍井區新庄里臺灣大道六段75號,0,2,111,112,120,40,137,148,163,172,176,181,188,192,196,197,210,212,217,235,24.1920610437064,120.579688335709,2019-05-29 12:05:03,2017-10-25 06:40:00,2017-10-25
3296432,10610AB691B3702,10610AB691B3702,15,66000,TXG,232,2316,66000060031,2,,2017-10-25 12:15:00,10610251215,臺中市西屯區何成里大隆路192號,0,2,111,112,120,50,137,148,163,172,176,181,188,192,196,201,211,215,218,235,24.1587393614916,120.648482136626,2019-05-29 12:05:03,2017-10-25 12:15:00,2017-10-25
3232653,10610AB191B3352,10610AB191B3352,15,66000,TXG,230,0,66000040000,2,,2017-10-25 10:10:00,10610251010,臺中市西區中山路繼光街,0,1,111,112,120,50,127,141,163,172,176,181,188,192,196,206,211,216,218,233,24.1386315376628,120.682266272397,2019-05-29 12:05:03,2017-10-25 10:10:00,2017-10-25
3296650,10610AB691B3710,10610AB691B3710,15,66000,TXG,232,2373,66000060021,2,,2017-10-25 17:14:00,10610251714,臺中市西屯區何仁里文心路三段107-18號,0,1,111,113,120,30,137,149,163,172,176,181,188,192,196,197,210,216,218,231,24.1701391977981,120.656938088041,2019-05-29 12:05:03,2017-10-25 17:14:00,2017-10-25
3232581,10610AB691B3703,10610AB691B3703,15,66000,TXG,232,2004,66000060005,2,,2017-10-25 08:25:00,10610250825,臺中市西屯區惠來里惠來路二段1號,0,1,111,112,120,50,137,149,163,172,176,181,188,192,196,201,210,216,218,221,24.1597248370635,120.639576725202,2019-05-29 12:05:03,2017-10-25 08:25:00,2017-10-25
3301327,10610AB691B3696,10610AB691B3696,15,66000,TXG,232,2312,66000060027,2,,2017-10-25 23:54:00,10610252354,臺中市西屯區上安里黎明路上安路,0,1,111,114,120,50,127,141,163,172,176,181,188,189,193,206,211,216,218,235,24.1732292995671,120.637311256863,2019-05-29 12:05:03,2017-10-25 23:54:00,2017-10-25
3301165,10610ABC91B3405,10610ABC91B3405,15,66000,TXG,246,2229,66000270032,2,,2017-10-25 18:00:00,10610251800,臺中市太平區宜昌里祥順路一段近坪林橋附近近坪林橋,0,2,111,114,120,50,137,149,163,172,176,181,188,192,196,197,210,216,217,235,24.1391244488813,120.720031189085,2019-05-29 12:05:03,2017-10-25 18:00:00,2017-10-25
3301214,10610ABD91B3427,10610ABD91B3427,15,66000,TXG,235,2455,66000100001,2,,2017-10-25 18:55:00,10610251855,臺中市東勢區北興里三民街勢林街,0,1,110,114,120,50,127,141,163,172,176,181,188,189,193,201,211,215,218,234,24.2602189788796,120.828012495435,2019-05-29 12:05:03,2017-10-25 18:55:00,2017-10-25
3301311,10610AB191B3356,10610AB191B3356,15,66000,TXG,227,2054,66000010002,2,,2017-10-25 22:54:00,10610252254,臺中市中區大墩里公園路大誠街,0,2,111,112,120,50,127,141,163,172,176,181,188,189,193,206,211,216,218,234,24.1462273470766,120.679873051667,2019-05-29 12:05:03,2017-10-25 22:54:00,2017-10-25
3296563,10610AB691B3384,10610AB691B3384,15,66000,TXG,232,2002,66000060003,2,,2017-10-25 15:22:00,10610251522,臺中市西屯區潮洋里環河路龍洋橋附近龍洋橋,0,1,111,112,120,50,126,141,163,172,176,181,188,192,196,206,211,216,218,234,24.1629877303847,120.62984640554,2019-05-29 12:05:03,2017-10-25 15:22:00,2017-10-25
3232665,10610AB691B3715,10610AB691B3715,15,66000,TXG,232,2004,66000060005,2,,2017-10-25 10:29:00,10610251029,臺中市西屯區惠來里市政北一路1號,0,1,111,112,120,30,137,149,163,172,176,181,188,192,196,197,210,216,218,236,24.1570525966573,120.646396995981,2019-05-29 12:05:03,2017-10-25 10:29:00,2017-10-25
3232514,10610AB691B3699,10610AB691B3699,15,66000,TXG,232,2372,66000060020,2,,2017-10-25 07:42:00,10610250742,臺中市西屯區協和里安和路燈桿01764附近燈桿01764,0,1,111,112,120,40,137,148,163,172,176,181,188,192,196,201,208,215,218,231,24.1802966471445,120.624930015389,2019-05-29 12:05:03,2017-10-25 07:42:00,2017-10-25
3296649,10610AB993B3784,10610AB993B3784,15,66000,TXG,14,2277,66000230005,2,,2017-10-25 17:10:00,10610251710,臺中市烏日區學田里成功西路第九公墓附近附近第九公墓附近,0,1,111,113,120,40,137,149,163,172,176,181,186,192,196,206,211,216,217,229,24.1325842969428,120.590723303327,2019-05-29 12:05:03,2017-10-25 17:10:00,2017-10-25
3301179,10610AB793B3432,10610AB793B3432,15,66000,TXG,239,2567,66000170007,2,,2017-10-25 18:14:00,10610251814,臺中市潭子區東寶里大富路一段6-3號,0,2,111,114,120,50,126,142,163,172,176,181,188,191,193,206,211,216,218,233,24.2042939627901,120.680484296322,2019-05-29 12:05:03,2017-10-25 18:14:00,2017-10-25
3296618,10610AB795B3435,10610AB795B3435,15,66000,TXG,240,2082,66000180001,2,,2017-10-25 16:38:00,10610251638,臺中市大雅區大雅里民生路一段民生路一段13巷,0,2,111,112,120,50,126,141,163,172,176,181,188,192,196,201,210,216,217,234,24.2269305303698,120.649298308292,2019-05-29 12:05:03,2017-10-25 16:38:00,2017-10-25
3232466,10610A2IR1B0002,10610A2IR1B0002,15,66000,TXG,312,0,66000140000,2,,2017-10-25 07:03:00,10610250703,臺中市梧棲區南橫八路附近,0,1,111,112,120,10,126,142,163,172,176,181,188,192,196,206,210,215,217,230,24.2302418106962,120.513456291518,2019-05-29 12:05:03,2017-10-25 07:03:00,2017-10-25
3301185,10610AB793B3433,10610AB793B3433,15,66000,TXG,239,2564,66000170004,2,,2017-10-25 18:18:00,10610251818,臺中市潭子區福仁里環中東路一段5號,0,1,111,114,120,50,127,141,163,172,176,181,188,190,193,206,211,216,218,234,24.2010972976636,120.703841047021,2019-05-29 12:05:03,2017-10-25 18:18:00,2017-10-25
3232568,10610ABC91B3402,10610ABC91B3402,15,66000,TXG,246,2203,66000270004,2,,2017-10-25 08:16:00,10610250816,臺中市太平區中興里中興路98號,0,1,111,112,120,50,137,149,163,172,176,181,188,192,196,201,210,216,217,234,24.1908251019132,120.702902417734,2019-05-29 12:05:03,2017-10-25 08:16:00,2017-10-25
3232510,10610AB491B3371,10610AB491B3371,15,66000,TXG,13,2393,66000070025,2,,2017-10-25 07:40:00,10610250740,臺中市南屯區三義里黎明路干城街〈南〉附近干城街〈南〉,0,2,111,112,120,50,127,141,163,172,176,181,188,189,193,206,211,216,218,233,24.152572285456,120.635023534495,2019-05-29 12:05:03,2017-10-25 07:40:00,2017-10-25
3301262,10610AB591B3377,10610AB591B3377,15,66000,TXG,233,2403,66000080011,2,,2017-10-25 20:36:00,10610252036,臺中市北屯區東山里東山路二段25G6650DE02電燈桿前附近25G6650DE02電燈桿前,0,1,111,114,120,50,134,149,163,172,176,181,182,192,196,197,211,215,217,236,24.1987380085511,120.765775630121,2019-05-29 12:05:03,2017-10-25 20:36:00,2017-10-25
3301283,10610AB291B3359,10610AB291B3359,15,66000,TXG,231,1995,66000050032,2,,2017-10-25 21:22:00,10610252122,臺中市北區賴旺里青島西街青島一街,0,2,111,114,120,50,126,141,163,172,176,181,188,192,196,206,211,216,218,234,24.1727726691102,120.67295611577,2019-05-29 12:05:03,2017-10-25 21:22:00,2017-10-25
3301237,10610AB994B3413,10610AB994B3413,15,66000,TXG,244,2159,66000240008,2,,2017-10-25 19:35:00,10610251935,臺中市大肚區大肚里文昌路一段華昌街,0,2,111,114,120,50,126,141,163,172,176,181,188,191,193,206,211,216,218,234,24.1508051213411,120.543986283003,2019-05-29 12:05:03,2017-10-25 19:35:00,2017-10-25
3301270,10610AB691B3389,10610AB691B3389,15,66000,TXG,232,2371,66000060019,2,,2017-10-25 21:01:00,10610252101,臺中市西屯區福安里臺灣大道四段00507號燈桿前附近00507號燈桿前,0,1,111,114,120,50,126,141,163,172,176,181,188,192,196,201,211,216,218,234,24.1740389301691,120.632660927183,2019-05-29 12:05:03,2017-10-25 21:01:00,2017-10-25
3301282,10610AB691B3693,10610AB691B3693,15,66000,TXG,232,2317,66000060032,2,,2017-10-25 21:21:00,10610252121,臺中市西屯區何福里華美西街漢口路,0,1,111,114,120,50,131,149,163,172,176,181,188,189,193,201,210,216,218,231,0.0,0.0,2019-05-29 12:05:03,2017-10-25 21:21:00,2017-10-25
3232505,10610AB995B3408,10610AB995B3408,15,66000,TXG,288,2170,66000250002,2,,2017-10-25 07:40:00,10610250740,臺中市龍井區龍東里文昌路420號,0,1,111,112,120,50,137,149,163,172,176,181,188,192,196,201,210,216,217,227,24.177851622623,120.530397145091,2019-05-29 12:05:03,2017-10-25 07:40:00,2017-10-25
3296429,10610AB691B3380,10610AB691B3380,15,66000,TXG,232,2007,66000060008,2,,2017-10-25 12:11:00,10610251211,臺中市西屯區鵬程里河南路二段151號附近151號,0,2,111,112,120,50,127,144,163,172,176,181,188,189,193,201,208,215,218,231,24.1744944329079,120.660017017383,2019-05-29 12:05:03,2017-10-25 12:11:00,2017-10-25
3232473,10610AB993B3781,10610AB993B3781,15,66000,TXG,14,2141,66000230002,2,,2017-10-25 07:16:00,10610250716,臺中市烏日區湖日里新興路路燈16141附近路燈16141,0,1,111,112,120,60,137,148,163,172,176,181,188,192,196,197,210,215,217,236,24.1043828253184,120.62400267789,2019-05-29 12:05:03,2017-10-25 07:16:00,2017-10-25
3232430,10610ABA95B3417,10610ABA95B3417,15,66000,TXG,236,2525,66000130013,2,,2017-10-25 05:11:00,10610250511,臺中市沙鹿區晉江里臺灣大道路七段英才路附近英才路,0,2,111,112,120,50,126,143,163,172,176,181,188,190,193,206,211,216,218,233,0.0,0.0,2019-05-29 12:05:03,2017-10-25 05:11:00,2017-10-25
3232436,10610AB691B3697,10610AB691B3697,15,66000,TXG,232,2004,66000060005,2,,2017-10-25 05:53:00,10610250553,臺中市西屯區惠來里文中路HL38路燈附近HL38路燈,0,1,111,113,120,50,137,148,163,172,176,181,188,192,196,205,211,215,218,229,24.1642955910302,120.649497544395,2019-05-29 12:05:03,2017-10-25 05:53:00,2017-10-25
3232649,10610AB691B3387,10610AB691B3387,15,66000,TXG,232,2367,66000060015,2,,2017-10-25 09:59:00,10610250959,臺中市西屯區港尾里中清路三段380號,0,1,111,112,120,40,137,148,163,172,176,181,188,192,196,197,210,215,218,230,24.2027398881416,120.653773009478,2019-05-29 12:05:03,2017-10-25 09:59:00,2017-10-25
3301247,10610ABD91B3428,10610ABD91B3428,15,66000,TXG,235,2462,66000100008,2,,2017-10-25 19:59:00,10610251959,臺中市東勢區泰昌里東坑路59號,0,1,110,114,120,50,126,141,163,172,176,181,188,191,193,201,211,216,217,235,24.2393646342786,120.849935714677,2019-05-29 12:05:03,2017-10-25 19:59:00,2017-10-25
3232520,10610AB691B3378,10610AB691B3378,15,66000,TXG,232,2367,66000060015,2,,2017-10-25 07:45:00,10610250745,臺中市西屯區港尾里環中路一段2490號附近2490號,0,1,111,112,120,50,137,149,163,172,176,181,188,192,196,197,208,216,218,234,24.2012717869481,120.662795917385,2019-05-29 12:05:03,2017-10-25 07:45:00,2017-10-25
3232619,10610AB391B3362,10610AB391B3362,15,66000,TXG,229,2279,66000030005,2,,2017-10-25 09:07:00,10610250907,臺中市南區積善里興大路永和街,0,2,111,112,120,50,126,141,163,172,176,181,188,192,196,206,211,216,218,234,24.1241423054671,120.677036082476,2019-05-29 12:05:03,2017-10-25 09:07:00,2017-10-25
3301244,10610AB291B3358,10610AB291B3358,15,66000,TXG,231,1992,66000050029,2,,2017-10-25 19:57:00,10610251957,臺中市北區錦平里中華路二段太平北街,0,2,111,114,120,50,126,141,163,172,176,181,188,192,196,206,211,216,218,247,24.2084257743111,120.539665301563,2019-05-29 12:05:03,2017-10-25 19:57:00,2017-10-25
3296657,10610AB691B3694,10610AB691B3694,15,66000,TXG,232,2004,66000060005,2,,2017-10-25 17:16:00,10610251716,臺中市西屯區惠來里臺灣大道三段8號,0,2,111,114,120,50,127,142,163,172,176,181,188,189,193,197,208,216,218,231,24.1706602890961,120.638344450194,2019-05-29 12:05:03,2017-10-25 17:16:00,2017-10-25
3301149,10610AB691B3691,10610AB691B3691,15,66000,TXG,232,2370,66000060018,2,,2017-10-25 17:47:00,10610251747,臺中市西屯區永安里西屯路三段166之31號,0,1,111,114,120,50,137,147,163,172,176,181,188,192,196,201,210,215,218,230,24.1887597966094,120.616959689359,2019-05-29 12:05:03,2017-10-25 17:47:00,2017-10-25
3232423,10610AB191B3357,10610AB191B3357,15,66000,TXG,227,2059,66000010007,2,,2017-10-25 00:55:00,10610250055,臺中市中區大誠里民族路與柳川西路三段口附近與柳川西路三段口,0,3,111,114,120,50,127,141,163,172,176,181,188,191,193,206,211,216,218,234,24.1422786726258,120.676503864945,2019-05-29 12:05:03,2017-10-25 00:55:00,2017-10-25
3232670,10610AB891B3396,10610AB891B3396,15,66000,TXG,247,2265,66000280024,2,,2017-10-25 10:40:00,10610251040,臺中市大里區長榮里中興路二段251-1號,0,1,111,112,120,50,127,141,163,172,176,181,188,192,196,206,211,216,218,234,24.1088399668783,120.68986293054,2019-05-29 12:05:03,2017-10-25 10:40:00,2017-10-25
3296448,10610AB691B3381,10610AB691B3381,15,66000,TXG,232,2323,66000060038,2,,2017-10-25 12:33:00,10610251233,臺中市西屯區福林里西屯路三段宏福二巷附近宏福二巷,0,1,111,112,120,50,126,141,163,172,176,181,188,192,196,201,210,215,218,234,0.0,0.0,2019-05-29 12:05:03,2017-10-25 12:33:00,2017-10-25
3296534,10610ABD91B3425,10610ABD91B3425,15,66000,TXG,235,2456,66000100002,2,,2017-10-25 14:43:00,10610251443,臺中市東勢區中寧里豐勢路490號,0,3,111,112,120,50,137,149,163,172,176,181,188,192,196,201,211,216,217,234,24.2612680133115,120.822303375362,2019-05-29 12:05:03,2017-10-25 14:43:00,2017-10-25
3301141,10610AB993B3785,10610AB993B3785,15,66000,TXG,14,2142,66000230003,2,,2017-10-25 17:38:00,10610251738,臺中市烏日區三和里中山路三段146號,0,1,111,113,120,70,137,148,163,172,176,181,188,192,196,197,211,215,217,231,24.1151020366748,120.595659189515,2019-05-29 12:05:03,2017-10-25 17:38:00,2017-10-25
3301136,10610AB794B3434,10610AB794B3434,15,66000,TXG,238,2041,66000160005,2,,2017-10-25 17:35:00,10610251735,臺中市神岡區社口里中山路380號,0,1,111,112,120,50,127,141,163,172,176,181,188,189,193,197,210,216,217,234,24.3328476237415,120.655802397148,2019-05-29 12:05:03,2017-10-25 17:35:00,2017-10-25
3296604,10610AB794B3431,10610AB794B3431,15,66000,TXG,238,2043,66000160007,2,,2017-10-25 16:16:00,10610251616,臺中市神岡區三角里大富路106號,0,1,111,112,120,40,126,142,163,172,176,181,188,192,196,206,211,216,217,234,24.2455830970057,120.694107382446,2019-05-29 12:05:03,2017-10-25 16:16:00,2017-10-25
3232632,10610AB891B3393,10610AB891B3393,15,66000,TXG,247,2256,66000280015,2,,2017-10-25 09:24:00,10610250924,臺中市大里區健民里仁化路158號前附近158號前,0,1,111,112,120,50,137,148,163,172,176,181,188,192,196,201,211,215,217,235,24.0923520188898,120.712108538152,2019-05-29 12:05:03,2017-10-25 09:24:00,2017-10-25
3232443,10610AB591B3374,10610AB591B3374,15,66000,TXG,233,2401,66000080009,2,,2017-10-25 06:25:00,10610250625,臺中市北屯區軍功里東山路一段東山路218巷,0,2,111,112,120,50,127,141,163,172,176,181,188,191,193,206,211,216,218,234,24.1783666013098,120.738124741063,2019-05-29 12:05:03,2017-10-25 06:25:00,2017-10-25
3301213,10610AB691B3706,10610AB691B3706,15,66000,TXG,232,2368,66000060016,2,,2017-10-25 18:51:00,10610251851,臺中市西屯區廣福里黎明路三段廣福路,0,2,111,113,120,50,127,141,163,172,176,181,188,190,193,206,211,216,218,234,24.1923691459244,120.645495064493,2019-05-29 12:05:03,2017-10-25 18:51:00,2017-10-25
3232495,10610ABB91B3421,10610ABB91B3421,15,66000,TXG,286,2487,66000110008,2,,2017-10-25 07:30:00,10610250730,臺中市大甲區岷山里中山路一段916號,0,1,111,112,120,50,137,162,163,172,176,181,188,192,196,206,211,216,218,234,24.3506143061287,120.627451019537,2019-05-29 12:05:03,2017-10-25 07:30:00,2017-10-25
3301160,10610ABC91B3406,10610ABC91B3406,15,66000,TXG,246,2224,66000270027,2,,2017-10-25 17:53:00,10610251753,臺中市太平區新興里旱溪西路二段路燈編號30231附近路燈編號30231,0,1,111,114,120,50,137,147,163,172,176,181,188,192,196,201,211,215,218,247,24.1544484431194,120.702431525183,2019-05-29 12:05:03,2017-10-25 17:53:00,2017-10-25
3301291,10610AB691B3695,10610AB691B3695,15,66000,TXG,232,2367,66000060015,2,,2017-10-25 21:42:00,10610252142,臺中市西屯區港尾里環中路一段台中果菜運銷公司前附近台中果菜運銷公司前,0,1,111,114,120,50,137,147,163,172,176,181,188,192,196,198,210,216,218,235,24.2012601765701,120.662795468227,2019-05-29 12:05:03,2017-10-25 21:42:00,2017-10-25
3232634,10610AB691B3392,10610AB691B3392,15,66000,TXG,232,2322,66000060037,2,,2017-10-25 09:27:00,10610250927,臺中市西屯區福瑞里福瑞街福瑞街75巷,0,3,111,112,120,50,127,142,163,172,176,181,188,192,196,201,211,216,218,235,24.1883375585148,120.606265111999,2019-05-29 12:05:03,2017-10-25 09:27:00,2017-10-25