識別碼,案件編號,交通事故主表,縣市識別碼,縣市代碼,所屬縣市簡碼,鄉縣市區識別碼,村里識別碼,里代碼,事故類(A1、A2...An),處理單位代碼,案件時間(西元),案件時間(民國),發生地點,死亡人數,受傷人數(含2~30日內死亡),天氣識別碼,光線識別碼,道路類別識別碼,速限,道路型態識別碼,事故位置識別碼,路面鋪裝識別碼,路面狀態識別碼,路面缺陷識別碼,障礙物視距識別碼,視距識別碼,號誌種類識別碼,號誌動作識別碼,車道劃分設施-分向設施識別碼,快車道或一般車道間識別碼,快慢車道間識別碼,路面邊線識別碼,事故類型及型態識別碼,緯度,經度,本平台資料更新時間(yyyy-MM-dd HH:mm:ss),資料代表時間(yyyy-MM-dd HH:mm:ss),資料代表日期(yyyy-MM-dd)
3367827,10610AB491B3455,10610AB491B3455,15,66000,TXG,13,2325,66000070001,2,,2017-10-26 18:45:00,10610261845,臺中市南屯區南屯里南屯路二段410號,0,2,110,114,120,50,137,147,163,172,176,181,188,192,196,205,210,216,218,234,24.1378980736921,120.645740299296,2019-05-29 12:05:03,2017-10-26 18:45:00,2017-10-26
3301648,10610AB491B3460,10610AB491B3460,15,66000,TXG,13,2389,66000070021,2,,2017-10-26 12:35:00,10610261235,臺中市南屯區大業里大英街457號,0,1,111,112,120,50,137,149,163,172,176,181,188,192,196,201,210,215,218,234,24.1525198452015,120.648688213339,2019-05-29 12:05:03,2017-10-26 12:35:00,2017-10-26
3367811,10610AB391B3452,10610AB391B3452,15,66000,TXG,229,2291,66000030017,2,,2017-10-26 18:24:00,10610261824,臺中市南區福順里建國南路柳川東路,0,2,111,113,120,40,127,141,163,172,176,181,188,189,193,206,211,216,218,234,0.0,0.0,2019-05-29 12:05:03,2017-10-26 18:24:00,2017-10-26
3301470,10610AB691B3474,10610AB691B3474,15,66000,TXG,232,2322,66000060037,2,,2017-10-26 08:20:00,10610260820,臺中市西屯區福瑞里西屯路二段近東大路附近近東大路,0,1,111,112,120,50,137,147,163,172,176,181,188,192,196,197,208,216,218,234,24.1769140798902,120.643100824002,2019-05-29 12:05:03,2017-10-26 08:20:00,2017-10-26
3301611,10610AB391B3448,10610AB391B3448,15,66000,TXG,228,2066,66000020006,2,,2017-10-26 11:42:00,10610261142,臺中市東區泉源里復興東路樂業路,0,2,111,112,120,50,126,141,163,172,176,181,188,189,193,206,211,216,218,234,24.1387185974441,120.690814736532,2019-05-29 12:05:03,2017-10-26 11:42:00,2017-10-26
3367908,10610AB691B3472,10610AB691B3472,15,66000,TXG,232,2308,66000060023,2,,2017-10-26 21:40:00,10610262140,臺中市西屯區何源里文心路三段358號,0,2,111,114,120,30,137,149,163,172,176,181,188,192,196,205,210,216,218,231,24.171798335325,120.661997394149,2019-05-29 12:05:03,2017-10-26 21:40:00,2017-10-26
3301775,10610ABD91B3514,10610ABD91B3514,15,66000,TXG,235,2462,66000100008,2,,2017-10-26 16:00:00,10610261600,臺中市東勢區泰昌里東崎路五段300號,0,3,111,112,120,50,127,141,163,172,176,181,188,189,193,201,211,216,217,234,24.2511060726791,120.83429174122,2019-05-29 12:05:03,2017-10-26 16:00:00,2017-10-26
3301665,10610AB591B3463,10610AB591B3463,15,66000,TXG,233,2409,66000080037,2,,2017-10-26 13:09:00,10610261309,臺中市北屯區松和里昌平路二段4巷34號,0,1,111,112,120,50,137,149,163,172,176,181,188,192,196,205,211,216,218,235,24.1891592362839,120.683713133133,2019-05-29 12:05:03,2017-10-26 13:09:00,2017-10-26
3301820,10610AB491B3458,10610AB491B3458,15,66000,TXG,13,2432,66000070005,2,,2017-10-26 17:05:00,10610261705,臺中市南屯區春社里永春南路106號叉路嶺東中學大門附近叉路嶺東中學大門,0,2,111,112,120,50,126,141,163,172,176,181,188,192,196,206,211,216,218,234,24.1384819422181,120.610263701262,2019-05-29 12:05:03,2017-10-26 17:05:00,2017-10-26
3301334,10610AB691B3473,10610AB691B3473,15,66000,TXG,232,2000,66000060001,2,,2017-10-26 00:20:00,10610260020,臺中市西屯區西安里西屯路至善路,0,1,111,114,120,40,127,141,163,172,176,181,188,190,193,206,211,216,218,235,24.1770083039205,120.64299080105,2019-05-29 12:05:03,2017-10-26 00:20:00,2017-10-26
3301368,10610AB795B3518,10610AB795B3518,15,66000,TXG,240,2084,66000180003,2,,2017-10-26 07:10:00,10610260710,臺中市大雅區六寶里中清路四段月祥路,0,1,111,112,120,60,127,141,163,172,176,181,188,189,193,197,210,215,217,235,24.2411887088565,120.630061329915,2019-05-29 12:05:03,2017-10-26 07:10:00,2017-10-26
3301626,10610AB996B3496,10610AB996B3496,15,66000,TXG,288,2181,66000250013,2,,2017-10-26 12:02:00,10610261202,臺中市龍井區新庄里向上路六段與新庄街2段口附近與新庄街2段口,0,2,111,112,120,30,127,141,163,172,176,181,188,189,195,206,211,216,218,234,24.1770237461063,120.576933986859,2019-05-29 12:05:03,2017-10-26 12:02:00,2017-10-26
3301433,10610AB993B3717,10610AB993B3717,15,66000,TXG,14,2151,66000230014,2,,2017-10-26 07:56:00,10610260756,臺中市烏日區北里里太明路356號,0,2,111,112,120,50,127,149,163,172,176,181,188,192,196,206,211,216,218,234,24.0577271185159,120.657502023487,2019-05-29 12:05:03,2017-10-26 07:56:00,2017-10-26
3301497,10610ABC91B3488,10610ABC91B3488,15,66000,TXG,246,2217,66000270020,2,,2017-10-26 08:45:00,10610260845,臺中市太平區永成里長億六街96號附近附近附近,0,2,111,112,120,40,137,147,163,172,176,181,188,192,196,201,210,215,218,234,24.1184298357094,120.716572791066,2019-05-29 12:05:03,2017-10-26 08:45:00,2017-10-26
3301375,10610A2AZJB0087,10610A2AZJB0087,15,66000,TXG,239,0,66000170000,2,,2017-10-26 07:18:00,10610260718,臺中市潭子區南一路復興路口附近,0,1,111,112,122,25,127,141,163,172,176,181,188,192,196,206,211,216,218,231,24.2180037896494,120.700856518116,2019-05-29 12:05:03,2017-10-26 07:18:00,2017-10-26
3301508,10610ABC91B3485,10610ABC91B3485,15,66000,TXG,246,2224,66000270027,2,,2017-10-26 08:54:00,10610260854,臺中市太平區新興里振福路641號,0,1,111,112,120,50,127,141,163,172,176,181,188,192,196,206,211,216,218,234,24.157329368434,120.711990688502,2019-05-29 12:05:03,2017-10-26 08:54:00,2017-10-26
3301545,10610AB591B3462,10610AB591B3462,15,66000,TXG,233,2017,66000080018,2,,2017-10-26 09:39:00,10610260939,臺中市北屯區仁美里崇德十路一段昌平東六路,0,1,111,112,120,50,126,141,163,172,176,181,188,189,195,206,211,216,218,234,24.1882313975821,120.690375959142,2019-05-29 12:05:03,2017-10-26 09:39:00,2017-10-26
3301841,10610ABB93B3509,10610ABB93B3509,15,66000,TXG,237,2549,66000150004,2,,2017-10-26 17:30:00,10610261730,臺中市后里區后里里甲后路一段435號,0,2,111,112,120,50,137,153,163,172,176,181,188,192,196,201,211,216,217,220,24.3088920431937,120.722725938178,2019-05-29 12:05:03,2017-10-26 17:30:00,2017-10-26
3368070,10610AB993B3613,10610AB993B3613,15,66000,TXG,14,2140,66000230001,2,,2017-10-27 07:59:00,10610270759,臺中市烏日區烏日里光日路大同六街,0,1,111,112,120,50,126,142,163,172,176,181,188,192,196,201,210,216,217,230,24.1114480663141,120.625897720783,2019-05-29 12:05:03,2017-10-27 07:59:00,2017-10-27
3368191,10610AB993B3608,10610AB993B3608,15,66000,TXG,14,2144,66000230006,2,,2017-10-27 10:03:00,10610271003,臺中市烏日區九德里光德路12784號燈桿前附近12784號燈桿前,0,1,111,112,120,50,137,147,163,172,176,181,188,192,196,201,210,215,217,235,24.1047252457658,120.643078346784,2019-05-29 12:05:03,2017-10-27 10:03:00,2017-10-27
3368026,10610AB793B3557,10610AB793B3557,15,66000,TXG,239,2078,66000170013,2,,2017-10-27 07:32:00,10610270732,臺中市潭子區聚興里潭興路一段17巷11號,0,1,111,112,120,50,137,149,163,172,176,181,188,192,196,206,211,216,217,227,24.203863843155,120.741328028794,2019-05-29 12:05:03,2017-10-27 07:32:00,2017-10-27
3368300,10610AB795B3569,10610AB795B3569,15,66000,TXG,240,2278,66000180014,2,,2017-10-27 12:30:00,10610271230,臺中市大雅區大楓里前村東路與前村東路45巷口附近與前村東路45巷口,0,1,111,112,120,40,127,141,163,172,176,181,188,192,196,206,211,216,217,234,0.0,0.0,2019-05-29 12:05:03,2017-10-27 12:30:00,2017-10-27
3368042,10610AB793B3558,10610AB793B3558,15,66000,TXG,239,2567,66000170007,2,,2017-10-27 07:43:00,10610270743,臺中市潭子區東寶里雅潭路二段124號,0,1,111,112,120,60,137,148,163,172,176,181,188,189,193,205,210,215,217,231,24.2160080283268,120.694821304651,2019-05-29 12:05:03,2017-10-27 07:43:00,2017-10-27
3368015,10610AB791B3528,10610AB791B3528,15,66000,TXG,234,2425,66000090011,2,,2017-10-27 07:24:00,10610270724,臺中市豐原區東勢里中山路438號,0,1,111,112,120,50,137,147,163,172,176,181,188,192,196,201,211,215,218,235,24.2477425918128,120.715276384177,2019-05-29 12:05:03,2017-10-27 07:24:00,2017-10-27
3368314,10610AB793B3596,10610AB793B3596,15,66000,TXG,239,2078,66000170013,2,,2017-10-27 12:54:00,10610271254,臺中市潭子區聚興里環中東路一段豐興路一段,0,1,111,112,120,60,126,141,163,172,176,181,188,189,193,205,210,215,217,234,24.1952221272371,120.720750213306,2019-05-29 12:05:03,2017-10-27 12:54:00,2017-10-27
3368290,10610AB795B3568,10610AB795B3568,15,66000,TXG,240,2088,66000180007,2,,2017-10-27 12:17:00,10610271217,臺中市大雅區三和里春亭街23號旁附近旁,0,1,111,112,120,40,137,149,163,172,176,181,188,192,196,206,211,216,217,237,24.2195243069089,120.662548651992,2019-05-29 12:05:03,2017-10-27 12:17:00,2017-10-27
3368376,10610AB996B3614,10610AB996B3614,15,66000,TXG,288,2183,66000250015,2,,2017-10-27 14:25:00,10610271425,臺中市龍井區新東里新興路與新興路2巷口附近與新興路2巷口,0,1,111,112,120,50,137,149,163,172,176,181,188,191,193,201,210,215,218,220,24.1809600795952,120.592372029607,2019-05-29 12:05:03,2017-10-27 14:25:00,2017-10-27
3368335,10610AB995B3612,10610AB995B3612,15,66000,TXG,288,2180,66000250012,2,,2017-10-27 13:25:00,10610271325,臺中市龍井區龍崗里南崗產業道路(路燈桿01625)旁附近(路燈桿01625)旁,0,1,111,112,120,40,135,149,163,172,176,181,188,192,196,201,211,216,217,238,0.0,0.0,2019-05-29 12:05:03,2017-10-27 13:25:00,2017-10-27
3368243,10610AB993B3626,10610AB993B3626,15,66000,TXG,14,2277,66000230005,2,,2017-10-27 11:09:00,10610271109,臺中市烏日區學田里學田路490對面附近490對面,0,1,111,112,120,40,137,149,163,172,176,181,188,192,196,201,210,215,217,230,24.1266571493862,120.607526725661,2019-05-29 12:05:03,2017-10-27 11:09:00,2017-10-27
3368645,10610AB995B3619,10610AB995B3619,15,66000,TXG,288,2175,66000250007,2,,2017-10-27 20:13:00,10610272013,臺中市龍井區龍津里中圳路08454路燈附近附近08454路燈附近,0,1,111,115,120,40,137,149,163,172,176,181,188,192,196,201,210,216,217,230,24.2012448393314,120.531523720661,2019-05-29 12:05:03,2017-10-27 20:13:00,2017-10-27
3368585,10610AB793B3597,10610AB793B3597,15,66000,TXG,239,2565,66000170005,2,,2017-10-27 18:50:00,10610271850,臺中市潭子區頭家里中山路一段309號,0,1,111,114,120,20,128,148,163,172,176,181,188,190,193,204,208,215,217,230,24.1446941607786,120.734392273814,2019-05-29 12:05:03,2017-10-27 18:50:00,2017-10-27
3368595,10610AB791B3532,10610AB791B3532,15,66000,TXG,234,2445,66000090027,2,,2017-10-27 19:00:00,10610271900,臺中市豐原區北陽里豐東路中陽路,0,2,111,115,120,50,127,147,163,172,176,181,188,191,193,204,209,215,218,229,24.2485385067688,120.730294166027,2019-05-29 12:05:03,2017-10-27 19:00:00,2017-10-27
3368386,10610AB795B3572,10610AB795B3572,15,66000,TXG,240,2090,66000180010,2,,2017-10-27 14:40:00,10610271440,臺中市大雅區二和里神林南路99巷口弄,0,1,111,112,120,40,127,141,163,172,176,181,188,192,196,206,211,216,218,235,24.2207314429436,120.656421253908,2019-05-29 12:05:03,2017-10-27 14:40:00,2017-10-27
3368661,10610AB993B3621,10610AB993B3621,15,66000,TXG,14,2140,66000230001,2,,2017-10-27 20:49:00,10610272049,臺中市烏日區烏日里五光路930巷17弄25號,0,2,111,114,120,40,127,141,163,172,176,181,188,192,196,206,211,216,218,233,24.1015196146075,120.633896638628,2019-05-29 12:05:03,2017-10-27 20:49:00,2017-10-27
3368587,10610AB795B3576,10610AB795B3576,15,66000,TXG,240,2087,66000180006,2,,2017-10-27 18:50:00,10610271850,臺中市大雅區橫山里永和路六甲巷口附近六甲巷口,0,2,111,114,120,50,127,141,163,172,176,181,188,189,193,205,210,216,217,235,24.2202287974296,120.643515071637,2019-05-29 12:05:03,2017-10-27 18:50:00,2017-10-27
3368534,10610AB993B3616,10610AB993B3616,15,66000,TXG,14,2143,66000230004,2,,2017-10-27 17:50:00,10610271750,臺中市烏日區榮泉里中山路三段往大肚橋S01燈桿前附近往大肚橋S01燈桿前,0,2,111,114,120,40,137,148,163,172,176,181,188,192,196,197,210,215,217,236,24.105959308326,120.615377450161,2019-05-29 12:05:03,2017-10-27 17:50:00,2017-10-27
3368268,10610AB995B3609,10610AB995B3609,15,66000,TXG,288,2178,66000250010,2,,2017-10-27 11:45:00,10610271145,臺中市龍井區山腳里沙田路六段335號,0,2,111,112,120,70,137,148,163,172,176,181,188,192,196,197,210,216,218,230,24.2147883587653,120.55203303661,2019-05-29 12:05:03,2017-10-27 11:45:00,2017-10-27
3368068,10610AB793B3560,10610AB793B3560,15,66000,TXG,239,2562,66000170002,2,,2017-10-27 07:58:00,10610270758,臺中市潭子區潭秀里中山路二段520巷潭富路待轉區附近潭富路待轉區,0,3,111,112,120,50,127,143,163,172,176,181,188,190,193,205,211,216,217,234,24.2180232390667,120.705728605122,2019-05-29 12:05:03,2017-10-27 07:58:00,2017-10-27
3368113,10610AB993B3606,10610AB993B3606,15,66000,TXG,14,2148,66000230010,2,,2017-10-27 08:37:00,10610270837,臺中市烏日區光明里光明路五光國小前附近五光國小前,0,2,111,112,120,50,137,147,163,172,176,181,188,192,196,201,211,215,218,235,24.0973328768099,120.647566155082,2019-05-29 12:05:03,2017-10-27 08:37:00,2017-10-27
3368126,10610AB993B3615,10610AB993B3615,15,66000,TXG,14,2140,66000230001,2,,2017-10-27 08:48:00,10610270848,臺中市烏日區烏日里五光路1000巷與五光路970巷口附近與五光路970巷口,0,1,111,112,120,40,127,141,163,172,176,181,188,192,196,206,211,216,218,234,24.1019499472222,120.628697791438,2019-05-29 12:05:03,2017-10-27 08:48:00,2017-10-27
3368007,10610AB793B3556,10610AB793B3556,15,66000,TXG,239,2567,66000170007,2,,2017-10-27 07:16:00,10610270716,臺中市潭子區東寶里大富路一段139號,0,1,111,112,120,40,134,149,163,172,176,181,188,192,196,206,211,216,217,236,24.2451982747364,120.693810692466,2019-05-29 12:05:03,2017-10-27 07:16:00,2017-10-27
3368158,10610AB996B3607,10610AB996B3607,15,66000,TXG,244,2166,66000240015,2,,2017-10-27 09:15:00,10610270915,臺中市大肚區瑞井里遊園路一段大肚區00031路燈前附近大肚區00031路燈前,0,1,111,112,120,50,134,149,163,172,176,181,188,192,196,201,211,216,217,237,24.1584383734811,120.573730339502,2019-05-29 12:05:03,2017-10-27 09:15:00,2017-10-27
3367982,10610AB995B3602,10610AB995B3602,15,66000,TXG,288,2177,66000250009,2,,2017-10-27 06:39:00,10610270639,臺中市龍井區忠和里中央路三段206號(龍海國小)北側約50公尺處附近206號(龍海國小)北側約50公尺處,0,1,111,112,120,50,137,149,163,172,176,181,188,192,196,201,210,216,217,232,24.2113964419067,120.524858421136,2019-05-29 12:05:03,2017-10-27 06:39:00,2017-10-27
3368552,10610AB795B3574,10610AB795B3574,15,66000,TXG,240,2088,66000180007,2,,2017-10-27 18:10:00,10610271810,臺中市大雅區三和里春亭街春亭二街,0,1,111,114,120,40,127,141,163,172,176,181,188,191,193,206,211,216,218,233,24.2202562993519,120.662700483575,2019-05-29 12:05:03,2017-10-27 18:10:00,2017-10-27
3368354,10610AB993B3656,10610AB993B3656,15,66000,TXG,14,2144,66000230006,2,,2017-10-27 13:54:00,10610271354,臺中市烏日區九德里中山路一段514號,0,1,111,112,120,50,137,147,163,172,176,181,188,192,196,197,210,215,217,230,24.2517129650031,120.714395666854,2019-05-29 12:05:03,2017-10-27 13:54:00,2017-10-27
3367966,10610AB996B3601,10610AB996B3601,15,66000,TXG,288,2184,66000250016,2,,2017-10-27 03:10:00,10610270310,臺中市龍井區東海里遊園北路遊北幹G4652DB62燈桿前附近遊北幹G4652DB62燈桿前,0,1,111,114,120,50,137,149,163,172,176,181,188,192,196,205,210,216,217,234,24.1916817401527,120.587836397179,2019-05-29 12:05:03,2017-10-27 03:10:00,2017-10-27
3368173,10610AB791B3531,10610AB791B3531,15,66000,TXG,234,2438,66000090020,2,,2017-10-27 09:30:00,10610270930,臺中市豐原區三村里西勢路518號,0,2,111,112,120,30,137,147,163,172,176,181,188,192,196,197,211,215,217,228,24.2379668349112,120.702135583081,2019-05-29 12:05:03,2017-10-27 09:30:00,2017-10-27
3368481,10610AB795B3573,10610AB795B3573,15,66000,TXG,240,2090,66000180010,2,,2017-10-27 17:02:00,10610271702,臺中市大雅區二和里雅環路一段仁和路154巷,0,1,111,112,120,40,126,141,163,172,176,181,188,192,196,206,210,216,217,235,24.2175771064817,120.653241492389,2019-05-29 12:05:03,2017-10-27 17:02:00,2017-10-27
3368005,10610AB791B3526,10610AB791B3526,15,66000,TXG,234,2440,66000090022,2,,2017-10-27 07:13:00,10610270713,臺中市豐原區田心里育英路24巷5號,0,2,111,112,120,40,126,141,163,172,176,181,188,192,196,206,210,216,218,229,24.1347892410857,120.697472913652,2019-05-29 12:05:03,2017-10-27 07:13:00,2017-10-27
3368367,10610AB795B3571,10610AB795B3571,15,66000,TXG,240,2092,66000180012,2,,2017-10-27 14:08:00,10610271408,臺中市大雅區上雅里雅環路二段大榮街,0,3,111,112,120,50,128,141,163,172,176,181,188,189,193,206,211,216,218,233,24.2253752321185,120.653413105351,2019-05-29 12:05:03,2017-10-27 14:08:00,2017-10-27
3368572,10610AB996B3617,10610AB996B3617,15,66000,TXG,288,2181,66000250013,2,,2017-10-27 18:30:00,10610271830,臺中市龍井區新庄里向上路六段與新庄街2段口附近與新庄街2段口,0,1,111,114,120,40,127,141,163,172,176,181,188,189,193,206,211,216,218,232,24.1770271635007,120.576948234139,2019-05-29 12:05:03,2017-10-27 18:30:00,2017-10-27
3368124,10610AB793B3563,10610AB793B3563,15,66000,TXG,239,2569,66000170009,2,,2017-10-27 08:44:00,10610270844,臺中市潭子區大豐里大豐路三段128之19號,0,1,111,112,120,40,137,149,163,172,176,181,188,192,196,205,210,216,218,231,24.2218805565728,120.692192571317,2019-05-29 12:05:03,2017-10-27 08:44:00,2017-10-27
3368046,10610AB794B3559,10610AB794B3559,15,66000,TXG,238,2049,66000160013,2,,2017-10-27 07:45:00,10610270745,臺中市神岡區圳前里圳前路47-5號,0,1,111,112,120,50,137,147,163,172,176,181,188,192,196,205,211,215,218,231,0.0,0.0,2019-05-29 12:05:03,2017-10-27 07:45:00,2017-10-27
3368066,10610AB791B3529,10610AB791B3529,15,66000,TXG,234,2440,66000090022,2,,2017-10-27 07:58:00,10610270758,臺中市豐原區田心里豐南街151號,0,3,111,112,120,50,137,162,163,172,176,181,188,192,196,200,209,215,218,234,24.2393746047434,120.714069542459,2019-05-29 12:05:03,2017-10-27 07:58:00,2017-10-27
3368247,10610AB795B3566,10610AB795B3566,15,66000,TXG,240,2085,66000180004,2,,2017-10-27 11:20:00,10610271120,臺中市大雅區秀山里中清路四段401號,0,1,111,112,120,50,137,148,163,172,176,177,188,192,196,205,210,215,217,230,24.2320291267689,120.639323396135,2019-05-29 12:05:03,2017-10-27 11:20:00,2017-10-27
3368039,10610AB993B3604,10610AB993B3604,15,66000,TXG,14,2574,66000230013,2,,2017-10-27 07:40:00,10610270740,臺中市烏日區螺潭里環中路八段﹑福泰街口附近﹑福泰街口,0,1,111,112,120,40,137,148,163,172,176,181,188,192,196,197,210,215,217,231,24.0859449711174,120.648022488384,2019-05-29 12:05:03,2017-10-27 07:40:00,2017-10-27
3368607,10610AB993B3663,10610AB993B3663,15,66000,TXG,14,2140,66000230001,2,,2017-10-27 19:18:00,10610271918,臺中市烏日區烏日里中山路三段集泉橋上往台中方向附近集泉橋上往台中方向,0,1,111,114,120,50,126,142,163,172,176,181,188,192,196,197,210,215,218,234,24.1059500918096,120.615383450907,2019-05-29 12:05:03,2017-10-27 19:18:00,2017-10-27
3367991,10610AB794B3555,10610AB794B3555,15,66000,TXG,238,2037,66000160001,2,,2017-10-27 06:55:00,10610270655,臺中市神岡區神岡里神林路6-1號,0,2,111,112,120,50,126,141,163,172,176,181,188,192,196,201,211,216,217,234,24.2524986476175,120.658990329534,2019-05-29 12:05:03,2017-10-27 06:55:00,2017-10-27
3368059,10610AB994B3605,10610AB994B3605,15,66000,TXG,244,2160,66000240009,2,,2017-10-27 07:52:00,10610270752,臺中市大肚區永和里文昌一街電線桿營埔幹1G4043ED07附近電線桿營埔幹1G4043ED07,0,1,111,112,120,40,126,141,163,172,176,181,188,192,196,206,211,216,217,234,24.1513263650366,120.536219805939,2019-05-29 12:05:03,2017-10-27 07:52:00,2017-10-27
3368087,10610AB795B3561,10610AB795B3561,15,66000,TXG,240,2089,66000180008,2,,2017-10-27 08:18:00,10610270818,臺中市大雅區西寶里雅潭路三段412巷口附近口,0,1,111,112,120,40,128,141,163,172,176,181,188,189,193,206,211,216,218,229,0.0,0.0,2019-05-29 12:05:03,2017-10-27 08:18:00,2017-10-27
3368233,10610AB795B3565,10610AB795B3565,15,66000,TXG,240,2084,66000180003,2,,2017-10-27 10:53:00,10610271053,臺中市大雅區六寶里和平路清陽一路,0,1,111,112,120,40,126,142,163,172,176,181,188,192,196,201,211,216,218,235,24.2431164209888,120.634576307651,2019-05-29 12:05:03,2017-10-27 10:53:00,2017-10-27
3368555,10610AB993B3632,10610AB993B3632,15,66000,TXG,14,2574,66000230013,2,,2017-10-27 18:11:00,10610271811,臺中市烏日區螺潭里溪南路一段476號,0,1,111,112,120,60,137,149,163,172,176,181,188,192,196,200,210,216,217,234,24.081121429923,120.638508521895,2019-05-29 12:05:03,2017-10-27 18:11:00,2017-10-27
3368492,10610AB793B3599,10610AB793B3599,15,66000,TXG,239,2570,66000170010,2,,2017-10-27 17:10:00,10610271710,臺中市潭子區栗林里中山路三段305巷21號,0,2,111,113,120,40,127,142,163,172,176,180,188,192,196,206,211,216,218,233,24.2205663463449,120.704686813472,2019-05-29 12:05:03,2017-10-27 17:10:00,2017-10-27
3368187,10610AB795B3564,10610AB795B3564,15,66000,TXG,240,2082,66000180001,2,,2017-10-27 09:57:00,10610270957,臺中市大雅區大雅里民生路一段大雅路,0,1,111,112,120,50,127,141,163,172,176,181,188,189,193,206,211,216,218,229,24.2260484813645,120.646707605696,2019-05-29 12:05:03,2017-10-27 09:57:00,2017-10-27
3368228,10610AB993B3654,10610AB993B3654,15,66000,TXG,14,2143,66000230004,2,,2017-10-27 10:43:00,10610271043,臺中市烏日區榮泉里中山路三段1373號內側車道附近內側車道,0,1,111,112,120,60,137,147,163,172,176,181,188,192,196,197,210,216,218,235,24.1059589639366,120.61538813113,2019-05-29 12:05:03,2017-10-27 10:43:00,2017-10-27
3368286,10610AB794B3567,10610AB794B3567,15,66000,TXG,238,2050,66000160014,2,,2017-10-27 12:10:00,10610271210,臺中市神岡區新庄里和睦路一段782號,0,1,111,112,120,50,137,147,163,172,176,181,188,192,196,201,210,215,217,234,24.2842701526748,120.645129262101,2019-05-29 12:05:03,2017-10-27 12:10:00,2017-10-27
3368107,10610AB795B3562,10610AB795B3562,15,66000,TXG,240,2082,66000180001,2,,2017-10-27 08:30:00,10610270830,臺中市大雅區大雅里永和路與永興路口附近附近與永興路口附近,0,1,111,112,120,40,137,149,163,172,176,181,188,192,196,201,211,216,218,235,24.2233838152404,120.648448350723,2019-05-29 12:05:03,2017-10-27 08:30:00,2017-10-27
3368460,10610AB994B3611,10610AB994B3611,15,66000,TXG,244,2161,66000240010,2,,2017-10-27 16:45:00,10610271645,臺中市大肚區磺溪里文昌二街文昌二街30巷,0,2,111,112,120,40,127,141,163,172,176,181,186,192,196,206,211,216,218,234,24.1519392812772,120.540016014344,2019-05-29 12:05:03,2017-10-27 16:45:00,2017-10-27
3368036,10610AB995B3603,10610AB995B3603,15,66000,TXG,288,2177,66000250009,2,,2017-10-27 07:38:00,10610270738,臺中市龍井區忠和里中央路三段168之2號,0,1,111,112,120,40,137,149,163,172,176,181,188,192,196,206,211,216,218,232,24.214715996757,120.526129642486,2019-05-29 12:05:03,2017-10-27 07:38:00,2017-10-27
3368563,10610AB793B3575,10610AB793B3575,15,66000,TXG,239,2569,66000170009,2,,2017-10-27 18:23:00,10610271823,臺中市潭子區大豐里潭富路二段1號,0,2,111,114,120,50,126,141,163,172,176,180,188,192,196,201,211,216,217,233,24.2233839308328,120.697587005706,2019-05-29 12:05:03,2017-10-27 18:23:00,2017-10-27
3368312,10610AB996B3610,10610AB996B3610,15,66000,TXG,288,2181,66000250013,2,,2017-10-27 12:49:00,10610271249,臺中市龍井區新庄里新庄街一段新仁路,0,2,111,112,120,50,126,141,163,172,176,181,188,192,196,206,211,216,218,230,24.1838104325857,120.579972029821,2019-05-29 12:05:03,2017-10-27 12:49:00,2017-10-27
3368009,10610AB791B3527,10610AB791B3527,15,66000,TXG,234,2416,66000090002,2,,2017-10-27 07:19:00,10610270719,臺中市豐原區頂街里中正路中正路78巷,0,1,111,112,120,50,127,141,163,172,176,181,188,192,196,206,211,216,218,231,24.0456602153384,120.692377922017,2019-05-29 12:05:03,2017-10-27 07:19:00,2017-10-27
3368140,10610AB791B3530,10610AB791B3530,15,66000,TXG,234,2417,66000090003,2,,2017-10-27 09:00:00,10610270900,臺中市豐原區中山里中正路復興路281巷,0,2,111,112,120,40,126,141,163,172,176,181,188,192,196,206,211,216,218,235,24.254625236442,120.72295294267,2019-05-29 12:05:03,2017-10-27 09:00:00,2017-10-27
3368630,10610AB793B3577,10610AB793B3577,15,66000,TXG,239,2078,66000170013,2,,2017-10-27 19:50:00,10610271950,臺中市潭子區聚興里旱溪西路路燈編號00635號附近路燈編號00635號,0,2,111,114,123,40,137,162,163,172,176,181,182,192,196,206,210,216,217,236,24.201937305984,120.711995017077,2019-05-29 12:05:03,2017-10-27 19:50:00,2017-10-27
3367981,10610AB793B3598,10610AB793B3598,15,66000,TXG,239,2567,66000170007,2,,2017-10-27 06:36:00,10610270636,臺中市潭子區東寶里大豐路二段72號,0,2,111,113,120,50,137,149,163,172,176,181,188,192,196,200,207,216,217,234,24.2177425424394,120.69169804516,2019-05-29 12:05:03,2017-10-27 06:36:00,2017-10-27
3368324,10610AB795B3570,10610AB795B3570,15,66000,TXG,240,2090,66000180010,2,,2017-10-27 13:10:00,10610271310,臺中市大雅區二和里神林南路180巷,0,2,111,112,120,50,137,149,163,172,176,181,188,192,196,205,210,216,217,235,24.2263243100692,120.656386459321,2019-05-29 12:05:03,2017-10-27 13:10:00,2017-10-27
3367992,10610AB993B3620,10610AB993B3620,15,66000,TXG,14,2145,66000230007,2,,2017-10-27 06:56:00,10610270656,臺中市烏日區仁德里信義街193巷與信義街188巷口附近與信義街188巷口,0,2,111,112,120,50,127,141,163,172,176,181,188,192,196,201,211,216,218,234,24.1045734394196,120.638728586975,2019-05-29 12:05:03,2017-10-27 06:56:00,2017-10-27