識別碼,案件編號,交通事故主表,縣市識別碼,縣市代碼,所屬縣市簡碼,鄉縣市區識別碼,村里識別碼,里代碼,事故類(A1、A2...An),處理單位代碼,案件時間(西元),案件時間(民國),發生地點,死亡人數,受傷人數(含2~30日內死亡),天氣識別碼,光線識別碼,道路類別識別碼,速限,道路型態識別碼,事故位置識別碼,路面鋪裝識別碼,路面狀態識別碼,路面缺陷識別碼,障礙物視距識別碼,視距識別碼,號誌種類識別碼,號誌動作識別碼,車道劃分設施-分向設施識別碼,快車道或一般車道間識別碼,快慢車道間識別碼,路面邊線識別碼,事故類型及型態識別碼,緯度,經度,本平台資料更新時間(yyyy-MM-dd HH:mm:ss),資料代表時間(yyyy-MM-dd HH:mm:ss),資料代表日期(yyyy-MM-dd)
3368604,10610AB996B3618,10610AB996B3618,15,66000,TXG,288,2181,66000250013,2,,2017-10-27 19:10:00,10610271910,臺中市龍井區新庄里遊園南路100巷55號,0,1,111,114,120,40,137,149,163,172,176,181,188,192,196,206,211,216,218,229,24.1850296992107,120.583599930733,2019-05-29 12:05:03,2017-10-27 19:10:00,2017-10-27
3368363,10610AB291B3798,10610AB291B3798,15,66000,TXG,231,2360,66000050018,2,,2017-10-27 14:03:00,10610271403,臺中市北區淡溝里英才路與博館一街口附近與博館一街口,0,2,111,112,120,50,127,141,163,172,176,181,188,189,193,206,211,216,218,234,24.1542795682279,120.668068457846,2019-05-29 12:05:03,2017-10-27 14:03:00,2017-10-27
3426130,10610AB791B3537,10610AB791B3537,15,66000,TXG,234,2444,66000090026,2,,2017-10-28 23:26:00,10610282326,臺中市豐原區陽明里樂天街自強南街,0,1,111,114,120,50,127,141,163,172,176,181,188,191,193,206,211,216,218,233,24.2448321725112,120.718746534346,2019-05-29 12:05:03,2017-10-28 23:26:00,2017-10-28
3413946,10610AB993B3629,10610AB993B3629,15,66000,TXG,14,2143,66000230004,2,,2017-10-28 12:45:00,10610281245,臺中市烏日區榮泉里中山路三段716號,0,2,111,112,120,60,126,141,163,172,176,181,188,189,193,206,211,216,218,234,24.2478393380878,120.680543238677,2019-05-29 12:05:03,2017-10-28 12:45:00,2017-10-28
3420034,10610AB995B3631,10610AB995B3631,15,66000,TXG,288,2178,66000250010,2,,2017-10-28 17:05:00,10610281705,臺中市龍井區山腳里中山二路一段中山二路一段西巷,0,1,111,112,120,50,127,141,163,172,176,181,188,192,196,206,211,216,218,233,24.209519341049,120.54551199567,2019-05-29 12:05:03,2017-10-28 17:05:00,2017-10-28
3413852,10610AB791B3534,10610AB791B3534,15,66000,TXG,234,2443,66000090025,2,,2017-10-28 10:25:00,10610281025,臺中市豐原區南陽里南陽路112巷,0,1,111,112,120,40,126,149,163,172,176,181,188,192,196,206,211,216,218,227,24.2491008734837,120.721279959977,2019-05-29 12:05:03,2017-10-28 10:25:00,2017-10-28
3413919,10610AB793B3581,10610AB793B3581,15,66000,TXG,239,2567,66000170007,2,,2017-10-28 12:02:00,10610281202,臺中市潭子區東寶里大豐路一段186巷近大豐路一段附近近大豐路一段,0,2,111,112,120,40,137,149,163,172,176,181,188,192,196,206,210,216,218,228,0.0,0.0,2019-05-29 12:05:03,2017-10-28 12:02:00,2017-10-28
3419977,10610AB795B3584,10610AB795B3584,15,66000,TXG,240,2278,66000180014,2,,2017-10-28 15:44:00,10610281544,臺中市大雅區大楓里前村路前村東路,0,1,111,112,120,40,127,141,163,172,176,181,188,189,193,206,211,216,217,234,0.0,0.0,2019-05-29 12:05:03,2017-10-28 15:44:00,2017-10-28
3413967,10610AB795B3583,10610AB795B3583,15,66000,TXG,240,2093,66000180013,2,,2017-10-28 13:15:00,10610281315,臺中市大雅區文雅里中山北路445號,0,1,111,112,120,50,137,149,163,172,176,181,188,192,196,201,211,216,217,230,24.2226222058522,120.645077155635,2019-05-29 12:05:03,2017-10-28 13:15:00,2017-10-28
3413974,10610AB791B3536,10610AB791B3536,15,66000,TXG,234,2448,66000090030,2,,2017-10-28 13:31:00,10610281331,臺中市豐原區南村里水源路北陽三街473巷,0,1,111,112,120,40,126,141,163,172,176,181,188,192,196,206,211,216,218,229,24.2531260346501,120.731670827924,2019-05-29 12:05:03,2017-10-28 13:31:00,2017-10-28
3420056,10610AB996B3633,10610AB996B3633,15,66000,TXG,288,2181,66000250013,2,,2017-10-28 17:45:00,10610281745,臺中市龍井區新庄里向上路六段127號,0,1,111,114,120,40,137,148,163,172,176,181,188,192,196,197,210,212,218,236,24.1766748656358,120.578350160791,2019-05-29 12:05:03,2017-10-28 17:45:00,2017-10-28
3413845,10610AB996B3625,10610AB996B3625,15,66000,TXG,288,2182,66000250014,2,,2017-10-28 10:15:00,10610281015,臺中市龍井區南寮里遊園南路461號,0,1,111,112,120,50,137,149,163,172,176,181,188,192,196,201,211,216,218,231,24.1754322743259,120.581612291254,2019-05-29 12:05:03,2017-10-28 10:15:00,2017-10-28
3413795,10610AB791B3533,10610AB791B3533,15,66000,TXG,234,2445,66000090027,2,,2017-10-28 08:43:00,10610280843,臺中市豐原區北陽里南陽路184巷口附近口,0,1,111,112,120,50,126,141,163,172,176,181,188,192,196,200,209,215,218,234,24.2488022922018,120.721796669569,2019-05-29 12:05:03,2017-10-28 08:43:00,2017-10-28
3420112,10610AB996B3635,10610AB996B3635,15,66000,TXG,244,2168,66000240017,2,,2017-10-28 19:25:00,10610281925,臺中市大肚區自強里遊園路一段201號,0,1,111,114,120,50,137,149,163,172,176,181,188,192,196,205,210,216,217,235,24.1584348736253,120.57373173189,2019-05-29 12:05:03,2017-10-28 19:25:00,2017-10-28
3413763,10610AB994B3622,10610AB994B3622,15,66000,TXG,244,2165,66000240014,2,,2017-10-28 07:50:00,10610280750,臺中市大肚區頂街里大明二街大德一街,0,1,111,112,120,50,127,141,163,172,176,181,188,192,196,206,211,216,218,233,24.1588063479167,120.540184137667,2019-05-29 12:05:03,2017-10-28 07:50:00,2017-10-28
3413944,10610AB793B3582,10610AB793B3582,15,66000,TXG,239,2078,66000170013,2,,2017-10-28 12:42:00,10610281242,臺中市潭子區聚興里潭興路一段589號,0,1,111,112,120,50,128,141,163,172,176,181,188,190,193,200,209,215,217,220,24.202717909926,120.727828971426,2019-05-29 12:05:03,2017-10-28 12:42:00,2017-10-28
3413849,10610AB791B3651,10610AB791B3651,15,66000,TXG,14,2150,66000230012,2,,2017-10-28 10:20:00,10610281020,臺中市烏日區溪埧里慶光路往溪南路一段1巷方向附近往溪南路一段1巷方向,0,1,111,112,120,40,137,149,163,172,176,181,188,192,196,201,210,216,218,236,24.0434909382611,120.632559121018,2019-05-29 12:05:03,2017-10-28 10:20:00,2017-10-28
3413909,10610AB791B3535,10610AB791B3535,15,66000,TXG,234,2437,66000090019,2,,2017-10-28 11:50:00,10610281150,臺中市豐原區社皮里中正路成功路,0,1,111,112,120,50,128,141,163,172,176,181,188,189,193,206,211,216,218,234,24.0594007238933,120.698013595781,2019-05-29 12:05:03,2017-10-28 11:50:00,2017-10-28
3420066,10610AB795B3585,10610AB795B3585,15,66000,TXG,240,2088,66000180007,2,,2017-10-28 18:00:00,10610281800,臺中市大雅區三和里雅潭路四段620號,0,2,111,114,120,50,137,149,163,172,176,181,188,192,196,197,210,216,217,231,24.2210763881541,120.654638118251,2019-05-29 12:05:03,2017-10-28 18:00:00,2017-10-28
3413914,10610AB993B3627,10610AB993B3627,15,66000,TXG,14,2142,66000230003,2,,2017-10-28 11:56:00,10610281156,臺中市烏日區三和里中山路三段高鐵二路,0,1,111,112,120,70,126,142,163,172,176,181,188,190,193,197,208,215,217,231,24.1075795177096,120.611169315142,2019-05-29 12:05:03,2017-10-28 11:56:00,2017-10-28
3419952,10610AB791B3636,10610AB791B3636,15,66000,TXG,14,2153,66000230016,2,,2017-10-28 15:07:00,10610281507,臺中市烏日區溪尾里慶光路20636路燈旁附近20636路燈旁,0,1,111,112,120,50,137,149,163,172,176,181,188,192,196,201,210,216,217,244,24.0294798651533,120.644048222673,2019-05-29 12:05:03,2017-10-28 15:07:00,2017-10-28
3413780,10610AB795B3578,10610AB795B3578,15,66000,TXG,240,2278,66000180014,2,,2017-10-28 08:24:00,10610280824,臺中市大雅區大楓里民生路三段民生路三段180巷,0,1,111,112,120,50,126,141,163,172,176,181,188,191,193,197,210,216,217,234,24.2316131124409,120.660046816802,2019-05-29 12:05:03,2017-10-28 08:24:00,2017-10-28
3413829,10610AB795B3580,10610AB795B3580,15,66000,TXG,240,2082,66000180001,2,,2017-10-28 09:42:00,10610280942,臺中市大雅區大雅里中清東路中清北街,0,1,111,112,120,50,127,141,163,172,176,181,188,189,193,205,210,215,217,235,24.2250755955762,120.646520411222,2019-05-29 12:05:03,2017-10-28 09:42:00,2017-10-28
3413840,10610AB994B3624,10610AB994B3624,15,66000,TXG,244,2165,66000240014,2,,2017-10-28 10:00:00,10610281000,臺中市大肚區頂街里自由路890號,0,1,111,112,120,70,126,141,163,172,176,181,188,192,196,206,210,215,217,234,24.1614099500692,120.544848591033,2019-05-29 12:05:03,2017-10-28 10:00:00,2017-10-28
3413784,10610AB795B3579,10610AB795B3579,15,66000,TXG,240,2083,66000180002,2,,2017-10-28 08:29:00,10610280829,臺中市大雅區員林里神林路一段神林路一段268巷,0,2,111,112,120,50,127,141,163,172,176,181,188,189,193,201,211,216,217,234,24.2389481022587,120.656073293845,2019-05-29 12:05:03,2017-10-28 08:29:00,2017-10-28
3419970,10610AB995B3630,10610AB995B3630,15,66000,TXG,288,2178,66000250010,2,,2017-10-28 15:30:00,10610281530,臺中市龍井區山腳里沙田路六段沙田路六段46巷,0,1,111,112,120,25,126,141,163,172,176,181,188,192,196,201,210,216,218,236,24.2059384712871,120.548769814159,2019-05-29 12:05:03,2017-10-28 15:30:00,2017-10-28
3420058,10610AB996B3634,10610AB996B3634,15,66000,TXG,288,2181,66000250013,2,,2017-10-28 17:46:00,10610281746,臺中市龍井區新庄里新興路229號,0,1,111,114,120,50,137,149,163,172,176,181,188,192,196,205,210,216,217,234,24.1823827245631,120.581568280383,2019-05-29 12:05:03,2017-10-28 17:46:00,2017-10-28
3413781,10610AB993B3628,10610AB993B3628,15,66000,TXG,14,2140,66000230001,2,,2017-10-28 08:25:00,10610280825,臺中市烏日區烏日里中山路二段285號,0,2,111,112,120,50,126,141,163,172,176,181,188,191,193,206,211,216,218,221,24.2107723860562,120.705093189873,2019-05-29 12:05:03,2017-10-28 08:25:00,2017-10-28
3413769,10610AB995B3623,10610AB995B3623,15,66000,TXG,288,2173,66000250005,2,,2017-10-28 08:03:00,10610280803,臺中市龍井區福田里臨港東路二段155巷80弄與臨港東路二段155巷(口)附近與臨港東路二段155巷(口),0,1,111,112,120,40,127,141,163,172,176,181,184,192,196,206,211,216,218,233,24.1950662838346,120.518316414042,2019-05-29 12:05:03,2017-10-28 08:03:00,2017-10-28
3420078,10610AB795B3586,10610AB795B3586,15,66000,TXG,240,2084,66000180003,2,,2017-10-28 18:18:00,10610281818,臺中市大雅區六寶里中清路四段555號,0,1,111,115,120,50,137,149,163,172,176,181,188,192,196,199,210,215,217,230,24.2345538461345,120.636731489406,2019-05-29 12:05:03,2017-10-28 18:18:00,2017-10-28
3426531,10610AB793B3592,10610AB793B3592,15,66000,TXG,239,2567,66000170007,2,,2017-10-29 18:20:00,10610291820,臺中市潭子區東寶里大豐路二段102號,0,2,111,114,120,50,127,141,163,172,176,181,188,189,193,206,211,216,218,234,24.2184258400405,120.691919730291,2019-05-29 12:05:03,2017-10-29 18:20:00,2017-10-29
3426409,10610AB795B3590,10610AB795B3590,15,66000,TXG,240,2429,66000180009,2,,2017-10-29 14:39:00,10610291439,臺中市大雅區上楓里民族街147北三巷87號附近147北三巷87號,0,1,111,112,120,40,137,149,163,172,176,181,188,192,196,206,211,216,218,236,24.2350928982566,120.664737701931,2019-05-29 12:05:03,2017-10-29 14:39:00,2017-10-29
3426264,10610AB791B3541,10610AB791B3541,15,66000,TXG,234,0,66000090000,2,,2017-10-29 10:05:00,10610291005,臺中市豐原區豐勢路二段680號,0,2,111,112,120,60,126,142,163,172,176,181,188,189,193,205,210,215,217,234,24.2685016134549,120.749720506768,2019-05-29 12:05:03,2017-10-29 10:05:00,2017-10-29
3426226,10610AB791B3539,10610AB791B3539,15,66000,TXG,234,2435,66000090017,2,,2017-10-29 08:55:00,10610290855,臺中市豐原區圳寮里中山路圳寮路,0,1,111,112,120,50,127,141,163,172,176,181,188,189,193,200,209,215,217,230,24.2543706943918,120.713564809437,2019-05-29 12:05:03,2017-10-29 08:55:00,2017-10-29
3495308,10610AB795B3594,10610AB795B3594,15,66000,TXG,240,2083,66000180002,2,,2017-10-29 23:53:00,10610292353,臺中市大雅區員林里中清路四段259號,0,1,111,114,120,50,126,142,163,172,176,180,188,189,193,197,210,216,217,236,24.2299276206965,120.641465714057,2019-05-29 12:05:03,2017-10-29 23:53:00,2017-10-29
3485386,10610AB793B3593,10610AB793B3593,15,66000,TXG,239,2561,66000170001,2,,2017-10-29 20:47:00,10610292047,臺中市潭子區潭陽里中山路二段281號,0,1,111,114,120,50,126,141,163,172,176,181,188,192,196,199,210,215,217,234,24.210771036671,120.705138925504,2019-05-29 12:05:03,2017-10-29 20:47:00,2017-10-29
3426443,10610AB994B3642,10610AB994B3642,15,66000,TXG,244,2431,66000240001,2,,2017-10-29 15:40:00,10610291540,臺中市大肚區王田里王福街526號,0,2,111,112,120,40,126,142,163,172,176,181,188,192,196,206,211,216,218,234,24.124166023468,120.573030887986,2019-05-29 12:05:03,2017-10-29 15:40:00,2017-10-29
3426289,10610AB793B3588,10610AB793B3588,15,66000,TXG,239,2080,66000170015,2,,2017-10-29 10:53:00,10610291053,臺中市潭子區家興里得天南街33號,0,1,111,112,120,50,127,141,163,172,176,181,188,191,193,206,211,216,218,234,24.193277583671,120.701061235339,2019-05-29 12:05:03,2017-10-29 10:53:00,2017-10-29
3495297,10610AB996B3644,10610AB996B3644,15,66000,TXG,288,2182,66000250014,2,,2017-10-29 22:27:00,10610292227,臺中市龍井區南寮里遊園南路與向上路六段口附近與向上路六段口,0,2,111,114,120,50,127,141,163,172,176,181,188,190,193,206,211,216,218,230,24.1760010517977,120.581817752774,2019-05-29 12:05:03,2017-10-29 22:27:00,2017-10-29
3426253,10610AB996B3637,10610AB996B3637,15,66000,TXG,288,2184,66000250016,2,,2017-10-29 09:50:00,10610290950,臺中市龍井區東海里遊園北路與遊園北路24巷口附近與遊園北路24巷口,0,1,111,112,120,40,126,141,163,172,176,181,188,192,196,206,211,216,218,234,24.191532442148,120.589659219665,2019-05-29 12:05:03,2017-10-29 09:50:00,2017-10-29
3426292,10610AB993B3640,10610AB993B3640,15,66000,TXG,14,2140,66000230001,2,,2017-10-29 11:00:00,10610291100,臺中市烏日區烏日里永春東三南路77號,0,1,111,112,120,50,126,141,163,172,176,181,187,192,196,206,211,216,218,236,24.1107663048134,120.629324937502,2019-05-29 12:05:03,2017-10-29 11:00:00,2017-10-29
3426438,10610AB791B3543,10610AB791B3543,15,66000,TXG,234,0,66000090000,2,,2017-10-29 15:33:00,10610291533,臺中市豐原區南陽路315號,0,2,111,112,120,50,137,147,163,172,176,181,188,192,196,204,209,215,218,230,24.2153193067092,120.574304323626,2019-05-29 12:05:03,2017-10-29 15:33:00,2017-10-29
3426458,10610AB793B3591,10610AB793B3591,15,66000,TXG,239,2567,66000170007,2,,2017-10-29 16:05:00,10610291605,臺中市潭子區東寶里雅潭路二段1巷128號,0,1,111,112,120,50,137,149,163,172,176,181,188,192,196,206,211,216,217,234,24.213803356444,120.685761072948,2019-05-29 12:05:03,2017-10-29 16:05:00,2017-10-29
3426182,10610AB793B3587,10610AB793B3587,15,66000,TXG,239,2564,66000170004,2,,2017-10-29 06:04:00,10610290604,臺中市潭子區福仁里中彰快速道路19K(西向東行)附近19K(西向東行),0,2,111,113,120,80,137,149,163,172,176,181,188,192,196,204,209,216,217,238,0.0,0.0,2019-05-29 12:05:03,2017-10-29 06:04:00,2017-10-29
3426178,10610AB591B3787,10610AB591B3787,15,66000,TXG,233,2015,66000080016,2,,2017-10-29 05:52:00,10610290552,臺中市北屯區松竹里崇德路二段崇德二路二段,0,1,111,113,120,40,127,141,163,172,176,181,188,189,193,206,211,216,218,231,24.1774142113537,120.685909356925,2019-05-29 12:05:03,2017-10-29 05:52:00,2017-10-29
3426328,10610AB793B3589,10610AB793B3589,15,66000,TXG,239,2565,66000170005,2,,2017-10-29 11:59:00,10610291159,臺中市潭子區頭家里中山路一段223號,0,1,111,112,120,60,126,142,163,172,176,181,188,189,193,199,209,215,217,230,24.1093715319327,120.644181667774,2019-05-29 12:05:03,2017-10-29 11:59:00,2017-10-29
3426528,10610A2AZKB0099,10610A2AZKB0099,15,66000,TXG,232,0,66000060000,2,,2017-10-29 18:08:00,10610291808,臺中市西屯區中科科雅路口附近,0,1,111,114,120,60,127,141,163,172,176,181,188,190,193,201,208,215,217,234,0.0,0.0,2019-05-29 12:05:03,2017-10-29 18:08:00,2017-10-29
3426516,10610AB791B3544,10610AB791B3544,15,66000,TXG,234,2423,66000090009,2,,2017-10-29 17:50:00,10610291750,臺中市豐原區西安里中正路617號,0,1,111,114,120,50,137,148,163,172,176,181,188,192,196,205,210,215,218,234,24.2500445164544,120.707202618838,2019-05-29 12:05:03,2017-10-29 17:50:00,2017-10-29
3426227,10610AB791B3540,10610AB791B3540,15,66000,TXG,234,2440,66000090022,2,,2017-10-29 08:55:00,10610290855,臺中市豐原區田心里中山路豐原大道一段,0,2,111,112,120,50,127,141,163,172,176,181,188,189,193,206,211,216,218,235,24.2372150814622,120.710524742186,2019-05-29 12:05:03,2017-10-29 08:55:00,2017-10-29
3426420,10610AB995B3641,10610AB995B3641,15,66000,TXG,288,2178,66000250010,2,,2017-10-29 14:53:00,10610291453,臺中市龍井區山腳里龍山街106號,0,1,111,112,120,50,137,148,163,172,176,180,188,192,196,201,211,215,218,247,24.2109337304427,120.548814487489,2019-05-29 12:05:03,2017-10-29 14:53:00,2017-10-29
3426404,10610AB791B3542,10610AB791B3542,15,66000,TXG,234,2448,66000090030,2,,2017-10-29 14:21:00,10610291421,臺中市豐原區南村里水源路豐東路,0,2,111,112,120,50,127,141,163,172,176,181,188,189,193,200,209,215,218,229,24.2554366332216,120.733638358746,2019-05-29 12:05:03,2017-10-29 14:21:00,2017-10-29
3426472,10610AB591B3797,10610AB591B3797,15,66000,TXG,233,0,66000080000,2,,2017-10-29 16:23:00,10610291623,臺中市北屯區?子路666號,0,2,111,112,120,50,127,141,163,172,176,181,188,189,193,199,208,216,218,236,0.0,0.0,2019-05-29 12:05:03,2017-10-29 16:23:00,2017-10-29
3426251,10610AB995B3638,10610AB995B3638,15,66000,TXG,288,2178,66000250010,2,,2017-10-29 09:49:00,10610290949,臺中市龍井區山腳里中華路三段與安良大排南側道路附近與安良大排南側道路,0,1,111,112,120,70,127,141,163,172,176,181,188,189,193,206,211,216,218,235,24.2183561332164,120.542294166494,2019-05-29 12:05:03,2017-10-29 09:49:00,2017-10-29
3426188,10610AB791B3538,10610AB791B3538,15,66000,TXG,234,2445,66000090027,2,,2017-10-29 06:58:00,10610290658,臺中市豐原區北陽里豐東路75號,0,1,111,112,120,50,126,145,163,172,176,181,188,191,193,206,211,216,218,234,24.2513548721969,120.733210129716,2019-05-29 12:05:03,2017-10-29 06:58:00,2017-10-29
3426318,10610AB993B3639,10610AB993B3639,15,66000,TXG,14,2140,66000230001,2,,2017-10-29 11:45:00,10610291145,臺中市烏日區烏日里光日路公園二街,0,1,111,112,120,50,126,141,163,172,176,181,188,192,196,206,211,216,218,234,24.1031462981746,120.624424431954,2019-05-29 12:05:03,2017-10-29 11:45:00,2017-10-29
3495891,10610AB791B3548,10610AB791B3548,15,66000,TXG,234,2443,66000090025,2,,2017-10-30 19:44:00,10610301944,臺中市豐原區南陽里南陽路298巷口附近口,0,2,111,112,120,50,127,141,163,172,176,181,188,191,193,201,211,216,218,234,24.2415861092405,120.731226244091,2019-05-29 12:05:03,2017-10-30 19:44:00,2017-10-30
3495598,10610AB994B3600,10610AB994B3600,15,66000,TXG,244,2161,66000240010,2,,2017-10-30 12:10:00,10610301210,臺中市大肚區磺溪里溪洲路度南幹29G4042HD92電桿前附近度南幹29G4042HD92電桿前,0,1,111,112,120,40,127,141,163,172,176,181,188,192,196,206,211,216,218,233,24.1326872123827,120.541731756767,2019-05-29 12:05:03,2017-10-30 12:10:00,2017-10-30
3495743,10610AB791B3546,10610AB791B3546,15,66000,TXG,234,2426,66000090012,2,,2017-10-30 16:32:00,10610301632,臺中市豐原區民生里市前街府前街,0,3,111,112,120,50,127,141,163,172,176,181,188,192,196,206,211,216,218,234,0.0,0.0,2019-05-29 12:05:03,2017-10-30 16:32:00,2017-10-30
3495754,10610AB993B3669,10610AB993B3669,15,66000,TXG,14,2147,66000230009,2,,2017-10-30 16:40:00,10610301640,臺中市烏日區五光里五光路279號,0,1,111,112,120,50,126,141,163,172,176,181,188,192,196,201,210,216,217,230,24.0929327593815,120.647254521471,2019-05-29 12:05:03,2017-10-30 16:40:00,2017-10-30
3495814,10610AB996B3655,10610AB996B3655,15,66000,TXG,288,2184,66000250016,2,,2017-10-30 17:45:00,10610301745,臺中市龍井區東海里藝術南街與藝術街15巷口附近與藝術街15巷口,0,2,110,114,120,40,127,141,163,172,176,181,188,192,196,206,211,216,218,234,24.1868842424877,120.595075676985,2019-05-29 12:05:03,2017-10-30 17:45:00,2017-10-30
3495425,10610A2AZJB0100,10610A2AZJB0100,15,66000,TXG,239,0,66000170000,2,,2017-10-30 08:20:00,10610300820,臺中市潭子區台中市潭子區南二路28之1友桂公司前附近,0,2,111,112,122,25,130,149,163,172,176,181,188,192,196,204,209,216,217,221,0.0,0.0,2019-05-29 12:05:03,2017-10-30 08:20:00,2017-10-30
3495672,10610AB993B3673,10610AB993B3673,15,66000,TXG,14,2145,66000230007,2,,2017-10-30 14:20:00,10610301420,臺中市烏日區仁德里中山路一段365號,0,2,111,112,120,60,137,148,163,172,176,181,188,192,196,197,210,215,217,231,24.1079070529412,120.639225130467,2019-05-29 12:05:03,2017-10-30 14:20:00,2017-10-30
3495930,10610AB995B3657,10610AB995B3657,15,66000,TXG,288,2179,66000250011,2,,2017-10-30 21:21:00,10610302121,臺中市龍井區龍泉里沙田路五段龍新路,0,1,111,114,120,50,127,141,163,172,176,181,188,189,193,206,211,216,218,241,24.1966475026443,120.546542439257,2019-05-29 12:05:03,2017-10-30 21:21:00,2017-10-30
3495794,10610AB996B3659,10610AB996B3659,15,66000,TXG,244,2166,66000240015,2,,2017-10-30 17:26:00,10610301726,臺中市大肚區瑞井里華山路與無名巷弄口附近與無名巷弄口,0,4,111,113,120,50,126,141,163,172,176,181,188,191,193,206,211,216,218,231,24.1542627114089,120.543938256941,2019-05-29 12:05:03,2017-10-30 17:26:00,2017-10-30
3495340,10610AB995B3645,10610AB995B3645,15,66000,TXG,288,2178,66000250010,2,,2017-10-30 06:50:00,10610300650,臺中市龍井區山腳里中山一路一段(山腳枝6)旁附近(山腳枝6)旁,0,1,111,112,120,50,137,149,163,172,176,181,188,192,196,205,211,216,218,231,24.2134232635875,120.550021374239,2019-05-29 12:05:03,2017-10-30 06:50:00,2017-10-30
3495974,10610AB691B3801,10610AB691B3801,15,66000,TXG,232,2318,66000060033,2,,2017-10-30 23:34:00,10610302334,臺中市西屯區福和里臺灣大道四段永福路,0,1,111,114,120,40,137,148,163,172,176,181,188,192,196,197,210,214,218,232,24.1810884638237,120.618980049326,2019-05-29 12:05:03,2017-10-30 23:34:00,2017-10-30
3495736,10610A2AZKB0110,10610A2AZKB0110,15,66000,TXG,232,0,66000060000,2,,2017-10-30 16:22:00,10610301622,臺中市西屯區中科路機車專用道附近中科路近東大路一段(東往西)方向L01燈桿前,0,1,111,112,120,40,137,151,163,172,176,181,188,190,193,197,207,212,217,236,24.2021940000985,120.64210705875,2019-05-29 12:05:03,2017-10-30 16:22:00,2017-10-30
3495700,10610AB993B3652,10610AB993B3652,15,66000,TXG,14,2146,66000230008,2,,2017-10-30 15:15:00,10610301515,臺中市烏日區前竹里中山路一段環中路六段,0,4,111,112,120,60,127,141,163,172,176,181,188,189,193,206,211,216,218,233,24.1103766234441,120.646652049468,2019-05-29 12:05:03,2017-10-30 15:15:00,2017-10-30
3495467,10610A2AZKB0101,10610A2AZKB0101,15,66000,TXG,232,0,66000060000,2,,2017-10-30 09:08:00,10610300908,臺中市西屯區中科路與科雅西路附近,0,1,111,112,120,60,126,142,163,172,176,181,188,190,193,197,207,212,217,230,24.209291656519,120.616149471313,2019-05-29 12:05:03,2017-10-30 09:08:00,2017-10-30
3495376,10610AB993B3647,10610AB993B3647,15,66000,TXG,14,2140,66000230001,2,,2017-10-30 07:40:00,10610300740,臺中市烏日區烏日里光華街1號,0,1,111,112,120,50,137,148,163,172,176,181,188,192,196,201,210,215,218,234,24.1106858115674,120.623552486378,2019-05-29 12:05:03,2017-10-30 07:40:00,2017-10-30
3495726,10610AB995B3653,10610AB995B3653,15,66000,TXG,288,2179,66000250011,2,,2017-10-30 16:10:00,10610301610,臺中市龍井區龍泉里沙田路五段98巷與沙田路五段30巷(口)附近與沙田路五段30巷(口),0,1,111,112,120,40,127,141,163,172,176,181,184,192,196,206,211,216,218,233,24.1940115949928,120.546251472317,2019-05-29 12:05:03,2017-10-30 16:10:00,2017-10-30
3495609,10610ABA95B3793,10610ABA95B3793,15,66000,TXG,236,2520,66000130008,2,,2017-10-30 12:28:00,10610301228,臺中市沙鹿區鹿寮里福安街光正街,0,1,111,112,120,50,127,141,163,172,176,181,188,192,196,206,211,216,218,233,24.2440747242591,120.562974214774,2019-05-29 12:05:03,2017-10-30 12:28:00,2017-10-30
3495432,10610AB993B3648,10610AB993B3648,15,66000,TXG,14,2150,66000230012,2,,2017-10-30 08:28:00,10610300828,臺中市烏日區溪埧里溪南路二段與溪南路二段270巷口附近與溪南路二段270巷口,0,1,111,112,120,60,127,141,163,172,176,181,188,190,193,201,210,216,217,235,24.0645056105629,120.639954858074,2019-05-29 12:05:03,2017-10-30 08:28:00,2017-10-30
3495385,10610AB994B3646,10610AB994B3646,15,66000,TXG,244,2164,66000240013,2,,2017-10-30 07:45:00,10610300745,臺中市大肚區山陽里沙田路三段733號,0,2,111,112,120,70,137,147,163,172,176,181,188,192,196,197,210,215,217,231,24.1668047967659,120.542286438969,2019-05-29 12:05:03,2017-10-30 07:45:00,2017-10-30
3495747,10610AB993B3643,10610AB993B3643,15,66000,TXG,14,2145,66000230007,2,,2017-10-30 16:35:00,10610301635,臺中市烏日區仁德里中山路一段499號,0,1,111,112,120,60,137,148,163,172,176,181,188,192,196,197,210,215,217,230,24.2761712960855,120.577404524,2019-05-29 12:05:03,2017-10-30 16:35:00,2017-10-30
3495520,10610AB995B3650,10610AB995B3650,15,66000,TXG,288,2179,66000250011,2,,2017-10-30 10:08:00,10610301008,臺中市龍井區龍泉里沙田路四段竹師路二段,0,1,111,112,120,50,126,141,163,172,176,181,188,189,193,199,210,215,218,235,24.1757279384162,120.543846343274,2019-05-29 12:05:03,2017-10-30 10:08:00,2017-10-30
3495611,10610AB791B3545,10610AB791B3545,15,66000,TXG,234,2436,66000090018,2,,2017-10-30 12:30:00,10610301230,臺中市豐原區豐圳里豐洲路56巷口附近口,0,2,111,112,120,50,127,142,163,172,176,181,188,192,196,201,210,215,218,231,24.255778863734,120.715452497857,2019-05-29 12:05:03,2017-10-30 12:30:00,2017-10-30
3495403,10610AB993B3672,10610AB993B3672,15,66000,TXG,14,2574,66000230013,2,,2017-10-30 07:55:00,10610300755,臺中市烏日區螺潭里太明路97號,0,1,111,112,120,50,127,141,163,172,176,181,188,189,193,206,211,216,218,234,24.0575127673618,120.657241692204,2019-05-29 12:05:03,2017-10-30 07:55:00,2017-10-30