識別碼,案件編號,交通事故主表,縣市識別碼,縣市代碼,所屬縣市簡碼,鄉縣市區識別碼,村里識別碼,里代碼,事故類(A1、A2...An),處理單位代碼,案件時間(西元),案件時間(民國),發生地點,死亡人數,受傷人數(含2~30日內死亡),天氣識別碼,光線識別碼,道路類別識別碼,速限,道路型態識別碼,事故位置識別碼,路面鋪裝識別碼,路面狀態識別碼,路面缺陷識別碼,障礙物視距識別碼,視距識別碼,號誌種類識別碼,號誌動作識別碼,車道劃分設施-分向設施識別碼,快車道或一般車道間識別碼,快慢車道間識別碼,路面邊線識別碼,事故類型及型態識別碼,緯度,經度,本平台資料更新時間(yyyy-MM-dd HH:mm:ss),資料代表時間(yyyy-MM-dd HH:mm:ss),資料代表日期(yyyy-MM-dd)
3495354,10610AB795B3595,10610AB795B3595,15,66000,TXG,240,2087,66000180006,2,,2017-10-30 07:20:00,10610300720,臺中市大雅區橫山里中科路1067號,0,1,111,112,120,50,137,149,163,172,176,181,188,192,196,197,210,215,217,236,24.2052248512685,120.631883323673,2019-05-29 12:05:03,2017-10-30 07:20:00,2017-10-30
3495497,10610AB993B3674,10610AB993B3674,15,66000,TXG,14,2143,66000230004,2,,2017-10-30 09:40:00,10610300940,臺中市烏日區榮泉里中山路三段716號,0,1,111,112,120,70,126,141,163,172,176,181,188,189,193,206,211,216,218,234,24.247840280011,120.680544658016,2019-05-29 12:05:03,2017-10-30 09:40:00,2017-10-30
3495528,10610AB996B3649,10610AB996B3649,15,66000,TXG,288,2181,66000250013,2,,2017-10-30 10:15:00,10610301015,臺中市龍井區新庄里臺灣大道五段與新興路口附近與新興路口,0,1,111,112,120,50,127,141,163,172,176,181,188,190,193,206,211,216,218,230,24.1859689542933,120.586480967609,2019-05-29 12:05:03,2017-10-30 10:15:00,2017-10-30
3495388,10610AB891B3786,10610AB891B3786,15,66000,TXG,247,2255,66000280014,2,,2017-10-30 07:49:00,10610300749,臺中市大里區仁化里鳳凰路237號,0,2,111,112,120,50,137,149,163,172,176,181,188,192,196,201,210,216,218,235,24.0998020372708,120.720509439092,2019-05-29 12:05:03,2017-10-30 07:49:00,2017-10-30
3495806,10610AB791B3547,10610AB791B3547,15,66000,TXG,234,2441,66000090023,2,,2017-10-30 17:40:00,10610301740,臺中市豐原區豐田里豐南街112號,0,2,111,115,120,50,126,142,163,172,176,181,188,192,196,204,209,215,218,229,24.239375980862,120.71405900522,2019-05-29 12:05:03,2017-10-30 17:40:00,2017-10-30
3496214,10610AB791B3553,10610AB791B3553,15,66000,TXG,234,2422,66000090008,2,,2017-10-31 10:27:00,10610311027,臺中市豐原區豐西里中正路圓環西路,0,1,111,112,120,50,127,141,163,172,176,181,188,189,193,197,210,215,217,235,24.2503538303053,120.709171758065,2019-05-29 12:05:03,2017-10-31 10:27:00,2017-10-31
3496005,10610AB791B3550,10610AB791B3550,15,66000,TXG,234,2445,66000090027,2,,2017-10-31 05:59:00,10610310559,臺中市豐原區北陽里豐東路256號,0,1,111,112,120,50,137,149,163,172,176,181,188,192,196,201,211,216,217,235,24.2503031423301,120.73204912694,2019-05-29 12:05:03,2017-10-31 05:59:00,2017-10-31
3537771,10610AB391B3789,10610AB391B3789,15,66000,TXG,228,2073,66000020013,2,,2017-10-31 19:30:00,10610311930,臺中市東區合作里南京東路一段389號,0,2,111,114,120,50,128,141,163,172,176,181,188,189,193,206,211,216,218,234,24.1455915876922,120.696974972817,2019-05-29 12:05:03,2017-10-31 19:30:00,2017-10-31
3496250,10610AB993B3670,10610AB993B3670,15,66000,TXG,14,2277,66000230005,2,,2017-10-31 11:40:00,10610311140,臺中市烏日區學田里中山路三段高鐵二路,0,1,110,112,120,40,126,141,163,172,176,181,188,189,193,197,210,215,217,234,24.1075780909716,120.611182879703,2019-05-29 12:05:03,2017-10-31 11:40:00,2017-10-31
3496058,10610AB994B3667,10610AB994B3667,15,66000,TXG,244,2162,66000240011,2,,2017-10-31 07:35:00,10610310735,臺中市大肚區永順里護岸路路燈桿02202附近路燈桿02202,0,1,111,112,120,30,137,149,163,172,176,181,188,192,196,206,211,216,218,247,24.1549471814589,120.530935575325,2019-05-29 12:05:03,2017-10-31 07:35:00,2017-10-31
3537619,10610AB995B3664,10610AB995B3664,15,66000,TXG,288,2178,66000250010,2,,2017-10-31 15:05:00,10610311505,臺中市龍井區山腳里沙田路六段48巷口附近口,0,1,111,112,120,25,126,142,163,172,176,177,188,192,196,200,211,216,218,230,0.0,0.0,2019-05-29 12:05:03,2017-10-31 15:05:00,2017-10-31
3537535,10610AB791B3554,10610AB791B3554,15,66000,TXG,234,2434,66000090016,2,,2017-10-31 12:05:00,10610311205,臺中市豐原區西湳里東洲路豐洲路,0,2,111,112,120,40,126,141,163,172,176,181,188,192,196,205,210,216,218,234,24.2699063447485,120.708036150418,2019-05-29 12:05:03,2017-10-31 12:05:00,2017-10-31
3496059,10610AB996B3658,10610AB996B3658,15,66000,TXG,288,2184,66000250016,2,,2017-10-31 07:35:00,10610310735,臺中市龍井區東海里都會南街03302燈桿前附近03302燈桿前,0,2,111,112,120,50,137,149,163,172,176,181,188,192,196,205,210,216,217,231,24.187245831503,120.583444588436,2019-05-29 12:05:03,2017-10-31 07:35:00,2017-10-31
3496142,10610AB996B3662,10610AB996B3662,15,66000,TXG,244,2168,66000240017,2,,2017-10-31 08:47:00,10610310847,臺中市大肚區自強里向上路五段與遊園路二段136巷口附近與遊園路二段136巷口,0,1,111,112,120,40,126,142,163,172,176,181,188,189,193,201,211,216,218,235,0.0,0.0,2019-05-29 12:05:03,2017-10-31 08:47:00,2017-10-31
3496158,10610AB791B3794,10610AB791B3794,15,66000,TXG,234,2438,66000090020,2,,2017-10-31 09:06:00,10610310906,臺中市豐原區三村里三和路豐栗路,0,2,111,112,120,50,127,141,163,172,176,181,188,189,193,206,211,216,218,233,24.2316801481506,120.70426705559,2019-05-29 12:05:03,2017-10-31 09:06:00,2017-10-31
3537702,10610AB996B3666,10610AB996B3666,15,66000,TXG,244,2167,66000240016,2,,2017-10-31 17:44:00,10610311744,臺中市大肚區蔗[部]里遊園路二段中蔗路,0,1,111,114,120,50,127,141,163,172,176,181,188,190,193,206,211,216,218,230,24.1688257537438,120.579079484599,2019-05-29 12:05:03,2017-10-31 17:44:00,2017-10-31
3496196,10610AB791B3552,10610AB791B3552,15,66000,TXG,234,2437,66000090019,2,,2017-10-31 10:00:00,10610311000,臺中市豐原區社皮里豐原大道八段與中正路726巷口附近與中正路726巷口,0,1,111,112,120,40,127,141,163,172,176,181,188,191,193,197,210,215,217,234,24.2504402245736,120.703348526018,2019-05-29 12:05:03,2017-10-31 10:00:00,2017-10-31
3537734,10610AB996B3665,10610AB996B3665,15,66000,TXG,288,2183,66000250015,2,,2017-10-31 18:28:00,10610311828,臺中市龍井區新東里新興路53-3號號,0,1,110,114,120,50,126,141,163,172,176,181,188,192,196,206,211,216,218,234,24.1810007749956,120.593302884908,2019-05-29 12:05:03,2017-10-31 18:28:00,2017-10-31
3496128,10610AB491B3799,10610AB491B3799,15,66000,TXG,13,2376,66000070008,2,,2017-10-31 08:30:00,10610310830,臺中市南屯區新生里向上路三段(280029路燈桿前)附近(280029路燈桿前),0,1,111,112,120,40,137,148,163,172,176,181,188,192,196,197,210,215,218,231,24.1449712923734,120.629673947264,2019-05-29 12:05:03,2017-10-31 08:30:00,2017-10-31
3496127,10610AB791B3551,10610AB791B3551,15,66000,TXG,234,2444,66000090026,2,,2017-10-31 08:30:00,10610310830,臺中市豐原區陽明里府前街39號,0,1,111,112,120,50,137,149,163,172,176,181,188,192,196,205,210,216,217,230,0.0,0.0,2019-05-29 12:05:03,2017-10-31 08:30:00,2017-10-31
3495987,10610AB791B3549,10610AB791B3549,15,66000,TXG,234,2454,66000090036,2,,2017-10-31 00:35:00,10610310035,臺中市豐原區朴子里國豐路三段朴子街409巷口附近409巷口,0,2,111,114,120,50,127,141,163,172,176,181,188,191,193,206,211,216,218,234,24.2727901190405,120.73692948697,2019-05-29 12:05:03,2017-10-31 00:35:00,2017-10-31
3496081,10610AB995B3660,10610AB995B3660,15,66000,TXG,288,2177,66000250009,2,,2017-10-31 07:50:00,10610310750,臺中市龍井區忠和里台西南路228巷30號,0,1,111,112,120,40,137,149,163,172,176,181,188,192,196,206,211,216,218,235,24.2184777623318,120.526149288954,2019-05-29 12:05:03,2017-10-31 07:50:00,2017-10-31
3537700,10610AB996B3671,10610AB996B3671,15,66000,TXG,288,2181,66000250013,2,,2017-10-31 17:40:00,10610311740,臺中市龍井區新庄里中部路中&#24269;路(路燈02003)前附近中&#24269;路(路燈02003)前,0,1,110,114,120,40,137,148,163,172,176,181,188,192,196,206,211,216,218,236,0.0,0.0,2019-05-29 12:05:03,2017-10-31 17:40:00,2017-10-31
3537744,10610AB993B3668,10610AB993B3668,15,66000,TXG,14,2277,66000230005,2,,2017-10-31 18:43:00,10610311843,臺中市烏日區學田里學田路419號,0,1,111,112,120,50,137,149,163,172,176,181,188,192,196,201,210,216,217,234,24.1197696587479,120.60779019165,2019-05-29 12:05:03,2017-10-31 18:43:00,2017-10-31
3496147,10610AB996B3661,10610AB996B3661,15,66000,TXG,244,2168,66000240017,2,,2017-10-31 08:50:00,10610310850,臺中市大肚區自強里遊園路二段與遊園路2段181巷口附近與遊園路2段181巷口,0,2,111,112,120,50,127,141,163,172,176,181,188,189,193,206,211,216,218,234,24.1727630405593,120.580024278141,2019-05-29 12:05:03,2017-10-31 08:50:00,2017-10-31
5175783,10710AB794B0068,10710AB794B0068,15,66000,TXG,238,2039,66000160003,2,AB794,2018-10-01 10:09:00,10710011009,臺中市神岡區北庄里中山路1266-1號,0,1,111,112,120,50,137,147,163,172,176,181,188,192,196,205,211,215,218,230,24.2581936550549,120.648631646621,2020-02-04 11:18:43,2018-10-01 10:09:00,2018-10-01
5146023,10710AB793B0137,10710AB793B0137,15,66000,TXG,239,2079,66000170014,2,AB793,2018-10-01 22:48:00,10710012248,臺中市潭子區頭家東里中山路一段頭家東路,0,1,111,114,120,60,127,158,163,172,176,181,188,189,193,206,211,216,218,221,24.1962106823033,120.702527880216,2020-02-04 11:18:43,2018-10-01 22:48:00,2018-10-01
5174495,10710AB491B0051,10710AB491B0051,15,66000,TXG,13,2375,66000070007,2,AB491,2018-10-01 07:20:00,10710010720,臺中市南屯區文山里向上路五段08459號路燈桿附近,0,1,111,112,120,40,137,148,163,172,176,181,188,192,196,197,210,212,218,236,24.1514047063111,120.609934102689,2020-02-04 11:18:43,2018-10-01 07:20:00,2018-10-01
5145594,10710AB391B0125,10710AB391B0125,15,66000,TXG,229,2247,66000030004,2,AB391,2018-10-01 19:54:00,10710011954,臺中市南區德義里國光路134巷與國光路口附近,0,1,111,114,120,40,127,142,163,172,176,181,188,190,193,197,210,215,218,236,24.1200284304977,120.679410786039,2020-02-04 11:18:43,2018-10-01 19:54:00,2018-10-01
5177020,10710AB691B0085,10710AB691B0085,15,66000,TXG,232,2371,66000060019,2,AB691,2018-10-01 13:47:00,10710011347,臺中市西屯區福安里西屯路三段133號,0,2,111,112,120,50,126,141,163,172,176,181,188,190,193,206,211,216,218,234,24.1833852092594,120.630467936533,2020-02-04 11:18:43,2018-10-01 13:47:00,2018-10-01
5312138,10710AB591B0118,10710AB591B0118,15,66000,TXG,233,2410,66000080038,2,AB591,2018-10-01 19:00:00,10710011900,臺中市北屯區平陽里大連路一段近崇德路附近,0,1,111,114,120,50,137,147,163,172,176,181,188,192,196,201,211,215,218,230,24.1751250911597,120.67124162153,2020-02-04 11:18:43,2018-10-01 19:00:00,2018-10-01
5312092,10710A2AZKB0005,10710A2AZKB0005,15,66000,TXG,232,0,66000060000,2,A2AZK,2018-10-01 18:18:00,10710011818,臺中市西屯區東大路與敬德街口附近,0,1,111,114,120,60,127,141,163,172,176,181,188,190,193,197,208,212,218,234,0.0,0.0,2020-02-04 11:18:43,2018-10-01 18:18:00,2018-10-01
5174553,10710AB291B0056,10710AB291B0056,15,66000,TXG,231,1999,66000050036,2,AB291,2018-10-01 07:53:00,10710010753,臺中市北區賴福里太原路近綏遠路附近,0,2,111,112,120,50,126,141,163,172,176,181,188,189,193,206,211,216,218,221,0.0,0.0,2020-02-04 11:18:43,2018-10-01 07:53:00,2018-10-01
5312075,10710AB794B0112,10710AB794B0112,15,66000,TXG,238,2043,66000160007,2,AB794,2018-10-01 18:10:00,10710011810,臺中市神岡區三角里大富路大富路287巷,0,2,111,114,120,40,126,141,163,172,176,181,188,192,196,206,211,216,217,230,0.0,0.0,2020-02-04 11:18:43,2018-10-01 18:10:00,2018-10-01
5312108,10710AB993B0115,10710AB993B0115,15,66000,TXG,14,2145,66000230007,2,AB993,2018-10-01 18:31:00,10710011831,臺中市烏日區仁德里文德街興學街,0,1,111,114,120,50,127,141,163,172,176,181,188,192,196,206,211,216,218,234,24.1041813401602,120.639789409011,2020-02-04 11:18:43,2018-10-01 18:31:00,2018-10-01
5279749,10710AB891B0092,10710AB891B0092,15,66000,TXG,247,2260,66000280019,2,AB891,2018-10-01 15:40:00,10710011540,臺中市大里區東湖里大衛橋路路燈19974附近,0,1,111,112,120,50,137,149,163,172,176,181,188,192,196,201,211,216,217,247,0.0,0.0,2020-02-04 11:18:43,2018-10-01 15:40:00,2018-10-01
5174508,10710AB291B0052,10710AB291B0052,15,66000,TXG,231,2343,66000050001,2,AB291,2018-10-01 07:29:00,10710010729,臺中市北區光大里五權路近公園路附近,0,1,111,112,120,50,137,149,163,172,176,181,188,189,193,197,208,216,218,230,24.1504701676438,120.67650303949,2020-02-04 11:18:43,2018-10-01 07:29:00,2018-10-01
5176454,10710AB491B0078,10710AB491B0078,15,66000,TXG,13,2384,66000070016,2,AB491,2018-10-01 12:55:00,10710011255,臺中市南屯區文心里向心路大墩路,0,1,111,112,120,50,126,149,163,172,176,181,188,192,196,201,210,216,218,234,0.0,0.0,2020-02-04 11:18:43,2018-10-01 12:55:00,2018-10-01
5176404,10710AB591B0072,10710AB591B0072,15,66000,TXG,233,2401,66000080009,2,AB591,2018-10-01 11:45:00,10710011145,臺中市北屯區軍功里松竹路一段環中東路一段,0,1,111,112,120,50,127,141,163,172,176,181,188,189,193,206,211,216,218,230,24.1819772971322,120.72150121368,2020-02-04 11:18:43,2018-10-01 11:45:00,2018-10-01
5304073,10710AB793B0102,10710AB793B0102,15,66000,TXG,239,2566,66000170006,2,AB793,2018-10-01 16:46:00,10710011646,臺中市潭子區甘蔗里潭興路三段112號,0,1,111,112,120,50,137,147,163,172,176,181,188,192,196,201,210,215,218,234,24.2116502280453,120.701109794644,2020-02-04 11:18:43,2018-10-01 16:46:00,2018-10-01
5145954,10710ABA95B0128,10710ABA95B0128,15,66000,TXG,236,2528,66000130016,2,ABA95,2018-10-01 21:00:00,10710012100,臺中市沙鹿區埔子里屏西路鎮南路一段,0,1,111,114,120,50,126,158,163,172,176,181,188,189,193,206,211,216,218,221,24.215550703188,120.570994202115,2020-02-04 11:18:43,2018-10-01 21:00:00,2018-10-01
5177013,10710ABB93B0082,10710ABB93B0082,15,66000,TXG,237,2546,66000150001,2,ABB93,2018-10-01 13:30:00,10710011330,臺中市后里區廣福里三豐路三段(后豐大橋北上)附近,0,1,111,112,120,50,131,148,163,172,176,181,188,192,196,197,210,215,217,235,24.3076057616573,120.721988280296,2020-02-04 11:18:43,2018-10-01 13:30:00,2018-10-01
5312125,10710AB793B0116,10710AB793B0116,15,66000,TXG,239,2081,66000170016,2,AB793,2018-10-01 18:44:00,10710011844,臺中市潭子區家福里大通街榮興街,0,1,111,114,120,50,127,141,163,172,176,181,188,191,193,206,211,216,218,234,24.1920438021241,120.701802400848,2020-02-04 11:18:43,2018-10-01 18:44:00,2018-10-01
5175758,10710AB691B0067,10710AB691B0067,15,66000,TXG,232,2009,66000060010,2,AB691,2018-10-01 09:46:00,10710010946,臺中市西屯區何厝里漢口路一段133號,0,1,111,112,120,50,137,147,163,172,176,181,188,190,193,201,211,215,218,230,0.0,0.0,2020-02-04 11:18:43,2018-10-01 09:46:00,2018-10-01
5176385,10710AB791B0071,10710AB791B0071,15,66000,TXG,234,2433,66000090015,2,AB791,2018-10-01 11:25:00,10710011125,臺中市豐原區東湳里三豐路二段20巷130號,0,1,111,112,120,40,134,149,163,172,176,181,188,192,196,206,211,216,217,229,24.2685752926995,120.718030428904,2020-02-04 11:18:43,2018-10-01 11:25:00,2018-10-01
5174559,10710ABB93B0058,10710ABB93B0058,15,66000,TXG,237,2035,66000150017,2,ABB93,2018-10-01 07:55:00,10710010755,臺中市后里區月眉里甲后路二段552號,0,1,111,112,120,50,137,148,163,172,176,181,188,192,196,201,210,215,217,234,24.3139217623722,120.692091693851,2020-02-04 11:18:43,2018-10-01 07:55:00,2018-10-01
5174534,10710ABB91B0054,10710ABB91B0054,15,66000,TXG,286,2503,66000110024,2,ABB91,2018-10-01 07:41:00,10710010741,臺中市大甲區日南里經國路2548號,0,1,111,112,120,70,137,148,163,172,176,181,188,192,196,197,210,215,217,231,24.3920634556466,120.650103598525,2020-02-04 11:18:43,2018-10-01 07:41:00,2018-10-01
5173877,10710AB591B0040,10710AB591B0040,15,66000,TXG,233,2401,66000080009,2,AB591,2018-10-01 00:20:00,10710010020,臺中市北屯區軍功里松竹路一段965號,0,2,111,114,120,50,127,141,163,172,176,181,188,191,193,206,211,216,218,234,24.1817479437351,120.72285033744,2020-02-04 11:18:43,2018-10-01 00:20:00,2018-10-01
5177017,10710AB691B0084,10710AB691B0084,15,66000,TXG,232,2373,66000060021,2,AB691,2018-10-01 13:41:00,10710011341,臺中市西屯區何仁里櫻花路59號,0,1,111,112,120,40,127,142,163,172,176,181,188,191,193,206,211,216,218,234,24.1711842417253,120.650404368496,2020-02-04 11:18:43,2018-10-01 13:41:00,2018-10-01
5175164,10710AB491B0063,10710AB491B0063,15,66000,TXG,13,2392,66000070024,2,AB491,2018-10-01 08:41:00,10710010841,臺中市南屯區三和里大墩十一街永春東七路,0,1,111,112,120,50,137,149,163,172,176,181,188,192,196,201,210,215,218,231,24.1482749376135,120.633663527213,2020-02-04 11:18:43,2018-10-01 08:41:00,2018-10-01
5175185,10710AB391B0065,10710AB391B0065,15,66000,TXG,229,2279,66000030005,2,AB391,2018-10-01 09:00:00,10710010900,臺中市南區積善里五權南路永南街380巷,0,2,111,114,120,40,126,141,163,172,176,181,188,192,196,206,211,216,218,235,24.1205776131438,120.671392018376,2020-02-04 11:18:43,2018-10-01 09:00:00,2018-10-01
5176378,10710AB591B0070,10710AB591B0070,15,66000,TXG,233,2407,66000080035,2,AB591,2018-10-01 11:18:00,10710011118,臺中市北屯區平心里昌平路一段旅順路二段,0,2,111,112,120,50,127,141,163,172,176,181,188,189,193,206,211,216,218,234,24.1739988127582,120.690486661023,2020-02-04 11:18:43,2018-10-01 11:18:00,2018-10-01
5176413,10710AB891B0073,10710AB891B0073,15,66000,TXG,245,2185,66000260002,2,AB891,2018-10-01 12:01:00,10710011201,臺中市霧峰區吉峰里吉峰路165號,0,1,111,112,120,50,134,149,163,172,176,181,188,192,196,206,211,216,217,235,24.0769171132361,120.714009385866,2020-02-04 11:18:43,2018-10-01 12:01:00,2018-10-01
5146025,10710AB391B0138,10710AB391B0138,15,66000,TXG,229,2292,66000030018,2,AB391,2018-10-01 22:53:00,10710012253,臺中市南區平和里美村南路25號,0,1,111,114,120,40,126,141,163,172,176,180,188,192,196,206,211,216,218,236,24.1177306116175,120.666018937691,2020-02-04 11:18:43,2018-10-01 22:53:00,2018-10-01
5146017,10710ABC91B0136,10710ABC91B0136,15,66000,TXG,246,2228,66000270031,2,ABC91,2018-10-01 22:35:00,10710012235,臺中市太平區宜佳里溪洲西路宜昌路,0,1,111,114,120,50,127,141,163,172,176,181,188,189,193,201,211,216,218,233,24.1410841884714,120.71212427657,2020-02-04 11:18:43,2018-10-01 22:35:00,2018-10-01
5304052,10710AB794B0100,10710AB794B0100,15,66000,TXG,238,2051,66000160015,2,AB794,2018-10-01 16:27:00,10710011627,臺中市神岡區圳堵里三民路650號,0,1,111,112,120,50,126,142,163,172,176,181,188,191,193,201,211,216,217,229,24.2727500556634,120.659639970361,2020-02-04 11:18:43,2018-10-01 16:27:00,2018-10-01
5145991,10710AB793B0133,10710AB793B0133,15,66000,TXG,239,2562,66000170002,2,AB793,2018-10-01 21:50:00,10710012150,臺中市潭子區潭秀里興華一路與興華一路360巷附近,0,1,111,114,120,50,127,141,163,172,176,181,188,189,193,201,211,215,218,235,24.2154339206076,120.703341991644,2020-02-04 11:18:43,2018-10-01 21:50:00,2018-10-01
5311349,10710AB191B0106,10710AB191B0106,15,66000,TXG,230,2334,66000040017,2,AB191,2018-10-01 17:13:00,10710011713,臺中市西區公正里向上路一段與精誠路口附近,0,1,111,112,120,50,127,142,163,172,176,181,188,190,193,206,211,216,218,234,24.1466996542439,120.655118957866,2020-02-04 11:18:43,2018-10-01 17:13:00,2018-10-01
5279757,10710ABA95B0095,10710ABA95B0095,15,66000,TXG,236,2521,66000130009,2,ABA95,2018-10-01 15:52:00,10710011552,臺中市沙鹿區竹林里臺灣大道路七段838號,0,1,111,112,120,40,126,141,163,172,176,181,188,192,196,197,211,213,217,234,0.0,0.0,2020-02-04 11:18:43,2018-10-01 15:52:00,2018-10-01
5312095,10710AB391B0114,10710AB391B0114,15,66000,TXG,229,2296,66000030022,2,AB391,2018-10-01 18:22:00,10710011822,臺中市南區崇倫里忠明南路703號,0,1,111,114,120,50,137,147,163,172,176,181,188,192,196,197,210,215,218,231,24.1286270353416,120.658065723824,2020-02-04 11:18:43,2018-10-01 18:22:00,2018-10-01
5279078,10710AB691B0089,10710AB691B0089,15,66000,TXG,232,2008,66000060009,2,AB691,2018-10-01 14:58:00,10710011458,臺中市西屯區何安里四川西二街36號,0,1,111,112,120,50,126,141,163,172,176,181,188,192,196,206,211,216,218,234,24.1623608842024,120.651658650067,2020-02-04 11:18:43,2018-10-01 14:58:00,2018-10-01
5304069,10710AB291B0101,10710AB291B0101,15,66000,TXG,231,2356,66000050014,2,AB291,2018-10-01 16:44:00,10710011644,臺中市北區頂厝里崇德路一段635號,0,1,111,112,120,40,137,148,163,172,176,181,188,192,196,197,210,215,218,231,0.0,0.0,2020-02-04 11:18:43,2018-10-01 16:44:00,2018-10-01
5174487,10710AB795B0050,10710AB795B0050,15,66000,TXG,240,2087,66000180006,2,AB795,2018-10-01 07:17:00,10710010717,臺中市大雅區橫山里通山路78之2號旁附近,0,1,111,112,120,40,126,141,163,172,176,181,188,192,196,206,211,216,218,234,24.222148482692,120.600027639359,2020-02-04 11:18:43,2018-10-01 07:17:00,2018-10-01
5175736,10710ABB93B0066,10710ABB93B0066,15,66000,TXG,237,2553,66000150008,2,ABB93,2018-10-01 09:25:00,10710010925,臺中市后里區墩南里南村路大圳路,0,1,111,112,120,50,126,141,163,172,176,181,188,189,193,206,211,216,218,230,24.2994217366268,120.712526754831,2020-02-04 11:18:43,2018-10-01 09:25:00,2018-10-01
5175149,10710A2AZKB0002,10710A2AZKB0002,15,66000,TXG,240,0,66000180000,2,A2AZK,2018-10-01 08:30:00,10710010830,臺中市大雅區科雅路(路燈CR52)前附近,0,1,111,112,120,60,137,147,163,172,176,181,188,192,196,197,210,212,217,241,24.2310898990281,120.632287147558,2020-02-04 11:18:43,2018-10-01 08:30:00,2018-10-01
5279731,10710AB795B0091,10710AB795B0091,15,66000,TXG,240,2087,66000180006,2,AB795,2018-10-01 15:17:00,10710011517,臺中市大雅區橫山里中清路四段303號,0,1,111,112,120,50,127,141,163,172,176,181,188,189,193,197,210,216,217,230,24.2385553491623,120.632643342111,2020-02-04 11:18:43,2018-10-01 15:17:00,2018-10-01
5174548,10710AB993B0055,10710AB993B0055,15,66000,TXG,14,2148,66000230010,2,AB993,2018-10-01 07:50:00,10710010750,臺中市烏日區光明里五光路585號,0,1,111,112,120,50,126,142,163,172,176,181,188,189,193,201,210,216,217,234,24.0929329889978,120.647261995454,2020-02-04 11:18:43,2018-10-01 07:50:00,2018-10-01
5174481,10710ABB93B0049,10710ABB93B0049,15,66000,TXG,243,2120,66000210004,2,ABB93,2018-10-01 07:15:00,10710010715,臺中市外埔區大同里六分路366號,0,1,111,112,120,50,126,142,163,172,176,181,188,192,196,206,211,216,218,230,24.3321235790262,120.655126011201,2020-02-04 11:18:43,2018-10-01 07:15:00,2018-10-01
5279752,10710ABC91B0093,10710ABC91B0093,15,66000,TXG,246,2220,66000270023,2,ABC91,2018-10-01 15:44:00,10710011544,臺中市太平區東和里中和街453號,0,1,111,113,120,40,126,141,163,172,176,181,188,192,196,206,211,216,218,234,24.1347886809481,120.726126392019,2020-02-04 11:18:43,2018-10-01 15:44:00,2018-10-01
5311327,10710AB691B0103,10710AB691B0103,15,66000,TXG,232,2318,66000060033,2,AB691,2018-10-01 16:57:00,10710011657,臺中市西屯區福和里臺灣大道四段慢車道(G5150AB32電桿)附近,0,2,111,112,120,40,137,148,163,172,176,181,188,192,196,197,211,212,218,231,24.1740426098956,120.63266140329,2020-02-04 11:18:43,2018-10-01 16:57:00,2018-10-01
5312144,10710AB793B0119,10710AB793B0119,15,66000,TXG,239,2564,66000170004,2,AB793,2018-10-01 19:08:00,10710011908,臺中市潭子區福仁里中山路與環中東路附近,0,1,111,112,120,60,128,141,163,172,176,181,188,189,193,197,210,215,217,234,24.201148831603,120.703612226805,2020-02-04 11:18:43,2018-10-01 19:08:00,2018-10-01
5145997,10710AB591B0135,10710AB591B0135,15,66000,TXG,233,2572,66000080002,2,AB591,2018-10-01 22:03:00,10710012203,臺中市北屯區北屯里昌平路一段文昌東十二街,0,1,111,114,120,50,127,141,163,172,176,181,188,192,196,206,211,216,218,231,24.166709915503,120.693840483471,2020-02-04 11:18:43,2018-10-01 22:03:00,2018-10-01
5311371,10710AB793B0107,10710AB793B0107,15,66000,TXG,239,2564,66000170004,2,AB793,2018-10-01 17:25:00,10710011725,臺中市潭子區福仁里中山路二段環中路,0,1,111,112,120,50,128,141,163,172,176,181,188,189,193,197,210,216,217,231,24.2011667176876,120.703523588588,2020-02-04 11:18:43,2018-10-01 17:25:00,2018-10-01
5175161,10710AB591B0062,10710AB591B0062,15,66000,TXG,233,0,66000080000,2,AB591,2018-10-01 08:40:00,10710010840,臺中市北屯區環中東路三段建軍二街,0,1,111,112,120,50,127,141,163,172,176,181,188,189,193,206,211,216,218,234,24.1619548994102,120.719084374105,2020-02-04 11:18:43,2018-10-01 08:40:00,2018-10-01
5145993,10710AB391B0134,10710AB391B0134,15,66000,TXG,229,2289,66000030015,2,AB391,2018-10-01 21:58:00,10710012158,臺中市南區長春里台中路123號對面附近,0,4,111,114,120,50,137,149,163,172,176,181,188,192,196,205,211,216,218,230,0.0,0.0,2020-02-04 11:18:43,2018-10-01 21:58:00,2018-10-01
5176427,10710AB793B0076,10710AB793B0076,15,66000,TXG,239,2566,66000170006,2,AB793,2018-10-01 12:15:00,10710011215,臺中市潭子區甘蔗里潭興路勝利路,0,2,111,112,120,50,137,147,163,172,176,181,188,192,196,201,210,215,218,230,24.2116529051532,120.700555705054,2020-02-04 11:18:43,2018-10-01 12:15:00,2018-10-01
5175126,10710AB691B0061,10710AB691B0061,15,66000,TXG,232,2009,66000060010,2,AB691,2018-10-01 08:12:00,10710010812,臺中市西屯區何厝里漢口路一段8號,0,1,111,112,120,40,127,149,163,172,176,181,188,192,196,201,210,216,218,234,0.0,0.0,2020-02-04 11:18:43,2018-10-01 08:12:00,2018-10-01