識別碼,案件編號,交通事故主表,縣市識別碼,縣市代碼,所屬縣市簡碼,鄉縣市區識別碼,村里識別碼,里代碼,事故類(A1、A2...An),處理單位代碼,案件時間(西元),案件時間(民國),發生地點,死亡人數,受傷人數(含2~30日內死亡),天氣識別碼,光線識別碼,道路類別識別碼,速限,道路型態識別碼,事故位置識別碼,路面鋪裝識別碼,路面狀態識別碼,路面缺陷識別碼,障礙物視距識別碼,視距識別碼,號誌種類識別碼,號誌動作識別碼,車道劃分設施-分向設施識別碼,快車道或一般車道間識別碼,快慢車道間識別碼,路面邊線識別碼,事故類型及型態識別碼,緯度,經度,本平台資料更新時間(yyyy-MM-dd HH:mm:ss),資料代表時間(yyyy-MM-dd HH:mm:ss),資料代表日期(yyyy-MM-dd)
5174556,10710AB191B0057,10710AB191B0057,15,66000,TXG,230,2302,66000040006,2,AB191,2018-10-01 07:54:00,10710010754,臺中市西區平和里民生路135號,0,2,111,112,120,50,126,141,163,172,176,181,188,192,196,206,211,216,218,234,24.1417087516038,120.672328727653,2020-02-04 11:18:43,2018-10-01 07:54:00,2018-10-01
5145584,10710AB291B0123,10710AB291B0123,15,66000,TXG,231,2357,66000050015,2,AB291,2018-10-01 19:37:00,10710011937,臺中市北區賴厝里漢口路四段236號,0,2,111,114,120,50,137,149,163,172,176,181,188,192,196,201,210,216,218,221,0.0,0.0,2020-02-04 11:18:43,2018-10-01 19:37:00,2018-10-01
5174463,10710ABB91B0048,10710ABB91B0048,15,66000,TXG,286,2496,66000110017,2,ABB91,2018-10-01 06:58:00,10710010658,臺中市大甲區奉化里南北三路98號,0,1,111,112,120,50,137,149,163,172,176,181,188,192,196,205,211,216,217,236,24.3652248244686,120.624071755394,2020-02-04 11:18:43,2018-10-01 06:58:00,2018-10-01
5311334,10710AB993B0104,10710AB993B0104,15,66000,TXG,14,2145,66000230007,2,AB993,2018-10-01 17:00:00,10710011700,臺中市烏日區仁德里興祥街﹑興祥街19巷口附近,0,1,111,112,120,50,127,141,163,172,176,181,188,192,196,201,210,215,218,234,24.1049232900121,120.63761854891101,2020-02-04 11:18:43,2018-10-01 17:00:00,2018-10-01
5173899,10710AB591B0043,10710AB591B0043,15,66000,TXG,233,2403,66000080011,2,AB591,2018-10-01 04:58:00,10710010458,臺中市北屯區東山里東山路二段30號,0,1,111,114,120,50,139,147,163,172,176,181,188,192,196,197,211,215,218,236,24.1983418072895,120.744684171555,2020-02-04 11:18:43,2018-10-01 04:58:00,2018-10-01
5311346,10710ABD91B0105,10710ABD91B0105,15,66000,TXG,241,2095,66000190001,2,ABD91,2018-10-01 17:10:00,10710011710,臺中市新社區新社里東新路三段1巷,0,2,111,112,120,50,126,141,163,172,176,181,188,192,196,201,211,216,217,234,0.0,0.0,2020-02-04 11:18:43,2018-10-01 17:10:00,2018-10-01
5173912,10710AB994B0045,10710AB994B0045,15,66000,TXG,244,2431,66000240001,2,AB994,2018-10-01 06:25:00,10710010625,臺中市大肚區王田里興和路185巷電桿03680號附近附近,0,1,111,112,120,40,136,149,163,172,176,181,188,192,196,206,211,216,218,220,24.1183478658843,120.577664620736,2020-02-04 11:18:43,2018-10-01 06:25:00,2018-10-01
5173878,10710AB793B0041,10710AB793B0041,15,66000,TXG,239,2564,66000170004,2,AB793,2018-10-01 00:35:00,10710010035,臺中市潭子區福仁里潭興路二段旱溪西路,0,1,111,114,120,50,128,141,163,172,176,181,188,191,193,206,211,216,218,233,24.2047377114367,120.715318733387,2020-02-04 11:18:43,2018-10-01 00:35:00,2018-10-01
5145966,10710AB795B0129,10710AB795B0129,15,66000,TXG,240,2091,66000180011,2,AB795,2018-10-01 21:15:00,10710012115,臺中市大雅區四德里中清路三段龍善街,0,2,111,115,120,50,126,141,163,172,176,181,188,190,193,199,211,216,218,234,24.2123849394518,120.649951674371,2020-02-04 11:18:43,2018-10-01 21:15:00,2018-10-01
5312064,10710AB795B0111,10710AB795B0111,15,66000,TXG,240,2092,66000180012,2,AB795,2018-10-01 18:03:00,10710011803,臺中市大雅區上雅里民生路一段361號,0,2,111,114,120,50,137,148,163,172,176,181,188,192,196,205,210,215,217,230,24.229324619199,120.654240604337,2020-02-04 11:18:43,2018-10-01 18:03:00,2018-10-01
5145576,10710AB995B0121,10710AB995B0121,15,66000,TXG,288,2175,66000250007,2,AB995,2018-10-01 19:23:00,10710011923,臺中市龍井區龍津里中央路一段178號,0,2,111,114,120,50,137,149,163,172,176,181,188,192,196,201,210,216,217,232,0.0,0.0,2020-02-04 11:18:43,2018-10-01 19:23:00,2018-10-01
5175825,10710ABB93B0069,10710ABB93B0069,15,66000,TXG,237,2551,66000150006,2,ABB93,2018-10-01 10:49:00,10710011049,臺中市后里區墩東里民生路83號,0,1,111,112,120,50,137,149,163,172,176,177,188,192,196,201,210,216,217,234,0.0,0.0,2020-02-04 11:18:43,2018-10-01 10:49:00,2018-10-01
5311395,10710ABA95B0109,10710ABA95B0109,15,66000,TXG,236,2524,66000130012,2,ABA95,2018-10-01 17:39:00,10710011739,臺中市沙鹿區福興里鎮南路二段近東晉路口附近,0,1,111,112,120,2,126,158,163,172,176,181,188,189,193,206,211,216,218,224,24.2200491508426,120.569510718609,2020-02-04 11:18:43,2018-10-01 17:39:00,2018-10-01
5176420,10710AB691B0074,10710AB691B0074,15,66000,TXG,232,2367,66000060015,2,AB691,2018-10-01 12:10:00,10710011210,臺中市西屯區港尾里環中路一段2490號,0,1,111,112,120,50,127,141,163,172,176,181,188,190,193,206,211,216,218,234,24.2012674852909,120.662800283197,2020-02-04 11:18:43,2018-10-01 12:10:00,2018-10-01
5312149,10710AB391B0120,10710AB391B0120,15,66000,TXG,228,2070,66000020010,2,AB391,2018-10-01 19:12:00,10710011912,臺中市東區十甲里自由路近長福路附近,0,1,111,114,120,50,127,142,163,172,176,181,188,189,193,201,211,215,218,231,0.0,0.0,2020-02-04 11:18:43,2018-10-01 19:12:00,2018-10-01
5279754,10710AB191B0094,10710AB191B0094,15,66000,TXG,230,2556,66000040011,2,AB191,2018-10-01 15:45:00,10710011545,臺中市西區民龍里公益路與臺灣大道二段口附近,0,2,111,112,120,50,128,141,163,172,176,181,188,189,193,206,211,216,218,234,24.1507140632003,120.669809444427,2020-02-04 11:18:43,2018-10-01 15:45:00,2018-10-01
5175108,10710AB691B0059,10710AB691B0059,15,66000,TXG,232,2004,66000060005,2,AB691,2018-10-01 08:04:00,10710010804,臺中市西屯區惠來里市政北一路102號,0,1,111,112,120,40,127,142,163,172,176,181,188,189,193,201,210,215,218,234,24.1591106291362,120.64244777584,2020-02-04 11:18:43,2018-10-01 08:04:00,2018-10-01
5176470,10710ABA95B0079,10710ABA95B0079,15,66000,TXG,236,2523,66000130011,2,ABA95,2018-10-01 13:10:00,10710011310,臺中市沙鹿區北勢里北勢東路北英路,0,1,111,112,120,50,126,141,163,172,176,181,188,192,196,206,211,216,218,235,24.227398521293,120.57477476826,2020-02-04 11:18:43,2018-10-01 13:10:00,2018-10-01
5311412,10710AB793B0110,10710AB793B0110,15,66000,TXG,239,2564,66000170004,2,AB793,2018-10-01 17:48:00,10710011748,臺中市潭子區福仁里中山路二段大新路,0,1,111,112,120,60,126,141,163,172,176,181,188,189,193,206,211,216,218,234,24.2025039224535,120.703973329088,2020-02-04 11:18:43,2018-10-01 17:48:00,2018-10-01
5175124,10710AB993B0060,10710AB993B0060,15,66000,TXG,14,0,66000230000,2,AB993,2018-10-01 08:10:00,10710010810,臺中市烏日區溪南路一段126巷GE229EE25電桿前附近,0,1,111,112,120,40,137,149,163,172,176,181,188,192,196,206,210,216,217,235,0.0,0.0,2020-02-04 11:18:43,2018-10-01 08:10:00,2018-10-01
5173891,10710AB891B0042,10710AB891B0042,15,66000,TXG,247,2261,66000280020,2,AB891,2018-10-01 02:54:00,10710010254,臺中市大里區西湖里大峰路135號附近,0,1,111,114,120,60,137,145,163,172,176,181,188,192,196,197,210,215,217,241,24.0878626400369,120.686931174586,2020-02-04 11:18:43,2018-10-01 02:54:00,2018-10-01
5311377,10710AB994B0108,10710AB994B0108,15,66000,TXG,244,2157,66000240005,2,AB994,2018-10-01 17:30:00,10710011730,臺中市大肚區社腳里沙田路一段935號,0,1,111,112,120,50,127,141,163,172,176,181,188,189,193,206,211,216,218,233,24.1331549000104,120.553826323536,2020-02-04 11:18:43,2018-10-01 17:30:00,2018-10-01
5146030,10710ABA94B0139,10710ABA94B0139,15,66000,TXG,312,2545,66000140014,2,ABA94,2018-10-01 23:09:00,10710012309,臺中市梧棲區永安里中央路一段123之17號,0,1,111,114,120,50,126,142,163,172,176,181,188,192,196,201,211,216,217,235,0.0,0.0,2020-02-04 11:18:43,2018-10-01 23:09:00,2018-10-01
5145980,10710AB391B0132,10710AB391B0132,15,66000,TXG,229,2289,66000030015,2,AB391,2018-10-01 21:38:00,10710012138,臺中市南區長春里復興路三段與台中路口附近,0,1,111,114,120,50,127,141,163,172,176,181,188,189,193,206,211,216,218,236,24.1344079066916,120.682956823548,2020-02-04 11:18:43,2018-10-01 21:38:00,2018-10-01
5312090,10710AB795B0113,10710AB795B0113,15,66000,TXG,240,2087,66000180006,2,AB795,2018-10-01 18:18:00,10710011818,臺中市大雅區橫山里中科路1190號,0,2,111,115,120,40,126,148,163,172,176,181,188,192,196,197,210,214,217,230,24.2052249987494,120.631876595292,2020-02-04 11:18:43,2018-10-01 18:18:00,2018-10-01
5173913,10710AB391B0046,10710AB391B0046,15,66000,TXG,229,2281,66000030007,2,AB391,2018-10-01 06:29:00,10710010629,臺中市南區新榮里復興路學府路,0,1,111,112,120,50,127,141,163,172,176,181,188,189,193,206,211,216,218,221,24.1303876973271,120.673364206109,2020-02-04 11:18:43,2018-10-01 06:29:00,2018-10-01
5145613,10710ABA95B0126,10710ABA95B0126,15,66000,TXG,236,2520,66000130008,2,ABA95,2018-10-01 20:35:00,10710012035,臺中市沙鹿區鹿寮里光華路家樂福前附近,0,2,111,114,120,50,138,149,163,172,176,181,188,190,193,200,208,215,217,235,24.2341983987219,120.563013661898,2020-02-04 11:18:43,2018-10-01 20:35:00,2018-10-01
5145621,10710AB491B0127,10710AB491B0127,15,66000,TXG,13,2389,66000070021,2,AB491,2018-10-01 20:44:00,10710012044,臺中市南屯區大業里大墩路大業路,0,1,111,114,120,50,127,141,163,172,176,181,188,190,193,206,211,216,218,234,24.1535948953641,120.649776787144,2020-02-04 11:18:43,2018-10-01 20:44:00,2018-10-01
5279760,10710AB591B0096,10710AB591B0096,15,66000,TXG,233,2406,66000080034,2,AB591,2018-10-01 15:55:00,10710011555,臺中市北屯區北京里進化路660號,0,1,111,112,120,40,137,148,163,172,176,181,188,192,196,197,210,215,218,236,24.1614838923935,120.694074449309,2020-02-04 11:18:43,2018-10-01 15:55:00,2018-10-01
5279043,10710AB491B0086,10710AB491B0086,15,66000,TXG,13,2378,66000070010,2,AB491,2018-10-01 14:09:00,10710011409,臺中市南屯區三厝里向上路惠中路,0,1,111,112,120,50,127,141,163,172,176,180,188,189,193,206,211,216,218,234,24.1468828946018,120.640614457352,2020-02-04 11:18:43,2018-10-01 14:09:00,2018-10-01
5174532,10710AB996B0053,10710AB996B0053,15,66000,TXG,288,2181,66000250013,2,AB996,2018-10-01 07:40:00,10710010740,臺中市龍井區新庄里遊園南路2號,0,1,111,112,120,50,137,149,163,172,176,181,188,192,196,201,210,216,217,234,24.1846358372924,120.585418279676,2020-02-04 11:18:43,2018-10-01 07:40:00,2018-10-01
5145972,10710AB291B0130,10710AB291B0130,15,66000,TXG,231,2364,66000050022,2,AB291,2018-10-01 21:26:00,10710012126,臺中市北區明德里忠太東路忠明八街附近,0,1,111,112,120,50,127,142,163,172,176,181,188,189,193,201,211,216,218,235,24.164250513806,120.670522582652,2020-02-04 11:18:43,2018-10-01 21:26:00,2018-10-01
5177008,10710ABA95B0080,10710ABA95B0080,15,66000,TXG,236,2523,66000130011,2,ABA95,2018-10-01 13:27:00,10710011327,臺中市沙鹿區北勢里北勢東路668號,0,2,111,112,120,50,126,141,163,172,176,181,188,192,196,206,211,216,218,234,24.2297500461684,120.57300819725,2020-02-04 11:18:43,2018-10-01 13:27:00,2018-10-01
5312126,10710AB291B0117,10710AB291B0117,15,66000,TXG,231,2348,66000050006,2,AB291,2018-10-01 18:45:00,10710011845,臺中市北區樂英里雙十路近力行路附近,0,1,111,114,120,50,137,149,163,172,176,181,188,192,196,201,210,216,218,231,0.0,0.0,2020-02-04 11:18:43,2018-10-01 18:45:00,2018-10-01
5176438,10710AB491B0077,10710AB491B0077,15,66000,TXG,13,2378,66000070010,2,AB491,2018-10-01 12:28:00,10710011228,臺中市南屯區三厝里向上路三段51號,0,1,111,112,120,50,137,149,163,172,176,179,188,192,196,201,208,216,218,236,24.1463912289579,120.635240157742,2020-02-04 11:18:43,2018-10-01 12:28:00,2018-10-01
5177010,10710ABA95B0081,10710ABA95B0081,15,66000,TXG,236,2526,66000130014,2,ABA95,2018-10-01 13:28:00,10710011328,臺中市沙鹿區六路里臺灣大道路六段近正英路口附近,0,1,111,112,120,40,126,141,163,172,176,181,187,190,193,197,210,213,217,221,0.0,0.0,2020-02-04 11:18:43,2018-10-01 13:28:00,2018-10-01
5146037,10710AB691B0140,10710AB691B0140,15,66000,TXG,232,2313,66000060028,2,AB691,2018-10-01 23:40:00,10710012340,臺中市西屯區上德里臺灣大道河南路,0,1,111,114,120,50,127,141,163,172,176,181,188,190,193,206,211,216,218,234,24.1676055439785,120.640812355979,2020-02-04 11:18:43,2018-10-01 23:40:00,2018-10-01
5145978,10710AB996B0131,10710AB996B0131,15,66000,TXG,288,2181,66000250013,2,AB996,2018-10-01 21:33:00,10710012133,臺中市龍井區新庄里臺灣大道六段水裡社路,0,2,110,114,120,40,127,141,163,172,176,181,188,189,193,206,211,216,218,236,24.1912445138848,120.579897231837,2020-02-04 11:18:43,2018-10-01 21:33:00,2018-10-01
5173908,10710ABC91B0044,10710ABC91B0044,15,66000,TXG,246,2218,66000270021,2,ABC91,2018-10-01 06:13:00,10710010613,臺中市太平區永平里中興東路中興東路159巷,0,2,111,112,120,50,126,142,163,172,176,181,188,192,196,201,210,215,217,234,24.1314326963569,120.722348676672,2020-02-04 11:18:43,2018-10-01 06:13:00,2018-10-01
5304035,10710AB291B0098,10710AB291B0098,15,66000,TXG,231,2353,66000050011,2,AB291,2018-10-01 16:11:00,10710011611,臺中市北區金龍里三民路三段441號,0,1,111,112,120,50,137,149,163,172,176,181,188,192,196,197,210,216,218,236,24.1577337908458,120.68967508018,2020-02-04 11:18:43,2018-10-01 16:11:00,2018-10-01
5145588,10710AB291B0124,10710AB291B0124,15,66000,TXG,231,2362,66000050020,2,AB291,2018-10-01 19:44:00,10710011944,臺中市北區錦祥里雙十路二段錦祥路附近,0,1,111,114,120,50,137,149,163,172,176,181,188,192,196,201,210,216,218,247,24.1489471174764,120.687226110102,2020-02-04 11:18:43,2018-10-01 19:44:00,2018-10-01
5279057,10710AB491B0087,10710AB491B0087,15,66000,TXG,13,2381,66000070013,2,AB491,2018-10-01 14:31:00,10710011431,臺中市南屯區黎明里黎明路二段530號,0,1,111,112,120,50,126,141,163,172,176,181,188,192,196,206,211,216,218,234,24.147554537555,120.635939677118,2020-02-04 11:18:43,2018-10-01 14:31:00,2018-10-01
5177015,10710ABA95B0083,10710ABA95B0083,15,66000,TXG,236,2518,66000130006,2,ABA95,2018-10-01 13:35:00,10710011335,臺中市沙鹿區斗抵里沙田路南斗路392巷口附近,0,1,111,112,120,60,126,141,163,172,176,181,188,189,193,206,211,216,218,234,24.21871727097,120.554344970905,2020-02-04 11:18:43,2018-10-01 13:35:00,2018-10-01
5145582,10710ABB91B0122,10710ABB91B0122,15,66000,TXG,286,2484,66000110005,2,ABB91,2018-10-01 19:33:00,10710011933,臺中市大甲區平安里八德街八德街126巷,0,1,111,114,120,50,127,141,163,172,176,181,188,192,196,206,211,216,218,233,24.353688529043,120.619099152869,2020-02-04 11:18:43,2018-10-01 19:33:00,2018-10-01
5175179,10710AB691B0064,10710AB691B0064,15,66000,TXG,232,2372,66000060020,2,AB691,2018-10-01 08:58:00,10710010858,臺中市西屯區協和里工業區四十一路23號,0,1,111,112,120,50,137,149,163,172,176,181,188,192,196,205,211,216,218,234,24.1723648877422,120.585184896577,2020-02-04 11:18:43,2018-10-01 08:58:00,2018-10-01
5279763,10710AB391B0097,10710AB391B0097,15,66000,TXG,229,2246,66000030003,2,AB391,2018-10-01 15:57:00,10710011557,臺中市南區南門里興大路合作街,0,2,111,112,120,50,127,141,163,172,176,181,188,189,193,206,211,216,218,236,24.1241949046214,120.682558953786,2020-02-04 11:18:43,2018-10-01 15:57:00,2018-10-01
5279077,10710AB691B0088,10710AB691B0088,15,66000,TXG,232,2309,66000060024,2,AB691,2018-10-01 14:56:00,10710011456,臺中市西屯區西平里逢甲路162號,0,1,111,112,120,50,137,147,163,172,176,181,188,192,196,201,211,215,218,230,24.1779700556214,120.642613736124,2020-02-04 11:18:43,2018-10-01 14:56:00,2018-10-01
5304046,10710AB793B0099,10710AB793B0099,15,66000,TXG,239,2563,66000170003,2,AB793,2018-10-01 16:20:00,10710011620,臺中市潭子區潭北里潭子街三段100號,0,1,110,112,120,40,127,141,163,172,176,181,187,192,196,206,211,216,218,233,24.2150544689069,120.706377258704,2020-02-04 11:18:43,2018-10-01 16:20:00,2018-10-01
5173923,10710AB191B0047,10710AB191B0047,15,66000,TXG,230,2303,66000040007,2,AB191,2018-10-01 06:49:00,10710010649,臺中市西區公民里林森路柳川西路附近,0,1,111,112,120,50,127,141,163,172,176,181,188,189,193,206,211,216,218,234,24.1387764487945,120.669407180594,2020-02-04 11:18:43,2018-10-01 06:49:00,2018-10-01
5279079,10710ABA95B0090,10710ABA95B0090,15,66000,TXG,236,2523,66000130011,2,ABA95,2018-10-01 14:58:00,10710011458,臺中市沙鹿區北勢里臺灣大道路七段303巷,0,1,111,112,120,40,126,141,163,172,176,181,188,192,196,197,209,212,217,234,0.0,0.0,2020-02-04 11:18:43,2018-10-01 14:58:00,2018-10-01
5176429,10710AB391B0075,10710AB391B0075,15,66000,TXG,229,2283,66000030009,2,AB391,2018-10-01 12:15:00,10710011215,臺中市南區福平里三民路一段11之2號附近,0,1,111,112,120,50,126,142,163,172,176,181,188,192,196,201,211,215,218,235,0.0,0.0,2020-02-04 11:18:43,2018-10-01 12:15:00,2018-10-01
5149457,10710AB491B0160,10710AB491B0160,15,66000,TXG,13,2375,66000070007,2,AB491,2018-10-02 08:18:00,10710020818,臺中市南屯區文山里忠勇路64號,0,2,111,112,120,40,126,142,163,172,176,181,188,192,196,201,211,215,218,221,24.1544600484907,120.61677077923,2020-02-04 11:18:43,2018-10-02 08:18:00,2018-10-02
5131720,10710ABA94B0207,10710ABA94B0207,15,66000,TXG,312,2540,66000140009,2,ABA94,2018-10-02 16:45:00,10710021645,臺中市梧棲區福德里臺灣大道八段946號,0,1,111,112,120,40,137,148,163,172,176,181,188,192,196,206,211,214,217,227,24.249093449328,120.539084703476,2020-02-04 11:18:43,2018-10-02 16:45:00,2018-10-02
5149234,10710AB591B0158,10710AB591B0158,15,66000,TXG,233,2032,66000080033,2,AB591,2018-10-02 08:12:00,10710020812,臺中市北屯區松勇里松竹路二段松竹路二段86巷29弄86巷附近,0,1,111,112,120,50,127,141,163,172,176,181,188,192,196,206,211,216,218,233,24.1827655581631,120.69916644432,2020-02-04 11:18:43,2018-10-02 08:12:00,2018-10-02
5150845,10710AB391B0193,10710AB391B0193,15,66000,TXG,229,2289,66000030015,2,AB391,2018-10-02 13:58:00,10710021358,臺中市南區長春里台中路與復興路口附近,0,1,111,112,120,50,127,142,163,172,176,181,188,190,193,201,210,215,218,231,24.1344079066916,120.682956823548,2020-02-04 11:18:43,2018-10-02 13:58:00,2018-10-02
5133034,10710ABA95B0223,10710ABA95B0223,15,66000,TXG,311,2508,66000120028,2,ABA95,2018-10-02 18:40:00,10710021840,臺中市清水區下湳里中山路荷園街附近,0,2,111,114,120,40,137,152,163,172,176,181,188,190,193,197,210,215,218,231,24.2834648384268,120.582941370096,2020-02-04 11:18:43,2018-10-02 18:40:00,2018-10-02
5307539,10710AB191B0238,10710AB191B0238,15,66000,TXG,230,2337,66000040020,2,AB191,2018-10-02 21:22:00,10710022122,臺中市西區公益里忠明南路181號,0,2,111,112,120,50,127,141,163,172,176,181,188,189,193,197,210,215,218,231,24.1493216015114,120.657359920457,2020-02-04 11:18:43,2018-10-02 21:22:00,2018-10-02
5133056,10710AB591B0227,10710AB591B0227,15,66000,TXG,233,2414,66000080042,2,AB591,2018-10-02 19:05:00,10710021905,臺中市北屯區忠平里敦化路一段陳平一街,0,1,111,114,120,50,126,141,163,172,176,181,188,189,193,206,211,216,218,221,24.1866513153999,120.665996370411,2020-02-04 11:18:43,2018-10-02 19:05:00,2018-10-02
5149206,10710ABA94B0154,10710ABA94B0154,15,66000,TXG,312,2539,66000140007,2,ABA94,2018-10-02 07:58:00,10710020758,臺中市梧棲區草湳里文化路一段近文昌路口附近,0,1,111,112,120,50,126,142,163,172,176,181,188,190,193,206,211,216,218,230,24.2479980887894,120.528589830228,2020-02-04 11:18:43,2018-10-02 07:58:00,2018-10-02
5132340,10710AB591B0213,10710AB591B0213,15,66000,TXG,233,2402,66000080010,2,AB591,2018-10-02 17:50:00,10710021750,臺中市北屯區和平里東山路一段與經補路口附近,0,1,111,112,120,50,128,141,163,172,176,181,188,189,193,206,211,216,218,231,24.1698598942413,120.702252112179,2020-02-04 11:18:43,2018-10-02 17:50:00,2018-10-02
5180652,10710AB793B0230,10710AB793B0230,15,66000,TXG,239,2567,66000170007,2,AB793,2018-10-02 19:42:00,10710021942,臺中市潭子區東寶里雅潭路二段132巷,0,2,111,114,120,50,127,141,163,172,176,181,188,189,193,206,211,216,218,234,0.0,0.0,2020-02-04 11:18:43,2018-10-02 19:42:00,2018-10-02
5149508,10710AB691B0164,10710AB691B0164,15,66000,TXG,232,2001,66000060002,2,AB691,2018-10-02 08:49:00,10710020849,臺中市西屯區西墩里黎明路三段211號,0,2,111,112,120,50,137,148,163,172,176,181,188,192,196,205,211,215,218,234,24.1764638655336,120.63744451307,2020-02-04 11:18:43,2018-10-02 08:49:00,2018-10-02
5150853,10710AB691B0194,10710AB691B0194,15,66000,TXG,232,2004,66000060005,2,AB691,2018-10-02 14:08:00,10710021408,臺中市西屯區惠來里市政路77號,0,1,111,112,120,40,137,148,163,172,176,181,188,190,193,197,210,215,218,231,24.1570420382932,120.642092981942,2020-02-04 11:18:43,2018-10-02 14:08:00,2018-10-02
5133026,10710AB691B0221,10710AB691B0221,15,66000,TXG,232,2319,66000060034,2,AB691,2018-10-02 18:33:00,10710021833,臺中市西屯區福中里工業區一路60-3號,0,1,111,113,120,50,137,149,163,172,176,181,188,192,196,200,210,216,218,235,24.1776868756044,120.613757965614,2020-02-04 11:18:43,2018-10-02 18:33:00,2018-10-02
5150258,10710AB491B0188,10710AB491B0188,15,66000,TXG,13,2325,66000070001,2,AB491,2018-10-02 12:30:00,10710021230,臺中市南屯區南屯里南屯路萬和路,0,2,111,112,120,40,127,141,163,172,176,181,188,192,196,206,211,216,218,233,24.1388176344564,120.639721952856,2020-02-04 11:18:43,2018-10-02 12:30:00,2018-10-02
5149814,10710ABC91B0176,10710ABC91B0176,15,66000,TXG,246,2226,66000270029,2,ABC91,2018-10-02 10:34:00,10710021034,臺中市太平區新吉里中山路三段富宜路,0,1,111,112,120,50,127,141,163,172,176,181,188,189,193,206,211,216,218,234,24.1488889429821,120.718798059817,2020-02-04 11:18:43,2018-10-02 10:34:00,2018-10-02
5132293,10710AB691B0209,10710AB691B0209,15,66000,TXG,232,2004,66000060005,2,AB691,2018-10-02 17:16:00,10710021716,臺中市西屯區惠來里市政北二路18-1號,0,1,111,112,120,50,137,147,163,172,176,181,188,192,196,201,211,215,218,234,24.1602751330926,120.642774337524,2020-02-04 11:18:43,2018-10-02 17:16:00,2018-10-02
5307558,10710ABA95B0240,10710ABA95B0240,15,66000,TXG,236,2526,66000130014,2,ABA95,2018-10-02 21:49:00,10710022149,臺中市沙鹿區六路里北勢東路北勢東路265巷,0,1,111,114,120,50,127,141,163,172,176,181,188,189,193,206,211,216,218,233,24.2154309647217,120.579865037623,2020-02-04 11:18:43,2018-10-02 21:49:00,2018-10-02
5149535,10710AB691B0169,10710AB691B0169,15,66000,TXG,232,2002,66000060003,2,AB691,2018-10-02 09:18:00,10710020918,臺中市西屯區潮洋里環中路三段96號,0,1,111,112,120,50,137,149,163,172,176,180,183,190,193,197,210,216,218,235,24.1605166565117,120.627900201236,2020-02-04 11:18:43,2018-10-02 09:18:00,2018-10-02
5150254,10710AB291B0187,10710AB291B0187,15,66000,TXG,231,2362,66000050020,2,AB291,2018-10-02 12:27:00,10710021227,臺中市北區錦祥里進化路梅亭東街,0,2,111,112,120,40,126,141,163,172,176,181,188,192,196,203,210,215,218,231,24.1592798042654,120.694340399057,2020-02-04 11:18:43,2018-10-02 12:27:00,2018-10-02
5150832,10710AB691B0190,10710AB691B0190,15,66000,TXG,232,2008,66000060009,2,AB691,2018-10-02 13:36:00,10710021336,臺中市西屯區何安里青海路二段42號,0,1,111,112,120,50,127,142,163,172,176,181,188,189,193,204,209,216,217,233,24.1702577422932,120.644233273606,2020-02-04 11:18:43,2018-10-02 13:36:00,2018-10-02
5150880,10710ABB93B0199,10710ABB93B0199,15,66000,TXG,237,2036,66000150018,2,ABB93,2018-10-02 14:56:00,10710021456,臺中市后里區義德里三豐路三段1062號,0,1,111,112,120,50,137,147,163,172,176,181,188,192,196,197,210,215,217,231,24.307360559791398,120.722024736879,2020-02-04 11:18:43,2018-10-02 14:56:00,2018-10-02
5146104,10710ABA94B0144,10710ABA94B0144,15,66000,TXG,312,2539,66000140007,2,ABA94,2018-10-02 07:11:00,10710020711,臺中市梧棲區草湳里港埠路一段自強一街,0,1,111,112,120,60,127,141,163,172,176,181,188,190,193,206,211,216,218,234,24.2389820675493,120.531439506585,2020-02-04 11:18:43,2018-10-02 07:11:00,2018-10-02
5150900,10710AB891B0200,10710AB891B0200,15,66000,TXG,247,2252,66000280011,2,AB891,2018-10-02 15:23:00,10710021523,臺中市大里區新仁里立仁路與公教街口附近,0,2,111,112,120,50,126,142,163,172,176,181,188,189,193,200,211,216,217,230,24.106603898747,120.704145030315,2020-02-04 11:18:43,2018-10-02 15:23:00,2018-10-02
5150839,10710ABD91B0192,10710ABD91B0192,15,66000,TXG,235,2473,66000100019,2,ABD91,2018-10-02 13:50:00,10710021350,臺中市東勢區粵寧里東蘭路54之2號,0,1,111,112,120,60,127,142,163,171,176,181,188,192,196,201,210,215,217,235,24.3043345250908,120.811360375195,2020-02-04 11:18:43,2018-10-02 13:50:00,2018-10-02
5307278,10710AB391B0022,10710AB391B0022,15,66000,TXG,229,2293,66000030019,2,AB391,2018-10-02 20:10:00,10710022010,臺中市南區南和里高工路高工路386巷,0,2,111,114,120,50,127,141,163,172,176,181,188,192,196,206,211,216,218,230,24.1142755129841,120.667394442713,2020-02-04 11:18:43,2018-10-02 20:10:00,2018-10-02
5133022,10710AB391B0219,10710AB391B0219,15,66000,TXG,228,2071,66000020011,2,AB391,2018-10-02 18:30:00,10710021830,臺中市東區東南里精武路南京東路,0,1,111,114,120,50,127,142,163,172,176,181,188,189,193,201,211,215,218,231,24.1480261509107,120.697299495584,2020-02-04 11:18:43,2018-10-02 18:30:00,2018-10-02
5150228,10710AB491B0181,10710AB491B0181,15,66000,TXG,13,2432,66000070005,2,AB491,2018-10-02 11:56:00,10710021156,臺中市南屯區春社里嶺東路1號,0,2,111,112,120,50,126,141,163,172,176,181,188,189,193,206,211,216,218,234,24.1536852744389,120.612803593663,2020-02-04 11:18:43,2018-10-02 11:56:00,2018-10-02