識別碼,案件編號,交通事故主表,縣市識別碼,縣市代碼,所屬縣市簡碼,鄉縣市區識別碼,村里識別碼,里代碼,事故類(A1、A2...An),處理單位代碼,案件時間(西元),案件時間(民國),發生地點,死亡人數,受傷人數(含2~30日內死亡),天氣識別碼,光線識別碼,道路類別識別碼,速限,道路型態識別碼,事故位置識別碼,路面鋪裝識別碼,路面狀態識別碼,路面缺陷識別碼,障礙物視距識別碼,視距識別碼,號誌種類識別碼,號誌動作識別碼,車道劃分設施-分向設施識別碼,快車道或一般車道間識別碼,快慢車道間識別碼,路面邊線識別碼,事故類型及型態識別碼,緯度,經度,本平台資料更新時間(yyyy-MM-dd HH:mm:ss),資料代表時間(yyyy-MM-dd HH:mm:ss),資料代表日期(yyyy-MM-dd)
5132373,10710AB691B0216,10710AB691B0216,15,66000,TXG,232,2368,66000060016,2,AB691,2018-10-02 18:18:00,10710021818,臺中市西屯區廣福里廣興巷11-2號,0,1,111,114,120,40,136,149,163,172,176,181,188,192,196,206,211,216,218,234,24.199762148216,120.649363822158,2020-02-04 11:18:43,2018-10-02 18:18:00,2018-10-02
5150923,10710AB996B0203,10710AB996B0203,15,66000,TXG,288,2184,66000250016,2,AB996,2018-10-02 15:55:00,10710021555,臺中市龍井區東海里藝術南街29號,0,1,111,112,120,40,137,149,163,172,176,181,188,192,196,206,211,216,218,235,24.1873820091965,120.593013924277,2020-02-04 11:18:43,2018-10-02 15:55:00,2018-10-02
5150865,10710AB591B0197,10710AB591B0197,15,66000,TXG,233,2409,66000080037,2,AB591,2018-10-02 14:30:00,10710021430,臺中市北屯區松和里昌平路二段11之1號,0,1,111,112,120,50,127,141,163,172,176,181,188,189,193,206,211,216,218,234,24.1899977783873,120.684187467354,2020-02-04 11:18:43,2018-10-02 14:30:00,2018-10-02
5149858,10710AB793B0180,10710AB793B0180,15,66000,TXG,239,2570,66000170010,2,AB793,2018-10-02 11:19:00,10710021119,臺中市潭子區栗林里中山路三段305巷21號,0,2,111,112,123,40,127,141,163,172,176,181,187,192,196,206,211,216,218,233,24.2205676325504,120.704687316529,2020-02-04 11:18:43,2018-10-02 11:19:00,2018-10-02
5311481,10710AB591B0305,10710AB591B0305,15,66000,TXG,233,2400,66000080008,2,AB591,2018-10-03 13:16:00,10710031316,臺中市北屯區水景里環中東路二段景賢路,0,2,111,112,120,40,126,148,163,172,176,181,188,189,193,197,210,215,218,236,24.1669516468053,120.721012214985,2020-02-04 11:18:43,2018-10-03 13:16:00,2018-10-03
5193228,10710AB391B0329,10710AB391B0329,15,66000,TXG,228,2243,66000020017,2,AB391,2018-10-03 16:58:00,10710031658,臺中市東區東英里東英十七街117號,0,1,111,112,120,50,137,149,163,172,176,181,188,192,196,203,211,216,218,235,24.1481124616456,120.710451536726,2020-02-04 11:18:43,2018-10-03 16:58:00,2018-10-03
5193324,10710ABD91B0339,10710ABD91B0339,15,66000,TXG,235,2473,66000100019,2,ABD91,2018-10-03 17:58:00,10710031758,臺中市東勢區粵寧里新豐街92號,0,3,110,114,120,50,137,147,163,172,176,181,188,189,193,201,211,215,217,234,24.2639890612879,120.825811749092,2020-02-04 11:18:43,2018-10-03 17:58:00,2018-10-03
5193290,10710AB391B0333,10710AB391B0333,15,66000,TXG,229,2285,66000030011,2,AB391,2018-10-03 17:32:00,10710031732,臺中市南區永興里美村南路高工路,0,2,111,112,120,50,127,141,163,172,176,181,188,189,193,206,211,216,218,234,24.1141295866546,120.666725876237,2020-02-04 11:18:43,2018-10-03 17:32:00,2018-10-03
5312164,10710AB691B0315,10710AB691B0315,15,66000,TXG,232,2308,66000060023,2,AB691,2018-10-03 14:12:00,10710031412,臺中市西屯區何源里華美西街二段379號,0,1,111,112,120,50,126,149,163,172,176,181,188,192,196,201,211,216,218,231,24.1663249587338,120.665124611409,2020-02-04 11:18:43,2018-10-03 14:12:00,2018-10-03
5310263,10710AB591B0287,10710AB591B0287,15,66000,TXG,233,2395,66000080003,2,AB591,2018-10-03 10:20:00,10710031020,臺中市北屯區三光里三光一街53號,0,2,111,112,120,50,137,149,163,172,176,181,188,192,196,205,211,216,218,234,24.1663461530041,120.697913830427,2020-02-04 11:18:43,2018-10-03 10:20:00,2018-10-03
5193926,10710ABC91B0347,10710ABC91B0347,15,66000,TXG,246,2228,66000270031,2,ABC91,2018-10-03 18:58:00,10710031858,臺中市太平區宜佳里環中東路四段十甲路,0,2,111,114,120,50,127,141,163,172,176,181,188,189,193,206,211,216,218,234,24.1451754046868,120.712616944341,2020-02-04 11:18:43,2018-10-03 18:58:00,2018-10-03
5309906,10710AB691B0285,10710AB691B0285,15,66000,TXG,232,2368,66000060016,2,AB691,2018-10-03 09:23:00,10710030923,臺中市西屯區廣福里廣興巷16之3號,0,2,111,112,120,40,127,141,163,172,176,181,188,192,196,206,211,216,218,234,24.199762148216,120.649363822158,2020-02-04 11:18:43,2018-10-03 09:23:00,2018-10-03
5193897,10710ABC91B0343,10710ABC91B0343,15,66000,TXG,246,2201,66000270002,2,ABC91,2018-10-03 18:30:00,10710031830,臺中市太平區長億里長億六街太平三街,0,1,111,114,120,50,127,141,163,172,176,181,188,189,193,206,211,215,218,234,24.115851247978,120.719175251545,2020-02-04 11:18:43,2018-10-03 18:30:00,2018-10-03
5308681,10710AB691B0249,10710AB691B0249,15,66000,TXG,232,2006,66000060007,2,AB691,2018-10-03 01:03:00,10710030103,臺中市西屯區逢甲里福星路546號,0,1,111,114,120,40,127,141,163,172,176,181,188,192,196,206,211,216,218,234,24.1761152212898,120.645367791331,2020-02-04 11:18:43,2018-10-03 01:03:00,2018-10-03
5308692,10710AB591B0252,10710AB591B0252,15,66000,TXG,233,2412,66000080040,2,AB591,2018-10-03 02:34:00,10710030234,臺中市北屯區平昌里文心路昌平路,0,2,111,114,120,50,127,141,163,172,176,177,188,189,193,201,208,215,218,234,24.1716069617563,120.690935310071,2020-02-04 11:18:43,2018-10-03 02:34:00,2018-10-03
5092465,10710AB591B0354,10710AB591B0354,15,66000,TXG,233,2020,66000080021,2,AB591,2018-10-03 19:55:00,10710031955,臺中市北屯區同榮里同榮北街27之1號,0,1,111,112,120,50,127,141,163,172,176,181,188,192,196,206,211,216,218,233,24.1985207930258,120.662595481477,2020-02-04 11:18:43,2018-10-03 19:55:00,2018-10-03
5309543,10710ABA95B0268,10710ABA95B0268,15,66000,TXG,236,2527,66000130015,2,ABA95,2018-10-03 07:40:00,10710030740,臺中市沙鹿區南勢里南斗路152巷口附近,0,2,111,112,120,50,126,141,163,172,176,181,188,192,196,206,211,216,218,234,24.2165090428111,120.565355189691,2020-02-04 11:18:43,2018-10-03 07:40:00,2018-10-03
5310345,10710AB291B0292,10710AB291B0292,15,66000,TXG,231,2350,66000050008,2,AB291,2018-10-03 12:08:00,10710031208,臺中市北區建成里天祥街267-1號,0,1,111,112,120,50,126,147,163,172,176,179,182,192,196,205,210,215,218,234,24.158378504978,120.703400658073,2020-02-04 11:18:43,2018-10-03 12:08:00,2018-10-03
5309871,10710AB591B0280,10710AB591B0280,15,66000,TXG,233,2016,66000080017,2,AB591,2018-10-03 08:46:00,10710030846,臺中市北屯區仁和里昌平路二段31之37號,0,1,111,112,120,50,128,141,163,172,176,181,188,189,193,206,211,216,218,234,24.1890904172341,120.683835660546,2020-02-04 11:18:43,2018-10-03 08:46:00,2018-10-03
5309893,10710ABC91B0283,10710ABC91B0283,15,66000,TXG,246,2203,66000270004,2,ABC91,2018-10-03 09:11:00,10710030911,臺中市太平區中興里東平路834號,0,2,111,112,120,50,137,147,163,172,176,181,188,192,196,201,210,216,217,234,24.1346326544145,120.733149735527,2020-02-04 11:18:43,2018-10-03 09:11:00,2018-10-03
5311438,10710AB691B0297,10710AB691B0297,15,66000,TXG,232,2000,66000060001,2,AB691,2018-10-03 12:37:00,10710031237,臺中市西屯區西安里福星北路59號,0,2,111,112,120,50,127,141,163,172,176,181,188,190,193,206,211,216,218,229,24.184926720966,120.644588668025,2020-02-04 11:18:43,2018-10-03 12:37:00,2018-10-03
5192690,10710ABD91B0328,10710ABD91B0328,15,66000,TXG,242,2109,66000200003,2,ABD91,2018-10-03 16:54:00,10710031654,臺中市石岡區九房里石城街九房巷(石岡所)附近,0,1,111,112,120,50,126,142,163,172,176,181,188,191,193,206,211,216,218,221,24.2768988673366,120.778367746178,2020-02-04 11:18:43,2018-10-03 16:54:00,2018-10-03
5312200,10710ABC91B0321,10710ABC91B0321,15,66000,TXG,246,2219,66000270022,2,ABC91,2018-10-03 15:03:00,10710031503,臺中市太平區成功里東平路262號,0,1,111,112,120,50,137,149,163,172,176,181,188,192,196,201,211,216,217,230,24.1346326544145,120.733149735527,2020-02-04 11:18:43,2018-10-03 15:03:00,2018-10-03
5311455,10710A2AZKB0013,10710A2AZKB0013,15,66000,TXG,232,0,66000060000,2,A2AZK,2018-10-03 12:50:00,10710031250,臺中市西屯區東大路與敬德街口附近,0,1,111,112,122,40,127,141,163,172,176,181,188,189,193,197,207,212,217,235,0.0,0.0,2020-02-04 11:18:43,2018-10-03 12:50:00,2018-10-03
5092475,10710AB891B0356,10710AB891B0356,15,66000,TXG,247,2248,66000280007,2,AB891,2018-10-03 20:06:00,10710032006,臺中市大里區西榮里德芳路一段與東榮路附近,0,1,111,114,120,50,127,141,163,172,176,181,188,189,193,206,211,216,218,233,24.1102370958241,120.687698844008,2020-02-04 11:18:43,2018-10-03 20:06:00,2018-10-03
5311514,10710AB793B0312,10710AB793B0312,15,66000,TXG,239,2567,66000170007,2,AB793,2018-10-03 13:53:00,10710031353,臺中市潭子區東寶里崇德路四段35號,0,2,111,112,120,50,137,148,163,172,176,181,188,192,196,197,210,215,217,231,24.2089814844813,120.687475373977,2020-02-04 11:18:43,2018-10-03 13:53:00,2018-10-03
5309530,10710AB591B0266,10710AB591B0266,15,66000,TXG,233,0,66000080000,2,AB591,2018-10-03 07:38:00,10710030738,臺中市北屯區昌平路一段崇德六路,0,1,111,112,120,50,127,141,163,172,176,181,188,190,193,200,209,216,218,231,24.180389891856,120.689674005443,2020-02-04 11:18:43,2018-10-03 07:38:00,2018-10-03
5308741,10710AB591B0258,10710AB591B0258,15,66000,TXG,233,2400,66000080008,2,AB591,2018-10-03 07:05:00,10710030705,臺中市北屯區水景里三甲路景賢六路,0,3,111,112,120,50,126,141,163,172,176,181,188,192,196,206,211,216,218,234,24.1687586743283,120.711924475895,2020-02-04 11:18:43,2018-10-03 07:05:00,2018-10-03
5312199,10710AB993B0320,10710AB993B0320,15,66000,TXG,14,2140,66000230001,2,AB993,2018-10-03 15:00:00,10710031500,臺中市烏日區烏日里光華街台74線快速公路平面道路路口附近,0,1,111,112,120,40,126,141,163,172,176,181,188,189,193,206,211,215,218,234,24.1106817364433,120.623547599543,2020-02-04 11:18:43,2018-10-03 15:00:00,2018-10-03
5193240,10710AB191B0331,10710AB191B0331,15,66000,TXG,230,2340,66000040023,2,AB191,2018-10-03 17:05:00,10710031705,臺中市西區公德里向上南路大墩路,0,2,111,112,120,50,137,147,163,172,176,181,188,192,196,201,210,215,218,235,24.144936041803,120.649879102549,2020-02-04 11:18:43,2018-10-03 17:05:00,2018-10-03
5308757,10710ABA95B0260,10710ABA95B0260,15,66000,TXG,236,2520,66000130008,2,ABA95,2018-10-03 07:22:00,10710030722,臺中市沙鹿區鹿寮里光華路387號,0,3,111,112,120,40,126,149,163,172,176,181,188,192,196,206,211,216,218,234,24.2440841827969,120.567811420706,2020-02-04 11:18:43,2018-10-03 07:22:00,2018-10-03
5092460,10710AB795B0353,10710AB795B0353,15,66000,TXG,240,2082,66000180001,2,AB795,2018-10-03 19:49:00,10710031949,臺中市大雅區大雅里民生路一段與民生路一段192巷口附近,0,2,111,114,120,40,128,142,163,172,176,181,188,189,193,201,210,216,217,234,24.2273499713407,120.650681578228,2020-02-04 11:18:43,2018-10-03 19:49:00,2018-10-03
5310266,10710AB793B0288,10710AB793B0288,15,66000,TXG,239,2567,66000170007,2,AB793,2018-10-03 10:27:00,10710031027,臺中市潭子區東寶里雅潭路二段64號,0,3,111,112,120,40,137,147,163,172,176,181,188,192,196,197,210,215,217,234,24.2161961323168,120.69596452657,2020-02-04 11:18:43,2018-10-03 10:27:00,2018-10-03
5311484,10710AB993B0306,10710AB993B0306,15,66000,TXG,14,2277,66000230005,2,AB993,2018-10-03 13:20:00,10710031320,臺中市烏日區學田里學田路502號,0,1,111,112,120,50,137,149,163,172,176,181,188,192,196,201,210,216,217,234,24.1214733628061,120.60750223507,2020-02-04 11:18:43,2018-10-03 13:20:00,2018-10-03
5193941,10710ABD91B0348,10710ABD91B0348,15,66000,TXG,235,2461,66000100007,2,ABD91,2018-10-03 19:13:00,10710031913,臺中市東勢區廣興里中新街26號,0,3,110,114,120,40,137,149,163,172,176,181,188,192,196,206,211,216,217,228,24.252743011478,120.831411905004,2020-02-04 11:18:43,2018-10-03 19:13:00,2018-10-03
5309599,10710AB793B0273,10710AB793B0273,15,66000,TXG,239,2567,66000170007,2,AB793,2018-10-03 08:10:00,10710030810,臺中市潭子區東寶里崇德路雅潭路,0,1,111,112,120,50,127,141,163,172,176,181,188,190,193,197,208,215,217,230,24.2160342809901,120.688150316605,2020-02-04 11:18:43,2018-10-03 08:10:00,2018-10-03
5092456,10710AB691B0351,10710AB691B0351,15,66000,TXG,232,2000,66000060001,2,AB691,2018-10-03 19:44:00,10710031944,臺中市西屯區西安里逢甲路221號,0,1,111,114,120,50,126,141,163,172,176,181,188,192,196,206,211,216,218,229,24.175252661172,120.639981076838,2020-02-04 11:18:43,2018-10-03 19:44:00,2018-10-03
5309883,10710ABA95B0282,10710ABA95B0282,15,66000,TXG,236,2521,66000130009,2,ABA95,2018-10-03 09:00:00,10710030900,臺中市沙鹿區竹林里中山路近紅竹巷口附近,0,2,111,112,120,50,138,149,163,172,176,181,188,192,196,205,210,215,218,231,24.2428745751939,120.561327828162,2020-02-04 11:18:43,2018-10-03 09:00:00,2018-10-03
5310305,10710AB391B0290,10710AB391B0290,15,66000,TXG,229,2283,66000030009,2,AB391,2018-10-03 11:05:00,10710031105,臺中市南區福平里復興路二段160號,0,2,111,112,120,50,137,148,163,172,176,181,188,192,196,197,210,215,218,235,24.1266104866043,120.665425107788,2020-02-04 11:18:43,2018-10-03 11:05:00,2018-10-03
5308708,10710AB795B0254,10710AB795B0254,15,66000,TXG,240,2086,66000180005,2,AB795,2018-10-03 06:20:00,10710030620,臺中市大雅區忠義里月祥路222號附近附近,0,1,111,112,120,40,137,149,163,172,176,181,188,192,196,206,211,216,218,228,24.2275876068394,120.621981838742,2020-02-04 11:18:43,2018-10-03 06:20:00,2018-10-03
5193295,10710AB691B0334,10710AB691B0334,15,66000,TXG,232,2008,66000060009,2,AB691,2018-10-03 17:35:00,10710031735,臺中市西屯區何安里甘州街2號,0,2,111,112,120,40,137,147,163,172,176,181,188,192,196,201,210,215,218,219,24.1646652754121,120.655539986152,2020-02-04 11:18:43,2018-10-03 17:35:00,2018-10-03
5308746,10710AB591B0259,10710AB591B0259,15,66000,TXG,233,2020,66000080021,2,AB591,2018-10-03 07:10:00,10710030710,臺中市北屯區同榮里環中路一段801之1號對面附近,0,1,111,112,120,50,127,141,163,172,176,181,188,189,193,206,211,216,218,234,24.2012448973763,120.667868773359,2020-02-04 11:18:43,2018-10-03 07:10:00,2018-10-03
5192681,10710ABA95B0326,10710ABA95B0326,15,66000,TXG,236,2521,66000130009,2,ABA95,2018-10-03 16:47:00,10710031647,臺中市沙鹿區竹林里中山路七賢路,0,4,111,112,120,50,126,141,163,172,176,181,188,191,193,206,211,216,218,235,24.2368512842405,120.5680968149,2020-02-04 11:18:43,2018-10-03 16:47:00,2018-10-03
5309827,10710AB793B0275,10710AB793B0275,15,66000,TXG,239,2078,66000170013,2,AB793,2018-10-03 08:17:00,10710030817,臺中市潭子區聚興里環中東路一段往北屯地下道前附近,0,1,111,112,120,50,137,149,163,172,176,181,188,192,196,197,208,216,218,234,24.1925380465709,120.722535006261,2020-02-04 11:18:43,2018-10-03 08:17:00,2018-10-03
5310348,10710ABB93B0293,10710ABB93B0293,15,66000,TXG,237,2550,66000150005,2,ABB93,2018-10-03 12:10:00,10710031210,臺中市后里區厚里里成功路231巷口附近,0,1,111,112,120,50,126,141,163,172,176,181,188,191,193,206,211,216,218,234,24.3120143657013,120.723203708283,2020-02-04 11:18:43,2018-10-03 12:10:00,2018-10-03
5092482,10710AB591B0357,10710AB591B0357,15,66000,TXG,233,2401,66000080009,2,AB591,2018-10-03 20:22:00,10710032022,臺中市北屯區軍功里東山路一段223號,0,1,111,114,120,50,137,149,163,172,176,181,188,192,196,201,210,216,218,234,24.1743925696001,120.715326993793,2020-02-04 11:18:43,2018-10-03 20:22:00,2018-10-03
5309930,10710ABB91B0286,10710ABB91B0286,15,66000,TXG,287,2138,66000220011,2,ABB91,2018-10-03 10:00:00,10710031000,臺中市大安區西安里大安港路695號,0,1,111,112,120,50,137,148,163,172,176,181,188,192,196,201,211,215,217,236,24.3635369691267,120.602706496637,2020-02-04 11:18:43,2018-10-03 10:00:00,2018-10-03
5192687,10710AB591B0327,10710AB591B0327,15,66000,TXG,233,2396,66000080004,2,AB591,2018-10-03 16:50:00,10710031650,臺中市北屯區平田里興安路一段251號,0,2,111,112,120,40,137,148,163,172,176,181,188,192,196,201,211,215,218,234,24.1720810053968,120.694321587944,2020-02-04 11:18:43,2018-10-03 16:50:00,2018-10-03
5309595,10710AB291B0272,10710AB291B0272,15,66000,TXG,231,2347,66000050005,2,AB291,2018-10-03 08:08:00,10710030808,臺中市北區新北里三民路育才北路,0,2,111,112,120,50,127,141,163,172,176,181,188,190,193,206,211,216,218,234,24.1527964703511,120.685312516869,2020-02-04 11:18:43,2018-10-03 08:08:00,2018-10-03
5093102,10710AB691B0364,10710AB691B0364,15,66000,TXG,232,2307,66000060022,2,AB691,2018-10-03 23:00:00,10710032300,臺中市西屯區何德里甘肅路一段寧夏西三街附近,0,2,111,114,120,50,126,141,163,172,176,181,188,192,196,206,211,216,218,234,24.1660401948925,120.659052786849,2020-02-04 11:18:43,2018-10-03 23:00:00,2018-10-03
5309566,10710AB691B0270,10710AB691B0270,15,66000,TXG,232,0,66000060000,2,AB691,2018-10-03 07:49:00,10710030749,臺中市西屯區工業區一路131號,0,2,111,112,120,50,135,147,163,172,176,181,183,189,193,201,210,216,218,230,24.1759651973367,120.594024485379,2020-02-04 11:18:43,2018-10-03 07:49:00,2018-10-03
5193297,10710ABB91B0335,10710ABB91B0335,15,66000,TXG,286,2495,66000110016,2,ABB91,2018-10-03 17:35:00,10710031735,臺中市大甲區文武里信義路220號,0,2,111,112,120,50,137,149,163,172,176,181,188,192,196,205,211,216,217,231,24.3510316555649,120.620864048235,2020-02-04 11:18:43,2018-10-03 17:35:00,2018-10-03
5192647,10710ABA94B0324,10710ABA94B0324,15,66000,TXG,312,2595,66000140001,2,ABA94,2018-10-03 16:10:00,10710031610,臺中市梧棲區頂寮里四維中路近四維路附近,0,1,111,112,120,50,127,142,163,172,176,181,188,189,193,201,211,216,217,235,24.2612593626253,120.534607865911,2020-02-04 11:18:43,2018-10-03 16:10:00,2018-10-03
5311432,10710AB691B0295,10710AB691B0295,15,66000,TXG,232,2320,66000060035,2,AB691,2018-10-03 12:29:00,10710031229,臺中市西屯區福恩里臺灣大道慢車道往市區(東海大學附屬高中前)附近,0,1,111,112,120,40,126,141,163,172,176,181,188,192,196,206,210,215,218,234,0.0,0.0,2020-02-04 11:18:43,2018-10-03 12:29:00,2018-10-03
5092473,10710AB793B0355,10710AB793B0355,15,66000,TXG,239,2561,66000170001,2,AB793,2018-10-03 20:05:00,10710032005,臺中市潭子區潭陽里圓通南路30號,0,1,111,114,120,50,127,141,163,172,176,181,188,192,196,206,211,216,218,234,24.2056609767674,120.708651764323,2020-02-04 11:18:43,2018-10-03 20:05:00,2018-10-03
5193885,10710AB291B0341,10710AB291B0341,15,66000,TXG,231,2354,66000050012,2,AB291,2018-10-03 18:22:00,10710031822,臺中市北區邱厝里學士路近育德路(兒童醫院旁)附近,0,2,111,114,120,50,137,147,163,172,176,181,188,192,196,201,210,215,218,231,24.1580407205031,120.680985724408,2020-02-04 11:18:43,2018-10-03 18:22:00,2018-10-03
5193255,10710AB793B0332,10710AB793B0332,15,66000,TXG,239,2566,66000170006,2,AB793,2018-10-03 17:14:00,10710031714,臺中市潭子區甘蔗里勝利路321號,0,2,111,113,120,50,127,141,163,172,176,181,188,189,193,206,211,216,218,229,24.2142730713736,120.700583564562,2020-02-04 11:18:43,2018-10-03 17:14:00,2018-10-03
5311486,10710AB191B0307,10710AB191B0307,15,66000,TXG,227,2059,66000010007,2,AB191,2018-10-03 13:22:00,10710031322,臺中市中區大誠里成功路大誠街,0,1,111,112,120,50,127,141,163,172,176,181,188,189,193,201,211,216,218,230,24.1447639413718,120.678355797331,2020-02-04 11:18:43,2018-10-03 13:22:00,2018-10-03
5193320,10710AB996B0338,10710AB996B0338,15,66000,TXG,244,2168,66000240017,2,AB996,2018-10-03 17:55:00,10710031755,臺中市大肚區自強里遊園路二段188號,0,2,111,113,120,50,127,142,163,172,176,181,188,192,196,201,211,216,217,234,24.1732001841984,120.580753696123,2020-02-04 11:18:43,2018-10-03 17:55:00,2018-10-03
5092459,10710AB691B0352,10710AB691B0352,15,66000,TXG,232,2004,66000060005,2,AB691,2018-10-03 19:46:00,10710031946,臺中市西屯區惠來里臺灣大道二段689號,0,1,111,112,120,40,127,142,163,172,176,181,188,189,193,201,210,215,218,234,24.16023776984,120.653575477587,2020-02-04 11:18:43,2018-10-03 19:46:00,2018-10-03
5311508,10710ABC91B0311,10710ABC91B0311,15,66000,TXG,246,2203,66000270004,2,ABC91,2018-10-03 13:48:00,10710031348,臺中市太平區中興里中興東路27號,0,1,111,112,120,50,137,147,163,172,176,181,188,192,196,200,210,215,217,230,24.1300668071847,120.720062087207,2020-02-04 11:18:43,2018-10-03 13:48:00,2018-10-03
5092455,10710AB691B0350,10710AB691B0350,15,66000,TXG,232,2004,66000060005,2,AB691,2018-10-03 19:43:00,10710031943,臺中市西屯區惠來里青海路惠來路,0,2,111,114,120,50,127,141,163,172,176,181,188,189,193,206,211,216,218,233,24.1687581761854,120.647215993867,2020-02-04 11:18:43,2018-10-03 19:43:00,2018-10-03
5309837,10710AB191B0277,10710AB191B0277,15,66000,TXG,230,2336,66000040019,2,AB191,2018-10-03 08:23:00,10710030823,臺中市西區忠誠里明智街﹑太原路一段(口)附近,0,2,111,112,120,50,127,141,163,172,176,181,188,189,193,206,211,216,218,234,24.162903481692,120.661511556996,2020-02-04 11:18:43,2018-10-03 08:23:00,2018-10-03
5312188,10710AB391B0316,10710AB391B0316,15,66000,TXG,229,2287,66000030013,2,AB391,2018-10-03 14:50:00,10710031450,臺中市南區樹德里東興路復興北路,0,2,111,112,120,50,127,142,163,172,176,181,188,190,193,201,210,215,218,230,24.1202631894252,120.655721091876,2020-02-04 11:18:43,2018-10-03 14:50:00,2018-10-03
5311430,10710AB391B0294,10710AB391B0294,15,66000,TXG,229,2247,66000030004,2,AB391,2018-10-03 12:28:00,10710031228,臺中市南區德義里建成路仁德街,0,1,111,112,120,50,128,141,163,172,176,181,188,190,193,197,210,215,218,234,24.1264781448168,120.677683332856,2020-02-04 11:18:43,2018-10-03 12:28:00,2018-10-03
5311451,10710AB791B0300,10710AB791B0300,15,66000,TXG,234,2440,66000090022,2,AB791,2018-10-03 12:49:00,10710031249,臺中市豐原區田心里圓環東路田心路二段,0,1,111,112,120,50,127,141,163,172,176,181,188,189,193,206,211,216,218,234,24.2432994130514,120.719004528265,2020-02-04 11:18:43,2018-10-03 12:49:00,2018-10-03
5093060,10710AB996B0358,10710AB996B0358,15,66000,TXG,244,2166,66000240015,2,AB996,2018-10-03 21:40:00,10710032140,臺中市大肚區瑞井里遊園路一段台電61區001600路燈前附近,0,2,111,114,120,50,134,149,163,172,176,181,188,192,196,201,211,216,217,229,24.1584416766235,120.573731839688,2020-02-04 11:18:43,2018-10-03 21:40:00,2018-10-03
5309523,10710AB191B0263,10710AB191B0263,15,66000,TXG,230,2336,66000040019,2,AB191,2018-10-03 07:35:00,10710030735,臺中市西區忠誠里華美西街一段﹑忠義街八巷(口)附近,0,1,111,112,120,50,128,141,163,172,176,181,188,191,193,206,211,216,218,230,24.1616865636491,120.662429981134,2020-02-04 11:18:43,2018-10-03 07:35:00,2018-10-03
5309516,10710AB491B0262,10710AB491B0262,15,66000,TXG,13,2326,66000070002,2,AB491,2018-10-03 07:33:00,10710030733,臺中市南屯區豐樂里文心南路三民西路,0,1,111,112,120,50,126,141,163,172,176,181,188,189,193,206,211,216,218,234,24.1260117654083,120.646457705121,2020-02-04 11:18:43,2018-10-03 07:33:00,2018-10-03
5311494,10710AB591B0309,10710AB591B0309,15,66000,TXG,233,2023,66000080024,2,AB591,2018-10-03 13:30:00,10710031330,臺中市北屯區陳平里敦化路一段619號,0,1,111,112,120,50,137,148,163,172,176,181,188,192,196,201,210,215,218,234,24.186176573454,120.665094124431,2020-02-04 11:18:43,2018-10-03 13:30:00,2018-10-03
5308724,10710ABB91B0255,10710ABB91B0255,15,66000,TXG,286,2498,66000110019,2,ABB91,2018-10-03 06:45:00,10710030645,臺中市大甲區江南里東西八路南北五路,0,1,111,112,120,50,127,141,163,172,176,181,188,192,196,206,211,216,217,233,24.3688052920588,120.612834150121,2020-02-04 11:18:43,2018-10-03 06:45:00,2018-10-03
5308763,10710ABC91B0261,10710ABC91B0261,15,66000,TXG,246,5904,66000270015,2,ABC91,2018-10-03 07:27:00,10710030727,臺中市太平區東汴里長龍路一段543號,0,1,111,112,120,40,137,149,163,172,176,181,188,192,196,200,211,216,217,231,24.1255321512727,120.748571582049,2020-02-04 11:18:43,2018-10-03 07:27:00,2018-10-03
5311450,10710AB691B0299,10710AB691B0299,15,66000,TXG,232,2366,66000060014,2,AB691,2018-10-03 12:49:00,10710031249,臺中市西屯區大鵬里文心路三段279號,0,1,111,112,120,50,127,141,163,172,176,181,188,189,193,206,211,216,218,236,24.1701357474367,120.656935429028,2020-02-04 11:18:43,2018-10-03 12:49:00,2018-10-03
5093073,10710ABC91B0359,10710ABC91B0359,15,66000,TXG,246,2228,66000270031,2,ABC91,2018-10-03 21:57:00,10710032157,臺中市太平區宜佳里宜昌路新平路二段,0,1,111,114,120,50,127,141,163,172,176,181,188,190,193,206,211,216,218,247,24.1450062510704,120.713896495989,2020-02-04 11:18:43,2018-10-03 21:57:00,2018-10-03
5308731,10710AB491B0257,10710AB491B0257,15,66000,TXG,13,2379,66000070011,2,AB491,2018-10-03 06:55:00,10710030655,臺中市南屯區溝墘里大業路大昌街,0,2,111,112,120,50,126,141,163,172,176,181,188,192,196,206,211,216,218,234,24.1535913576953,120.652177857648,2020-02-04 11:18:43,2018-10-03 06:55:00,2018-10-03
5311444,10710ABA94B0298,10710ABA94B0298,15,66000,TXG,312,2541,66000140010,2,ABA94,2018-10-03 12:43:00,10710031243,臺中市梧棲區大庄里臺灣大道八段176號,0,1,111,112,120,40,137,148,163,172,176,181,188,192,196,197,211,214,217,235,24.2435572145057,120.554578432421,2020-02-04 11:18:43,2018-10-03 12:43:00,2018-10-03