識別碼,案件編號,交通事故主表,縣市識別碼,縣市代碼,所屬縣市簡碼,鄉縣市區識別碼,村里識別碼,里代碼,事故類(A1、A2...An),處理單位代碼,案件時間(西元),案件時間(民國),發生地點,死亡人數,受傷人數(含2~30日內死亡),天氣識別碼,光線識別碼,道路類別識別碼,速限,道路型態識別碼,事故位置識別碼,路面鋪裝識別碼,路面狀態識別碼,路面缺陷識別碼,障礙物視距識別碼,視距識別碼,號誌種類識別碼,號誌動作識別碼,車道劃分設施-分向設施識別碼,快車道或一般車道間識別碼,快慢車道間識別碼,路面邊線識別碼,事故類型及型態識別碼,緯度,經度,本平台資料更新時間(yyyy-MM-dd HH:mm:ss),資料代表時間(yyyy-MM-dd HH:mm:ss),資料代表日期(yyyy-MM-dd)
5193330,10710ABB93B0340,10710ABB93B0340,15,66000,TXG,237,2035,66000150017,2,ABB93,2018-10-03 18:07:00,10710031807,臺中市后里區月眉里九甲七路月湖東路,0,1,111,114,120,40,126,141,163,172,176,181,188,192,196,206,211,216,218,234,24.3274901173926,120.715626556382,2020-02-04 11:18:43,2018-10-03 18:07:00,2018-10-03
5309533,10710AB391B0267,10710AB391B0267,15,66000,TXG,229,2283,66000030009,2,AB391,2018-10-03 07:39:00,10710030739,臺中市南區福平里柳川東路一段16號,0,1,111,112,120,50,137,149,163,172,176,181,188,192,196,201,211,216,218,228,24.1271992027577,120.659587232418,2020-02-04 11:18:43,2018-10-03 07:39:00,2018-10-03
5193925,10710AB291B0346,10710AB291B0346,15,66000,TXG,231,1992,66000050029,2,AB291,2018-10-03 18:56:00,10710031856,臺中市北區錦平里太平路74號-太平國小前附近,0,1,111,114,120,50,137,149,163,172,176,181,188,192,196,201,210,216,218,235,24.1488553923985,120.681872944007,2020-02-04 11:18:43,2018-10-03 18:56:00,2018-10-03
5311475,10710AB691B0303,10710AB691B0303,15,66000,TXG,232,2309,66000060024,2,AB691,2018-10-03 13:14:00,10710031314,臺中市西屯區西平里文華路148號,0,1,111,112,120,40,137,149,163,172,176,181,188,192,196,206,211,216,218,235,24.1830791902198,120.646285452288,2020-02-04 11:18:43,2018-10-03 13:14:00,2018-10-03
5193888,10710AB691B0342,10710AB691B0342,15,66000,TXG,232,2310,66000060025,2,AB691,2018-10-03 18:25:00,10710031825,臺中市西屯區何南里大隆路88號,0,2,111,112,120,50,126,142,163,172,176,181,188,192,196,201,210,215,218,234,24.1568827940332,120.652200892047,2020-02-04 11:18:43,2018-10-03 18:25:00,2018-10-03
5309544,10710ABA95B0005,10710ABA95B0005,15,66000,TXG,236,2533,66000130021,2,ABA95,2018-10-03 07:40:00,10710030740,臺中市沙鹿區三鹿里向上路六段涵洞下與自立路口附近,0,1,111,112,120,50,126,141,163,172,176,181,188,189,193,206,211,216,218,234,24.2001380446247,120.570604242839,2020-02-04 11:18:43,2018-10-03 07:40:00,2018-10-03
5308685,10710AB993B0251,10710AB993B0251,15,66000,TXG,14,2148,66000230010,2,AB993,2018-10-03 01:24:00,10710030124,臺中市烏日區光明里光明路153號,0,1,111,114,120,50,137,148,163,172,176,181,188,192,196,201,210,215,218,230,0.0,0.0,2020-02-04 11:18:43,2018-10-03 01:24:00,2018-10-03
5309526,10710AB291B0265,10710AB291B0265,15,66000,TXG,231,2360,66000050018,2,AB291,2018-10-03 07:36:00,10710030736,臺中市北區淡溝里西屯路健行路,0,1,111,112,120,40,127,141,163,172,176,181,188,189,193,201,210,215,218,234,24.1592209110193,120.666235030961,2020-02-04 11:18:43,2018-10-03 07:36:00,2018-10-03
5309575,10710AB591B0271,10710AB591B0271,15,66000,TXG,233,2411,66000080039,2,AB591,2018-10-03 07:55:00,10710030755,臺中市北屯區平興里興安路二段旅順路,0,1,111,112,120,50,127,158,163,172,176,181,188,189,193,206,211,216,218,221,24.1735734466202,120.694473685386,2020-02-04 11:18:43,2018-10-03 07:55:00,2018-10-03
5311466,10710ABC91B0302,10710ABC91B0302,15,66000,TXG,246,2211,66000270012,2,ABC91,2018-10-03 13:00:00,10710031300,臺中市太平區新光里旱溪東路二段新福十六街,0,1,111,112,120,50,127,141,163,172,176,181,188,189,193,206,211,216,218,234,24.1588226576003,120.705092925909,2020-02-04 11:18:43,2018-10-03 13:00:00,2018-10-03
5309879,10710AB691B0281,10710AB691B0281,15,66000,TXG,232,2367,66000060015,2,AB691,2018-10-03 08:56:00,10710030856,臺中市西屯區港尾里環中路中清聯絡道,0,1,111,112,120,40,127,142,163,172,176,181,188,190,193,198,211,216,218,234,0.0,0.0,2020-02-04 11:18:43,2018-10-03 08:56:00,2018-10-03
5311519,10710AB191B0313,10710AB191B0313,15,66000,TXG,230,2336,66000040019,2,AB191,2018-10-03 13:56:00,10710031356,臺中市西區忠誠里忠明南路105號,0,1,111,112,120,40,126,148,163,172,176,181,188,192,196,197,210,215,218,234,24.1538588048444,120.657657633915,2020-02-04 11:18:43,2018-10-03 13:56:00,2018-10-03
5311433,10710ABA95B0296,10710ABA95B0296,15,66000,TXG,236,2520,66000130008,2,ABA95,2018-10-03 12:30:00,10710031230,臺中市沙鹿區鹿寮里中山路近光榮街口附近,0,1,111,112,123,40,138,149,163,172,176,181,188,189,193,206,211,216,218,232,24.2369056096654,120.567151487403,2020-02-04 11:18:43,2018-10-03 12:30:00,2018-10-03
5193309,10710ABA94B0336,10710ABA94B0336,15,66000,TXG,312,2534,66000140002,2,ABA94,2018-10-03 17:43:00,10710031743,臺中市梧棲區下寮里文化路二段居仁街,0,1,111,114,120,50,127,141,163,172,176,181,188,189,193,206,211,216,218,234,24.2586587329612,120.532184836728,2020-02-04 11:18:43,2018-10-03 17:43:00,2018-10-03
5092449,10710ABA93B0349,10710ABA93B0349,15,66000,TXG,311,0,66000120000,2,ABA93,2018-10-03 19:30:00,10710031930,臺中市清水區中央路鎮政路41巷,0,2,111,114,120,50,127,141,163,172,176,181,188,189,193,197,207,215,218,220,24.2696464882889,120.546888932427,2020-02-04 11:18:43,2018-10-03 19:30:00,2018-10-03
5093090,10710AB795B0361,10710AB795B0361,15,66000,TXG,240,2090,66000180010,2,AB795,2018-10-03 22:31:00,10710032231,臺中市大雅區二和里雅潭路四段與雅環路一段口附近,0,1,111,114,120,50,128,142,163,172,176,181,188,189,193,197,208,215,217,234,24.2212415718176,120.653540137169,2020-02-04 11:18:43,2018-10-03 22:31:00,2018-10-03
5312159,10710ABA94B0314,10710ABA94B0314,15,66000,TXG,312,2541,66000140010,2,ABA94,2018-10-03 14:07:00,10710031407,臺中市梧棲區大庄里港埠路一段980巷近文昌路636巷附近,0,1,111,112,120,50,127,141,163,172,176,181,188,192,196,206,211,216,218,233,0.0,0.0,2020-02-04 11:18:43,2018-10-03 14:07:00,2018-10-03
5311489,10710AB993B0308,10710AB993B0308,15,66000,TXG,14,2142,66000230003,2,AB993,2018-10-03 13:25:00,10710031325,臺中市烏日區三和里學田路高鐵路一段,0,1,111,112,120,50,127,141,163,172,176,181,188,190,193,206,211,216,218,234,24.112083942122,120.607579923189,2020-02-04 11:18:43,2018-10-03 13:25:00,2018-10-03
5309567,10710AB191B0269,10710AB191B0269,15,66000,TXG,230,2338,66000040021,2,AB191,2018-10-03 07:49:00,10710030749,臺中市西區中興里向上路一段與中美街口附近,0,1,111,112,120,50,127,159,163,172,176,181,188,189,193,206,211,216,218,221,24.1466929837314,120.660196358863,2020-02-04 11:18:43,2018-10-03 07:49:00,2018-10-03
5312219,10710ABD91B0323,10710ABD91B0323,15,66000,TXG,235,2459,66000100005,2,ABD91,2018-10-03 15:25:00,10710031525,臺中市東勢區延平里豐勢路23號(東勢所)附近,0,1,111,112,120,50,126,142,163,172,176,181,188,191,193,206,211,216,218,231,24.2600499678212,120.825379990311,2020-02-04 11:18:43,2018-10-03 15:25:00,2018-10-03
5093105,10710AB591B0365,10710AB591B0365,15,66000,TXG,233,0,66000080000,2,AB591,2018-10-03 23:08:00,10710032308,臺中市北屯區太原路三段1505號,0,1,111,114,120,50,128,141,163,172,176,181,188,189,193,197,208,212,218,234,24.1607994083837,120.729469356189,2020-02-04 11:18:43,2018-10-03 23:08:00,2018-10-03
5309850,10710AB591B0279,10710AB591B0279,15,66000,TXG,233,0,66000080000,2,AB591,2018-10-03 08:30:00,10710030830,臺中市北屯區軍功路二段與潭子區豐興路一段附近,0,1,111,112,120,50,128,141,163,172,176,181,188,189,193,200,209,216,218,247,24.1888004985424,120.718187711458,2020-02-04 11:18:43,2018-10-03 08:30:00,2018-10-03
5310294,10710ABA95B0289,10710ABA95B0289,15,66000,TXG,236,2532,66000130020,2,ABA95,2018-10-03 10:52:00,10710031052,臺中市沙鹿區興安里興安路60巷,0,1,111,112,120,50,127,141,163,172,176,181,188,192,196,206,211,216,218,235,24.2302960798208,120.552290136423,2020-02-04 11:18:43,2018-10-03 10:52:00,2018-10-03
5309607,10710AB491B0274,10710AB491B0274,15,66000,TXG,13,2375,66000070007,2,AB491,2018-10-03 08:11:00,10710030811,臺中市南屯區文山里精科路近精科東路附近,0,2,111,112,120,50,137,149,163,172,176,181,188,192,196,201,211,216,218,235,24.1488675512482,120.607972356962,2020-02-04 11:18:43,2018-10-03 08:11:00,2018-10-03
5311477,10710AB891B0304,10710AB891B0304,15,66000,TXG,247,2257,66000280016,2,AB891,2018-10-03 13:15:00,10710031315,臺中市大里區塗城里光正路57號,0,2,111,112,120,40,137,149,163,172,176,181,188,192,196,206,211,216,218,228,24.0894314266966,120.715307717849,2020-02-04 11:18:43,2018-10-03 13:15:00,2018-10-03
5309842,10710AB291B0278,10710AB291B0278,15,66000,TXG,231,2360,66000050018,2,AB291,2018-10-03 08:27:00,10710030827,臺中市北區淡溝里西屯路與健行路口附近,0,1,111,112,120,50,127,141,163,172,176,181,188,190,193,206,211,216,218,231,24.1592209110193,120.666235030961,2020-02-04 11:18:43,2018-10-03 08:27:00,2018-10-03
5193235,10710ABB91B0330,10710ABB91B0330,15,66000,TXG,286,2502,66000110023,2,ABB91,2018-10-03 17:02:00,10710031702,臺中市大甲區幸福里長安路安和巷,0,1,110,112,120,40,126,142,163,172,176,181,188,192,196,201,211,216,217,234,24.389531517092202,120.664740149684,2020-02-04 11:18:43,2018-10-03 17:02:00,2018-10-03
5192666,10710AB391B0325,10710AB391B0325,15,66000,TXG,228,2065,66000020005,2,AB391,2018-10-03 16:32:00,10710031632,臺中市東區干城里復興路四段公園東路,0,2,111,112,120,50,126,141,163,172,176,181,188,192,196,201,208,215,218,235,24.1414546822285,120.689246571304,2020-02-04 11:18:43,2018-10-03 16:32:00,2018-10-03
5310317,10710AB691B0291,10710AB691B0291,15,66000,TXG,232,2366,66000060014,2,AB691,2018-10-03 11:24:00,10710031124,臺中市西屯區大鵬里文心路三段357號,0,1,111,112,120,50,137,149,163,172,176,181,188,192,196,197,210,216,218,231,24.1730743051755,120.666296085014,2020-02-04 11:18:43,2018-10-03 11:24:00,2018-10-03
5093101,10710AB691B0363,10710AB691B0363,15,66000,TXG,232,2309,66000060024,2,AB691,2018-10-03 22:55:00,10710032255,臺中市西屯區西平里逢甲路至善路,0,1,111,114,120,50,126,141,163,172,176,181,188,189,193,201,211,216,218,231,24.1782925829342,120.643124917841,2020-02-04 11:18:43,2018-10-03 22:55:00,2018-10-03
5093099,10710AB591B0362,10710AB591B0362,15,66000,TXG,233,2399,66000080007,2,AB591,2018-10-03 22:49:00,10710032249,臺中市北屯區舊社里崇德二路僑孝街,0,1,111,114,120,50,126,141,163,172,176,181,188,192,196,206,211,216,218,234,24.176062863602098,120.69766646332,2020-02-04 11:18:43,2018-10-03 22:49:00,2018-10-03
5312208,10710ABC91B0322,10710ABC91B0322,15,66000,TXG,246,2223,66000270026,2,ABC91,2018-10-03 15:13:00,10710031513,臺中市太平區建興里正誠街與儀東路口附近,0,1,111,112,120,50,127,141,163,172,176,181,188,192,196,206,211,216,218,233,24.1293197095345,120.732398451782,2020-02-04 11:18:43,2018-10-03 15:13:00,2018-10-03
5093112,10710AB591B0366,10710AB591B0366,15,66000,TXG,233,2406,66000080034,2,AB591,2018-10-03 23:34:00,10710032334,臺中市北屯區北京里漢口路興安路,0,1,111,114,120,50,128,141,163,172,176,181,188,189,193,206,211,216,218,234,0.0,0.0,2020-02-04 11:18:43,2018-10-03 23:34:00,2018-10-03
5308684,10710AB996B0250,10710AB996B0250,15,66000,TXG,288,2183,66000250015,2,AB996,2018-10-03 01:12:00,10710030112,臺中市龍井區新東里臺灣大道五段3巷72號,0,1,110,114,120,50,126,141,163,172,176,179,188,192,196,206,211,215,218,230,24.1828966748064,120.590951886682,2020-02-04 11:18:43,2018-10-03 01:12:00,2018-10-03
5311457,10710AB291B0301,10710AB291B0301,15,66000,TXG,231,1995,66000050032,2,AB291,2018-10-03 12:53:00,10710031253,臺中市北區賴旺里中清路一段786號,0,1,111,112,120,40,137,148,163,172,176,181,188,192,196,197,210,215,218,230,24.1708063112525,120.672126373036,2020-02-04 11:18:43,2018-10-03 12:53:00,2018-10-03
5309521,10710AB691B0264,10710AB691B0264,15,66000,TXG,232,2369,66000060017,2,AB691,2018-10-03 07:35:00,10710030735,臺中市西屯區林厝里西平南巷5-7號,0,1,111,112,120,40,126,141,163,172,176,181,188,192,196,206,211,216,218,229,24.1978333807253,120.613426069911,2020-02-04 11:18:43,2018-10-03 07:35:00,2018-10-03
5308702,10710AB391B0253,10710AB391B0253,15,66000,TXG,228,2076,66000020016,2,AB391,2018-10-03 05:50:00,10710030550,臺中市東區東信里十甲東路東英二街,0,2,111,112,120,50,127,141,163,172,176,181,188,191,193,206,211,216,218,233,24.1351218778453,120.705840642245,2020-02-04 11:18:43,2018-10-03 05:50:00,2018-10-03
5193899,10710ABA95B0344,10710ABA95B0344,15,66000,TXG,236,2525,66000130013,2,ABA95,2018-10-03 18:32:00,10710031832,臺中市沙鹿區晉江里臺灣大道路六段與晉文路301巷口附近,0,1,110,114,120,50,126,141,163,172,176,181,188,189,193,206,211,216,218,235,0.0,0.0,2020-02-04 11:18:43,2018-10-03 18:32:00,2018-10-03
5312196,10710ABB91B0319,10710ABB91B0319,15,66000,TXG,286,2481,66000110002,2,ABB91,2018-10-03 14:58:00,10710031458,臺中市大甲區大甲里順天路123號,0,1,111,112,120,50,137,148,163,172,176,181,188,192,196,201,211,216,217,234,24.3478082741069,120.625115222094,2020-02-04 11:18:43,2018-10-03 14:58:00,2018-10-03
5312197,10710AB691B0318,10710AB691B0318,15,66000,TXG,232,2004,66000060005,2,AB691,2018-10-03 14:58:00,10710031458,臺中市西屯區惠來里文心路二段560-8號對面附近,0,4,111,112,120,50,137,149,163,172,176,181,188,192,196,197,211,216,218,231,24.1562869713031,120.646911302653,2020-02-04 11:18:43,2018-10-03 14:58:00,2018-10-03
5311507,10710AB591B0310,10710AB591B0310,15,66000,TXG,233,2410,66000080038,2,AB591,2018-10-03 13:46:00,10710031346,臺中市北屯區平陽里安順北一街安順東三街,0,1,111,112,120,50,127,141,163,172,176,181,188,192,196,206,211,216,218,233,24.1759080912403,120.679360431533,2020-02-04 11:18:43,2018-10-03 13:46:00,2018-10-03
5093079,10710AB291B0360,10710AB291B0360,15,66000,TXG,231,2356,66000050014,2,AB291,2018-10-03 22:03:00,10710032203,臺中市北區頂厝里進化北路永興街附近,0,1,111,114,120,50,127,141,163,172,176,181,188,189,193,206,211,216,218,231,24.1631288893075,120.682354536123,2020-02-04 11:18:43,2018-10-03 22:03:00,2018-10-03
5309905,10710AB691B0284,10710AB691B0284,15,66000,TXG,232,2004,66000060005,2,AB691,2018-10-03 09:22:00,10710030922,臺中市西屯區惠來里惠中路34之1號,0,3,111,112,120,40,127,141,163,172,176,181,188,189,193,206,211,216,218,234,24.1678358963071,120.648274766288,2020-02-04 11:18:43,2018-10-03 09:22:00,2018-10-03
5193318,10710ABA93B0337,10710ABA93B0337,15,66000,TXG,311,188,66000120005,2,ABA93,2018-10-03 17:53:00,10710031753,臺中市清水區南寧里鎮南街57號,0,1,111,114,120,50,127,142,163,172,176,181,188,189,193,201,211,216,218,234,24.2677789670362,120.574049831339,2020-02-04 11:18:43,2018-10-03 17:53:00,2018-10-03
5193914,10710AB591B0345,10710AB591B0345,15,66000,TXG,233,2397,66000080005,2,AB591,2018-10-03 18:45:00,10710031845,臺中市北屯區平和里文心路山西路,0,1,111,114,120,50,127,141,163,172,176,181,188,189,193,206,211,216,218,230,0.0,0.0,2020-02-04 11:18:43,2018-10-03 18:45:00,2018-10-03
5308733,10710AB291B0256,10710AB291B0256,15,66000,TXG,231,2357,66000050015,2,AB291,2018-10-03 06:55:00,10710030655,臺中市北區賴厝里永興街北區區公所前附近,0,1,111,112,120,50,126,142,163,172,176,181,188,192,196,201,211,215,218,235,24.1587606530337,120.682341765582,2020-02-04 11:18:43,2018-10-03 06:55:00,2018-10-03
5312194,10710AB795B0317,10710AB795B0317,15,66000,TXG,240,2087,66000180006,2,AB795,2018-10-03 14:55:00,10710031455,臺中市大雅區橫山里中山路145號,0,1,111,112,120,50,126,141,163,172,176,181,188,192,196,201,210,215,217,234,0.0,0.0,2020-02-04 11:18:43,2018-10-03 14:55:00,2018-10-03
5309836,10710ABC91B0276,10710ABC91B0276,15,66000,TXG,246,2228,66000270031,2,ABC91,2018-10-03 08:22:00,10710030822,臺中市太平區宜佳里環中東路四段東平路,0,1,111,112,120,50,127,141,163,172,176,181,188,190,193,206,211,216,218,234,24.1352819714066,120.709283942869,2020-02-04 11:18:43,2018-10-03 08:22:00,2018-10-03
5308677,10710AB994B0248,10710AB994B0248,15,66000,TXG,244,2158,66000240007,2,AB994,2018-10-03 00:50:00,10710030050,臺中市大肚區大東里華南路(華南幹20)附近,0,1,111,114,120,30,134,149,163,172,176,181,188,192,196,201,211,216,217,236,24.1524154342707,120.55100423602,2020-02-04 11:18:43,2018-10-03 00:50:00,2018-10-03
5073394,10710AB691B0439,10710AB691B0439,15,66000,TXG,232,2370,66000060018,2,AB691,2018-10-04 17:24:00,10710041724,臺中市西屯區永安里宏福一巷宏福二巷6弄,0,2,111,113,120,40,127,141,163,172,176,181,188,192,196,206,211,216,218,233,0.0,0.0,2020-02-04 11:18:43,2018-10-04 17:24:00,2018-10-04
5073425,10710AB591B0444,10710AB591B0444,15,66000,TXG,233,2020,66000080021,2,AB591,2018-10-04 17:40:00,10710041740,臺中市北屯區同榮里環中路四平路,0,2,111,113,120,40,127,141,163,172,176,181,188,189,193,206,211,216,218,234,24.2012888882394,120.683461031491,2020-02-04 11:18:43,2018-10-04 17:40:00,2018-10-04
5093122,10710AB191B0368,10710AB191B0368,15,66000,TXG,230,2306,66000040010,2,AB191,2018-10-04 00:25:00,10710040025,臺中市西區和龍里日進街篤行路,0,2,111,114,120,50,127,141,163,172,176,181,188,192,196,206,211,216,218,233,24.1515529881287,120.673635154223,2020-02-04 11:18:43,2018-10-04 00:25:00,2018-10-04
5093727,10710AB591B0375,10710AB591B0375,15,66000,TXG,233,0,66000080000,2,AB591,2018-10-04 07:15:00,10710040715,臺中市北屯區旅順路一段安順東三街,0,3,111,112,120,50,127,141,163,172,176,181,188,192,196,200,209,216,218,233,24.1752395971215,120.679204628088,2020-02-04 11:18:43,2018-10-04 07:15:00,2018-10-04
5096283,10710ABB93B0413,10710ABB93B0413,15,66000,TXG,243,2126,66000210010,2,ABB93,2018-10-04 13:50:00,10710041350,臺中市外埔區土城里土城路中山幹214號電桿前附近,0,1,111,112,120,50,137,149,163,172,176,181,188,192,196,201,210,216,217,230,24.3448217805125,120.685183201759,2020-02-04 11:18:43,2018-10-04 13:50:00,2018-10-04
5096266,10710ABA94B0412,10710ABA94B0412,15,66000,TXG,312,2540,66000140009,2,ABA94,2018-10-04 13:18:00,10710041318,臺中市梧棲區福德里中華路二段280號,0,1,111,112,120,40,137,152,163,172,176,181,188,192,196,197,210,215,217,234,24.2496061237575,120.555285934196,2020-02-04 11:18:43,2018-10-04 13:18:00,2018-10-04
5075004,10710AB491B0475,10710AB491B0475,15,66000,TXG,13,2432,66000070005,2,AB491,2018-10-04 21:05:00,10710042105,臺中市南屯區春社里忠勇路21之1之1號,0,1,111,114,120,40,137,148,163,172,176,181,188,192,196,206,211,216,218,230,24.1457367634498,120.615314790367,2020-02-04 11:18:43,2018-10-04 21:05:00,2018-10-04
5074206,10710AB591B0450,10710AB591B0450,15,66000,TXG,233,2398,66000080006,2,AB591,2018-10-04 18:01:00,10710041801,臺中市北屯區東光里東山路一段61號,0,1,111,112,120,50,137,149,163,172,176,181,188,192,196,201,210,216,218,235,24.1668932570692,120.701800032156,2020-02-04 11:18:43,2018-10-04 18:01:00,2018-10-04
5073003,10710AB291B0431,10710AB291B0431,15,66000,TXG,231,2347,66000050005,2,AB291,2018-10-04 16:30:00,10710041630,臺中市北區新北里一中街錦新街,0,1,111,112,120,50,126,141,163,172,176,181,188,192,196,206,211,216,218,234,24.1531603946399,120.686649920434,2020-02-04 11:18:43,2018-10-04 16:30:00,2018-10-04
5074290,10710AB591B0466,10710AB591B0466,15,66000,TXG,233,2401,66000080009,2,AB591,2018-10-04 19:00:00,10710041900,臺中市北屯區軍功里台74線快速公路23K處附近,0,2,111,113,120,80,137,149,163,172,176,181,188,192,196,197,210,216,217,234,0.0,0.0,2020-02-04 11:18:43,2018-10-04 19:00:00,2018-10-04
5093794,10710AB691B0384,10710AB691B0384,15,66000,TXG,232,2001,66000060002,2,AB691,2018-10-04 07:46:00,10710040746,臺中市西屯區西墩里西屯路三段52號,0,1,111,112,120,50,126,142,163,172,176,181,188,191,193,206,211,216,218,234,24.1833852092594,120.630467936533,2020-02-04 11:18:43,2018-10-04 07:46:00,2018-10-04
5096326,10710AB191B0417,10710AB191B0417,15,66000,TXG,230,2303,66000040007,2,AB191,2018-10-04 15:02:00,10710041502,臺中市西區公民里林森路與柳川西路口附近,0,1,111,112,120,50,127,141,163,172,176,181,188,189,193,206,211,216,218,234,24.1387764487945,120.669407180594,2020-02-04 11:18:43,2018-10-04 15:02:00,2018-10-04
5095108,10710AB191B0399,10710AB191B0399,15,66000,TXG,230,2340,66000040023,2,AB191,2018-10-04 09:22:00,10710040922,臺中市西區公德里大忠街108號對面附近,0,1,111,112,120,50,126,141,163,172,176,181,188,192,196,206,211,216,218,236,24.1502007301868,120.656777900687,2020-02-04 11:18:43,2018-10-04 09:22:00,2018-10-04
5095701,10710AB891B0406,10710AB891B0406,15,66000,TXG,245,2193,66000260011,2,AB891,2018-10-04 12:30:00,10710041230,臺中市霧峰區南柳里柳豐路500號,0,1,111,112,120,50,137,148,163,172,176,181,188,189,193,206,211,216,217,234,24.0646277328482,120.679559177255,2020-02-04 11:18:43,2018-10-04 12:30:00,2018-10-04
5093729,10710AB191B0376,10710AB191B0376,15,66000,TXG,227,2056,66000010004,2,AB191,2018-10-04 07:16:00,10710040716,臺中市中區公園里自由路二段7號,0,1,111,112,120,50,127,142,163,172,176,181,188,189,193,201,209,216,218,235,24.1382629483133,120.68031081997,2020-02-04 11:18:43,2018-10-04 07:16:00,2018-10-04
5074953,10710AB591B0469,10710AB591B0469,15,66000,TXG,233,2024,66000080025,2,AB591,2018-10-04 19:26:00,10710041926,臺中市北屯區新平里中平路上近經貿三路附近,0,1,111,114,120,40,137,148,163,172,176,181,188,192,196,201,211,215,218,231,24.185032304505,120.663658173386,2020-02-04 11:18:43,2018-10-04 19:26:00,2018-10-04
5072991,10710AB793B0429,10710AB793B0429,15,66000,TXG,239,2562,66000170002,2,AB793,2018-10-04 16:23:00,10710041623,臺中市潭子區潭秀里中山路二段522號,0,1,111,112,120,60,137,147,163,172,176,181,188,189,193,204,209,215,217,230,24.218052302228,120.705843163743,2020-02-04 11:18:43,2018-10-04 16:23:00,2018-10-04
5072972,10710AB691B0425,10710AB691B0425,15,66000,TXG,232,2004,66000060005,2,AB691,2018-10-04 16:06:00,10710041606,臺中市西屯區惠來里青海路二段惠安巷,0,1,111,112,120,50,126,141,163,172,176,181,188,192,196,206,211,216,218,234,24.1684606447081,120.647403800859,2020-02-04 11:18:43,2018-10-04 16:06:00,2018-10-04
5130472,10710AB691B0423,10710AB691B0423,15,66000,TXG,232,2004,66000060005,2,AB691,2018-10-04 15:50:00,10710041550,臺中市西屯區惠來里惠中路一段燈桿西屯區10562附近,0,1,111,112,120,50,137,149,163,172,176,181,188,192,196,197,210,216,218,234,24.1642992694906,120.646311731546,2020-02-04 11:18:43,2018-10-04 15:50:00,2018-10-04
5095633,10710AB591B0403,10710AB591B0403,15,66000,TXG,233,2408,66000080036,2,AB591,2018-10-04 11:05:00,10710041105,臺中市北屯區平福里昌平路一段163號,0,1,111,112,120,40,137,152,163,172,176,181,188,192,196,201,210,215,218,234,24.1765766267432,120.690357165099,2020-02-04 11:18:43,2018-10-04 11:05:00,2018-10-04
5081096,10710AB191B0476,10710AB191B0476,15,66000,TXG,230,2336,66000040019,2,AB191,2018-10-04 21:34:00,10710042134,臺中市西區忠誠里忠明路52號,0,1,111,114,120,40,137,147,163,172,176,181,188,192,196,197,210,215,218,235,24.1587644045378,120.660831220303,2020-02-04 11:18:43,2018-10-04 21:34:00,2018-10-04
5074930,10710AB191B0467,10710AB191B0467,15,66000,TXG,230,2342,66000040025,2,AB191,2018-10-04 19:04:00,10710041904,臺中市西區大忠里五權西路一段257號,0,1,111,112,120,50,137,149,163,172,176,181,188,192,196,201,211,216,218,247,24.140136736428,120.662865587784,2020-02-04 11:18:43,2018-10-04 19:04:00,2018-10-04
5073437,10710ABA93B0448,10710ABA93B0448,15,66000,TXG,311,2508,66000120028,2,ABA93,2018-10-04 17:50:00,10710041750,臺中市清水區下湳里福圳街二段電桿湳山枝18號附近,0,2,111,114,120,40,137,149,163,172,176,181,188,192,196,206,211,216,218,220,24.2868524601976,120.591018983645,2020-02-04 11:18:43,2018-10-04 17:50:00,2018-10-04
5094366,10710AB291B0390,10710AB291B0390,15,66000,TXG,231,2343,66000050001,2,AB291,2018-10-04 08:02:00,10710040802,臺中市北區光大里五權路太平路,0,1,111,112,120,50,137,147,163,172,176,181,188,190,193,201,211,216,218,231,24.151625722874,120.678122136998,2020-02-04 11:18:43,2018-10-04 08:02:00,2018-10-04
5093754,10710AB795B0378,10710AB795B0378,15,66000,TXG,240,2084,66000180003,2,AB795,2018-10-04 07:30:00,10710040730,臺中市大雅區六寶里中清路四段光復路,0,1,111,112,120,50,127,141,163,172,176,181,188,189,193,197,211,216,218,235,24.2379612269855,120.633239844945,2020-02-04 11:18:43,2018-10-04 07:30:00,2018-10-04
5096258,10710ABD91B0411,10710ABD91B0411,15,66000,TXG,235,2459,66000100005,2,ABD91,2018-10-04 13:04:00,10710041304,臺中市東勢區延平里東關路七段176號,0,1,111,112,120,20,126,141,163,172,176,177,188,189,193,206,211,216,218,230,24.2494060770046,120.829469007883,2020-02-04 11:18:43,2018-10-04 13:04:00,2018-10-04
5074216,10710AB691B0452,10710AB691B0452,15,66000,TXG,232,0,66000060000,2,AB691,2018-10-04 18:09:00,10710041809,臺中市西屯區惠中路市政路,0,1,111,114,120,50,127,141,163,172,176,181,188,189,193,206,211,216,218,231,24.1572240596159,120.641736892139,2020-02-04 11:18:43,2018-10-04 18:09:00,2018-10-04
5073423,10710ABB91B0445,10710ABB91B0445,15,66000,TXG,286,2501,66000110022,2,ABB91,2018-10-04 17:40:00,10710041740,臺中市大甲區孟春里中山路二段98號,0,1,111,113,120,50,137,149,163,172,176,181,188,192,196,200,211,216,217,235,0.0,0.0,2020-02-04 11:18:43,2018-10-04 17:40:00,2018-10-04
5130458,10710ABD91B0421,10710ABD91B0421,15,66000,TXG,235,2473,66000100019,2,ABD91,2018-10-04 15:34:00,10710041534,臺中市東勢區粵寧里新豐街豐勢路,0,1,111,112,120,60,137,148,163,172,176,181,188,189,193,197,208,215,217,230,24.2617315165112,120.823351344811,2020-02-04 11:18:43,2018-10-04 15:34:00,2018-10-04