識別碼,案件編號,交通事故主表,縣市識別碼,縣市代碼,所屬縣市簡碼,鄉縣市區識別碼,村里識別碼,里代碼,事故類(A1、A2...An),處理單位代碼,案件時間(西元),案件時間(民國),發生地點,死亡人數,受傷人數(含2~30日內死亡),天氣識別碼,光線識別碼,道路類別識別碼,速限,道路型態識別碼,事故位置識別碼,路面鋪裝識別碼,路面狀態識別碼,路面缺陷識別碼,障礙物視距識別碼,視距識別碼,號誌種類識別碼,號誌動作識別碼,車道劃分設施-分向設施識別碼,快車道或一般車道間識別碼,快慢車道間識別碼,路面邊線識別碼,事故類型及型態識別碼,緯度,經度,本平台資料更新時間(yyyy-MM-dd HH:mm:ss),資料代表時間(yyyy-MM-dd HH:mm:ss),資料代表日期(yyyy-MM-dd)
5081138,10710AB891B0480,10710AB891B0480,15,66000,TXG,245,2191,66000260008,2,AB891,2018-10-04 22:40:00,10710042240,臺中市霧峰區本堂里樹仁路164號,0,1,111,114,120,50,126,142,163,172,176,181,188,192,196,201,210,215,218,235,24.0588853994387,120.696260968883,2020-02-04 11:18:43,2018-10-04 22:40:00,2018-10-04
5081109,10710AB996B0477,10710AB996B0477,15,66000,TXG,288,2181,66000250013,2,AB996,2018-10-04 21:50:00,10710042150,臺中市龍井區新庄里中興路與中興路120巷口附近,0,1,111,114,120,40,127,141,163,172,176,181,188,189,193,206,211,216,218,230,24.1900434537345,120.579592865403,2020-02-04 11:18:43,2018-10-04 21:50:00,2018-10-04
5093716,10710AB591B0374,10710AB591B0374,15,66000,TXG,233,2402,66000080010,2,AB591,2018-10-04 07:02:00,10710040702,臺中市北屯區和平里松竹路一段15號,0,3,111,112,120,50,137,147,163,172,176,181,188,192,196,197,210,215,218,231,24.1776130036959,120.729806545826,2020-02-04 11:18:43,2018-10-04 07:02:00,2018-10-04
5093758,10710ABC91B0379,10710ABC91B0379,15,66000,TXG,246,2231,66000270034,2,ABC91,2018-10-04 07:31:00,10710040731,臺中市太平區豐年里大源二十六街大源二路,0,1,111,112,120,50,127,141,163,172,176,181,188,192,196,206,211,216,218,234,0.0,0.0,2020-02-04 11:18:43,2018-10-04 07:31:00,2018-10-04
5074191,10710AB291B0449,10710AB291B0449,15,66000,TXG,231,1988,66000050025,2,AB291,2018-10-04 17:55:00,10710041755,臺中市北區賴興里山西路文昌東二街,0,1,111,113,120,50,126,142,163,172,176,181,188,192,196,206,211,216,218,235,24.1728943903618,120.676070919747,2020-02-04 11:18:43,2018-10-04 17:55:00,2018-10-04
5073393,10710AB591B0438,10710AB591B0438,15,66000,TXG,233,0,66000080000,2,AB591,2018-10-04 17:23:00,10710041723,臺中市北屯區太原路建和路,0,1,111,112,120,40,127,141,163,172,176,181,188,190,193,206,211,216,218,231,24.1624649775042,120.721504178089,2020-02-04 11:18:43,2018-10-04 17:23:00,2018-10-04
5072960,10710AB291B0424,10710AB291B0424,15,66000,TXG,231,1992,66000050029,2,AB291,2018-10-04 15:58:00,10710041558,臺中市北區錦平里光大街文祥街附近,0,2,111,112,120,50,126,141,163,172,176,181,188,192,196,201,211,216,218,234,24.1520116017737,120.681289750711,2020-02-04 11:18:43,2018-10-04 15:58:00,2018-10-04
5130464,10710AB391B0422,10710AB391B0422,15,66000,TXG,229,2287,66000030013,2,AB391,2018-10-04 15:42:00,10710041542,臺中市南區樹德里文心南路復興北路,0,2,111,112,120,50,127,141,163,172,176,181,188,189,193,206,211,216,218,234,24.1179811106773,120.65276605212,2020-02-04 11:18:43,2018-10-04 15:42:00,2018-10-04
5074238,10710AB391B0455,10710AB391B0455,15,66000,TXG,228,2063,66000020003,2,AB391,2018-10-04 18:20:00,10710041820,臺中市東區東橋里大振街建興街,0,1,111,114,120,50,127,141,163,172,176,181,188,192,196,206,211,216,218,235,24.1276537490018,120.691670664019,2020-02-04 11:18:43,2018-10-04 18:20:00,2018-10-04
5093143,10710AB691B0369,10710AB691B0369,15,66000,TXG,232,2311,66000060026,2,AB691,2018-10-04 05:20:00,10710040520,臺中市西屯區至善里臺灣大道三段黎明路三段附近,0,2,111,114,120,40,127,141,163,172,176,181,188,189,193,206,211,216,218,234,24.171153304804,120.636688578516,2020-02-04 11:18:43,2018-10-04 05:20:00,2018-10-04
5074217,10710AB491B0451,10710AB491B0451,15,66000,TXG,13,2328,66000070004,2,AB491,2018-10-04 18:09:00,10710041809,臺中市南屯區中和里楓和路中和南一巷,0,1,111,114,120,50,127,141,163,172,176,181,188,192,196,206,211,216,218,234,24.1179109153255,120.626824292328,2020-02-04 11:18:43,2018-10-04 18:09:00,2018-10-04
5074268,10710AB691B0462,10710AB691B0462,15,66000,TXG,232,2002,66000060003,2,AB691,2018-10-04 18:41:00,10710041841,臺中市西屯區潮洋里河南路三段06807號燈桿附近,0,1,111,114,120,40,137,148,163,172,176,181,188,192,196,197,210,215,218,230,24.1653184588349,120.639445241231,2020-02-04 11:18:43,2018-10-04 18:41:00,2018-10-04
5072990,10710AB994B0428,10710AB994B0428,15,66000,TXG,244,2164,66000240013,2,AB994,2018-10-04 16:20:00,10710041620,臺中市大肚區山陽里自由路876號,0,1,111,112,120,60,126,141,163,172,176,181,188,192,196,206,210,216,217,234,24.1611955611231,120.545032856729,2020-02-04 11:18:43,2018-10-04 16:20:00,2018-10-04
5073386,10710AB391B0434,10710AB391B0434,15,66000,TXG,229,2290,66000030016,2,AB391,2018-10-04 17:16:00,10710041716,臺中市南區長榮里國光路信義南街,0,1,111,112,120,40,127,141,163,172,176,181,188,189,193,206,211,216,218,236,24.1293316891648,120.677813922829,2020-02-04 11:18:43,2018-10-04 17:16:00,2018-10-04
5094388,10710AB291B0393,10710AB291B0393,15,66000,TXG,231,2364,66000050022,2,AB291,2018-10-04 08:16:00,10710040816,臺中市北區明德里忠明七街忠太西路,0,1,111,112,120,50,127,141,163,172,176,181,188,191,193,206,211,216,218,233,24.1639948200845,120.66919467353,2020-02-04 11:18:43,2018-10-04 08:16:00,2018-10-04
5074957,10710AB591B0471,10710AB591B0471,15,66000,TXG,233,2016,66000080017,2,AB591,2018-10-04 19:31:00,10710041931,臺中市北屯區仁和里崇德路山西路,0,2,111,114,120,50,127,158,163,172,176,181,188,189,193,206,211,216,218,221,24.1855565478818,120.686196812076,2020-02-04 11:18:43,2018-10-04 19:31:00,2018-10-04
5094404,10710AB191B0396,10710AB191B0396,15,66000,TXG,230,2336,66000040019,2,AB191,2018-10-04 08:30:00,10710040830,臺中市西區忠誠里忠明路30號,0,1,111,112,120,50,137,147,163,172,176,181,188,192,196,197,210,215,218,236,24.1583024161388,120.660521835611,2020-02-04 11:18:43,2018-10-04 08:30:00,2018-10-04
5081108,10710ABA95B0478,10710ABA95B0478,15,66000,TXG,236,2524,66000130012,2,ABA95,2018-10-04 21:50:00,10710042150,臺中市沙鹿區福興里鎮南路二段331號,0,1,111,112,120,40,137,148,163,172,176,181,188,192,196,197,209,215,218,234,24.2270369330148,120.567651212226,2020-02-04 11:18:43,2018-10-04 21:50:00,2018-10-04
5074250,10710AB993B0459,10710AB993B0459,15,66000,TXG,14,0,66000230000,2,AB993,2018-10-04 18:28:00,10710041828,臺中市烏日區溪南路一段12546路燈旁附近,0,1,111,114,120,50,137,149,163,172,176,181,188,192,196,201,210,216,217,234,24.0866782011662,120.644268659153,2020-02-04 11:18:43,2018-10-04 18:28:00,2018-10-04
5130447,10710AB691B0032,10710AB691B0032,15,66000,TXG,232,2009,66000060010,2,AB691,2018-10-04 15:20:00,10710041520,臺中市西屯區何厝里漢口路二段75號,0,2,111,112,120,40,137,148,163,172,176,181,188,192,196,201,211,215,218,234,0.0,0.0,2020-02-04 11:18:43,2018-10-04 15:20:00,2018-10-04
5074262,10710AB793B0460,10710AB793B0460,15,66000,TXG,239,2564,66000170004,2,AB793,2018-10-04 18:36:00,10710041836,臺中市潭子區福仁里中山路一段環中路一段,0,2,111,114,120,60,128,142,163,172,176,181,188,190,193,197,210,215,217,234,24.2007061700303,120.703495121495,2020-02-04 11:18:43,2018-10-04 18:36:00,2018-10-04
5093770,10710AB491B0380,10710AB491B0380,15,66000,TXG,13,2376,66000070008,2,AB491,2018-10-04 07:37:00,10710040737,臺中市南屯區新生里環中路近永春路附近,0,1,111,112,120,40,137,148,163,172,176,181,188,192,196,197,210,212,218,231,0.0,0.0,2020-02-04 11:18:43,2018-10-04 07:37:00,2018-10-04
5081116,10710AB994B0479,10710AB994B0479,15,66000,TXG,244,2431,66000240001,2,AB994,2018-10-04 22:10:00,10710042210,臺中市大肚區王田里沙田路一段沙田路一段28巷,0,1,111,114,120,40,127,141,163,172,176,181,188,189,193,206,211,216,218,234,24.1183879091307,120.577673845926,2020-02-04 11:18:43,2018-10-04 22:10:00,2018-10-04
5093776,10710AB795B0382,10710AB795B0382,15,66000,TXG,240,2083,66000180002,2,AB795,2018-10-04 07:40:00,10710040740,臺中市大雅區員林里中清路四段文秀路,0,1,111,112,120,60,127,141,163,172,176,181,188,189,193,197,210,215,217,235,24.2271614080325,120.644268825846,2020-02-04 11:18:43,2018-10-04 07:40:00,2018-10-04
5095137,10710AB691B0400,10710AB691B0400,15,66000,TXG,232,2004,66000060005,2,AB691,2018-10-04 09:50:00,10710040950,臺中市西屯區惠來里青海路二段111號,0,2,111,112,120,40,127,142,163,172,176,181,188,190,193,206,211,216,218,230,24.16858865701,120.647282301668,2020-02-04 11:18:43,2018-10-04 09:50:00,2018-10-04
5074227,10710AB996B0453,10710AB996B0453,15,66000,TXG,288,2181,66000250013,2,AB996,2018-10-04 18:17:00,10710041817,臺中市龍井區新庄里遊園南路270巷76號,0,2,110,114,120,40,137,149,163,172,176,181,188,192,196,206,211,216,218,228,24.1838805699922,120.586347489042,2020-02-04 11:18:43,2018-10-04 18:17:00,2018-10-04
5074961,10710AB794B0472,10710AB794B0472,15,66000,TXG,238,2037,66000160001,2,AB794,2018-10-04 19:40:00,10710041940,臺中市神岡區神岡里三民南路260巷口附近,0,1,111,114,120,50,126,142,163,172,176,181,188,192,196,200,211,215,218,231,24.2532626644631,120.65655829865,2020-02-04 11:18:43,2018-10-04 19:40:00,2018-10-04
5095684,10710ABA93B0405,10710ABA93B0405,15,66000,TXG,311,193,66000120010,2,ABA93,2018-10-04 12:18:00,10710041218,臺中市清水區南社里中清路九段91巷靠近中清路九段口附近,0,1,111,112,120,40,134,149,163,172,176,181,188,192,196,206,211,216,218,229,24.2628282046353,120.573613224151,2020-02-04 11:18:43,2018-10-04 12:18:00,2018-10-04
5094348,10710AB591B0387,10710AB591B0387,15,66000,TXG,233,2016,66000080017,2,AB591,2018-10-04 07:58:00,10710040758,臺中市北屯區仁和里崇德路三段191號,0,2,111,112,120,40,137,148,163,172,176,181,188,192,196,197,208,215,218,231,24.1873729845346,120.686249898296,2020-02-04 11:18:43,2018-10-04 07:58:00,2018-10-04
5130443,10710ABD91B0419,10710ABD91B0419,15,66000,TXG,241,2095,66000190001,2,ABD91,2018-10-04 15:15:00,10710041515,臺中市新社區新社里興安路82號,0,1,111,112,120,50,137,149,163,172,176,181,188,192,196,201,211,216,217,235,0.0,0.0,2020-02-04 11:18:43,2018-10-04 15:15:00,2018-10-04
5072977,10710AB993B0426,10710AB993B0426,15,66000,TXG,14,2148,66000230010,2,AB993,2018-10-04 16:08:00,10710041608,臺中市烏日區光明里五光路環中路七段,0,1,111,112,120,50,127,141,163,172,176,181,188,190,193,206,211,216,218,234,24.0933395531251,120.648603096386,2020-02-04 11:18:43,2018-10-04 16:08:00,2018-10-04
5094397,10710AB691B0395,10710AB691B0395,15,66000,TXG,232,2321,66000060036,2,AB691,2018-10-04 08:24:00,10710040824,臺中市西屯區福聯里東大路一段37號,0,2,111,112,120,50,137,149,163,172,176,181,188,192,196,200,210,216,218,221,24.1954539033576,120.607526420149,2020-02-04 11:18:43,2018-10-04 08:24:00,2018-10-04
5095074,10710ABA95B0397,10710ABA95B0397,15,66000,TXG,236,2525,66000130013,2,ABA95,2018-10-04 08:55:00,10710040855,臺中市沙鹿區晉江里北勢東路東英路56巷口附近,0,2,111,112,120,50,127,141,163,172,176,181,188,189,193,206,211,216,218,234,24.220057292229,120.579161332792,2020-02-04 11:18:43,2018-10-04 08:55:00,2018-10-04
5074275,10710ABB93B0465,10710ABB93B0465,15,66000,TXG,243,2125,66000210009,2,ABB93,2018-10-04 18:52:00,10710041852,臺中市外埔區鐵山里長生路301號,0,1,111,114,120,40,137,149,163,172,176,181,188,192,196,205,211,216,218,234,24.3467288636207,120.649049528317,2020-02-04 11:18:43,2018-10-04 18:52:00,2018-10-04
5130448,10710ABC91B0004,10710ABC91B0004,15,66000,TXG,246,2210,66000270011,2,ABC91,2018-10-04 15:20:00,10710041520,臺中市太平區新坪里育德路育德路26巷,0,3,111,112,120,50,127,141,163,172,176,181,188,192,196,206,211,216,218,233,0.0,0.0,2020-02-04 11:18:43,2018-10-04 15:20:00,2018-10-04
5094346,10710AB591B0386,10710AB591B0386,15,66000,TXG,233,0,66000080000,2,AB591,2018-10-04 07:58:00,10710040758,臺中市北屯區瀋陽路二段177號,0,1,111,112,120,50,137,149,163,172,176,181,188,192,196,204,209,216,218,234,24.1734229219787,120.685021941416,2020-02-04 11:18:43,2018-10-04 07:58:00,2018-10-04
5074248,10710ABD91B0458,10710ABD91B0458,15,66000,TXG,241,2095,66000190001,2,ABD91,2018-10-04 18:25:00,10710041825,臺中市新社區新社里中和街四段223號,0,3,110,114,120,40,126,149,163,172,176,181,188,192,196,201,211,216,217,234,24.2446109144945,120.808406290795,2020-02-04 11:18:43,2018-10-04 18:25:00,2018-10-04
5074244,10710AB191B0457,10710AB191B0457,15,66000,TXG,230,2336,66000040019,2,AB191,2018-10-04 18:24:00,10710041824,臺中市西區忠誠里臺灣大道二段556號,0,1,111,114,120,40,137,148,163,172,176,181,188,192,196,199,211,214,218,231,24.1576574475015,120.659034069404,2020-02-04 11:18:43,2018-10-04 18:24:00,2018-10-04
5093144,10710AB591B0370,10710AB591B0370,15,66000,TXG,233,2406,66000080034,2,AB591,2018-10-04 05:22:00,10710040522,臺中市北屯區北京里太原路三段國校巷,0,1,111,113,120,50,128,141,163,172,176,181,188,191,193,206,211,216,218,234,24.1649610964461,120.690784005166,2020-02-04 11:18:43,2018-10-04 05:22:00,2018-10-04
5096324,10710AB691B0416,10710AB691B0416,15,66000,TXG,232,2318,66000060033,2,AB691,2018-10-04 14:57:00,10710041457,臺中市西屯區福和里福安十一街水尾巷,0,3,111,112,120,50,127,141,163,172,176,181,188,191,195,206,211,216,218,232,24.1740893102804,120.617423704608,2020-02-04 11:18:43,2018-10-04 14:57:00,2018-10-04
5073391,10710ABA95B0437,10710ABA95B0437,15,66000,TXG,236,2515,66000130003,2,ABA95,2018-10-04 17:22:00,10710041722,臺中市沙鹿區沙鹿里中山路313號,0,2,111,112,120,50,126,141,163,172,176,181,188,192,196,206,211,216,218,231,0.0,0.0,2020-02-04 11:18:43,2018-10-04 17:22:00,2018-10-04
5073424,10710AB391B0443,10710AB391B0443,15,66000,TXG,229,2285,66000030011,2,AB391,2018-10-04 17:40:00,10710041740,臺中市南區永興里工學路工學二街,0,2,111,112,120,50,127,141,163,172,176,181,188,189,193,206,211,216,218,233,24.1168774209195,120.663934716357,2020-02-04 11:18:43,2018-10-04 17:40:00,2018-10-04
5093717,10710AB291B0373,10710AB291B0373,15,66000,TXG,231,2344,66000050002,2,AB291,2018-10-04 07:02:00,10710040702,臺中市北區文莊里英士路日進街,0,1,111,112,120,50,126,141,163,172,176,181,188,192,196,206,211,216,218,234,24.1515477783156,120.675426097105,2020-02-04 11:18:43,2018-10-04 07:02:00,2018-10-04
5073389,10710AB391B0436,10710AB391B0436,15,66000,TXG,228,2071,66000020011,2,AB391,2018-10-04 17:19:00,10710041719,臺中市東區東南里精武路東南街,0,1,111,113,120,40,126,141,163,172,176,181,188,189,193,206,211,216,218,235,24.1479142765971,120.695528557583,2020-02-04 11:18:43,2018-10-04 17:19:00,2018-10-04
5074266,10710AB291B0461,10710AB291B0461,15,66000,TXG,231,2365,66000050023,2,AB291,2018-10-04 18:40:00,10710041840,臺中市北區長青里漢口路三段1之1號,0,1,111,112,120,50,137,149,163,172,176,181,188,192,196,198,210,216,218,235,0.0,0.0,2020-02-04 11:18:43,2018-10-04 18:40:00,2018-10-04
5073405,10710AB795B0440,10710AB795B0440,15,66000,TXG,240,2093,66000180013,2,AB795,2018-10-04 17:31:00,10710041731,臺中市大雅區文雅里永和路134之8號,0,3,111,113,120,50,137,149,163,172,176,181,188,192,196,201,211,216,217,230,24.2124377805184,120.63255981309,2020-02-04 11:18:43,2018-10-04 17:31:00,2018-10-04
5073382,10710ABA93B0433,10710ABA93B0433,15,66000,TXG,311,192,66000120009,2,ABA93,2018-10-04 17:15:00,10710041715,臺中市清水區西社里鎮政路23號,0,2,111,113,120,50,138,147,163,172,176,181,188,192,196,201,210,215,218,230,24.2677918624906,120.559999870408,2020-02-04 11:18:43,2018-10-04 17:15:00,2018-10-04
5093768,10710AB391B0003,10710AB391B0003,15,66000,TXG,229,2287,66000030013,2,AB391,2018-10-04 07:35:00,10710040735,臺中市南區樹德里德祥街德吉街,0,1,111,112,120,50,127,141,163,172,176,181,187,192,196,206,211,216,218,234,24.119904077093,120.65264280944,2020-02-04 11:18:43,2018-10-04 07:35:00,2018-10-04
5130454,10710AB993B0420,10710AB993B0420,15,66000,TXG,14,2147,66000230009,2,AB993,2018-10-04 15:30:00,10710041530,臺中市烏日區五光里五光路112-1號,0,1,111,112,120,50,137,152,163,172,176,181,188,192,196,201,210,215,217,235,24.0929329889978,120.647261995454,2020-02-04 11:18:43,2018-10-04 15:30:00,2018-10-04
5074231,10710AB691B0454,10710AB691B0454,15,66000,TXG,232,2004,66000060005,2,AB691,2018-10-04 18:19:00,10710041819,臺中市西屯區惠來里惠中路一段市政北二路,0,1,111,114,120,50,126,141,163,172,176,181,188,190,193,197,211,216,218,234,24.1599456802142,120.643362889596,2020-02-04 11:18:43,2018-10-04 18:19:00,2018-10-04
5074272,10710AB391B0464,10710AB391B0464,15,66000,TXG,228,2066,66000020006,2,AB391,2018-10-04 18:49:00,10710041849,臺中市東區泉源里進德路建成路,0,1,111,114,120,50,128,141,163,172,176,181,188,189,193,206,211,216,218,235,24.1378438901083,120.692709954615,2020-02-04 11:18:43,2018-10-04 18:49:00,2018-10-04
5081103,10710AB291B0002,10710AB291B0002,15,66000,TXG,231,2348,66000050006,2,AB291,2018-10-04 21:45:00,10710042145,臺中市北區樂英里雙十路育才南街,0,1,111,114,120,50,126,141,163,172,176,181,188,192,196,206,211,216,218,234,24.1478874654714,120.686741498363,2020-02-04 11:18:43,2018-10-04 21:45:00,2018-10-04
5096289,10710AB591B0414,10710AB591B0414,15,66000,TXG,233,2023,66000080024,2,AB591,2018-10-04 14:00:00,10710041400,臺中市北屯區陳平里中清路二段510號,0,2,111,112,120,50,126,142,163,172,176,181,188,189,193,197,210,215,218,231,24.1814803835112,120.66643733813,2020-02-04 11:18:43,2018-10-04 14:00:00,2018-10-04
5093735,10710AB191B0377,10710AB191B0377,15,66000,TXG,227,2058,66000010006,2,AB191,2018-10-04 07:20:00,10710040720,臺中市中區柳川里成功路與興中街口附近,0,1,111,112,120,50,137,149,163,172,176,181,188,192,196,206,210,216,218,235,24.143935236439,120.679302481535,2020-02-04 11:18:43,2018-10-04 07:20:00,2018-10-04
5072994,10710AB994B0430,10710AB994B0430,15,66000,TXG,244,2431,66000240001,2,AB994,2018-10-04 16:25:00,10710041625,臺中市大肚區王田里沙田路一段沙田路一段388巷,0,2,111,112,120,50,126,141,163,172,176,181,188,189,193,206,211,216,218,235,24.1224121291557,120.566986445344,2020-02-04 11:18:43,2018-10-04 16:25:00,2018-10-04
5094393,10710ABC91B0394,10710ABC91B0394,15,66000,TXG,246,2200,66000270001,2,ABC91,2018-10-04 08:20:00,10710040820,臺中市太平區太平里東平路198號,0,1,111,112,120,50,137,149,163,172,176,181,188,192,196,201,210,216,217,234,24.1348920408796,120.730719199461,2020-02-04 11:18:43,2018-10-04 08:20:00,2018-10-04
5073421,10710AB793B0442,10710AB793B0442,15,66000,TXG,239,0,66000170000,2,AB793,2018-10-04 17:38:00,10710041738,臺中市潭子區雅潭路二段399號,0,2,111,112,120,50,137,148,163,172,176,181,188,189,193,204,209,215,217,230,24.2159367400475,120.690249152655,2020-02-04 11:18:43,2018-10-04 17:38:00,2018-10-04
5095170,10710AB994B0402,10710AB994B0402,15,66000,TXG,244,2431,66000240001,2,AB994,2018-10-04 10:18:00,10710041018,臺中市大肚區王田里沙田路一段295號,0,1,111,112,120,40,137,148,163,172,176,181,188,192,196,197,210,215,217,235,24.1213211307858,120.569671657469,2020-02-04 11:18:43,2018-10-04 10:18:00,2018-10-04
5074956,10710AB795B0470,10710AB795B0470,15,66000,TXG,240,2092,66000180012,2,AB795,2018-10-04 19:30:00,10710041930,臺中市大雅區上雅里神林南路民生路二段,0,1,111,114,120,50,127,141,163,172,176,181,188,189,193,201,211,216,217,231,24.2293787126129,120.654345203734,2020-02-04 11:18:43,2018-10-04 19:30:00,2018-10-04
5074270,10710AB691B0463,10710AB691B0463,15,66000,TXG,232,2003,66000060004,2,AB691,2018-10-04 18:46:00,10710041846,臺中市西屯區龍潭里台74線快速公路8.3KM(往烏日)附近,0,1,111,114,120,40,137,156,163,172,176,181,188,192,196,206,211,216,218,231,0.0,0.0,2020-02-04 11:18:43,2018-10-04 18:46:00,2018-10-04
5073427,10710AB591B0447,10710AB591B0447,15,66000,TXG,233,2394,66000080001,2,AB591,2018-10-04 17:42:00,10710041742,臺中市北屯區北興里太原路三段旱溪西路,0,2,111,113,120,50,127,141,163,172,176,181,188,189,193,206,211,216,218,234,24.164798501434,120.704414600644,2020-02-04 11:18:43,2018-10-04 17:42:00,2018-10-04
5094358,10710AB691B0388,10710AB691B0388,15,66000,TXG,232,2314,66000060029,2,AB691,2018-10-04 08:00:00,10710040800,臺中市西屯區逢福里河南路二段242號對面附近,0,1,111,112,120,50,126,142,163,172,176,181,188,192,196,201,210,215,218,230,24.1744964735507,120.660022407275,2020-02-04 11:18:43,2018-10-04 08:00:00,2018-10-04
5074980,10710AB191B0473,10710AB191B0473,15,66000,TXG,230,2556,66000040011,2,AB191,2018-10-04 20:12:00,10710042012,臺中市西區民龍里臺灣大道中興街附近,0,1,111,114,120,40,128,141,163,172,176,181,188,190,193,206,211,216,218,236,24.15473713799,120.663845595815,2020-02-04 11:18:43,2018-10-04 20:12:00,2018-10-04
5094365,10710AB691B0391,10710AB691B0391,15,66000,TXG,232,2311,66000060026,2,AB691,2018-10-04 08:02:00,10710040802,臺中市西屯區至善里上安路162-1號,0,2,111,112,120,50,127,141,163,172,176,181,188,189,193,201,211,216,218,234,24.1715952577912,120.639517612126,2020-02-04 11:18:43,2018-10-04 08:02:00,2018-10-04
5094357,10710AB7X1B0389,10710AB7X1B0389,15,66000,TXG,234,2437,66000090019,2,AB7X1,2018-10-04 08:00:00,10710040800,臺中市豐原區社皮里中正路733號,0,1,111,112,120,50,137,149,163,172,176,181,188,192,196,201,210,216,218,235,24.2490363219808,120.700878416305,2020-02-04 11:18:43,2018-10-04 08:00:00,2018-10-04
5096235,10710ABA95B0407,10710ABA95B0407,15,66000,TXG,236,2523,66000130011,2,ABA95,2018-10-04 12:33:00,10710041233,臺中市沙鹿區北勢里鎮南路二段鎮南路二段299巷,0,1,111,112,120,50,127,141,163,172,176,181,188,189,193,206,211,216,218,234,24.2249883994207,120.568589744365,2020-02-04 11:18:43,2018-10-04 12:33:00,2018-10-04
5094374,10710A2AZKB0016,10710A2AZKB0016,15,66000,TXG,240,0,66000180000,2,A2AZK,2018-10-04 08:07:00,10710040807,臺中市大雅區科雅路與科雅三路路口附近,0,1,111,112,120,60,127,142,163,172,176,181,188,190,193,197,207,212,217,230,24.218870442078,120.624561652926,2020-02-04 11:18:43,2018-10-04 08:07:00,2018-10-04
5093699,10710AB795B0372,10710AB795B0372,15,66000,TXG,240,2092,66000180012,2,AB795,2018-10-04 06:38:00,10710040638,臺中市大雅區上雅里中清路四段12號,0,1,111,112,120,50,137,152,163,172,176,181,188,192,196,197,210,215,217,231,24.2259173059377,120.64519911297,2020-02-04 11:18:43,2018-10-04 06:38:00,2018-10-04
5074999,10710AB691B0474,10710AB691B0474,15,66000,TXG,232,2309,66000060024,2,AB691,2018-10-04 20:53:00,10710042053,臺中市西屯區西平里逢甲路158號,0,2,111,114,120,40,137,148,163,172,176,181,188,192,196,201,210,215,218,220,24.1780270632112,120.642704668423,2020-02-04 11:18:43,2018-10-04 20:53:00,2018-10-04
5073420,10710ABC91B0441,10710ABC91B0441,15,66000,TXG,246,2215,66000270017,2,ABC91,2018-10-04 17:37:00,10710041737,臺中市太平區光隆里光德路221號對面附近,0,1,111,114,120,50,137,149,163,172,176,181,188,192,196,201,211,216,217,235,24.1050737477365,120.723497383415,2020-02-04 11:18:43,2018-10-04 17:37:00,2018-10-04
5096242,10710AB691B0409,10710AB691B0409,15,66000,TXG,232,2002,66000060003,2,AB691,2018-10-04 12:44:00,10710041244,臺中市西屯區潮洋里臺灣大道四段16巷6號,0,1,111,112,120,40,134,149,163,172,176,181,188,192,196,206,211,216,218,238,24.1768129061627,120.630781823347,2020-02-04 11:18:43,2018-10-04 12:44:00,2018-10-04
5074943,10710AB691B0468,10710AB691B0468,15,66000,TXG,232,2316,66000060031,2,AB691,2018-10-04 19:13:00,10710041913,臺中市西屯區何成里大墩路925號,0,1,111,114,120,50,126,141,163,172,176,181,188,192,196,206,211,216,218,235,24.1579165690066,120.65129489644,2020-02-04 11:18:43,2018-10-04 19:13:00,2018-10-04
5074246,10710AB191B0456,10710AB191B0456,15,66000,TXG,230,2336,66000040019,2,AB191,2018-10-04 18:24:00,10710041824,臺中市西區忠誠里太原路臺灣大道,0,1,111,114,120,50,127,141,163,172,176,181,188,189,193,197,210,212,218,230,0.0,0.0,2020-02-04 11:18:43,2018-10-04 18:24:00,2018-10-04
5093774,10710AB391B0381,10710AB391B0381,15,66000,TXG,229,2281,66000030007,2,AB391,2018-10-04 07:40:00,10710040740,臺中市南區新榮里學府路147巷9號,0,1,111,112,120,50,137,149,163,172,176,181,188,192,196,201,211,216,218,235,24.1278660713979,120.675432251378,2020-02-04 11:18:43,2018-10-04 07:40:00,2018-10-04
5093777,10710AB795B0383,10710AB795B0383,15,66000,TXG,240,2091,66000180011,2,AB795,2018-10-04 07:40:00,10710040740,臺中市大雅區四德里中山路中山八路,0,1,111,112,120,50,127,141,163,172,176,181,188,189,193,206,210,216,217,234,24.209374037139,120.644337909823,2020-02-04 11:18:43,2018-10-04 07:40:00,2018-10-04
5096239,10710AB996B0408,10710AB996B0408,15,66000,TXG,288,2184,66000250016,2,AB996,2018-10-04 12:38:00,10710041238,臺中市龍井區東海里遊園北路遠東街,0,1,111,112,120,50,126,142,163,172,176,181,188,189,193,201,211,216,217,234,24.1911546369137,120.587622328137,2020-02-04 11:18:43,2018-10-04 12:38:00,2018-10-04
5093145,10710AB191B0371,10710AB191B0371,15,66000,TXG,227,2060,66000010008,2,AB191,2018-10-04 05:25:00,10710040525,臺中市中區中華里中華路一段中華路93巷附近,0,2,111,113,120,50,127,141,163,172,176,181,188,192,196,206,211,216,218,221,24.1441594509229,120.675181935538,2020-02-04 11:18:43,2018-10-04 05:25:00,2018-10-04