識別碼,案件編號,交通事故主表,縣市識別碼,縣市代碼,所屬縣市簡碼,鄉縣市區識別碼,村里識別碼,里代碼,事故類(A1、A2...An),處理單位代碼,案件時間(西元),案件時間(民國),發生地點,死亡人數,受傷人數(含2~30日內死亡),天氣識別碼,光線識別碼,道路類別識別碼,速限,道路型態識別碼,事故位置識別碼,路面鋪裝識別碼,路面狀態識別碼,路面缺陷識別碼,障礙物視距識別碼,視距識別碼,號誌種類識別碼,號誌動作識別碼,車道劃分設施-分向設施識別碼,快車道或一般車道間識別碼,快慢車道間識別碼,路面邊線識別碼,事故類型及型態識別碼,緯度,經度,本平台資料更新時間(yyyy-MM-dd HH:mm:ss),資料代表時間(yyyy-MM-dd HH:mm:ss),資料代表日期(yyyy-MM-dd)
5143961,10710AB591B0504,10710AB591B0504,15,66000,TXG,233,2402,66000080010,2,AB591,2018-10-05 07:48:00,10710050748,臺中市北屯區和平里建和路276號,0,1,111,112,120,40,137,147,163,172,176,181,188,192,196,201,211,215,218,230,0.0,0.0,2020-02-04 11:18:43,2018-10-05 07:48:00,2018-10-05
5242431,10710ABD91B0652,10710ABD91B0652,15,66000,TXG,235,2459,66000100005,2,ABD91,2018-10-06 11:27:00,10710061127,臺中市東勢區延平里豐勢路114號,0,1,111,112,120,50,137,149,163,172,176,181,188,192,196,201,211,216,217,247,0.0,0.0,2020-02-04 11:18:43,2018-10-06 11:27:00,2018-10-06
5149002,10710AB391B0680,10710AB391B0680,15,66000,TXG,228,2061,66000020001,2,AB391,2018-10-06 14:52:00,10710061452,臺中市東區新庄里大公街20號,0,1,111,112,120,50,127,141,163,172,176,181,188,192,196,206,211,216,218,233,24.1350780912301,120.685769876824,2020-02-04 11:18:43,2018-10-06 14:52:00,2018-10-06
5148261,10710AB291B0665,10710AB291B0665,15,66000,TXG,231,2345,66000050003,2,AB291,2018-10-06 12:58:00,10710061258,臺中市北區五常里學士路五順街,0,1,111,112,120,50,127,141,163,172,176,181,188,189,193,206,211,216,218,234,24.1539821343829,120.682318111421,2020-02-04 11:18:43,2018-10-06 12:58:00,2018-10-06
5266358,10710ABB91B0705,10710ABB91B0705,15,66000,TXG,286,2504,66000110025,2,ABB91,2018-10-06 21:50:00,10710062150,臺中市大甲區龍泉里渭水路23號,0,1,111,114,120,50,127,141,163,172,176,181,188,192,196,206,211,216,218,235,24.4010982544397,120.639935508096,2020-02-04 11:18:43,2018-10-06 21:50:00,2018-10-06
5241143,10710AB994B0632,10710AB994B0632,15,66000,TXG,244,2158,66000240007,2,AB994,2018-10-06 07:30:00,10710060730,臺中市大肚區大東里仁德路六六東一巷8弄1號旁附近,0,1,111,112,120,40,127,141,163,172,176,181,188,192,196,206,211,216,218,233,24.1460304207522,120.552954491988,2020-02-04 11:18:43,2018-10-06 07:30:00,2018-10-06
5242430,10710AB191B0651,10710AB191B0651,15,66000,TXG,230,2301,66000040005,2,AB191,2018-10-06 11:26:00,10710061126,臺中市西區廣民里民生路樂群街,0,1,111,112,120,50,127,141,163,172,176,181,188,189,193,206,211,216,218,235,24.1403841523558,120.673830783798,2020-02-04 11:18:43,2018-10-06 11:26:00,2018-10-06
5149582,10710A2AZKB0031,10710A2AZKB0031,15,66000,TXG,232,0,66000060000,2,A2AZK,2018-10-06 16:00:00,10710061600,臺中市西屯區中科路與科雅西路口附近,0,1,111,112,120,60,126,141,163,172,176,181,188,190,193,197,208,212,217,234,24.2092965723892,120.616142985476,2020-02-04 11:18:43,2018-10-06 16:00:00,2018-10-06
5150196,10710ABA93B0692,10710ABA93B0692,15,66000,TXG,311,216,66000120015,2,ABA93,2018-10-06 17:32:00,10710061732,臺中市清水區海濱里民享路229號,0,1,111,112,120,50,126,147,163,172,176,181,188,192,196,201,211,215,218,235,24.2740562239203,120.564251680591,2020-02-04 11:18:43,2018-10-06 17:32:00,2018-10-06
5148277,10710AB891B0670,10710AB891B0670,15,66000,TXG,247,2268,66000280027,2,AB891,2018-10-06 13:10:00,10710061310,臺中市大里區仁德里光明路132號,0,1,111,112,120,40,137,149,163,172,176,181,188,192,196,206,211,216,217,231,0.0,0.0,2020-02-04 11:18:43,2018-10-06 13:10:00,2018-10-06
5242459,10710AB391B0654,10710AB391B0654,15,66000,TXG,229,2283,66000030009,2,AB391,2018-10-06 11:50:00,10710061150,臺中市南區福平里建國南路三民路,0,1,111,112,120,50,127,141,163,172,176,181,188,189,193,206,211,216,218,233,24.1288936418984,120.667228753615,2020-02-04 11:18:43,2018-10-06 11:50:00,2018-10-06
5148954,10710AB691B0674,10710AB691B0674,15,66000,TXG,232,2316,66000060031,2,AB691,2018-10-06 13:55:00,10710061355,臺中市西屯區何成里臺灣大道二段825號,0,1,111,112,120,60,127,142,163,172,176,181,188,189,193,197,210,212,218,234,24.16023776984,120.653575477587,2020-02-04 11:18:43,2018-10-06 13:55:00,2018-10-06
5150192,10710AB591B0690,10710AB591B0690,15,66000,TXG,233,2017,66000080018,2,AB591,2018-10-06 17:30:00,10710061730,臺中市北屯區仁美里昌平東六路崇德十路,0,1,111,112,120,50,126,142,163,172,176,181,188,192,196,206,211,216,218,235,24.1882287425736,120.690383433125,2020-02-04 11:18:43,2018-10-06 17:30:00,2018-10-06
5266689,10710AB691B0706,10710AB691B0706,15,66000,TXG,232,2004,66000060005,2,AB691,2018-10-06 22:06:00,10710062206,臺中市西屯區惠來里惠中路文中路,0,1,111,114,120,50,126,141,163,172,176,181,188,191,193,206,211,216,218,235,24.1656516502241,120.647017861106,2020-02-04 11:18:43,2018-10-06 22:06:00,2018-10-06
5240453,10710AB691B0628,10710AB691B0628,15,66000,TXG,232,2005,66000060006,2,AB691,2018-10-06 03:06:00,10710060306,臺中市西屯區上石里西屯路河南路,0,1,111,114,120,50,127,141,163,172,176,181,188,189,193,206,211,216,218,234,24.1724291374127,120.645513107093,2020-02-04 11:18:43,2018-10-06 03:06:00,2018-10-06
5242460,10710ABA95B0655,10710ABA95B0655,15,66000,TXG,311,0,66000120000,2,ABA95,2018-10-06 11:50:00,10710061150,臺中市清水區中航路一段和睦路三段,0,1,111,112,120,50,126,141,163,172,176,181,188,189,193,206,211,216,218,234,0.0,0.0,2020-02-04 11:18:43,2018-10-06 11:50:00,2018-10-06
5149610,10710AB391B0685,10710AB391B0685,15,66000,TXG,229,2288,66000030014,2,AB391,2018-10-06 16:42:00,10710061642,臺中市南區西川里柳川東路一段97之9號,0,2,111,112,120,50,137,147,163,172,176,181,188,192,196,206,211,216,218,228,24.1266782779193,120.659754856829,2020-02-04 11:18:43,2018-10-06 16:42:00,2018-10-06
5148247,10710ABA95B0664,10710ABA95B0664,15,66000,TXG,236,2519,66000130007,2,ABA95,2018-10-06 12:40:00,10710061240,臺中市沙鹿區鹿峰里中山路與中山路641巷口附近,0,2,111,112,120,50,127,141,163,172,176,181,188,191,193,206,211,216,218,234,24.2536944799951,120.567403140907,2020-02-04 11:18:43,2018-10-06 12:40:00,2018-10-06
5149641,10710AB793B0689,10710AB793B0689,15,66000,TXG,239,2562,66000170002,2,AB793,2018-10-06 17:07:00,10710061707,臺中市潭子區潭秀里雅潭路一段146號,0,1,111,112,120,50,137,147,163,172,176,181,188,192,196,197,210,215,217,234,24.2161697674755,120.7013993167,2020-02-04 11:18:43,2018-10-06 17:07:00,2018-10-06
5265799,10710AB794B0696,10710AB794B0696,15,66000,TXG,238,2037,66000160001,2,AB794,2018-10-06 18:21:00,10710061821,臺中市神岡區神岡里中山路1343號,0,1,111,114,120,50,127,141,163,172,176,181,188,190,193,201,211,215,218,234,24.2588418842861,120.661351015957,2020-02-04 11:18:43,2018-10-06 18:21:00,2018-10-06
5266285,10710ABA93B0701,10710ABA93B0701,15,66000,TXG,311,213,66000120012,2,ABA93,2018-10-06 19:54:00,10710061954,臺中市清水區臨江里中央路114號,0,1,111,115,120,40,127,141,163,172,176,181,188,192,196,206,211,216,217,233,24.2710180059189,120.550060641659,2020-02-04 11:18:43,2018-10-06 19:54:00,2018-10-06
5148919,10710ABC91B0671,10710ABC91B0671,15,66000,TXG,246,2207,66000270008,2,ABC91,2018-10-06 13:19:00,10710061319,臺中市太平區中山里中山路二段中山路二段541巷,0,1,111,112,120,50,128,141,163,172,176,181,188,189,193,201,209,215,217,234,24.1496492803143,120.724779210907,2020-02-04 11:18:43,2018-10-06 13:19:00,2018-10-06
5148238,10710ABA95B0661,10710ABA95B0661,15,66000,TXG,236,2526,66000130014,2,ABA95,2018-10-06 12:32:00,10710061232,臺中市沙鹿區六路里南陽路251號,0,1,111,112,120,50,135,147,163,172,176,181,188,192,196,200,211,215,218,231,24.2147117867579,120.576157620581,2020-02-04 11:18:43,2018-10-06 12:32:00,2018-10-06
5148994,10710AB291B0679,10710AB291B0679,15,66000,TXG,231,2350,66000050008,2,AB291,2018-10-06 14:41:00,10710061441,臺中市北區建成里東光路近東光東街附近,0,2,111,112,120,50,137,149,163,172,176,181,188,192,196,197,210,216,218,234,24.1565298250374,120.699051113236,2020-02-04 11:18:43,2018-10-06 14:41:00,2018-10-06
5241206,10710ABC91B0637,10710ABC91B0637,15,66000,TXG,246,2228,66000270031,2,ABC91,2018-10-06 08:30:00,10710060830,臺中市太平區宜佳里環中東路四段369號,0,1,111,112,120,50,137,149,163,172,176,181,188,192,196,197,210,215,218,235,24.1432108992164,120.711528081846,2020-02-04 11:18:43,2018-10-06 08:30:00,2018-10-06
5148271,10710AB591B0669,10710AB591B0669,15,66000,TXG,233,2402,66000080010,2,AB591,2018-10-06 13:05:00,10710061305,臺中市北屯區和平里東山路一段302號,0,1,111,112,120,50,137,149,163,172,176,181,188,192,196,201,210,216,218,235,24.1759054506599,120.720306682707,2020-02-04 11:18:43,2018-10-06 13:05:00,2018-10-06
5148244,10710AB591B0662,10710AB591B0662,15,66000,TXG,233,2407,66000080035,2,AB591,2018-10-06 12:40:00,10710061240,臺中市北屯區平心里瀋陽路三段7號,0,1,111,112,120,50,137,147,163,172,176,181,188,192,196,201,211,215,218,230,24.1733109371067,120.686023167774,2020-02-04 11:18:43,2018-10-06 12:40:00,2018-10-06
5265834,10710AB591B0699,10710AB591B0699,15,66000,TXG,233,2400,66000080008,2,AB591,2018-10-06 19:01:00,10710061901,臺中市北屯區水景里東山路一段196-10號,0,1,111,114,120,50,126,145,163,172,176,181,188,192,196,206,211,216,218,234,24.1723137627271,120.708836297188,2020-02-04 11:18:43,2018-10-06 19:01:00,2018-10-06
5242464,10710AB793B0656,10710AB793B0656,15,66000,TXG,239,2562,66000170002,2,AB793,2018-10-06 11:53:00,10710061153,臺中市潭子區潭秀里雅潭路一段258號,0,1,111,112,120,40,128,142,163,172,176,181,188,189,193,206,211,216,218,231,24.2163466560025,120.699244036219,2020-02-04 11:18:43,2018-10-06 11:53:00,2018-10-06
5241222,10710AB691B0638,10710AB691B0638,15,66000,TXG,232,2370,66000060018,2,AB691,2018-10-06 08:47:00,10710060847,臺中市西屯區永安里西屯路三段西林巷,0,1,111,112,120,50,127,142,163,172,176,181,188,189,193,205,210,215,218,235,24.1828091540272,120.632541356998,2020-02-04 11:18:43,2018-10-06 08:47:00,2018-10-06
5242487,10710AB691B0659,10710AB691B0659,15,66000,TXG,232,2309,66000060024,2,AB691,2018-10-06 12:18:00,10710061218,臺中市西屯區西平里福星路320號,0,1,111,112,120,50,137,149,163,172,176,181,188,192,196,205,210,214,218,234,24.1811957672751,120.645025129767,2020-02-04 11:18:43,2018-10-06 12:18:00,2018-10-06
5148956,10710AB996B0675,10710AB996B0675,15,66000,TXG,288,2183,66000250015,2,AB996,2018-10-06 13:57:00,10710061357,臺中市龍井區新東里臺灣大道五段105號,0,2,111,112,120,40,127,148,163,172,176,181,188,192,196,197,210,212,218,231,24.1841048182273,120.589738946781,2020-02-04 11:18:43,2018-10-06 13:57:00,2018-10-06
5241169,10710AB391B0633,10710AB391B0633,15,66000,TXG,229,2286,66000030012,2,AB391,2018-10-06 07:51:00,10710060751,臺中市南區樹義里復興路大慶街,0,1,111,112,120,40,127,141,163,172,176,181,188,189,193,206,211,216,218,235,0.0,0.0,2020-02-04 11:18:43,2018-10-06 07:51:00,2018-10-06
5266273,10710AB591B0700,10710AB591B0700,15,66000,TXG,233,2020,66000080021,2,AB591,2018-10-06 19:34:00,10710061934,臺中市北屯區同榮里環中路昌平路,0,1,111,114,120,50,127,141,163,172,176,181,188,189,193,206,211,216,218,233,24.2012377993548,120.676334038683,2020-02-04 11:18:43,2018-10-06 19:34:00,2018-10-06
5241858,10710AB795B0646,10710AB795B0646,15,66000,TXG,240,2091,66000180011,2,AB795,2018-10-06 10:38:00,10710061038,臺中市大雅區四德里雅環路一段154巷與神林南路539巷口附近,0,1,111,112,120,40,127,141,163,172,176,181,188,192,196,206,211,216,218,233,24.2180641605843,120.653922855515,2020-02-04 11:18:43,2018-10-06 10:38:00,2018-10-06
5241845,10710ABC91B0644,10710ABC91B0644,15,66000,TXG,246,2219,66000270022,2,ABC91,2018-10-06 10:20:00,10710061020,臺中市太平區成功里建興北路23號,0,3,111,112,120,50,137,149,163,172,176,181,188,192,196,201,211,216,218,231,24.1320911419845,120.721532325338,2020-02-04 11:18:43,2018-10-06 10:20:00,2018-10-06
5241837,10710ABA93B0642,10710ABA93B0642,15,66000,TXG,311,1983,66000120024,2,ABA93,2018-10-06 10:12:00,10710061012,臺中市清水區菁埔里中華北路與臨港路七段口附近,0,2,111,112,120,70,126,141,163,172,176,181,188,189,193,206,211,216,218,234,24.3038434622418,120.596312801791,2020-02-04 11:18:43,2018-10-06 10:12:00,2018-10-06
5265793,10710ABC91B0694,10710ABC91B0694,15,66000,TXG,246,2212,66000270013,2,ABC91,2018-10-06 18:14:00,10710061814,臺中市太平區新福里樹德一街73巷,0,1,111,114,120,50,127,141,163,172,176,181,188,192,196,201,211,216,218,233,24.1511278871655,120.707382975042,2020-02-04 11:18:43,2018-10-06 18:14:00,2018-10-06
5266332,10710AB993B0703,10710AB993B0703,15,66000,TXG,14,2152,66000230015,2,AB993,2018-10-06 21:05:00,10710062105,臺中市烏日區南里里環中路八段﹑溪南路二段附近,0,1,111,114,120,50,127,141,163,172,176,181,188,190,193,201,210,216,217,233,24.0578558097956,120.645425356065,2020-02-04 11:18:43,2018-10-06 21:05:00,2018-10-06
5266353,10710AB691B0704,10710AB691B0704,15,66000,TXG,232,2315,66000060030,2,AB691,2018-10-06 21:45:00,10710062145,臺中市西屯區何明里西屯路二段漢口路二段,0,3,111,114,120,50,128,141,163,172,176,181,188,189,193,206,211,216,218,235,24.1769101625858,120.643095029869,2020-02-04 11:18:43,2018-10-06 21:45:00,2018-10-06
5240431,10710AB791B0625,10710AB791B0625,15,66000,TXG,234,2441,66000090023,2,AB791,2018-10-06 00:28:00,10710060028,臺中市豐原區豐田里豐南街育德街,0,3,111,114,120,50,127,141,163,172,176,181,188,191,193,200,209,215,218,231,24.2384935547957,120.717754669053,2020-02-04 11:18:43,2018-10-06 00:28:00,2018-10-06
5148977,10710AB491B0677,10710AB491B0677,15,66000,TXG,13,2389,66000070021,2,AB491,2018-10-06 14:20:00,10710061420,臺中市南屯區大業里大業路大聖街,0,1,111,112,120,40,127,141,163,172,176,181,188,189,193,206,211,216,218,230,24.1535967901655,120.65060337669,2020-02-04 11:18:43,2018-10-06 14:20:00,2018-10-06
5148246,10710AB691B0663,10710AB691B0663,15,66000,TXG,232,2007,66000060008,2,AB691,2018-10-06 12:40:00,10710061240,臺中市西屯區鵬程里河南路二段近甘肅路附近,0,1,111,112,120,50,137,147,163,172,176,181,188,192,196,205,210,215,218,230,24.1744964735507,120.660022407275,2020-02-04 11:18:43,2018-10-06 12:40:00,2018-10-06
5148965,10710AB291B0676,10710AB291B0676,15,66000,TXG,231,2345,66000050003,2,AB291,2018-10-06 14:07:00,10710061407,臺中市北區五常里五權路五常街,0,1,111,112,120,50,127,141,163,172,176,181,188,190,193,206,211,216,218,230,24.1528422935144,120.681287690203,2020-02-04 11:18:43,2018-10-06 14:07:00,2018-10-06
5266727,10710AB996B0709,10710AB996B0709,15,66000,TXG,244,2166,66000240015,2,AB996,2018-10-06 23:40:00,10710062340,臺中市大肚區瑞井里華南路大肚01111路燈前附近,0,2,111,114,120,30,135,149,163,172,176,181,188,192,196,201,211,216,218,221,24.1524154342707,120.55100423602,2020-02-04 11:18:43,2018-10-06 23:40:00,2018-10-06
5242467,10710AB995B0657,10710AB995B0657,15,66000,TXG,288,2177,66000250009,2,AB995,2018-10-06 11:55:00,10710061155,臺中市龍井區忠和里中央路三段高園路188巷,0,1,111,112,120,40,127,141,163,172,176,181,188,192,196,206,211,216,218,234,24.2149056149658,120.526949672938,2020-02-04 11:18:43,2018-10-06 11:55:00,2018-10-06
5266694,10710AB391B0707,10710AB391B0707,15,66000,TXG,228,2065,66000020005,2,AB391,2018-10-06 22:13:00,10710062213,臺中市東區干城里南京東路自由路,0,3,110,114,120,50,127,141,163,172,176,181,188,189,193,206,211,216,218,234,24.1427598718772,120.696200021487,2020-02-04 11:18:43,2018-10-06 22:13:00,2018-10-06
5150191,10710ABB91B0691,10710ABB91B0691,15,66000,TXG,287,2137,66000220010,2,ABB91,2018-10-06 17:30:00,10710061730,臺中市大安區海墘里東西八路南北七路,0,1,111,112,120,50,127,141,163,172,176,181,188,189,193,206,211,216,218,233,24.3712042051384,120.601303841615,2020-02-04 11:18:43,2018-10-06 17:30:00,2018-10-06
5241205,10710ABD91B0636,10710ABD91B0636,15,66000,TXG,235,2456,66000100002,2,ABD91,2018-10-06 08:29:00,10710060829,臺中市東勢區中寧里東關路七段508號,0,1,111,112,120,30,138,153,163,172,176,181,188,192,196,197,210,215,217,230,24.2578728120176,120.824308181149,2020-02-04 11:18:43,2018-10-06 08:29:00,2018-10-06
5241850,10710AB691B0645,10710AB691B0645,15,66000,TXG,232,2320,66000060035,2,AB691,2018-10-06 10:25:00,10710061025,臺中市西屯區福恩里臺灣大道四段200燈桿前附近,0,4,111,112,120,40,137,148,163,172,176,181,188,192,196,197,211,216,218,231,24.1740426098956,120.63266140329,2020-02-04 11:18:43,2018-10-06 10:25:00,2018-10-06
5265791,10710AB793B0693,10710AB793B0693,15,66000,TXG,239,2564,66000170004,2,AB793,2018-10-06 18:13:00,10710061813,臺中市潭子區福仁里環中東路一段復興路一段,0,1,111,114,120,50,127,141,163,172,176,181,188,190,193,197,210,215,218,234,24.2004040592727,120.706015894026,2020-02-04 11:18:43,2018-10-06 18:13:00,2018-10-06
5242409,10710AB691B0647,10710AB691B0647,15,66000,TXG,232,2367,66000060015,2,AB691,2018-10-06 11:05:00,10710061105,臺中市西屯區港尾里環中路二段近凱旋路附近,0,1,111,112,120,50,137,149,163,172,176,181,188,192,196,205,210,216,218,231,24.1877492308621,120.638224673799,2020-02-04 11:18:43,2018-10-06 11:05:00,2018-10-06
5149619,10710ABB91B0687,10710ABB91B0687,15,66000,TXG,286,2482,66000110003,2,ABB91,2018-10-06 16:50:00,10710061650,臺中市大甲區順天里五福街信義路27巷,0,1,111,112,120,50,127,141,163,172,176,181,188,192,196,206,211,216,218,233,24.3470449342012,120.619969786743,2020-02-04 11:18:43,2018-10-06 16:50:00,2018-10-06
5242452,10710AB891B0653,10710AB891B0653,15,66000,TXG,245,5907,66000260009,2,AB891,2018-10-06 11:45:00,10710061145,臺中市霧峰區坑口里復興路二段182號,0,2,111,112,120,50,127,141,163,172,176,181,188,192,196,206,211,216,217,234,0.0,0.0,2020-02-04 11:18:43,2018-10-06 11:45:00,2018-10-06
5265798,10710AB993B0695,10710AB993B0695,15,66000,TXG,14,2148,66000230010,2,AB993,2018-10-06 18:20:00,10710061820,臺中市烏日區光明里環河路一段環中路七段,0,1,111,114,120,40,126,141,163,172,176,181,188,189,193,206,211,216,218,230,24.092011002021,120.648065755962,2020-02-04 11:18:43,2018-10-06 18:20:00,2018-10-06
5266718,10710AB691B0708,10710AB691B0708,15,66000,TXG,232,0,66000060000,2,AB691,2018-10-06 23:19:00,10710062319,臺中市西屯區臺灣大道三段朝富路,0,1,111,114,120,50,126,141,163,172,176,181,188,189,193,206,211,216,218,231,24.168983155832,120.639174798876,2020-02-04 11:18:43,2018-10-06 23:19:00,2018-10-06
5240427,10710ABC91B0624,10710ABC91B0624,15,66000,TXG,246,2217,66000270020,2,ABC91,2018-10-06 00:13:00,10710060013,臺中市太平區永成里長億六街永成北路,0,1,111,114,120,50,127,141,163,172,176,181,188,191,193,206,211,216,218,233,24.1187983304389,120.716187969545,2020-02-04 11:18:43,2018-10-06 00:13:00,2018-10-06
5148264,10710AB591B0667,10710AB591B0667,15,66000,TXG,233,2406,66000080034,2,AB591,2018-10-06 13:00:00,10710061300,臺中市北屯區北京里進化北路80號,0,1,111,112,120,50,127,141,163,172,176,181,188,189,193,206,211,216,218,234,24.1622925800902,120.691298764294,2020-02-04 11:18:43,2018-10-06 13:00:00,2018-10-06
5148239,10710AB391B0660,10710AB391B0660,15,66000,TXG,229,2283,66000030009,2,AB391,2018-10-06 12:32:00,10710061232,臺中市南區福平里建國南路二段美村路,0,2,111,112,120,50,127,141,163,172,176,181,188,189,193,206,211,215,218,236,24.1270057338525,120.662757170854,2020-02-04 11:18:43,2018-10-06 12:32:00,2018-10-06
5149006,10710AB691B0681,10710AB691B0681,15,66000,TXG,232,2371,66000060019,2,AB691,2018-10-06 14:55:00,10710061455,臺中市西屯區福安里臺灣大道四段528號,0,1,111,112,120,40,137,148,163,172,176,181,188,189,193,205,210,215,218,236,24.1783916960112,120.625177550215,2020-02-04 11:18:43,2018-10-06 14:55:00,2018-10-06
5241817,10710AB794B0640,10710AB794B0640,15,66000,TXG,238,2040,66000160004,2,AB794,2018-10-06 09:55:00,10710060955,臺中市神岡區庄後里大圳路36-10號,0,2,111,112,120,50,137,147,163,172,176,181,188,192,196,205,211,215,218,231,0.0,0.0,2020-02-04 11:18:43,2018-10-06 09:55:00,2018-10-06
5240477,10710ABA94B0631,10710ABA94B0631,15,66000,TXG,312,0,66000140000,2,ABA94,2018-10-06 06:32:00,10710060632,臺中市梧棲區港埠路二段與中興路口附近,0,2,111,112,120,70,126,141,163,172,176,181,188,190,193,206,211,216,218,230,24.2522810401899,120.537053335077,2020-02-04 11:18:43,2018-10-06 06:32:00,2018-10-06
5241178,10710AB591B0634,10710AB591B0634,15,66000,TXG,233,2401,66000080009,2,AB591,2018-10-06 07:56:00,10710060756,臺中市北屯區軍功里軍福十八路軍榮五街,0,1,111,112,120,50,127,141,163,172,176,181,188,192,196,206,211,216,218,233,24.1782265377889,120.714668924779,2020-02-04 11:18:43,2018-10-06 07:56:00,2018-10-06
5148265,10710AB791B0668,10710AB791B0668,15,66000,TXG,234,2437,66000090019,2,AB791,2018-10-06 13:01:00,10710061301,臺中市豐原區社皮里中正路916號,0,1,111,112,120,50,137,149,163,172,176,181,188,192,196,197,210,216,218,231,24.249289574593,120.699759996614,2020-02-04 11:18:43,2018-10-06 13:01:00,2018-10-06
5148992,10710ABA94B0678,10710ABA94B0678,15,66000,TXG,312,2539,66000140007,2,ABA94,2018-10-06 14:40:00,10710061440,臺中市梧棲區草湳里梧南路133-2號,0,2,111,112,120,40,127,141,163,172,176,181,185,192,196,206,211,216,218,233,24.2492051601404,120.526659973323,2020-02-04 11:18:43,2018-10-06 14:40:00,2018-10-06
5148946,10710AB691B0672,10710AB691B0672,15,66000,TXG,232,2321,66000060036,2,AB691,2018-10-06 13:50:00,10710061350,臺中市西屯區福聯里臺灣大道四段1650號榮總二號門附近,0,1,111,112,120,40,137,148,163,172,176,181,188,192,196,197,211,212,218,234,24.1740426098956,120.63266140329,2020-02-04 11:18:43,2018-10-06 13:50:00,2018-10-06
5242414,10710AB591B0648,10710AB591B0648,15,66000,TXG,233,2406,66000080034,2,AB591,2018-10-06 11:08:00,10710061108,臺中市北屯區北京里北屯路199號,0,1,111,112,120,40,126,142,163,172,176,181,188,192,196,197,210,215,218,234,24.1877164109259,120.699553638779,2020-02-04 11:18:43,2018-10-06 11:08:00,2018-10-06
5241181,10710ABA95B0635,10710ABA95B0635,15,66000,TXG,236,2533,66000130021,2,ABA95,2018-10-06 08:00:00,10710060800,臺中市沙鹿區三鹿里自強路366號,0,1,111,112,120,50,137,149,163,172,176,181,188,189,193,201,211,216,217,231,24.2030351624888,120.567565444883,2020-02-04 11:18:43,2018-10-06 08:00:00,2018-10-06
5241828,10710AB996B0641,10710AB996B0641,15,66000,TXG,288,2183,66000250015,2,AB996,2018-10-06 10:01:00,10710061001,臺中市龍井區新東里臺灣大道五段中港052燈桿前附近,0,1,111,112,120,70,137,147,163,172,176,181,188,192,196,197,210,212,218,231,24.1859624969358,120.586480967609,2020-02-04 11:18:43,2018-10-06 10:01:00,2018-10-06
5266318,10710AB191B0702,10710AB191B0702,15,66000,TXG,230,2332,66000040015,2,AB191,2018-10-06 20:35:00,10710062035,臺中市西區昇平里忠明南路福人街附近,0,3,111,114,120,50,127,141,163,172,176,181,188,189,193,206,211,216,218,234,24.1429395117237,120.657372476034,2020-02-04 11:18:43,2018-10-06 20:35:00,2018-10-06
5241844,10710ABA95B0643,10710ABA95B0643,15,66000,TXG,236,2520,66000130008,2,ABA95,2018-10-06 10:19:00,10710061019,臺中市沙鹿區鹿寮里成功東街137巷光華路372巷附近,0,2,111,112,120,40,127,141,163,172,176,181,188,192,196,206,211,216,218,233,24.2422270163675,120.566119086991,2020-02-04 11:18:43,2018-10-06 10:19:00,2018-10-06
5149576,10710AB691B0684,10710AB691B0684,15,66000,TXG,232,2008,66000060009,2,AB691,2018-10-06 15:57:00,10710061557,臺中市西屯區何安里青海路一段重慶路,0,1,111,112,120,40,127,141,163,172,176,181,188,189,193,205,211,215,218,236,24.1643068092618,120.655140576202,2020-02-04 11:18:43,2018-10-06 15:57:00,2018-10-06
5241789,10710AB291B0639,10710AB291B0639,15,66000,TXG,231,2359,66000050017,2,AB291,2018-10-06 09:17:00,10710060917,臺中市北區育德里梅川東路中清路,0,1,111,112,120,50,128,141,163,172,176,181,188,189,193,206,211,216,218,234,24.1582578495187,120.676038954782,2020-02-04 11:18:43,2018-10-06 09:17:00,2018-10-06
5240435,10710AB191B0626,10710AB191B0626,15,66000,TXG,227,2060,66000010008,2,AB191,2018-10-06 00:33:00,10710060033,臺中市中區中華里中華路與大誠街11巷口附近,0,1,111,114,120,50,126,141,163,172,176,181,188,192,196,206,211,216,218,234,0.0,0.0,2020-02-04 11:18:43,2018-10-06 00:33:00,2018-10-06
5240444,10710AB291B0627,10710AB291B0627,15,66000,TXG,231,2355,66000050013,2,AB291,2018-10-06 01:38:00,10710060138,臺中市北區建興里健行路學士路,0,2,111,112,120,50,127,141,163,172,176,181,188,189,193,206,211,216,218,230,24.1591169461981,120.680947374804,2020-02-04 11:18:43,2018-10-06 01:38:00,2018-10-06
5149566,10710AB391B0683,10710AB391B0683,15,66000,TXG,229,2289,66000030015,2,AB391,2018-10-06 15:48:00,10710061548,臺中市南區長春里濟世街愛國街,0,1,111,112,120,50,127,141,163,172,176,181,188,191,193,206,211,216,218,235,24.1309850018378,120.678262361669,2020-02-04 11:18:43,2018-10-06 15:48:00,2018-10-06
5265809,10710ABB91B0697,10710ABB91B0697,15,66000,TXG,286,2499,66000110020,2,ABB91,2018-10-06 18:30:00,10710061830,臺中市大甲區頂店里錦上街68巷,0,1,111,114,120,50,127,142,163,172,176,181,188,192,196,201,211,216,218,227,24.3545014737288,120.628358794039,2020-02-04 11:18:43,2018-10-06 18:30:00,2018-10-06