識別碼,案件編號,交通事故主表,縣市識別碼,縣市代碼,所屬縣市簡碼,鄉縣市區識別碼,村里識別碼,里代碼,事故類(A1、A2...An),處理單位代碼,案件時間(西元),案件時間(民國),發生地點,死亡人數,受傷人數(含2~30日內死亡),天氣識別碼,光線識別碼,道路類別識別碼,速限,道路型態識別碼,事故位置識別碼,路面鋪裝識別碼,路面狀態識別碼,路面缺陷識別碼,障礙物視距識別碼,視距識別碼,號誌種類識別碼,號誌動作識別碼,車道劃分設施-分向設施識別碼,快車道或一般車道間識別碼,快慢車道間識別碼,路面邊線識別碼,事故類型及型態識別碼,緯度,經度,本平台資料更新時間(yyyy-MM-dd HH:mm:ss),資料代表時間(yyyy-MM-dd HH:mm:ss),資料代表日期(yyyy-MM-dd)
5091311,10710AB691B0859,10710AB691B0859,15,66000,TXG,232,2316,66000060031,2,AB691,2018-10-08 14:08:00,10710081408,臺中市西屯區何成里臺灣大道三段文心路,0,2,111,112,120,40,127,141,163,172,176,181,188,190,193,199,208,212,218,234,24.1626235073062,120.649486460352,2020-02-04 11:18:43,2018-10-08 14:08:00,2018-10-08
5085851,10710AB691B0854,10710AB691B0854,15,66000,TXG,232,2008,66000060009,2,AB691,2018-10-08 13:48:00,10710081348,臺中市西屯區何安里文心路三段四川路,0,2,111,112,120,50,126,142,163,172,176,181,188,189,193,197,210,216,217,231,24.1642788330393,120.650780984852,2020-02-04 11:18:43,2018-10-08 13:48:00,2018-10-08
5275016,10710AB491B0914,10710AB491B0914,15,66000,TXG,13,2327,66000070003,2,AB491,2018-10-08 21:52:00,10710082152,臺中市南屯區楓樹里環中路五段近樂田巷附近,0,2,111,114,120,40,126,142,163,172,176,181,188,189,193,197,210,216,218,231,0.0,0.0,2020-02-04 11:18:43,2018-10-08 21:52:00,2018-10-08
5092164,10710AB691B0873,10710AB691B0873,15,66000,TXG,232,2366,66000060014,2,AB691,2018-10-08 16:25:00,10710081625,臺中市西屯區大鵬里中清西二街92巷34號,0,1,111,112,120,40,126,149,163,172,176,181,188,192,196,206,211,216,218,235,24.1746859740628,120.667940490004,2020-02-04 11:18:43,2018-10-08 16:25:00,2018-10-08
5092114,10710A24NZB0048,10710A24NZB0048,15,66000,TXG,243,0,66000210000,2,A24NZ,2018-10-08 15:30:00,10710081530,臺中市外埔區國道3號163.0公里700.0公尺南側側交流道車道,0,1,111,112,116,50,134,157,163,172,176,181,188,192,196,206,209,216,217,238,0.0,0.0,2020-02-04 11:18:43,2018-10-08 15:30:00,2018-10-08
5085217,10710AB993B0838,10710AB993B0838,15,66000,TXG,14,2146,66000230008,2,AB993,2018-10-08 11:50:00,10710081150,臺中市烏日區前竹里環中路六段中山路一段,0,1,111,112,120,50,128,141,163,172,176,181,188,189,193,206,211,216,218,235,24.1104635738989,120.646588949873,2020-02-04 11:18:43,2018-10-08 11:50:00,2018-10-08
5275008,10710AB793B0912,10710AB793B0912,15,66000,TXG,239,2081,66000170016,2,AB793,2018-10-08 21:46:00,10710082146,臺中市潭子區家福里中山路一段244號,0,1,111,114,120,60,137,147,163,172,176,181,188,192,196,197,210,215,217,231,24.192301000234,120.702559177691,2020-02-04 11:18:43,2018-10-08 21:46:00,2018-10-08
5085234,10710AB491B0841,10710AB491B0841,15,66000,TXG,13,2376,66000070008,2,AB491,2018-10-08 12:10:00,10710081210,臺中市南屯區新生里永春路新德街,0,1,111,112,120,50,126,141,163,172,176,181,188,189,193,206,211,216,218,234,24.1402742477049,120.622243133381,2020-02-04 11:18:43,2018-10-08 12:10:00,2018-10-08
5092643,10710AB791B0884,10710AB791B0884,15,66000,TXG,234,2452,66000090034,2,AB791,2018-10-08 17:17:00,10710081717,臺中市豐原區翁子里豐勢路一段578號,0,2,111,112,120,50,128,141,163,172,176,181,188,192,196,206,211,216,218,235,24.2597365346202,120.734190991753,2020-02-04 11:18:43,2018-10-08 17:17:00,2018-10-08
5083968,10710AB795B0814,10710AB795B0814,15,66000,TXG,240,2091,66000180011,2,AB795,2018-10-08 08:36:00,10710080836,臺中市大雅區四德里中清路三段與學府路口附近,0,1,111,112,120,50,127,141,163,172,176,181,188,192,196,206,211,216,218,234,24.2161665279307,120.64932042159,2020-02-04 11:18:43,2018-10-08 08:36:00,2018-10-08
5083965,10710ABA94B0812,10710ABA94B0812,15,66000,TXG,312,2596,66000140008,2,ABA94,2018-10-08 08:33:00,10710080833,臺中市梧棲區南簡里中華路二段田尾巷,0,1,111,112,120,70,127,141,163,172,176,181,188,190,193,206,211,216,218,234,24.2501859465546,120.555475300439,2020-02-04 11:18:43,2018-10-08 08:33:00,2018-10-08
5083678,10710AB691B0798,10710AB691B0798,15,66000,TXG,232,2004,66000060005,2,AB691,2018-10-08 07:51:00,10710080751,臺中市西屯區惠來里河南路三段第06807號燈桿附近,0,2,110,112,120,50,137,147,163,172,176,181,188,192,196,197,210,215,218,231,24.1653184588349,120.639445241231,2020-02-04 11:18:43,2018-10-08 07:51:00,2018-10-08
5092189,10710AB691B0877,10710AB691B0877,15,66000,TXG,232,2004,66000060005,2,AB691,2018-10-08 16:58:00,10710081658,臺中市西屯區惠來里惠中路一段與臺灣大道三段(口)附近,0,1,111,112,120,50,127,142,163,172,176,181,188,190,193,197,208,216,218,231,24.164349825447,120.646322711914,2020-02-04 11:18:43,2018-10-08 16:58:00,2018-10-08
5083999,10710ABC91B0822,10710ABC91B0822,15,66000,TXG,246,2212,66000270013,2,ABC91,2018-10-08 08:58:00,10710080858,臺中市太平區新福里旱溪東路二段330號,0,1,111,112,120,50,137,148,163,172,176,181,188,192,196,204,211,215,217,234,24.1605093075139,120.704916475492,2020-02-04 11:18:43,2018-10-08 08:58:00,2018-10-08
5274201,10710AB691B0891,10710AB691B0891,15,66000,TXG,232,2004,66000060005,2,AB691,2018-10-08 17:58:00,10710081758,臺中市西屯區惠來里西屯路二段190號對面附近,0,1,111,112,123,50,137,147,163,172,176,181,188,192,196,201,211,215,218,230,24.1678111740791,120.649648643929,2020-02-04 11:18:43,2018-10-08 17:58:00,2018-10-08
5083975,10710AB993B0816,10710AB993B0816,15,66000,TXG,14,0,66000230000,2,AB993,2018-10-08 08:40:00,10710080840,臺中市烏日區福泰街163-7號號旁附近,0,1,111,112,120,40,127,141,163,172,176,181,188,192,196,206,211,216,218,233,24.0859203693419,120.646259448215,2020-02-04 11:18:43,2018-10-08 08:40:00,2018-10-08
5084043,10710ABB91B0829,10710ABB91B0829,15,66000,TXG,287,2135,66000220008,2,ABB91,2018-10-08 09:50:00,10710080950,臺中市大安區永安里東西三路南北六路,0,1,111,112,120,50,127,141,163,172,176,181,188,192,196,206,211,216,218,233,24.3842752361013,120.61058867134,2020-02-04 11:18:43,2018-10-08 09:50:00,2018-10-08
5092152,10710AB291B0871,10710AB291B0871,15,66000,TXG,231,2356,66000050014,2,AB291,2018-10-08 16:10:00,10710081610,臺中市北區頂厝里進化北路305號,0,1,111,112,120,50,137,149,163,172,176,181,188,192,196,197,210,216,218,231,24.1631673314503,120.679636421554,2020-02-04 11:18:43,2018-10-08 16:10:00,2018-10-08
5092636,10710AB591B0881,10710AB591B0881,15,66000,TXG,233,2018,66000080019,2,AB591,2018-10-08 17:14:00,10710081714,臺中市北屯區四民里四平路354號,0,1,111,113,120,50,137,147,163,172,176,181,188,192,196,201,211,215,218,231,24.1923683249225,120.681452739411,2020-02-04 11:18:43,2018-10-08 17:14:00,2018-10-08
5083967,10710AB591B0813,10710AB591B0813,15,66000,TXG,233,2022,66000080023,2,AB591,2018-10-08 08:35:00,10710080835,臺中市北屯區水湳里中清路二段151號,0,2,111,112,120,40,127,141,163,172,176,181,188,189,193,206,211,216,218,231,24.1744582310341,120.671164959323,2020-02-04 11:18:43,2018-10-08 08:35:00,2018-10-08
5274200,10710ABC91B0892,10710ABC91B0892,15,66000,TXG,246,2207,66000270008,2,ABC91,2018-10-08 17:58:00,10710081758,臺中市太平區中山里中山路二段483號,0,2,111,113,120,40,126,141,163,172,176,181,188,192,196,201,211,215,217,221,24.1498395080221,120.726275523013,2020-02-04 11:18:43,2018-10-08 17:58:00,2018-10-08
5274598,10710AB891B0902,10710AB891B0902,15,66000,TXG,247,2249,66000280008,2,AB891,2018-10-08 19:18:00,10710081918,臺中市大里區內新里益民路一段498號,0,1,111,114,120,40,127,141,163,172,176,181,188,191,193,205,210,215,218,235,24.106122207685,120.690915493085,2020-02-04 11:18:43,2018-10-08 19:18:00,2018-10-08
5091307,10710AB191B0856,10710AB191B0856,15,66000,TXG,230,2340,66000040023,2,AB191,2018-10-08 14:06:00,10710081406,臺中市西區公德里向上路忠明南路口附近,0,2,111,112,120,50,127,141,163,172,176,181,188,189,193,206,211,216,218,234,24.1466956998129,120.65737230305,2020-02-04 11:18:43,2018-10-08 14:06:00,2018-10-08
5082836,10710AB795B0781,10710AB795B0781,15,66000,TXG,240,2087,66000180006,2,AB795,2018-10-08 07:04:00,10710080704,臺中市大雅區橫山里中山路47號,0,1,111,112,120,50,137,149,163,172,176,181,188,192,196,201,210,216,217,234,0.0,0.0,2020-02-04 11:18:43,2018-10-08 07:04:00,2018-10-08
5083940,10710AB591B0808,10710AB591B0808,15,66000,TXG,233,2399,66000080007,2,AB591,2018-10-08 08:15:00,10710080815,臺中市北屯區舊社里北屯路471巷,0,1,111,112,120,50,127,142,163,172,176,181,188,189,193,197,208,215,218,234,24.169236108592,120.697047457965,2020-02-04 11:18:43,2018-10-08 08:15:00,2018-10-08
5084000,10710ABC91B0821,10710ABC91B0821,15,66000,TXG,246,2219,66000270022,2,ABC91,2018-10-08 08:58:00,10710080858,臺中市太平區成功里建興路成功東路,0,1,111,112,120,50,127,141,163,172,176,181,188,189,193,206,211,216,218,234,24.1306231251784,120.724042680829,2020-02-04 11:18:43,2018-10-08 08:58:00,2018-10-08
5084677,10710AB793B0837,10710AB793B0837,15,66000,TXG,239,2570,66000170010,2,AB793,2018-10-08 11:42:00,10710081142,臺中市潭子區栗林里中山路三段353號,0,1,111,112,120,60,126,147,163,172,176,181,188,192,196,199,209,215,217,234,0.0,0.0,2020-02-04 11:18:43,2018-10-08 11:42:00,2018-10-08
5082844,10710AB491B0783,10710AB491B0783,15,66000,TXG,13,2432,66000070005,2,AB491,2018-10-08 07:10:00,10710080710,臺中市南屯區春社里忠勇路嶺東南路,0,1,111,112,120,50,126,141,163,172,176,181,188,190,193,206,211,216,218,234,24.131956113458,120.610598833558,2020-02-04 11:18:43,2018-10-08 07:10:00,2018-10-08
5082867,10710ABA93B0786,10710ABA93B0786,15,66000,TXG,311,186,66000120003,2,ABA93,2018-10-08 07:24:00,10710080724,臺中市清水區清水里中正街光華路,0,1,111,112,120,50,126,141,163,172,176,181,188,192,196,201,211,216,217,234,24.262658070988,120.57185066635,2020-02-04 11:18:43,2018-10-08 07:24:00,2018-10-08
5083712,10710AB691B0805,10710AB691B0805,15,66000,TXG,232,2323,66000060038,2,AB691,2018-10-08 08:07:00,10710080807,臺中市西屯區福林里臺灣大道四段玉門路,0,1,111,112,120,40,126,141,163,172,176,181,188,190,193,206,211,216,218,230,24.1845579367159,120.609583019549,2020-02-04 11:18:43,2018-10-08 08:07:00,2018-10-08
5092686,10710AB794B0889,10710AB794B0889,15,66000,TXG,238,2041,66000160005,2,AB794,2018-10-08 17:48:00,10710081748,臺中市神岡區社口里社口街民權二街,0,2,111,114,120,50,127,141,163,172,176,181,188,189,193,206,211,216,218,233,0.0,0.0,2020-02-04 11:18:43,2018-10-08 17:48:00,2018-10-08
5091349,10710AB391B0863,10710AB391B0863,15,66000,TXG,229,2288,66000030014,2,AB391,2018-10-08 14:55:00,10710081455,臺中市南區西川里忠明南路550號,0,2,111,112,120,50,137,147,163,172,176,181,188,192,196,197,210,215,218,230,24.1313545256875,120.657071383032,2020-02-04 11:18:43,2018-10-08 14:55:00,2018-10-08
5083951,10710AB691B0810,10710AB691B0810,15,66000,TXG,232,2321,66000060036,2,AB691,2018-10-08 08:23:00,10710080823,臺中市西屯區福聯里臺灣大道四段1650號,0,2,111,112,120,50,137,149,163,172,176,181,188,192,196,201,210,216,218,230,24.1740426098956,120.63266140329,2020-02-04 11:18:43,2018-10-08 08:23:00,2018-10-08
5274551,10710AB691B0897,10710AB691B0897,15,66000,TXG,232,2004,66000060005,2,AB691,2018-10-08 18:25:00,10710081825,臺中市西屯區惠來里市政路77號,0,1,111,112,120,40,127,142,163,172,176,181,188,189,193,201,210,215,218,234,24.1570420382932,120.642092981942,2020-02-04 11:18:43,2018-10-08 18:25:00,2018-10-08
5091340,10710AB691B0862,10710AB691B0862,15,66000,TXG,232,2316,66000060031,2,AB691,2018-10-08 14:43:00,10710081443,臺中市西屯區何成里臺灣大道二段819號,0,1,111,112,120,50,127,141,163,172,176,181,188,190,193,206,211,216,218,235,24.1604522999293,120.653192809811,2020-02-04 11:18:43,2018-10-08 14:43:00,2018-10-08
5092682,10710ABC91B0888,10710ABC91B0888,15,66000,TXG,246,2232,66000270035,2,ABC91,2018-10-08 17:43:00,10710081743,臺中市太平區大興里大興路大興二十二街,0,1,111,114,120,50,127,141,163,172,176,181,188,192,196,206,211,216,217,234,24.1572965707923,120.740548196397,2020-02-04 11:18:43,2018-10-08 17:43:00,2018-10-08
5083711,10710AB793B0806,10710AB793B0806,15,66000,TXG,239,2561,66000170001,2,AB793,2018-10-08 08:07:00,10710080807,臺中市潭子區潭陽里福潭路422號,0,1,111,112,120,50,137,149,163,172,176,181,188,192,196,201,211,216,217,221,24.2097937546419,120.710315577918,2020-02-04 11:18:43,2018-10-08 08:07:00,2018-10-08
5275001,10710ABB93B0910,10710ABB93B0910,15,66000,TXG,237,2560,66000150014,2,ABB93,2018-10-08 21:36:00,10710082136,臺中市后里區眉山里甲后路二段906號,0,1,111,114,120,50,137,149,163,172,176,181,188,192,196,201,210,216,217,231,24.3153005755916,120.684217085636,2020-02-04 11:18:43,2018-10-08 21:36:00,2018-10-08
5083637,10710AB995B0792,10710AB995B0792,15,66000,TXG,288,2179,66000250011,2,AB995,2018-10-08 07:36:00,10710080736,臺中市龍井區龍泉里沙田路五段112-1號無名巷附近,0,1,111,112,120,40,134,149,163,172,176,181,188,192,196,206,211,216,218,235,24.1934195915699,120.548877944599,2020-02-04 11:18:43,2018-10-08 07:36:00,2018-10-08
5275041,10710AB793B0915,10710AB793B0915,15,66000,TXG,239,2561,66000170001,2,AB793,2018-10-08 22:30:00,10710082230,臺中市潭子區潭陽里中山路二段241巷與興華一路附近,0,1,110,112,120,50,127,141,163,172,176,181,188,189,193,201,211,215,218,234,24.2099519321376,120.703394973774,2020-02-04 11:18:43,2018-10-08 22:30:00,2018-10-08
5092155,10710AB996B0872,10710AB996B0872,15,66000,TXG,288,2183,66000250015,2,AB996,2018-10-08 16:12:00,10710081612,臺中市龍井區新東里新興路新興路9巷,0,1,111,112,120,40,126,141,163,172,176,181,188,192,196,206,211,215,218,234,24.1812221484653,120.587486933271,2020-02-04 11:18:43,2018-10-08 16:12:00,2018-10-08
5274990,10710AB691B0907,10710AB691B0907,15,66000,TXG,232,2012,66000060013,2,AB691,2018-10-08 21:17:00,10710082117,臺中市西屯區大福里長安路二段333號,0,1,111,114,120,50,137,149,163,172,176,181,188,192,196,205,211,216,217,226,24.1767356147406,120.667092517353,2020-02-04 11:18:43,2018-10-08 21:17:00,2018-10-08
5092199,10710AB795B0880,10710AB795B0880,15,66000,TXG,240,2092,66000180012,2,AB795,2018-10-08 17:05:00,10710081705,臺中市大雅區上雅里學府路440號,0,1,111,112,120,50,137,149,163,172,176,181,188,192,196,201,211,216,217,235,24.2280635597069,120.647669050845,2020-02-04 11:18:43,2018-10-08 17:05:00,2018-10-08
5108164,10710AB795B0778,10710AB795B0778,15,66000,TXG,240,2082,66000180001,2,AB795,2018-10-08 00:01:00,10710080001,臺中市大雅區大雅里中清路永和路,0,2,111,114,120,50,137,147,163,172,176,181,188,189,193,199,210,215,217,231,24.2226435171889,120.646732957749,2020-02-04 11:18:43,2018-10-08 00:01:00,2018-10-08
5082833,10710AB691B0779,10710AB691B0779,15,66000,TXG,232,2001,66000060002,2,AB691,2018-10-08 07:00:00,10710080700,臺中市西屯區西墩里臺灣大道四段16巷180-9號,0,1,111,113,120,40,134,149,163,172,176,181,188,192,196,206,211,216,217,236,24.1776523518249,120.633164478194,2020-02-04 11:18:43,2018-10-08 07:00:00,2018-10-08
5092639,10710AB691B0883,10710AB691B0883,15,66000,TXG,232,2000,66000060001,2,AB691,2018-10-08 17:15:00,10710081715,臺中市西屯區西安里福星路232號,0,2,111,113,120,50,127,141,163,172,176,181,188,189,193,206,211,216,218,234,24.1819364035164,120.644997963171,2020-02-04 11:18:43,2018-10-08 17:15:00,2018-10-08
5085273,10710AB591B0847,10710AB591B0847,15,66000,TXG,233,2395,66000080003,2,AB591,2018-10-08 12:37:00,10710081237,臺中市北屯區三光里東山路一段38-4號,0,2,111,112,120,50,137,148,163,172,176,181,188,189,193,201,210,216,218,235,24.1677554851557,120.702712309249,2020-02-04 11:18:43,2018-10-08 12:37:00,2018-10-08
5275009,10710AB691B0913,10710AB691B0913,15,66000,TXG,232,2001,66000060002,2,AB691,2018-10-08 21:47:00,10710082147,臺中市西屯區西墩里僑光路100號,0,1,111,114,120,30,126,141,163,172,176,181,188,192,196,206,211,216,218,234,24.1895963125771,120.642332773268,2020-02-04 11:18:43,2018-10-08 21:47:00,2018-10-08
5091308,10710AB191B0857,10710AB191B0857,15,66000,TXG,230,2339,66000040022,2,AB191,2018-10-08 14:07:00,10710081407,臺中市西區公平里忠明南路與忠誠街口附近,0,1,111,112,120,50,127,158,163,172,176,181,188,190,193,197,210,215,218,221,24.1525376840587,120.65738624744,2020-02-04 11:18:43,2018-10-08 14:07:00,2018-10-08
5274999,10710AB691B0909,10710AB691B0909,15,66000,TXG,232,2000,66000060001,2,AB691,2018-10-08 21:29:00,10710082129,臺中市西屯區西安里逢甲路172號,0,1,111,114,120,40,137,147,163,172,176,181,188,192,196,201,211,215,218,234,24.1775819010401,120.642034037419,2020-02-04 11:18:43,2018-10-08 21:29:00,2018-10-08
5084013,10710AB191B0825,10710AB191B0825,15,66000,TXG,230,0,66000040000,2,AB191,2018-10-08 09:10:00,10710080910,臺中市西區五權路西屯路,0,1,111,112,120,50,127,141,163,172,176,181,188,189,193,206,211,216,218,235,24.1483218604255,120.674273121982,2020-02-04 11:18:43,2018-10-08 09:10:00,2018-10-08
5085298,10710ABA95B0849,10710ABA95B0849,15,66000,TXG,236,2527,66000130015,2,ABA95,2018-10-08 13:15:00,10710081315,臺中市沙鹿區南勢里南斗路南昌路,0,1,111,112,120,40,127,141,163,172,176,181,188,192,196,206,211,216,218,234,24.2172393946445,120.561566661219,2020-02-04 11:18:43,2018-10-08 13:15:00,2018-10-08
5083657,10710AB691B0796,10710AB691B0796,15,66000,TXG,232,2001,66000060002,2,AB691,2018-10-08 07:44:00,10710080744,臺中市西屯區西墩里環中路漢翔路,0,2,111,112,120,40,127,141,163,172,176,181,188,190,193,206,211,216,218,234,24.1856382735709,120.637553111875,2020-02-04 11:18:43,2018-10-08 07:44:00,2018-10-08
5085859,10710AB591B0855,10710AB591B0855,15,66000,TXG,233,2020,66000080021,2,AB591,2018-10-08 14:00:00,10710081400,臺中市北屯區同榮里台74線快速公路北屯二匝道附近,0,1,111,112,120,40,137,156,163,172,176,181,188,192,196,206,211,216,217,231,0.0,0.0,2020-02-04 11:18:43,2018-10-08 14:00:00,2018-10-08
5082834,10710ABC91B0780,10710ABC91B0780,15,66000,TXG,246,2228,66000270031,2,ABC91,2018-10-08 07:03:00,10710080703,臺中市太平區宜佳里宜福街溪洲西路,0,1,111,112,120,50,126,141,163,172,176,181,188,192,196,201,211,216,218,234,24.1409835658434,120.711435737808,2020-02-04 11:18:43,2018-10-08 07:03:00,2018-10-08
5274587,10710AB691B0901,10710AB691B0901,15,66000,TXG,232,2008,66000060009,2,AB691,2018-10-08 19:01:00,10710081901,臺中市西屯區何安里四川路120巷,0,1,111,114,120,50,126,141,163,172,176,181,188,192,196,206,211,216,218,221,24.1634955835316,120.652138194875,2020-02-04 11:18:43,2018-10-08 19:01:00,2018-10-08
5274559,10710AB591B0899,10710AB591B0899,15,66000,TXG,233,0,66000080000,2,AB591,2018-10-08 18:39:00,10710081839,臺中市北屯區興安路一段108號,0,2,111,114,120,50,137,149,163,172,176,181,188,192,196,204,209,216,218,228,24.1677674837669,120.692436044538,2020-02-04 11:18:43,2018-10-08 18:39:00,2018-10-08
5092124,10710AB391B0868,10710AB391B0868,15,66000,TXG,229,2293,66000030019,2,AB391,2018-10-08 15:41:00,10710081541,臺中市南區南和里美村南路151號,0,1,111,112,120,50,137,149,163,172,176,181,188,192,196,201,211,216,218,234,24.1128448893163,120.666386126817,2020-02-04 11:18:43,2018-10-08 15:41:00,2018-10-08
5274998,10710AB691B0908,10710AB691B0908,15,66000,TXG,232,2367,66000060015,2,AB691,2018-10-08 21:27:00,10710082127,臺中市西屯區港尾里黎明路凱旋路,0,2,111,114,120,50,127,141,163,172,176,181,188,190,193,206,211,216,218,231,24.1936470620215,120.649067037808,2020-02-04 11:18:43,2018-10-08 21:27:00,2018-10-08
5083988,10710AB191B0817,10710AB191B0817,15,66000,TXG,230,2556,66000040011,2,AB191,2018-10-08 08:51:00,10710080851,臺中市西區民龍里博館一街與大仁街口附近,0,1,111,112,120,50,128,141,163,172,176,181,188,191,193,206,211,216,218,233,24.1535654080541,120.668926319285,2020-02-04 11:18:43,2018-10-08 08:51:00,2018-10-08
5091330,10710ABA95B0861,10710ABA95B0861,15,66000,TXG,236,2524,66000130012,2,ABA95,2018-10-08 14:28:00,10710081428,臺中市沙鹿區福興里鎮南路二段與英才路口附近,0,1,111,112,120,50,127,141,163,172,176,181,188,190,193,197,208,215,218,234,24.2248621321164,120.568639398854,2020-02-04 11:18:43,2018-10-08 14:28:00,2018-10-08
5083987,10710AB793B0818,10710AB793B0818,15,66000,TXG,239,2078,66000170013,2,AB793,2018-10-08 08:51:00,10710080851,臺中市潭子區聚興里潭興路二段25號,0,1,111,112,120,50,126,142,163,172,176,180,188,191,193,201,211,216,217,235,24.2049595783295,120.714567489888,2020-02-04 11:18:43,2018-10-08 08:51:00,2018-10-08
5083952,10710AB591B0809,10710AB591B0809,15,66000,TXG,233,2016,66000080017,2,AB591,2018-10-08 08:23:00,10710080823,臺中市北屯區仁和里四平路四平路387巷,0,2,111,112,120,50,127,141,163,172,176,181,188,189,193,206,211,216,218,233,24.1894815724692,120.68054706423,2020-02-04 11:18:43,2018-10-08 08:23:00,2018-10-08
5083627,10710AB793B0788,10710AB793B0788,15,66000,TXG,239,2077,66000170012,2,AB793,2018-10-08 07:33:00,10710080733,臺中市潭子區新田里豐興路二段龍興巷20之7號,0,3,111,112,120,40,126,141,163,172,176,181,188,192,196,206,211,216,217,234,24.2184809567712,120.725558960531,2020-02-04 11:18:43,2018-10-08 07:33:00,2018-10-08
5274556,10710AB591B0898,10710AB591B0898,15,66000,TXG,233,2400,66000080008,2,AB591,2018-10-08 18:33:00,10710081833,臺中市北屯區水景里軍功路一段360-1號,0,2,111,114,120,50,127,141,163,172,176,181,188,191,193,206,211,216,218,234,24.1611369213165,120.713630440427,2020-02-04 11:18:43,2018-10-08 18:33:00,2018-10-08
5083649,10710AB793B0794,10710AB793B0794,15,66000,TXG,239,2567,66000170007,2,AB793,2018-10-08 07:40:00,10710080740,臺中市潭子區東寶里雅潭路大富路,0,2,111,112,120,50,127,141,163,172,176,181,188,189,193,197,210,215,217,230,24.2162619659028,120.684713771725,2020-02-04 11:18:43,2018-10-08 07:40:00,2018-10-08
5085299,10710AB191B0850,10710AB191B0850,15,66000,TXG,230,2306,66000040010,2,AB191,2018-10-08 13:18:00,10710081318,臺中市西區和龍里臺灣大道二段梅川東路,0,1,111,112,120,40,126,141,163,172,176,181,188,191,193,206,211,216,218,230,24.1495161894502,120.671209818663,2020-02-04 11:18:43,2018-10-08 13:18:00,2018-10-08
5083681,10710AB591B0799,10710AB591B0799,15,66000,TXG,233,2028,66000080029,2,AB591,2018-10-08 07:53:00,10710080753,臺中市北屯區松安里崇德六路一段柳陽西街31巷,0,1,111,112,120,50,126,142,163,172,176,181,188,192,196,206,210,215,218,231,24.1790392064068,120.695996087083,2020-02-04 11:18:43,2018-10-08 07:53:00,2018-10-08
5083990,10710AB691B0819,10710AB691B0819,15,66000,TXG,232,2367,66000060015,2,AB691,2018-10-08 08:53:00,10710080853,臺中市西屯區港尾里經貿路與經貿十街口附近,0,1,111,112,120,50,126,142,163,172,176,181,188,192,196,197,210,216,218,234,24.1970631877767,120.654363468527,2020-02-04 11:18:43,2018-10-08 08:53:00,2018-10-08
5083970,10710AB691B0815,10710AB691B0815,15,66000,TXG,232,2002,66000060003,2,AB691,2018-10-08 08:39:00,10710080839,臺中市西屯區潮洋里環河路18號,0,2,111,112,120,50,137,149,163,172,176,181,188,192,196,201,210,216,218,234,24.1629954101222,120.629846944529,2020-02-04 11:18:43,2018-10-08 08:39:00,2018-10-08
5091356,10710AB191B0864,10710AB191B0864,15,66000,TXG,230,2334,66000040017,2,AB191,2018-10-08 15:06:00,10710081506,臺中市西區公正里東興路大墩十街,0,1,111,112,120,50,127,141,163,172,176,181,188,189,193,206,211,216,218,231,24.1477422510373,120.65300056702,2020-02-04 11:18:43,2018-10-08 15:06:00,2018-10-08
5189285,10710AB191B0980,10710AB191B0980,15,66000,TXG,230,2302,66000040006,2,AB191,2018-10-09 16:31:00,10710091631,臺中市西區平和里柳川西路與四維街附近,0,1,111,112,120,50,128,141,163,172,176,181,188,189,193,206,211,216,218,234,24.1406331141096,120.672029535352,2020-02-04 11:18:43,2018-10-09 16:31:00,2018-10-09
5189891,10710AB993B0990,10710AB993B0990,15,66000,TXG,14,2147,66000230009,2,AB993,2018-10-09 17:24:00,10710091724,臺中市烏日區五光里環中路七段與五光路口附近,0,1,111,112,120,40,128,141,163,172,176,181,188,189,193,206,211,216,218,234,24.0933395531251,120.648603096386,2020-02-04 11:18:43,2018-10-09 17:24:00,2018-10-09
5189872,10710AB994B0986,10710AB994B0986,15,66000,TXG,244,2430,66000240006,2,AB994,2018-10-09 17:15:00,10710091715,臺中市大肚區新興里溪洲路12號,0,1,111,112,120,40,127,141,163,172,176,181,188,192,196,206,211,216,218,233,0.0,0.0,2020-02-04 11:18:43,2018-10-09 17:15:00,2018-10-09
5187747,10710AB291B0945,10710AB291B0945,15,66000,TXG,231,2345,66000050003,2,AB291,2018-10-09 11:11:00,10710091111,臺中市北區五常里柳川西路四段五常街附近,0,2,111,112,120,50,127,141,163,172,176,181,188,191,193,206,211,216,218,233,24.1550075450856,120.680436032315,2020-02-04 11:18:43,2018-10-09 11:11:00,2018-10-09
5188397,10710AB891B0963,10710AB891B0963,15,66000,TXG,247,2260,66000280019,2,AB891,2018-10-09 13:28:00,10710091328,臺中市大里區東湖里中興路一段255號,0,1,111,112,120,50,126,142,163,172,176,181,188,192,196,197,210,215,217,230,24.0910876319714,120.692184493753,2020-02-04 11:18:43,2018-10-09 13:28:00,2018-10-09
5188389,10710AB291B0961,10710AB291B0961,15,66000,TXG,231,1989,66000050026,2,AB291,2018-10-09 13:07:00,10710091307,臺中市北區中正里民權路中華西街,0,1,111,112,120,50,127,141,163,172,176,181,188,189,193,201,210,215,218,234,0.0,0.0,2020-02-04 11:18:43,2018-10-09 13:07:00,2018-10-09