識別碼,案件編號,交通事故主表,縣市識別碼,縣市代碼,所屬縣市簡碼,鄉縣市區識別碼,村里識別碼,里代碼,事故類(A1、A2...An),處理單位代碼,案件時間(西元),案件時間(民國),發生地點,死亡人數,受傷人數(含2~30日內死亡),天氣識別碼,光線識別碼,道路類別識別碼,速限,道路型態識別碼,事故位置識別碼,路面鋪裝識別碼,路面狀態識別碼,路面缺陷識別碼,障礙物視距識別碼,視距識別碼,號誌種類識別碼,號誌動作識別碼,車道劃分設施-分向設施識別碼,快車道或一般車道間識別碼,快慢車道間識別碼,路面邊線識別碼,事故類型及型態識別碼,緯度,經度,本平台資料更新時間(yyyy-MM-dd HH:mm:ss),資料代表時間(yyyy-MM-dd HH:mm:ss),資料代表日期(yyyy-MM-dd)
5186378,10710AB793B0927,10710AB793B0927,15,66000,TXG,239,2569,66000170009,2,AB793,2018-10-09 07:50:00,10710090750,臺中市潭子區大豐里大豐路三段186巷,0,2,111,112,120,50,126,141,163,172,176,181,188,191,193,201,210,215,218,230,0.0,0.0,2020-02-04 11:18:43,2018-10-09 07:50:00,2018-10-09
5187211,10710ABA95B0939,10710ABA95B0939,15,66000,TXG,236,2523,66000130011,2,ABA95,2018-10-09 08:55:00,10710090855,臺中市沙鹿區北勢里鎮政路16號,0,1,111,112,120,50,126,141,163,172,176,181,188,192,196,205,211,216,217,234,24.2348423145276,120.566194976775,2020-02-04 11:18:43,2018-10-09 08:55:00,2018-10-09
5188404,10710ABB93B0964,10710ABB93B0964,15,66000,TXG,243,2125,66000210009,2,ABB93,2018-10-09 13:40:00,10710091340,臺中市外埔區鐵山里長生路1136號,0,1,111,112,120,50,137,149,163,172,176,181,188,192,196,201,211,216,217,235,24.3463766459878,120.641657061245,2020-02-04 11:18:43,2018-10-09 13:40:00,2018-10-09
5347910,10710AB491B1002,10710AB491B1002,15,66000,TXG,13,2389,66000070021,2,AB491,2018-10-09 19:00:00,10710091900,臺中市南屯區大業里大墩十二街大進街,0,1,110,114,120,50,127,141,163,172,176,181,188,189,193,206,211,216,218,219,24.1499327002029,120.651390710508,2020-02-04 11:18:43,2018-10-09 19:00:00,2018-10-09
5186409,10710AB691B0933,10710AB691B0933,15,66000,TXG,232,2002,66000060003,2,AB691,2018-10-09 08:07:00,10710090807,臺中市西屯區潮洋里台74線快速公路往南屯(9.5公里處)附近,0,1,111,112,122,80,137,149,163,172,176,181,188,192,196,197,211,216,217,230,0.0,0.0,2020-02-04 11:18:43,2018-10-09 08:07:00,2018-10-09
5187779,10710ABC91B0950,10710ABC91B0950,15,66000,TXG,246,2217,66000270020,2,ABC91,2018-10-09 11:48:00,10710091148,臺中市太平區永成里永成北路太平路,0,1,111,112,120,50,127,141,163,172,176,181,188,189,193,206,211,216,217,234,24.1212520334892,120.719842286796,2020-02-04 11:18:43,2018-10-09 11:48:00,2018-10-09
5188434,10710AB291B0966,10710AB291B0966,15,66000,TXG,231,1999,66000050036,2,AB291,2018-10-09 14:27:00,10710091427,臺中市北區賴福里太原路二段大德街附近,0,2,111,112,120,50,126,141,163,172,176,181,188,192,196,206,211,216,218,231,24.1651430886503,120.678363820043,2020-02-04 11:18:43,2018-10-09 14:27:00,2018-10-09
5347955,10710AB591B1007,10710AB591B1007,15,66000,TXG,233,2025,66000080026,2,AB591,2018-10-09 19:44:00,10710091944,臺中市北屯區平安里北平路熱河路,0,1,111,114,120,50,128,141,163,172,176,181,188,189,193,201,211,215,218,234,24.1706608611372,120.68747329296,2020-02-04 11:18:43,2018-10-09 19:44:00,2018-10-09
5187811,10710AB591B0952,10710AB591B0952,15,66000,TXG,233,2402,66000080010,2,AB591,2018-10-09 12:09:00,10710091209,臺中市北屯區和平里軍福十三路200號,0,1,111,112,120,40,137,148,163,172,176,181,188,192,196,205,211,215,218,231,24.172256176895,120.724101277944,2020-02-04 11:18:43,2018-10-09 12:09:00,2018-10-09
5188349,10710AB891B0953,10710AB891B0953,15,66000,TXG,247,2239,66000280003,2,AB891,2018-10-09 12:18:00,10710091218,臺中市大里區樹王里樹王路405巷,0,1,111,112,120,50,127,141,163,172,176,181,188,192,196,206,211,216,218,234,24.104106078342,120.67396161894101,2020-02-04 11:18:43,2018-10-09 12:18:00,2018-10-09
5189253,10710AB795B0975,10710AB795B0975,15,66000,TXG,240,2089,66000180008,2,AB795,2018-10-09 16:09:00,10710091609,臺中市大雅區西寶里西村路3-5號旁附近,0,1,111,112,120,40,127,141,163,172,176,181,188,192,196,206,211,216,218,235,0.0,0.0,2020-02-04 11:18:43,2018-10-09 16:09:00,2018-10-09
5188369,10710AB793B0957,10710AB793B0957,15,66000,TXG,239,2564,66000170004,2,AB793,2018-10-09 12:37:00,10710091237,臺中市潭子區福仁里中山路二段17號,0,1,111,112,120,60,127,141,163,172,176,181,188,190,193,206,211,216,218,234,24.2033273754112,120.700323614604,2020-02-04 11:18:43,2018-10-09 12:37:00,2018-10-09
5188354,10710AB795B0954,10710AB795B0954,15,66000,TXG,240,2082,66000180001,2,AB795,2018-10-09 12:28:00,10710091228,臺中市大雅區大雅里民興街91號,0,1,111,112,120,40,137,149,163,172,176,181,188,192,196,201,211,216,218,230,24.2255246464917,120.648338880992,2020-02-04 11:18:43,2018-10-09 12:28:00,2018-10-09
5188440,10710AB391B0967,10710AB391B0967,15,66000,TXG,229,2283,66000030009,2,AB391,2018-10-09 14:30:00,10710091430,臺中市南區福平里建國北路二段近美村路附近,0,1,111,112,120,50,127,142,163,172,176,181,188,189,193,206,211,216,218,235,24.1281905734053,120.664246624649,2020-02-04 11:18:43,2018-10-09 14:30:00,2018-10-09
5187777,10710AB291B0949,10710AB291B0949,15,66000,TXG,231,1997,66000050034,2,AB291,2018-10-09 11:42:00,10710091142,臺中市北區立人里北平路一段北平三街,0,1,111,112,120,50,126,142,163,172,176,181,188,192,196,201,211,216,218,234,24.1716454957293,120.670523289245,2020-02-04 11:18:43,2018-10-09 11:42:00,2018-10-09
5187732,10710AB191B0943,10710AB191B0943,15,66000,TXG,230,2334,66000040017,2,AB191,2018-10-09 10:51:00,10710091051,臺中市西區公正里向上路一段與東興路三段口附近,0,1,111,112,120,50,127,141,163,172,176,181,188,190,193,206,211,216,218,234,24.1467219471231,120.653003321812,2020-02-04 11:18:43,2018-10-09 10:51:00,2018-10-09
5189838,10710AB191B0983,10710AB191B0983,15,66000,TXG,230,2300,66000040004,2,AB191,2018-10-09 16:55:00,10710091655,臺中市西區東昇里大全街60號,0,1,111,112,120,50,126,141,166,170,175,177,188,192,196,206,211,216,218,247,24.1357099930154,120.670538417973,2020-02-04 11:18:43,2018-10-09 16:55:00,2018-10-09
5189211,10710AB996B0971,10710AB996B0971,15,66000,TXG,244,2166,66000240015,2,AB996,2018-10-09 15:10:00,10710091510,臺中市大肚區瑞井里遊園路一段151巷1弄3號,0,1,111,112,120,40,137,149,163,172,176,181,188,192,196,206,211,216,218,231,24.1678516357114,120.578032476515,2020-02-04 11:18:43,2018-10-09 15:10:00,2018-10-09
5347936,10710AB691B1004,10710AB691B1004,15,66000,TXG,232,2373,66000060021,2,AB691,2018-10-09 19:26:00,10710091926,臺中市西屯區何仁里天水西二街天水西六街,0,1,111,114,120,40,126,141,163,172,176,181,188,192,196,206,211,216,218,221,24.1661318675809,120.655647426425,2020-02-04 11:18:43,2018-10-09 19:26:00,2018-10-09
5185773,10710ABC91B0918,10710ABC91B0918,15,66000,TXG,246,2234,66000270037,2,ABC91,2018-10-09 06:45:00,10710090645,臺中市太平區聖和里光興路長龍路一段,0,1,111,112,120,50,127,141,163,172,176,181,188,189,193,206,211,216,218,234,24.1315863265515,120.737746032686,2020-02-04 11:18:43,2018-10-09 06:45:00,2018-10-09
5190590,10710AB993B0993,10710AB993B0993,15,66000,TXG,14,2148,66000230010,2,AB993,2018-10-09 18:04:00,10710091804,臺中市烏日區光明里環中路七段五光路,0,1,111,114,120,50,127,141,163,172,176,181,188,190,193,206,211,216,218,234,24.0933395531251,120.648603096386,2020-02-04 11:18:43,2018-10-09 18:04:00,2018-10-09
5348596,10710AB191B1021,10710AB191B1021,15,66000,TXG,230,2303,66000040007,2,AB191,2018-10-09 22:41:00,10710092241,臺中市西區公民里五廊街忠勤街,0,2,111,114,120,50,128,141,163,172,176,181,188,192,196,206,211,216,218,233,24.1379575024935,120.666506714037,2020-02-04 11:18:43,2018-10-09 22:41:00,2018-10-09
5187753,10710ABC91B0946,10710ABC91B0946,15,66000,TXG,246,2203,66000270004,2,ABC91,2018-10-09 11:20:00,10710091120,臺中市太平區中興里新平路一段281號附近附近,0,1,111,112,120,50,137,147,163,172,176,181,188,192,196,201,210,215,218,231,24.134483319971,120.715949096765,2020-02-04 11:18:43,2018-10-09 11:20:00,2018-10-09
5188371,10710AB691B0958,10710AB691B0958,15,66000,TXG,232,2009,66000060010,2,AB691,2018-10-09 12:39:00,10710091239,臺中市西屯區何厝里漢口路一段27號,0,1,111,112,120,50,126,141,163,172,176,181,188,190,193,206,211,216,218,234,0.0,0.0,2020-02-04 11:18:43,2018-10-09 12:39:00,2018-10-09
5188363,10710AB691B0956,10710AB691B0956,15,66000,TXG,232,2320,66000060035,2,AB691,2018-10-09 12:31:00,10710091231,臺中市西屯區福恩里工業區一路60號,0,1,111,112,120,50,137,149,163,172,176,181,188,192,196,201,211,216,218,234,24.1776868756044,120.613757965614,2020-02-04 11:18:43,2018-10-09 12:31:00,2018-10-09
5188395,10710AB691B0962,10710AB691B0962,15,66000,TXG,232,2009,66000060010,2,AB691,2018-10-09 13:22:00,10710091322,臺中市西屯區何厝里漢口路一段26號,0,1,111,112,120,50,126,142,163,172,176,181,188,190,193,201,211,216,218,235,0.0,0.0,2020-02-04 11:18:43,2018-10-09 13:22:00,2018-10-09
5188448,10710AB691B0968,10710AB691B0968,15,66000,TXG,232,2323,66000060038,2,AB691,2018-10-09 14:40:00,10710091440,臺中市西屯區福林里福林路福順路,0,1,111,112,120,50,127,141,163,172,176,181,188,190,193,206,211,216,218,235,24.1852830911981,120.61423646378,2020-02-04 11:18:43,2018-10-09 14:40:00,2018-10-09
5189215,10710AB891B0972,10710AB891B0972,15,66000,TXG,245,2188,66000260005,2,AB891,2018-10-09 15:16:00,10710091516,臺中市霧峰區中正里中正路947號,0,1,111,112,120,50,127,147,163,172,176,181,188,192,196,205,210,215,218,235,24.0672129439009,120.699018561399,2020-02-04 11:18:43,2018-10-09 15:16:00,2018-10-09
5187207,10710AB591B0938,10710AB591B0938,15,66000,TXG,233,2397,66000080005,2,AB591,2018-10-09 08:54:00,10710090854,臺中市北屯區平和里文心路四段283號,0,1,111,112,120,50,137,148,163,172,176,181,188,192,196,197,210,216,218,235,24.1714423382272,120.690702262984,2020-02-04 11:18:43,2018-10-09 08:54:00,2018-10-09
5347890,10710AB491B1001,10710AB491B1001,15,66000,TXG,13,2393,66000070025,2,AB491,2018-10-09 18:35:00,10710091835,臺中市南屯區三義里黎明路二段文心一路,0,1,111,113,120,50,126,141,163,172,176,181,188,192,196,206,211,216,218,234,24.1541736330156,120.634738999264,2020-02-04 11:18:43,2018-10-09 18:35:00,2018-10-09
5348507,10710ABA95B1012,10710ABA95B1012,15,66000,TXG,236,2520,66000130008,2,ABA95,2018-10-09 20:29:00,10710092029,臺中市沙鹿區鹿寮里錦華街與中山路田尾巷口附近,0,3,110,114,120,50,127,141,163,172,176,181,188,192,196,206,211,216,218,234,24.2504407318551,120.565145840272,2020-02-04 11:18:43,2018-10-09 20:29:00,2018-10-09
5188386,10710AB691B0960,10710AB691B0960,15,66000,TXG,232,2002,66000060003,2,AB691,2018-10-09 13:00:00,10710091300,臺中市西屯區潮洋里黎明路二段龍門路,0,1,111,112,120,50,127,141,163,172,176,181,188,189,193,206,211,216,218,234,24.1635355995013,120.634161271216,2020-02-04 11:18:43,2018-10-09 13:00:00,2018-10-09
5190598,10710AB995B0994,10710AB995B0994,15,66000,TXG,288,2177,66000250009,2,AB995,2018-10-09 18:08:00,10710091808,臺中市龍井區忠和里西濱路三段台西南路,0,1,111,113,120,60,127,141,163,172,176,181,188,189,193,206,211,216,218,233,24.2193636477658,120.523300273211,2020-02-04 11:18:43,2018-10-09 18:08:00,2018-10-09
5348580,10710ABC91B1016,10710ABC91B1016,15,66000,TXG,246,2200,66000270001,2,ABC91,2018-10-09 22:18:00,10710092218,臺中市太平區太平里太平路381號,0,1,111,114,120,50,137,149,163,172,176,181,188,189,193,201,211,216,217,229,24.124152486116,120.716980604695,2020-02-04 11:18:43,2018-10-09 22:18:00,2018-10-09
5186408,10710AB691B0932,10710AB691B0932,15,66000,TXG,232,2002,66000060003,2,AB691,2018-10-09 08:07:00,10710090807,臺中市西屯區潮洋里臺灣大道三段745號,0,1,111,112,120,50,137,149,163,172,176,181,188,192,196,197,210,216,218,231,24.1711650098722,120.634281669462,2020-02-04 11:18:43,2018-10-09 08:07:00,2018-10-09
5348603,10710AB391B1022,10710AB391B1022,15,66000,TXG,229,2293,66000030019,2,AB391,2018-10-09 23:03:00,10710092303,臺中市南區南和里美村南路忠明南路,0,2,111,114,120,50,127,141,163,172,176,181,188,189,193,206,211,216,218,235,24.1186534957568,120.666822376904,2020-02-04 11:18:43,2018-10-09 23:03:00,2018-10-09
5186405,10710AB291B0930,10710AB291B0930,15,66000,TXG,231,1994,66000050031,2,AB291,2018-10-09 08:05:00,10710090805,臺中市北區崇德里進化路118巷﹑北興街附近,0,1,111,112,120,50,127,141,163,172,176,181,188,192,196,206,211,216,218,234,24.1533644749623,120.694345579451,2020-02-04 11:18:43,2018-10-09 08:05:00,2018-10-09
5347952,10710AB291B1005,10710AB291B1005,15,66000,TXG,231,2356,66000050014,2,AB291,2018-10-09 19:39:00,10710091939,臺中市北區頂厝里太原路二段271號,0,2,111,114,120,50,126,141,163,172,176,181,188,192,196,206,211,216,218,221,24.1654431182728,120.677162245031,2020-02-04 11:18:43,2018-10-09 19:39:00,2018-10-09
5187184,10710AB591B0937,10710AB591B0937,15,66000,TXG,233,2400,66000080008,2,AB591,2018-10-09 08:30:00,10710090830,臺中市北屯區水景里軍功路一段7號,0,1,111,112,120,40,137,148,163,172,176,181,188,192,196,201,211,215,218,231,24.1653831704698,120.719042063519,2020-02-04 11:18:43,2018-10-09 08:30:00,2018-10-09
5189283,10710AB993B0979,10710AB993B0979,15,66000,TXG,14,2142,66000230003,2,AB993,2018-10-09 16:30:00,10710091630,臺中市烏日區三和里環河路四段三和路,0,1,111,112,120,50,137,147,163,172,176,181,188,189,193,197,208,214,218,231,24.1037527293451,120.60868733675,2020-02-04 11:18:43,2018-10-09 16:30:00,2018-10-09
5347889,10710AB691B1000,10710AB691B1000,15,66000,TXG,232,2004,66000060005,2,AB691,2018-10-09 18:34:00,10710091834,臺中市西屯區惠來里臺灣大道三段301號,0,1,111,114,120,40,127,142,163,172,176,181,188,189,193,201,210,215,218,221,24.1728878324877,120.634176956919,2020-02-04 11:18:43,2018-10-09 18:34:00,2018-10-09
5186404,10710AB391B0931,10710AB391B0931,15,66000,TXG,229,2284,66000030010,2,AB391,2018-10-09 08:05:00,10710090805,臺中市南區和平里復興北路152號,0,1,111,112,120,40,126,141,163,172,176,181,188,192,196,197,210,216,218,235,24.1215098058231,120.659835424518,2020-02-04 11:18:43,2018-10-09 08:05:00,2018-10-09
5186342,10710AB691B0924,10710AB691B0924,15,66000,TXG,232,2372,66000060020,2,AB691,2018-10-09 07:32:00,10710090732,臺中市西屯區協和里工業區三十七路工業區三十八路,0,1,111,112,120,50,126,142,163,172,176,181,188,192,196,201,210,215,218,231,24.169803082494,120.588557001421,2020-02-04 11:18:43,2018-10-09 07:32:00,2018-10-09
5187183,10710AB996B0936,10710AB996B0936,15,66000,TXG,244,0,66000240000,2,AB996,2018-10-09 08:28:00,10710090828,臺中市大肚區遊園路二段175號,0,1,111,112,120,50,137,149,163,172,176,181,188,192,196,201,211,216,217,231,24.1721952170486,120.580203111877,2020-02-04 11:18:43,2018-10-09 08:28:00,2018-10-09
5188379,10710AB191B0959,10710AB191B0959,15,66000,TXG,230,2333,66000040016,2,AB191,2018-10-09 12:49:00,10710091249,臺中市西區忠明里中興街與明義街口附近,0,1,111,112,120,50,127,141,163,172,176,181,188,192,196,206,211,216,218,233,24.1547930412158,120.663878466437,2020-02-04 11:18:43,2018-10-09 12:49:00,2018-10-09
5187231,10710AB391B0940,10710AB391B0940,15,66000,TXG,229,2287,66000030013,2,AB391,2018-10-09 09:14:00,10710090914,臺中市南區樹德里建國南路一段173號,0,2,111,112,120,50,136,149,163,172,176,181,188,192,196,203,211,216,218,234,24.1256303160409,120.659519814237,2020-02-04 11:18:43,2018-10-09 09:14:00,2018-10-09
5348523,10710ABB93B1013,10710ABB93B1013,15,66000,TXG,237,2550,66000150005,2,ABB93,2018-10-09 21:01:00,10710092101,臺中市后里區厚里里甲后路一段910號,0,1,111,114,120,50,137,147,163,172,176,181,188,192,196,201,211,215,217,231,24.3099776375021,120.715735690843,2020-02-04 11:18:43,2018-10-09 21:01:00,2018-10-09
5189885,10710AB794B0989,10710AB794B0989,15,66000,TXG,238,2047,66000160011,2,AB794,2018-10-09 17:21:00,10710091721,臺中市神岡區神洲里國豐路一段200巷,0,2,111,113,120,40,127,141,163,172,176,181,188,189,193,206,211,216,218,230,0.0,0.0,2020-02-04 11:18:43,2018-10-09 17:21:00,2018-10-09
5190582,10710AB891B0992,10710AB891B0992,15,66000,TXG,245,2185,66000260002,2,AB891,2018-10-09 18:00:00,10710091800,臺中市霧峰區吉峰里吉峰東路53-4號,0,1,111,114,120,40,126,142,163,172,176,181,188,192,196,205,211,216,217,235,24.0745290857452,120.71496692046,2020-02-04 11:18:43,2018-10-09 18:00:00,2018-10-09
5185794,10710AB191B0922,10710AB191B0922,15,66000,TXG,230,2300,66000040004,2,AB191,2018-10-09 07:20:00,10710090720,臺中市西區東昇里朝陽街103號,0,2,111,112,120,50,127,141,163,172,176,181,188,192,196,206,211,216,218,234,24.1341320465358,120.671562017114,2020-02-04 11:18:43,2018-10-09 07:20:00,2018-10-09
5187790,10710AB291B0951,10710AB291B0951,15,66000,TXG,231,2344,66000050002,2,AB291,2018-10-09 11:55:00,10710091155,臺中市北區文莊里五權路217號,0,1,111,112,120,50,137,147,163,172,176,181,188,192,196,199,210,215,218,231,24.1495620648069,120.675428385466,2020-02-04 11:18:43,2018-10-09 11:55:00,2018-10-09
5189840,10710AB795B0984,10710AB795B0984,15,66000,TXG,240,2087,66000180006,2,AB795,2018-10-09 16:59:00,10710091659,臺中市大雅區橫山里中科路982號附近附近,0,1,111,112,120,50,126,142,163,172,176,181,188,192,196,197,211,212,218,234,24.2060058242583,120.629649659312,2020-02-04 11:18:43,2018-10-09 16:59:00,2018-10-09
5189282,10710AB191B0978,10710AB191B0978,15,66000,TXG,230,2336,66000040019,2,AB191,2018-10-09 16:30:00,10710091630,臺中市西區忠誠里公益路126號,0,1,111,112,120,50,127,142,163,172,176,181,188,192,196,206,211,216,218,236,24.1508023988505,120.663223633115,2020-02-04 11:18:43,2018-10-09 16:30:00,2018-10-09
5185789,10710ABA94B0921,10710ABA94B0921,15,66000,TXG,312,2536,66000140004,2,ABA94,2018-10-09 07:16:00,10710090716,臺中市梧棲區中和里梧棲路140號,0,1,111,112,120,50,137,149,163,172,176,181,188,192,196,201,211,216,218,235,24.2551518441752,120.52905375394499,2020-02-04 11:18:43,2018-10-09 07:16:00,2018-10-09
5189220,10710AB591B0973,10710AB591B0973,15,66000,TXG,233,2016,66000080017,2,AB591,2018-10-09 15:25:00,10710091525,臺中市北屯區仁和里后庄路699號,0,1,111,112,120,40,126,141,163,172,176,181,188,192,196,206,211,216,218,234,24.1933639935624,120.677060202582,2020-02-04 11:18:43,2018-10-09 15:25:00,2018-10-09
5187714,10710AB793B0942,10710AB793B0942,15,66000,TXG,239,2078,66000170013,2,AB793,2018-10-09 10:20:00,10710091020,臺中市潭子區聚興里豐興路一段與軍功路二段850巷附近,0,1,111,112,120,50,128,141,163,172,176,181,188,189,193,201,210,216,217,233,24.1910990802321,120.717790160218,2020-02-04 11:18:43,2018-10-09 10:20:00,2018-10-09
5186349,10710AB291B0925,10710AB291B0925,15,66000,TXG,231,2364,66000050022,2,AB291,2018-10-09 07:39:00,10710090739,臺中市北區明德里西屯路一段忠明路,0,1,111,112,120,50,127,141,163,172,176,181,188,190,193,206,211,216,218,234,24.1620425261933,120.664161073714,2020-02-04 11:18:43,2018-10-09 07:39:00,2018-10-09
5189865,10710AB291B0985,10710AB291B0985,15,66000,TXG,231,2346,66000050004,2,AB291,2018-10-09 17:13:00,10710091713,臺中市北區新興里雙十路與精武路口附近,0,1,111,112,120,50,127,141,163,172,176,181,188,190,193,206,211,216,218,235,24.1461254642527,120.686116041687,2020-02-04 11:18:43,2018-10-09 17:13:00,2018-10-09
5348571,10710ABC91B1015,10710ABC91B1015,15,66000,TXG,246,2207,66000270008,2,ABC91,2018-10-09 22:03:00,10710092203,臺中市太平區中山里中山路二段299號,0,1,111,115,120,50,137,147,163,172,176,181,188,192,196,201,210,215,217,230,0.0,0.0,2020-02-04 11:18:43,2018-10-09 22:03:00,2018-10-09
5189879,10710ABB93B0987,10710ABB93B0987,15,66000,TXG,243,2120,66000210004,2,ABB93,2018-10-09 17:18:00,10710091718,臺中市外埔區大同里甲后路四段100巷(外埔區路燈10715)附近,0,1,111,112,120,40,127,141,163,172,176,181,185,192,196,206,211,216,218,233,0.0,0.0,2020-02-04 11:18:43,2018-10-09 17:18:00,2018-10-09
5187257,10710AB291B0941,10710AB291B0941,15,66000,TXG,231,2360,66000050018,2,AB291,2018-10-09 09:44:00,10710090944,臺中市北區淡溝里西屯路一段博館路,0,1,111,112,120,50,127,141,163,172,176,181,188,190,193,206,211,216,218,234,24.1564353184074,120.668279281634,2020-02-04 11:18:43,2018-10-09 09:44:00,2018-10-09
5348585,10710AB691B1018,10710AB691B1018,15,66000,TXG,232,2370,66000060018,2,AB691,2018-10-09 22:22:00,10710092222,臺中市西屯區永安里西屯路三段西林巷,0,2,111,114,120,50,127,141,163,172,176,181,188,189,193,206,211,216,218,235,24.1828091540272,120.632541356998,2020-02-04 11:18:43,2018-10-09 22:22:00,2018-10-09
5348587,10710ABA95B1019,10710ABA95B1019,15,66000,TXG,236,2525,66000130013,2,ABA95,2018-10-09 22:28:00,10710092228,臺中市沙鹿區晉江里臺灣大道路七段259號,0,2,111,114,120,40,137,148,163,172,176,181,188,192,196,199,210,214,217,235,0.0,0.0,2020-02-04 11:18:43,2018-10-09 22:28:00,2018-10-09
5348561,10710AB591B1014,10710AB591B1014,15,66000,TXG,233,2400,66000080008,2,AB591,2018-10-09 21:49:00,10710092149,臺中市北屯區水景里旱溪東路二段燈桿01550號處附近,0,1,111,114,120,40,137,152,163,172,176,181,188,192,196,201,211,215,218,235,24.1644236462116,120.705515626193,2020-02-04 11:18:43,2018-10-09 21:49:00,2018-10-09
5189210,10710ABB93B0970,10710ABB93B0970,15,66000,TXG,237,2551,66000150006,2,ABB93,2018-10-09 15:09:00,10710091509,臺中市后里區墩東里甲后路一段民生路,0,1,111,112,120,50,126,141,163,172,176,181,188,189,193,206,211,216,218,234,24.3097683520576,120.716917345,2020-02-04 11:18:43,2018-10-09 15:09:00,2018-10-09
5187745,10710AB291B0944,10710AB291B0944,15,66000,TXG,231,2358,66000050016,2,AB291,2018-10-09 11:10:00,10710091110,臺中市北區賴村里五常街梅亭街,0,1,111,112,120,50,127,141,163,172,176,181,188,192,196,206,211,216,218,234,24.16035189221,120.679960212104,2020-02-04 11:18:43,2018-10-09 11:10:00,2018-10-09
5186385,10710AB995B0929,10710AB995B0929,15,66000,TXG,288,2178,66000250010,2,AB995,2018-10-09 07:54:00,10710090754,臺中市龍井區山腳里中華路二段中山二路一段,0,1,111,112,120,70,127,141,163,172,176,181,188,189,193,206,211,216,218,234,24.2104319445546,120.540305728461,2020-02-04 11:18:43,2018-10-09 07:54:00,2018-10-09
5347966,10710AB891B1010,10710AB891B1010,15,66000,TXG,247,2265,66000280024,2,AB891,2018-10-09 19:53:00,10710091953,臺中市大里區長榮里中興路二段247號,0,4,111,114,120,40,137,149,163,172,176,181,188,192,196,205,211,216,217,231,24.1088392184419,120.689856388527,2020-02-04 11:18:43,2018-10-09 19:53:00,2018-10-09
5348592,10710ABA95B1020,10710ABA95B1020,15,66000,TXG,236,2520,66000130008,2,ABA95,2018-10-09 22:32:00,10710092232,臺中市沙鹿區鹿寮里成功東街福鹿街,0,1,111,114,120,50,127,141,163,172,176,181,188,192,196,206,211,216,218,234,24.2419138939929,120.563973475055,2020-02-04 11:18:43,2018-10-09 22:32:00,2018-10-09
5189249,10710AB591B0974,10710AB591B0974,15,66000,TXG,233,2015,66000080016,2,AB591,2018-10-09 16:00:00,10710091600,臺中市北屯區松竹里崇德二路二段296號,0,1,111,112,120,50,127,141,163,172,176,181,188,192,196,206,211,216,218,234,24.1778523012677,120.682296571755,2020-02-04 11:18:43,2018-10-09 16:00:00,2018-10-09
5185804,10710AB191B0923,10710AB191B0923,15,66000,TXG,230,2330,66000040013,2,AB191,2018-10-09 07:29:00,10710090729,臺中市西區安龍里五權路2之2號,0,1,111,112,120,40,137,148,163,172,176,181,188,192,196,197,210,215,218,235,24.137598593703,120.665263431136,2020-02-04 11:18:43,2018-10-09 07:29:00,2018-10-09
5186335,10710A2AZJB0040,10710A2AZJB0040,15,66000,TXG,239,0,66000170000,2,A2AZJ,2018-10-09 07:30:00,10710090730,臺中市潭子區建國路18號附近,0,1,111,112,122,25,137,149,163,172,176,181,188,192,196,199,211,216,218,230,0.0,0.0,2020-02-04 11:18:43,2018-10-09 07:30:00,2018-10-09
5189198,10710AB691B0969,10710AB691B0969,15,66000,TXG,232,2004,66000060005,2,AB691,2018-10-09 14:55:00,10710091455,臺中市西屯區惠來里惠中路一段2號,0,1,111,112,120,50,137,149,163,172,176,181,188,192,196,197,211,216,218,230,24.1637887353396,120.645904049258,2020-02-04 11:18:43,2018-10-09 14:55:00,2018-10-09
5347956,10710AB793B1008,10710AB793B1008,15,66000,TXG,239,2565,66000170005,2,AB793,2018-10-09 19:45:00,10710091945,臺中市潭子區頭家里得福街166號,0,1,111,114,120,50,127,141,163,172,176,181,188,192,196,206,211,216,218,235,24.1955127531791,120.696542026574,2020-02-04 11:18:43,2018-10-09 19:45:00,2018-10-09
5347888,10710AB795B0999,10710AB795B0999,15,66000,TXG,240,2093,66000180013,2,AB795,2018-10-09 18:33:00,10710091833,臺中市大雅區文雅里中清路三段1095號,0,3,111,114,120,50,137,148,163,172,176,181,188,192,196,205,210,215,217,230,24.2221165263878,120.646875045798,2020-02-04 11:18:43,2018-10-09 18:33:00,2018-10-09
5187758,10710AB996B0947,10710AB996B0947,15,66000,TXG,244,0,66000240000,2,AB996,2018-10-09 11:22:00,10710091122,臺中市大肚區遊園路二段3號,0,2,111,112,120,50,137,149,163,172,176,181,188,192,196,201,211,216,217,234,24.1690839237492,120.579183164435,2020-02-04 11:18:43,2018-10-09 11:22:00,2018-10-09
5186379,10710ABA95B0926,10710ABA95B0926,15,66000,TXG,236,2529,66000130017,2,ABA95,2018-10-09 07:50:00,10710090750,臺中市沙鹿區公明里中清路六段327號,0,1,111,112,120,40,137,148,163,172,176,181,188,192,196,197,210,215,217,231,24.2470742903789,120.606702964913,2020-02-04 11:18:43,2018-10-09 07:50:00,2018-10-09
5188357,10710AB391B0955,10710AB391B0955,15,66000,TXG,229,2283,66000030009,2,AB391,2018-10-09 12:30:00,10710091230,臺中市南區福平里建國南路一段平順街150巷,0,1,111,112,120,50,126,141,163,172,176,181,188,192,196,206,211,216,218,235,0.0,0.0,2020-02-04 11:18:43,2018-10-09 12:30:00,2018-10-09