識別碼,案件編號,交通事故主表,縣市識別碼,縣市代碼,所屬縣市簡碼,鄉縣市區識別碼,村里識別碼,里代碼,事故類(A1、A2...An),處理單位代碼,案件時間(西元),案件時間(民國),發生地點,死亡人數,受傷人數(含2~30日內死亡),天氣識別碼,光線識別碼,道路類別識別碼,速限,道路型態識別碼,事故位置識別碼,路面鋪裝識別碼,路面狀態識別碼,路面缺陷識別碼,障礙物視距識別碼,視距識別碼,號誌種類識別碼,號誌動作識別碼,車道劃分設施-分向設施識別碼,快車道或一般車道間識別碼,快慢車道間識別碼,路面邊線識別碼,事故類型及型態識別碼,緯度,經度,本平台資料更新時間(yyyy-MM-dd HH:mm:ss),資料代表時間(yyyy-MM-dd HH:mm:ss),資料代表日期(yyyy-MM-dd)
5347954,10710AB793B1006,10710AB793B1006,15,66000,TXG,239,2562,66000170002,2,AB793,2018-10-09 19:40:00,10710091940,臺中市潭子區潭秀里中山路二段603號,0,1,111,114,120,60,137,145,163,172,176,181,188,192,196,197,210,215,217,236,24.219043959522,120.705813650687,2020-02-04 11:18:43,2018-10-09 19:40:00,2018-10-09
5348582,10710AB291B1017,10710AB291B1017,15,66000,TXG,231,2355,66000050013,2,AB291,2018-10-09 22:20:00,10710092220,臺中市北區建興里學士路衛道路,0,2,111,114,120,50,127,141,163,172,176,181,188,192,196,206,211,216,218,234,24.1625119845418,120.680958623296,2020-02-04 11:18:43,2018-10-09 22:20:00,2018-10-09
5186430,10710AB691B0935,10710AB691B0935,15,66000,TXG,232,2371,66000060019,2,AB691,2018-10-09 08:20:00,10710090820,臺中市西屯區福安里福順路130號,0,1,111,112,120,50,127,141,163,172,176,181,188,192,196,206,211,216,218,235,24.1809752731607,120.623715199229,2020-02-04 11:18:43,2018-10-09 08:20:00,2018-10-09
5186423,10710AB793B0934,10710AB793B0934,15,66000,TXG,239,2566,66000170006,2,AB793,2018-10-09 08:14:00,10710090814,臺中市潭子區甘蔗里復興路二段5號,0,1,111,112,120,40,137,147,163,172,176,181,188,192,196,201,211,215,218,234,0.0,0.0,2020-02-04 11:18:43,2018-10-09 08:14:00,2018-10-09
5186383,10710AB191B0928,10710AB191B0928,15,66000,TXG,227,2059,66000010007,2,AB191,2018-10-09 07:53:00,10710090753,臺中市中區大誠里中華路福音街附近,0,2,111,112,120,50,127,141,163,172,176,181,188,189,193,206,211,216,218,235,24.1478724915867,120.679528817137,2020-02-04 11:18:43,2018-10-09 07:53:00,2018-10-09
5190597,10710ABA94B0995,10710ABA94B0995,15,66000,TXG,312,2596,66000140008,2,ABA94,2018-10-09 18:08:00,10710091808,臺中市梧棲區南簡里長春路116巷16號,0,1,111,115,120,40,126,141,163,172,176,181,188,192,196,206,211,216,218,234,24.2583580156339,120.555728376429,2020-02-04 11:18:43,2018-10-09 18:08:00,2018-10-09
5188412,10710AB391B0965,10710AB391B0965,15,66000,TXG,228,2070,66000020010,2,AB391,2018-10-09 13:54:00,10710091354,臺中市東區十甲里十甲北二街東英十五街,0,2,111,112,120,40,126,141,163,172,176,181,188,192,196,205,211,216,218,234,24.1446177229838,120.704350042423,2020-02-04 11:18:43,2018-10-09 13:54:00,2018-10-09
5185785,10710ABB93B0920,10710ABB93B0920,15,66000,TXG,243,2120,66000210004,2,ABB93,2018-10-09 07:11:00,10710090711,臺中市外埔區大同里甲后路三段816號,0,2,111,112,120,50,126,141,163,172,176,181,188,192,196,206,211,216,218,234,24.3280830443767,120.657317418976,2020-02-04 11:18:43,2018-10-09 07:11:00,2018-10-09
5347958,10710AB191B1009,10710AB191B1009,15,66000,TXG,230,2333,66000040016,2,AB191,2018-10-09 19:46:00,10710091946,臺中市西區忠明里博館路193號,0,1,111,114,120,50,126,141,163,172,175,181,188,192,196,206,211,216,218,236,24.156373078322,120.66553523215,2020-02-04 11:18:43,2018-10-09 19:46:00,2018-10-09
5189913,10710AB795B0991,10710AB795B0991,15,66000,TXG,240,2083,66000180002,2,AB795,2018-10-09 17:42:00,10710091742,臺中市大雅區員林里神林路一段11號,0,1,111,114,120,50,126,142,163,172,176,181,188,192,196,201,211,216,217,235,24.2298372318187,120.653081815089,2020-02-04 11:18:43,2018-10-09 17:42:00,2018-10-09
5347877,10710AB591B0997,10710AB591B0997,15,66000,TXG,233,2026,66000080027,2,AB591,2018-10-09 18:29:00,10710091829,臺中市北屯區平順里昌平路一段346號,0,1,111,114,120,40,127,141,163,172,176,181,188,189,193,201,211,215,218,234,24.1685644106206,120.692527276424,2020-02-04 11:18:43,2018-10-09 18:29:00,2018-10-09
5189277,10710AB591B0977,10710AB591B0977,15,66000,TXG,233,2413,66000080041,2,AB591,2018-10-09 16:27:00,10710091627,臺中市北屯區三和里太原路三段513-1號,0,2,111,112,120,50,137,147,163,172,176,181,188,192,196,201,210,215,218,231,24.1607994083837,120.729469356189,2020-02-04 11:18:43,2018-10-09 16:27:00,2018-10-09
5189267,10710AB391B0976,10710AB391B0976,15,66000,TXG,229,2283,66000030009,2,AB391,2018-10-09 16:20:00,10710091620,臺中市南區福平里建國南路二段美村路,0,1,111,112,120,50,127,141,163,172,176,181,188,189,193,206,211,216,218,233,24.1270057338525,120.662757170854,2020-02-04 11:18:43,2018-10-09 16:20:00,2018-10-09
5189835,10710AB691B0982,10710AB691B0982,15,66000,TXG,232,2010,66000060011,2,AB691,2018-10-09 16:53:00,10710091653,臺中市西屯區大河里大河街82號,0,2,111,112,120,50,137,147,163,172,176,181,188,192,196,205,210,215,218,235,24.1749046841783,120.658964995695,2020-02-04 11:18:43,2018-10-09 16:53:00,2018-10-09
5347885,10710ABA95B0998,10710ABA95B0998,15,66000,TXG,236,2525,66000130013,2,ABA95,2018-10-09 18:32:00,10710091832,臺中市沙鹿區晉江里臺灣大道路六段1018號,0,2,111,114,120,40,126,148,163,172,176,181,188,189,193,197,211,216,218,235,0.0,0.0,2020-02-04 11:18:43,2018-10-09 18:32:00,2018-10-09
5185738,10710AB291B0917,10710AB291B0917,15,66000,TXG,231,2343,66000050001,2,AB291,2018-10-09 02:27:00,10710090227,臺中市北區光大里五順街與柳川西路口附近,0,1,111,114,120,50,127,141,163,172,176,181,188,192,196,206,211,216,218,233,24.1528109794022,120.679270491359,2020-02-04 11:18:43,2018-10-09 02:27:00,2018-10-09
5189884,10710AB995B0988,10710AB995B0988,15,66000,TXG,288,2175,66000250007,2,AB995,2018-10-09 17:20:00,10710091720,臺中市龍井區龍津里三港路三港路531巷,0,2,111,113,120,40,127,141,163,172,176,181,188,192,196,206,211,216,218,233,24.2052033382411,120.515929242847,2020-02-04 11:18:43,2018-10-09 17:20:00,2018-10-09
5187767,10710ABC91B0948,10710ABC91B0948,15,66000,TXG,246,2203,66000270004,2,ABC91,2018-10-09 11:32:00,10710091132,臺中市太平區中興里新平路一段中興路,0,1,111,112,120,50,127,141,163,172,176,181,188,189,193,206,211,216,218,234,24.1287428393837,120.717907456154,2020-02-04 11:18:43,2018-10-09 11:32:00,2018-10-09
5348498,10710AB591B1011,10710AB591B1011,15,66000,TXG,233,2025,66000080026,2,AB591,2018-10-09 20:00:00,10710092000,臺中市北屯區平安里崇德路二段北平路四段,0,1,111,114,120,50,127,141,163,172,176,181,188,189,193,206,211,216,218,227,24.1708553163773,120.685435575275,2020-02-04 11:18:43,2018-10-09 20:00:00,2018-10-09
5347867,10710ABC91B0996,10710ABC91B0996,15,66000,TXG,246,2230,66000270033,2,ABC91,2018-10-09 18:21:00,10710091821,臺中市太平區光明里中山路二段與環太東路附近,0,1,111,112,120,50,127,141,163,172,176,181,188,189,193,206,211,216,218,234,24.1496218018873,120.724562786336,2020-02-04 11:18:43,2018-10-09 18:21:00,2018-10-09
5189833,10710AB291B0981,10710AB291B0981,15,66000,TXG,231,1992,66000050029,2,AB291,2018-10-09 16:50:00,10710091650,臺中市北區錦平里中華路二段太平路附近,0,1,111,112,120,50,127,141,163,172,176,181,188,189,193,206,211,216,218,233,24.1491936501679,120.680903135995,2020-02-04 11:18:43,2018-10-09 16:50:00,2018-10-09
5185781,10710AB691B0919,10710AB691B0919,15,66000,TXG,232,2000,66000060001,2,AB691,2018-10-09 07:08:00,10710090708,臺中市西屯區西安里西屯路二段清隆巷,0,2,111,112,120,50,126,141,163,172,176,181,188,192,196,206,211,216,218,234,24.1798548158647,120.639360769035,2020-02-04 11:18:43,2018-10-09 07:08:00,2018-10-09
5347927,10710AB996B1003,10710AB996B1003,15,66000,TXG,288,2183,66000250015,2,AB996,2018-10-09 19:15:00,10710091915,臺中市龍井區新東里新興路53巷9-1號,0,1,111,114,120,40,127,141,163,172,176,181,188,192,196,206,211,216,218,247,24.1814578823014,120.588922676145,2020-02-04 11:18:43,2018-10-09 19:15:00,2018-10-09
5351125,10710AB391B1052,10710AB391B1052,15,66000,TXG,228,2076,66000020016,2,AB391,2018-10-10 14:03:00,10710101403,臺中市東區東信里東英五街一心街,0,2,111,112,120,40,127,141,163,172,176,181,188,189,195,201,211,216,218,233,24.1363609022625,120.702217008519,2020-02-04 11:18:43,2018-10-10 14:03:00,2018-10-10
5381842,10710AB994B1062,10710AB994B1062,15,66000,TXG,244,2164,66000240013,2,AB994,2018-10-10 16:00:00,10710101600,臺中市大肚區山陽里沙田路三段855號,0,1,111,112,120,70,137,148,163,172,176,181,188,192,196,197,210,215,217,247,24.1689966808155,120.542266255002,2020-02-04 11:18:43,2018-10-10 16:00:00,2018-10-10
5350479,10710AB795B1044,10710AB795B1044,15,66000,TXG,240,2278,66000180014,2,AB795,2018-10-10 11:43:00,10710101143,臺中市大雅區大楓里民豐街210號,0,1,111,112,120,50,137,149,163,172,176,181,188,192,196,205,211,215,218,235,24.2322775554761,120.663029055184,2020-02-04 11:18:43,2018-10-10 11:43:00,2018-10-10
5350440,10710AB591B1040,10710AB591B1040,15,66000,TXG,233,2402,66000080010,2,AB591,2018-10-10 10:54:00,10710101054,臺中市北屯區和平里東山路一段421號,0,1,111,112,120,50,127,141,163,172,176,181,188,192,196,206,211,216,218,234,24.1698598942413,120.702252112179,2020-02-04 11:18:43,2018-10-10 10:54:00,2018-10-10
5383132,10710AB591B1084,10710AB591B1084,15,66000,TXG,233,2402,66000080010,2,AB591,2018-10-10 20:23:00,10710102023,臺中市北屯區和平里和順路和祥街口附近,0,1,111,114,120,50,127,141,163,172,176,181,188,189,193,206,211,216,218,233,24.1799115707727,120.722588369391,2020-02-04 11:18:43,2018-10-10 20:23:00,2018-10-10
5349882,10710AB391B1028,10710AB391B1028,15,66000,TXG,229,2286,66000030012,2,AB391,2018-10-10 07:55:00,10710100755,臺中市南區樹義里大慶街一段295號,0,2,111,112,120,50,137,147,163,172,176,181,188,192,196,201,211,215,218,235,24.113619296516,120.653928799375,2020-02-04 11:18:43,2018-10-10 07:55:00,2018-10-10
5351692,10710AB691B1057,10710AB691B1057,15,66000,TXG,232,2004,66000060005,2,AB691,2018-10-10 14:52:00,10710101452,臺中市西屯區惠來里惠中路往北(近市政北五路)附近,0,1,111,112,120,50,137,149,163,172,176,181,188,192,196,198,210,215,218,230,24.1678358963071,120.648274766288,2020-02-04 11:18:43,2018-10-10 14:52:00,2018-10-10
5280080,10710AB591B1090,10710AB591B1090,15,66000,TXG,233,2027,66000080028,2,AB591,2018-10-10 22:03:00,10710102203,臺中市北屯區平德里天津路三段15號,0,1,111,114,120,40,137,147,163,172,176,181,188,192,196,205,211,215,218,234,24.1696595315346,120.6817619471,2020-02-04 11:18:43,2018-10-10 22:03:00,2018-10-10
5349958,10710AB391B1033,10710AB391B1033,15,66000,TXG,229,2245,66000030002,2,AB391,2018-10-10 09:46:00,10710100946,臺中市南區國光里仁和路正義街,0,1,111,112,120,50,127,141,163,172,176,181,188,189,193,206,211,216,218,234,24.1263769597661,120.68109749367,2020-02-04 11:18:43,2018-10-10 09:46:00,2018-10-10
5349320,10710AB591B1025,10710AB591B1025,15,66000,TXG,233,0,66000080000,2,AB591,2018-10-10 06:44:00,10710100644,臺中市北屯區進化北路國校巷,0,1,111,112,120,50,127,141,163,172,176,181,188,190,193,197,209,216,218,234,24.1629926395823,120.690749380284,2020-02-04 11:18:43,2018-10-10 06:44:00,2018-10-10
5383109,10710AB996B1082,10710AB996B1082,15,66000,TXG,244,2166,66000240015,2,AB996,2018-10-10 19:43:00,10710101943,臺中市大肚區瑞井里華南路W962U04XJ42/62區G4445DA24前附近,0,2,111,114,120,30,137,149,163,172,176,181,188,192,196,201,210,216,218,235,24.1524154342707,120.55100423602,2020-02-04 11:18:43,2018-10-10 19:43:00,2018-10-10
5351127,10710AB791B1053,10710AB791B1053,15,66000,TXG,234,2450,66000090032,2,AB791,2018-10-10 14:08:00,10710101408,臺中市豐原區南嵩里水源路24號,0,1,111,112,120,50,137,148,163,172,176,181,188,192,196,200,207,215,218,244,0.0,0.0,2020-02-04 11:18:43,2018-10-10 14:08:00,2018-10-10
5280082,10710AB391B1091,10710AB391B1091,15,66000,TXG,228,2069,66000020009,2,AB391,2018-10-10 22:07:00,10710102207,臺中市東區東門里旱溪西路一段209號,0,2,111,114,120,40,137,147,163,172,176,181,188,192,196,205,211,215,218,234,24.1320597497833,120.698695380163,2020-02-04 11:18:43,2018-10-10 22:07:00,2018-10-10
5381884,10710AB691B1064,10710AB691B1064,15,66000,TXG,232,2367,66000060015,2,AB691,2018-10-10 16:54:00,10710101654,臺中市西屯區港尾里環中路一段2462號,0,1,111,112,120,50,137,149,163,172,176,181,188,192,196,197,211,216,218,231,24.2012674852909,120.662800283197,2020-02-04 11:18:43,2018-10-10 16:54:00,2018-10-10
5382535,10710AB795B1067,10710AB795B1067,15,66000,TXG,240,2093,66000180013,2,AB795,2018-10-10 17:14:00,10710101714,臺中市大雅區文雅里中山北路164號,0,2,111,112,120,50,126,142,163,172,176,181,188,191,193,205,210,216,217,221,24.2183629572973,120.647067621877,2020-02-04 11:18:43,2018-10-10 17:14:00,2018-10-10
5349951,10710AB391B1031,10710AB391B1031,15,66000,TXG,229,2282,66000030008,2,AB391,2018-10-10 09:40:00,10710100940,臺中市南區福興里五權南路267巷26號,0,1,111,112,120,50,126,141,163,172,176,181,188,192,196,206,211,216,218,235,24.1236367754337,120.669146567284,2020-02-04 11:18:43,2018-10-10 09:40:00,2018-10-10
5349273,10710AB691B1023,10710AB691B1023,15,66000,TXG,232,2318,66000060033,2,AB691,2018-10-10 01:35:00,10710100135,臺中市西屯區福和里臺灣大道四段5巷281號,0,2,111,114,120,35,132,148,163,172,176,181,188,192,196,206,211,216,217,228,24.1728164546087,120.628282710076,2020-02-04 11:18:43,2018-10-10 01:35:00,2018-10-10
5382536,10710AB691B1066,10710AB691B1066,15,66000,TXG,232,2008,66000060009,2,AB691,2018-10-10 17:14:00,10710101714,臺中市西屯區何安里臺灣大道三段燈桿西屯區00021附近,0,1,111,112,120,60,137,147,163,172,176,181,188,192,196,197,210,212,218,231,24.1728878324877,120.634176956919,2020-02-04 11:18:43,2018-10-10 17:14:00,2018-10-10
5381886,10710ABB91B1065,10710ABB91B1065,15,66000,TXG,286,2482,66000110003,2,ABB91,2018-10-10 17:00:00,10710101700,臺中市大甲區順天里蔣公路141號,0,1,111,112,120,50,137,149,163,172,176,181,188,192,196,201,211,216,217,236,24.3462322353498,120.62211781461,2020-02-04 11:18:43,2018-10-10 17:00:00,2018-10-10
5350495,10710ABA93B0027,10710ABA93B0027,15,66000,TXG,311,214,66000120013,2,ABA93,2018-10-10 12:00:00,10710101200,臺中市清水區秀水里橋江南街225巷,0,3,111,112,120,40,127,141,163,172,176,181,188,192,196,206,211,216,217,233,24.2818536339615,120.565182044746,2020-02-04 11:18:43,2018-10-10 12:00:00,2018-10-10
5351142,10710ABB93B0021,10710ABB93B0021,15,66000,TXG,243,2119,66000210003,2,ABB93,2018-10-10 14:23:00,10710101423,臺中市外埔區三崁里甲后路三段三崁路381巷,0,2,111,112,120,40,127,141,163,172,176,181,183,192,196,206,211,216,218,233,24.322184940744,120.664489332237,2020-02-04 11:18:43,2018-10-10 14:23:00,2018-10-10
5382578,10710AB591B1072,10710AB591B1072,15,66000,TXG,233,2413,66000080041,2,AB591,2018-10-10 17:50:00,10710101750,臺中市北屯區三和里東山路一段140巷31弄,0,2,111,114,120,40,127,141,163,172,176,181,188,192,196,206,211,216,218,234,0.0,0.0,2020-02-04 11:18:43,2018-10-10 17:50:00,2018-10-10
5382543,10710ABA93B1068,10710ABA93B1068,15,66000,TXG,311,227,66000120021,2,ABA93,2018-10-10 17:20:00,10710101720,臺中市清水區高北里港埠路高美路,0,2,111,113,120,60,127,141,163,172,176,181,188,189,193,206,211,216,218,234,24.309914294386,120.558558969546,2020-02-04 11:18:43,2018-10-10 17:20:00,2018-10-10
5383085,10710AB995B1080,10710AB995B1080,15,66000,TXG,288,2179,66000250011,2,AB995,2018-10-10 19:05:00,10710101905,臺中市龍井區龍泉里沙田路五段357巷口附近,0,1,111,114,120,50,127,141,163,172,176,181,188,192,196,206,211,216,218,234,0.0,0.0,2020-02-04 11:18:43,2018-10-10 19:05:00,2018-10-10
5350414,10710ABA95B1036,10710ABA95B1036,15,66000,TXG,236,2513,66000130001,2,ABA95,2018-10-10 10:24:00,10710101024,臺中市沙鹿區居仁里和平街新生街,0,2,111,112,120,50,127,141,163,172,176,181,188,192,196,206,211,216,218,233,24.2388087855904,120.561148152481,2020-02-04 11:18:43,2018-10-10 10:24:00,2018-10-10
5382574,10710AB591B1071,10710AB591B1071,15,66000,TXG,233,2015,66000080016,2,AB591,2018-10-10 17:49:00,10710101749,臺中市北屯區松竹里崇德路二段崇德五路,0,1,111,113,120,50,127,142,163,172,176,181,188,190,193,197,208,216,218,231,24.1790910337318,120.685927194998,2020-02-04 11:18:43,2018-10-10 17:49:00,2018-10-10
5383590,10710AB491B1087,10710AB491B1087,15,66000,TXG,13,2389,66000070021,2,AB491,2018-10-10 21:11:00,10710102111,臺中市南屯區大業里公益路大進街,0,1,111,112,120,50,127,141,163,172,176,181,188,190,193,206,211,216,218,234,24.1507814705757,120.651398248065,2020-02-04 11:18:43,2018-10-10 21:11:00,2018-10-10
5351087,10710AB691B1049,10710AB691B1049,15,66000,TXG,232,2323,66000060038,2,AB691,2018-10-10 13:09:00,10710101309,臺中市西屯區福林里福科路562號,0,2,111,112,120,50,127,141,163,172,176,181,188,190,193,206,211,216,218,230,24.186773142015902,120.614269455242,2020-02-04 11:18:43,2018-10-10 13:09:00,2018-10-10
5382570,10710AB391B1070,10710AB391B1070,15,66000,TXG,229,2289,66000030015,2,AB391,2018-10-10 17:45:00,10710101745,臺中市南區長春里愛國街濟世街,0,1,111,113,120,50,127,141,163,172,176,181,188,191,193,206,211,216,218,234,24.1309850018378,120.678262361669,2020-02-04 11:18:43,2018-10-10 17:45:00,2018-10-10
5349940,10710ABC91B1030,10710ABC91B1030,15,66000,TXG,246,2210,66000270011,2,ABC91,2018-10-10 09:17:00,10710100917,臺中市太平區新坪里育賢路樹孝路,0,1,111,112,120,50,127,141,163,172,176,177,188,192,196,201,211,215,217,234,24.1578759603658,120.720343074613,2020-02-04 11:18:43,2018-10-10 09:17:00,2018-10-10
5351704,10710AB391B1058,10710AB391B1058,15,66000,TXG,228,2076,66000020016,2,AB391,2018-10-10 15:05:00,10710101505,臺中市東區東信里旱溪東路一段16號,0,1,111,112,120,50,137,148,163,172,176,181,188,192,196,201,211,215,218,244,24.1271893445881,120.702220424264,2020-02-04 11:18:43,2018-10-10 15:05:00,2018-10-10
5383156,10710AB591B1086,10710AB591B1086,15,66000,TXG,233,2395,66000080003,2,AB591,2018-10-10 20:58:00,10710102058,臺中市北屯區三光里北屯路192-3號,0,4,111,114,120,40,137,148,163,172,176,181,188,192,196,197,210,215,218,230,24.1874045538039,120.69960572871,2020-02-04 11:18:43,2018-10-10 20:58:00,2018-10-10
5381840,10710AB891B1061,10710AB891B1061,15,66000,TXG,245,2187,66000260004,2,AB891,2018-10-10 15:59:00,10710101559,臺中市霧峰區本鄉里中正路1031號,0,1,111,112,120,50,137,148,163,172,176,181,188,192,196,201,210,215,217,235,24.0672497681851,120.699022965706,2020-02-04 11:18:43,2018-10-10 15:59:00,2018-10-10
5280063,10710AB7M1B1088,10710AB7M1B1088,15,66000,TXG,239,0,66000170000,2,AB7M1,2018-10-10 21:29:00,10710102129,臺中市潭子區和平路和平路87巷,0,1,111,114,120,50,126,141,163,172,176,181,188,192,196,201,211,216,217,231,0.0,0.0,2020-02-04 11:18:43,2018-10-10 21:29:00,2018-10-10
5349341,10710ABD91B1026,10710ABD91B1026,15,66000,TXG,235,2473,66000100019,2,ABD91,2018-10-10 07:39:00,10710100739,臺中市東勢區粵寧里東蘭路70號8.0公尺處,0,2,111,112,120,50,137,149,163,172,176,181,188,192,196,200,211,216,217,234,24.3100244784166,120.785650418745,2020-02-04 11:18:43,2018-10-10 07:39:00,2018-10-10
5382607,10710AB795B1077,10710AB795B1077,15,66000,TXG,240,2090,66000180010,2,AB795,2018-10-10 18:10:00,10710101810,臺中市大雅區二和里雅潭路四段667號對面附近,0,2,111,114,120,50,137,149,163,172,176,181,188,192,196,197,210,215,217,235,24.2213004627196,120.65229803868,2020-02-04 11:18:43,2018-10-10 18:10:00,2018-10-10
5351061,10710AB795B1048,10710AB795B1048,15,66000,TXG,240,2089,66000180008,2,AB795,2018-10-10 12:38:00,10710101238,臺中市大雅區西寶里雅潭路三段與雅潭路三段412巷口附近,0,1,111,112,120,50,128,142,163,172,176,181,188,189,193,197,210,215,217,234,24.2171442117438,120.672951944048,2020-02-04 11:18:43,2018-10-10 12:38:00,2018-10-10
5351684,10710AB691B1055,10710AB691B1055,15,66000,TXG,232,2307,66000060022,2,AB691,2018-10-10 14:40:00,10710101440,臺中市西屯區何德里寧夏路85之3號,0,1,111,112,120,50,127,142,163,172,176,181,188,192,196,201,210,215,218,234,24.1658742633309,120.661855428426,2020-02-04 11:18:43,2018-10-10 14:40:00,2018-10-10
5350448,10710AB996B1041,10710AB996B1041,15,66000,TXG,244,0,66000240000,2,AB996,2018-10-10 10:58:00,10710101058,臺中市大肚區向上路五段中蔗路,0,1,111,112,120,40,126,141,163,172,176,181,188,189,193,206,211,216,218,230,24.1683873613524,120.582597591181,2020-02-04 11:18:43,2018-10-10 10:58:00,2018-10-10
5351105,10710ABC91B1051,10710ABC91B1051,15,66000,TXG,246,2225,66000270028,2,ABC91,2018-10-10 13:39:00,10710101339,臺中市太平區新高里中山路四段環中東路三段,0,1,111,112,120,50,127,141,163,172,176,181,188,189,193,197,210,216,218,234,24.1493050232989,120.71432973181,2020-02-04 11:18:43,2018-10-10 13:39:00,2018-10-10
5280071,10710AB291B1089,10710AB291B1089,15,66000,TXG,231,2360,66000050018,2,AB291,2018-10-10 21:48:00,10710102148,臺中市北區淡溝里英才路民權路,0,1,111,114,120,50,127,141,163,172,176,181,188,189,193,206,211,216,218,234,24.155717776258,120.670495266923,2020-02-04 11:18:43,2018-10-10 21:48:00,2018-10-10
5382585,10710AB795B1073,10710AB795B1073,15,66000,TXG,240,2082,66000180001,2,AB795,2018-10-10 17:53:00,10710101753,臺中市大雅區大雅里中清路三段1059號,0,1,111,114,120,50,137,149,163,172,176,181,188,192,196,197,210,216,217,231,24.2123849394518,120.649951674371,2020-02-04 11:18:43,2018-10-10 17:53:00,2018-10-10
5349975,10710ABD91B1034,10710ABD91B1034,15,66000,TXG,235,0,66000100000,2,ABD91,2018-10-10 10:08:00,10710101008,臺中市東勢區豐勢路454號,0,1,111,112,120,70,127,141,163,172,176,181,188,189,193,204,209,215,217,234,24.2561047055564,120.828795055975,2020-02-04 11:18:43,2018-10-10 10:08:00,2018-10-10
5382589,10710AB391B1075,10710AB391B1075,15,66000,TXG,228,2072,66000020012,2,AB391,2018-10-10 17:57:00,10710101757,臺中市東區東勢里進德北路精武路,0,1,111,114,120,50,128,141,163,172,176,181,188,189,193,206,211,216,218,235,24.1479713461327,120.692468178874,2020-02-04 11:18:43,2018-10-10 17:57:00,2018-10-10
5382590,10710AB191B1074,10710AB191B1074,15,66000,TXG,230,2304,66000040008,2,AB191,2018-10-10 17:57:00,10710101757,臺中市西區藍興里五權路地下道慢車道附近,0,2,111,114,120,40,137,148,163,172,176,181,188,192,196,201,211,212,218,220,0.0,0.0,2020-02-04 11:18:43,2018-10-10 17:57:00,2018-10-10
5350416,10710AB691B1038,10710AB691B1038,15,66000,TXG,232,2372,66000060020,2,AB691,2018-10-10 10:25:00,10710101025,臺中市西屯區協和里朝馬路10470燈桿附近,0,1,111,112,120,50,137,149,163,172,176,181,188,192,196,201,210,216,218,234,24.1716484340927,120.628753046469,2020-02-04 11:18:43,2018-10-10 10:25:00,2018-10-10
5350464,10710AB9X1B1043,10710AB9X1B1043,15,66000,TXG,244,0,66000240000,2,AB9X1,2018-10-10 11:28:00,10710101128,臺中市大肚區遊園路二段133巷遊園路二段133巷1弄口附近,0,1,111,112,120,40,126,142,163,172,176,181,188,192,196,206,211,216,218,230,0.0,0.0,2020-02-04 11:18:43,2018-10-10 11:28:00,2018-10-10
5280113,10710AB391B1092,10710AB391B1092,15,66000,TXG,229,2283,66000030009,2,AB391,2018-10-10 23:35:00,10710102335,臺中市南區福平里美村路光輝街,0,1,111,114,120,50,127,141,163,172,176,181,188,190,193,201,210,215,218,230,24.128737918444,120.662103287331,2020-02-04 11:18:43,2018-10-10 23:35:00,2018-10-10
5383073,10710AB291B1079,10710AB291B1079,15,66000,TXG,231,2361,66000050019,2,AB291,2018-10-10 18:50:00,10710101850,臺中市北區中達里英才路276號,0,2,111,112,120,50,137,147,163,172,176,181,188,192,196,205,211,215,218,235,24.1557267097919,120.671686165719,2020-02-04 11:18:43,2018-10-10 18:50:00,2018-10-10
5382597,10710ABC91B1076,10710ABC91B1076,15,66000,TXG,246,2226,66000270029,2,ABC91,2018-10-10 18:01:00,10710101801,臺中市太平區新吉里中山路三段新平路三段,0,2,111,114,120,50,127,141,163,172,176,181,188,190,193,206,211,216,218,220,24.1488889429821,120.718798059817,2020-02-04 11:18:43,2018-10-10 18:01:00,2018-10-10
5350415,10710AB191B1037,10710AB191B1037,15,66000,TXG,230,2301,66000040005,2,AB191,2018-10-10 10:25:00,10710101025,臺中市西區廣民里民生路79-1號,0,2,111,112,120,50,137,149,163,172,176,181,188,192,196,206,210,216,218,230,24.140030106242,120.674288720626,2020-02-04 11:18:43,2018-10-10 10:25:00,2018-10-10
5381875,10710AB691B1063,10710AB691B1063,15,66000,TXG,232,2001,66000060002,2,AB691,2018-10-10 16:40:00,10710101640,臺中市西屯區西墩里西屯路三段80號,0,2,111,112,120,50,137,149,163,172,176,181,188,192,196,201,211,216,218,231,24.1833852092594,120.630467936533,2020-02-04 11:18:43,2018-10-10 16:40:00,2018-10-10
5350491,10710ABB93B1045,10710ABB93B1045,15,66000,TXG,237,2546,66000150001,2,ABB93,2018-10-10 11:57:00,10710101157,臺中市后里區廣福里三豐路三段后豐大橋(北上)第二支路燈附近,0,1,111,115,123,60,131,149,163,172,176,181,188,189,193,198,210,215,217,231,24.3076057616573,120.721988280296,2020-02-04 11:18:43,2018-10-10 11:57:00,2018-10-10
5383115,10710AB691B1083,10710AB691B1083,15,66000,TXG,232,2314,66000060029,2,AB691,2018-10-10 19:54:00,10710101954,臺中市西屯區逢福里河南路二段242號,0,1,111,114,120,50,126,141,163,172,176,181,188,192,196,206,211,216,218,232,24.1744964735507,120.660022407275,2020-02-04 11:18:43,2018-10-10 19:54:00,2018-10-10