識別碼,案件編號,交通事故主表,縣市識別碼,縣市代碼,所屬縣市簡碼,鄉縣市區識別碼,村里識別碼,里代碼,事故類(A1、A2...An),處理單位代碼,案件時間(西元),案件時間(民國),發生地點,死亡人數,受傷人數(含2~30日內死亡),天氣識別碼,光線識別碼,道路類別識別碼,速限,道路型態識別碼,事故位置識別碼,路面鋪裝識別碼,路面狀態識別碼,路面缺陷識別碼,障礙物視距識別碼,視距識別碼,號誌種類識別碼,號誌動作識別碼,車道劃分設施-分向設施識別碼,快車道或一般車道間識別碼,快慢車道間識別碼,路面邊線識別碼,事故類型及型態識別碼,緯度,經度,本平台資料更新時間(yyyy-MM-dd HH:mm:ss),資料代表時間(yyyy-MM-dd HH:mm:ss),資料代表日期(yyyy-MM-dd)
5282662,10710AB795B1127,10710AB795B1127,15,66000,TXG,240,2088,66000180007,2,AB795,2018-10-11 10:21:00,10710111021,臺中市大雅區三和里港尾路90號,0,1,111,112,120,40,137,149,163,172,176,181,188,192,196,201,211,216,217,235,24.2111173222747,120.665906347866,2020-02-04 11:18:43,2018-10-11 10:21:00,2018-10-11
5136140,10710AB591B1191,10710AB591B1191,15,66000,TXG,233,2407,66000080035,2,AB591,2018-10-11 21:45:00,10710112145,臺中市北屯區平心里文心路四段727號,0,2,111,114,120,50,137,149,163,172,176,181,188,192,196,197,210,216,218,231,24.1717627050301,120.689595648912,2020-02-04 11:18:43,2018-10-11 21:45:00,2018-10-11
5333901,10710AB691B1141,10710AB691B1141,15,66000,TXG,232,2315,66000060030,2,AB691,2018-10-11 11:42:00,10710111142,臺中市西屯區何明里漢口路二段西屯路二段,0,1,111,112,120,40,127,141,163,172,176,181,188,190,193,206,211,216,218,231,0.0,0.0,2020-02-04 11:18:43,2018-10-11 11:42:00,2018-10-11
5280945,10710ABA95B1099,10710ABA95B1099,15,66000,TXG,236,2513,66000130001,2,ABA95,2018-10-11 07:27:00,10710110727,臺中市沙鹿區居仁里臺灣大道路七段光華路,0,1,111,112,120,50,127,141,163,172,176,181,188,189,193,206,211,216,218,234,0.0,0.0,2020-02-04 11:18:43,2018-10-11 07:27:00,2018-10-11
5336611,10710AB291B1197,10710AB291B1197,15,66000,TXG,231,2344,66000050002,2,AB291,2018-10-11 22:52:00,10710112252,臺中市北區文莊里中清路一段79號,0,1,111,112,120,50,137,148,163,172,176,181,188,192,196,197,210,215,218,235,24.1545294842534,120.677226340048,2020-02-04 11:18:43,2018-10-11 22:52:00,2018-10-11
5281718,10710AB391B1114,10710AB391B1114,15,66000,TXG,229,2280,66000030006,2,AB391,2018-10-11 08:51:00,10710110851,臺中市南區江川里復興園路02291號燈桿附近,0,1,111,112,120,50,137,147,163,172,176,181,188,192,196,197,211,215,218,234,24.126431092651,120.671561786976,2020-02-04 11:18:43,2018-10-11 08:51:00,2018-10-11
5136168,10710AB391B1195,10710AB391B1195,15,66000,TXG,229,2246,66000030003,2,AB391,2018-10-11 22:13:00,10710112213,臺中市南區南門里明德街37號,0,2,111,114,120,50,126,141,163,172,176,181,188,192,196,206,211,216,218,221,24.121758215594,120.684395558411,2020-02-04 11:18:43,2018-10-11 22:13:00,2018-10-11
5282635,10710ABC91B1121,10710ABC91B1121,15,66000,TXG,246,2212,66000270013,2,ABC91,2018-10-11 09:54:00,10710110954,臺中市太平區新福里旱溪西路二段與新光橋(口)附近,0,1,111,112,120,50,127,142,163,172,176,181,188,190,193,200,210,215,218,231,24.154446426746,120.702437552878,2020-02-04 11:18:43,2018-10-11 09:54:00,2018-10-11
5333909,10710AB291B1142,10710AB291B1142,15,66000,TXG,231,2359,66000050017,2,AB291,2018-10-11 11:48:00,10710111148,臺中市北區育德里健行路581號,0,2,111,112,120,50,137,152,163,172,176,181,188,189,193,201,210,215,218,230,24.1590286809241,120.686417083238,2020-02-04 11:18:43,2018-10-11 11:48:00,2018-10-11
5135032,10710ABA94B1166,10710ABA94B1166,15,66000,TXG,312,2541,66000140010,2,ABA94,2018-10-11 16:50:00,10710111650,臺中市梧棲區大庄里港埠路一段文昌路,0,1,111,112,120,50,127,141,163,172,176,181,188,190,193,206,211,216,218,234,24.2463864500731,120.534553723709,2020-02-04 11:18:43,2018-10-11 16:50:00,2018-10-11
5133829,10710AB391B1149,10710AB391B1149,15,66000,TXG,229,2283,66000030009,2,AB391,2018-10-11 13:31:00,10710111331,臺中市南區福平里美村路二段106巷23號,0,1,111,112,120,40,127,141,163,172,176,181,188,192,196,206,211,216,218,233,24.1308416498544,120.661846407339,2020-02-04 11:18:43,2018-10-11 13:31:00,2018-10-11
5136120,10710AB7X1B1189,10710AB7X1B1189,15,66000,TXG,234,2454,66000090036,2,AB7X1,2018-10-11 21:10:00,10710112110,臺中市豐原區朴子里朴子街460號,0,1,110,114,120,40,126,149,163,172,176,181,188,192,196,206,211,216,218,235,24.2736391007759,120.738802041911,2020-02-04 11:18:43,2018-10-11 21:10:00,2018-10-11
5134552,10710AB996B1158,10710AB996B1158,15,66000,TXG,288,0,66000250000,2,AB996,2018-10-11 15:43:00,10710111543,臺中市龍井區遊園南路100巷口附近,0,1,111,112,120,50,127,141,163,172,176,181,188,189,193,206,211,216,218,235,24.1801066739299,120.583395685462,2020-02-04 11:18:43,2018-10-11 15:43:00,2018-10-11
5280120,10710AB691B1093,10710AB691B1093,15,66000,TXG,232,2002,66000060003,2,AB691,2018-10-11 00:15:00,10710110015,臺中市西屯區潮洋里環中路三段10744燈桿前附近,0,2,111,114,120,40,137,148,163,172,176,181,188,192,196,197,210,212,218,245,24.1605166565117,120.627900201236,2020-02-04 11:18:43,2018-10-11 00:15:00,2018-10-11
5280141,10710A2IU1B0001,10710A2IU1B0001,15,66000,TXG,311,0,66000120000,2,A2IU1,2018-10-11 04:55:00,10710110455,臺中市清水區梧棲漁港圓環前附近,0,1,111,115,120,50,139,162,163,172,176,181,188,191,193,206,210,216,218,241,0.0,0.0,2020-02-04 11:18:43,2018-10-11 04:55:00,2018-10-11
5281719,10710ABA95B1115,10710ABA95B1115,15,66000,TXG,236,2525,66000130013,2,ABA95,2018-10-11 08:54:00,10710110854,臺中市沙鹿區晉江里臺灣大道路七段259號,0,1,111,112,120,60,126,141,163,172,176,181,188,190,193,197,210,212,217,234,0.0,0.0,2020-02-04 11:18:43,2018-10-11 08:54:00,2018-10-11
5333888,10710ABB91B1140,10710ABB91B1140,15,66000,TXG,287,2132,66000220005,2,ABB91,2018-10-11 11:30:00,10710111130,臺中市大安區福興里興安路興安路265巷,0,1,111,112,120,50,126,142,163,172,176,178,188,192,196,201,211,216,217,247,0.0,0.0,2020-02-04 11:18:43,2018-10-11 11:30:00,2018-10-11
5135807,10710AB891B1178,10710AB891B1178,15,66000,TXG,247,2248,66000280007,2,AB891,2018-10-11 18:40:00,10710111840,臺中市大里區西榮里新仁路三段﹑西榮路附近,0,1,110,114,120,40,127,141,163,172,176,181,188,192,196,206,211,216,218,231,24.1149833887443,120.686162519142,2020-02-04 11:18:43,2018-10-11 18:40:00,2018-10-11
5333924,10710AB391B1143,10710AB391B1143,15,66000,TXG,229,2279,66000030005,2,AB391,2018-10-11 12:08:00,10710111208,臺中市南區積善里興大路忠明南路,0,1,111,112,120,50,127,141,163,172,176,181,188,189,193,206,211,216,218,234,24.1191247860418,120.671808915469,2020-02-04 11:18:43,2018-10-11 12:08:00,2018-10-11
5282620,10710AB591B1120,10710AB591B1120,15,66000,TXG,233,2411,66000080039,2,AB591,2018-10-11 09:40:00,10710110940,臺中市北屯區平興里興安路二段59號,0,1,111,112,120,50,127,142,163,172,176,181,188,189,193,206,211,216,218,234,24.1774322921087,120.696500220894,2020-02-04 11:18:43,2018-10-11 09:40:00,2018-10-11
5280918,10710AB691B1098,10710AB691B1098,15,66000,TXG,232,2000,66000060001,2,AB691,2018-10-11 07:09:00,10710110709,臺中市西屯區西安里青海路二段350號,0,1,111,112,120,50,137,148,163,172,176,181,188,192,196,197,210,215,218,247,24.1751437545636,120.638753387011,2020-02-04 11:18:43,2018-10-11 07:09:00,2018-10-11
5134569,10710AB191B1161,10710AB191B1161,15,66000,TXG,230,2335,66000040018,2,AB191,2018-10-11 16:00:00,10710111600,臺中市西區土庫里五權一街五權西五街,0,1,111,114,120,50,127,141,163,172,176,181,188,192,196,201,211,216,218,234,24.1392708744991,120.660186460408,2020-02-04 11:18:43,2018-10-11 16:00:00,2018-10-11
5135818,10710AB491B1179,10710AB491B1179,15,66000,TXG,13,2388,66000070020,2,AB491,2018-10-11 18:48:00,10710111848,臺中市南屯區大興里大墩一街東興西街,0,1,111,112,120,50,127,141,163,172,176,181,188,192,196,206,211,216,218,233,24.137862064348,120.652062994187,2020-02-04 11:18:43,2018-10-11 18:48:00,2018-10-11
5135057,10710AB291B1169,10710AB291B1169,15,66000,TXG,231,2359,66000050017,2,AB291,2018-10-11 17:13:00,10710111713,臺中市北區育德里健行路大德街,0,2,111,112,120,50,127,141,163,172,176,181,188,190,193,206,211,216,218,234,24.1591483755786,120.678713421869,2020-02-04 11:18:43,2018-10-11 17:13:00,2018-10-11
5281645,10710AB591B1104,10710AB591B1104,15,66000,TXG,233,2395,66000080003,2,AB591,2018-10-11 08:00:00,10710110800,臺中市北屯區三光里北屯路文心路四段,0,2,111,112,120,40,137,148,163,172,176,181,188,192,196,199,208,215,218,231,24.17041962294,120.697699438015,2020-02-04 11:18:43,2018-10-11 08:00:00,2018-10-11
5135071,10710AB691B1171,10710AB691B1171,15,66000,TXG,232,2310,66000060025,2,AB691,2018-10-11 17:22:00,10710111722,臺中市西屯區何南里東興路三段299號,0,1,111,112,120,50,127,142,163,172,176,181,188,190,193,206,211,216,218,234,24.1559259476775,120.653972464717,2020-02-04 11:18:43,2018-10-11 17:22:00,2018-10-11
5136113,10710AB795B1188,10710AB795B1188,15,66000,TXG,240,2092,66000180012,2,AB795,2018-10-11 20:58:00,10710112058,臺中市大雅區上雅里雅環路二段大榮街,0,1,111,115,120,50,128,141,163,172,176,181,188,190,193,201,211,216,217,230,24.2253676462497,120.653420669165,2020-02-04 11:18:43,2018-10-11 20:58:00,2018-10-11
5333122,10710AB795B1135,10710AB795B1135,15,66000,TXG,240,2083,66000180002,2,AB795,2018-10-11 11:03:00,10710111103,臺中市大雅區員林里大林路174號旁號,0,1,111,112,120,50,134,148,163,172,176,181,188,192,196,205,210,216,217,230,24.2440071456979,120.650572263965,2020-02-04 11:18:43,2018-10-11 11:03:00,2018-10-11
5133842,10710AB491B1152,10710AB491B1152,15,66000,TXG,13,2385,66000070017,2,AB491,2018-10-11 13:55:00,10710111355,臺中市南屯區同心里五權西路二段300號,0,2,111,112,120,50,137,147,163,172,176,181,188,192,196,197,210,215,218,229,24.1400751027788,120.647992651403,2020-02-04 11:18:43,2018-10-11 13:55:00,2018-10-11
5136127,10710ABC91B1190,10710ABC91B1190,15,66000,TXG,246,2208,66000270009,2,ABC91,2018-10-11 21:20:00,10710112120,臺中市太平區坪林里中山路二段與大興路口附近,0,1,111,114,120,50,126,141,163,172,176,181,188,189,193,206,211,216,218,234,24.1505129573838,120.733180914248,2020-02-04 11:18:43,2018-10-11 21:20:00,2018-10-11
5135785,10710AB291B1176,10710AB291B1176,15,66000,TXG,231,1992,66000050029,2,AB291,2018-10-11 18:23:00,10710111823,臺中市北區錦平里中華路太平路,0,1,111,114,120,50,127,141,163,172,176,181,188,189,193,206,211,216,218,235,24.1491936501679,120.680903135995,2020-02-04 11:18:43,2018-10-11 18:23:00,2018-10-11
5282607,10710AB291B1118,10710AB291B1118,15,66000,TXG,231,2363,66000050021,2,AB291,2018-10-11 09:30:00,10710110930,臺中市北區健行里忠明路502號,0,2,111,112,120,40,137,148,163,172,176,181,188,192,196,197,210,215,218,225,24.1625651787701,120.674531782892,2020-02-04 11:18:43,2018-10-11 09:30:00,2018-10-11
5135052,10710AB795B1168,10710AB795B1168,15,66000,TXG,240,2087,66000180006,2,AB795,2018-10-11 17:10:00,10710111710,臺中市大雅區橫山里東大路二段1099巷口弄,0,1,111,112,120,40,126,148,163,172,176,181,188,192,196,205,211,216,218,235,24.2359594738446,120.613937581267,2020-02-04 11:18:43,2018-10-11 17:10:00,2018-10-11
5136157,10710ABB91B1194,10710ABB91B1194,15,66000,TXG,286,2488,66000110009,2,ABB91,2018-10-11 22:00:00,10710112200,臺中市大甲區中山里水源路甲東路452巷70弄,0,1,111,114,120,50,126,141,163,172,176,181,188,191,193,206,211,216,218,230,24.3403715540804,120.626707454529,2020-02-04 11:18:43,2018-10-11 22:00:00,2018-10-11
5333101,10710AB391B1133,10710AB391B1133,15,66000,TXG,229,2286,66000030012,2,AB391,2018-10-11 10:48:00,10710111048,臺中市南區樹義里大慶街一段261號,0,1,111,112,120,40,126,147,163,172,176,181,188,192,196,206,211,215,218,235,24.113850459976,120.660312423893,2020-02-04 11:18:43,2018-10-11 10:48:00,2018-10-11
5135866,10710AB391B1186,10710AB391B1186,15,66000,TXG,229,2295,66000030021,2,AB391,2018-10-11 19:44:00,10710111944,臺中市南區工學里文心南路文心南十路,0,1,111,114,120,50,126,141,163,172,176,181,188,192,196,197,210,215,218,234,24.1157196440934,120.654926569775,2020-02-04 11:18:43,2018-10-11 19:44:00,2018-10-11
5282648,10710AB691B1123,10710AB691B1123,15,66000,TXG,232,2307,66000060022,2,AB691,2018-10-11 10:02:00,10710111002,臺中市西屯區何德里寧夏路成都路,0,1,110,112,120,50,127,141,163,172,176,181,188,190,193,206,211,216,218,234,24.1666414063112,120.661422972613,2020-02-04 11:18:43,2018-10-11 10:02:00,2018-10-11
5133851,10710ABD91B1153,10710ABD91B1153,15,66000,TXG,235,2458,66000100004,2,ABD91,2018-10-11 14:13:00,10710111413,臺中市東勢區南平里第三橫街20巷路燈-10336附近附近,0,1,111,112,120,50,137,149,163,172,176,179,188,192,196,205,210,216,217,235,24.2553450788699,120.827291873377,2020-02-04 11:18:43,2018-10-11 14:13:00,2018-10-11
5281646,10710AB793B1105,10710AB793B1105,15,66000,TXG,239,2564,66000170004,2,AB793,2018-10-11 08:00:00,10710110800,臺中市潭子區福仁里環中東路一段福貴路,0,2,111,112,120,50,126,142,163,172,176,181,188,189,193,206,211,216,218,230,24.2007812596624,120.709667178652,2020-02-04 11:18:43,2018-10-11 08:00:00,2018-10-11
5333889,10710AB691B1139,10710AB691B1139,15,66000,TXG,232,2309,66000060024,2,AB691,2018-10-11 11:30:00,10710111130,臺中市西屯區西平里西安街277巷與西安街277巷4弄口附近,0,1,111,112,120,40,127,141,163,172,176,181,188,192,196,206,211,216,218,233,24.1813659654805,120.64090120832,2020-02-04 11:18:43,2018-10-11 11:30:00,2018-10-11
5135861,10710ABC91B1185,10710ABC91B1185,15,66000,TXG,246,2218,66000270021,2,ABC91,2018-10-11 19:40:00,10710111940,臺中市太平區永平里中興東路永平路,0,1,111,114,120,50,127,141,163,172,176,181,188,190,193,206,211,216,218,221,24.1305269304205,120.720796118578,2020-02-04 11:18:43,2018-10-11 19:40:00,2018-10-11
5133813,10710AB791B1147,10710AB791B1147,15,66000,TXG,234,2427,66000090013,2,AB791,2018-10-11 13:15:00,10710111315,臺中市豐原區大湳里大勇街大勇街18巷,0,1,111,112,120,40,126,142,163,172,176,181,188,192,196,206,211,216,218,234,24.2573870840352,120.720145539469,2020-02-04 11:18:43,2018-10-11 13:15:00,2018-10-11
5281684,10710AB795B1111,10710AB795B1111,15,66000,TXG,240,2084,66000180003,2,AB795,2018-10-11 08:22:00,10710110822,臺中市大雅區六寶里中清路四段717號,0,2,111,112,120,50,137,148,163,172,176,181,188,192,196,199,210,215,217,234,24.2385553491623,120.632643342111,2020-02-04 11:18:43,2018-10-11 08:22:00,2018-10-11
5281713,10710AB591B1112,10710AB591B1112,15,66000,TXG,233,2395,66000080003,2,AB591,2018-10-11 08:47:00,10710110847,臺中市北屯區三光里昌平路一段30-4號,0,1,111,112,120,50,127,141,163,172,176,181,188,192,196,206,211,216,218,221,24.1662900376065,120.69413860102,2020-02-04 11:18:43,2018-10-11 08:47:00,2018-10-11
5136141,10710AB591B1192,10710AB591B1192,15,66000,TXG,233,2413,66000080041,2,AB591,2018-10-11 21:46:00,10710112146,臺中市北屯區三和里東光路東光路884巷,0,1,111,114,120,50,128,141,163,172,176,181,188,192,196,206,211,216,218,231,24.1691255619301,120.700822283425,2020-02-04 11:18:43,2018-10-11 21:46:00,2018-10-11
5280966,10710ABA93B1100,10710ABA93B1100,15,66000,TXG,311,214,66000120013,2,ABA93,2018-10-11 07:38:00,10710110738,臺中市清水區秀水里中清路九段312號,0,1,111,112,120,40,127,141,163,172,176,181,188,191,193,197,210,212,217,233,24.2726358411647,120.56095281656,2020-02-04 11:18:43,2018-10-11 07:38:00,2018-10-11
5281729,10710AB391B1116,10710AB391B1116,15,66000,TXG,229,2292,66000030018,2,AB391,2018-10-11 09:07:00,10710110907,臺中市南區平和里美村路二段五權南路,0,2,111,112,120,40,127,141,163,172,176,181,188,189,193,206,211,216,218,233,24.1223355246328,120.670088908409,2020-02-04 11:18:43,2018-10-11 09:07:00,2018-10-11
5135065,10710AB591B1170,10710AB591B1170,15,66000,TXG,233,2402,66000080010,2,AB591,2018-10-11 17:19:00,10710111719,臺中市北屯區和平里和福路軍福十五路,0,1,111,114,120,50,127,141,163,172,176,181,188,191,193,206,211,216,218,233,24.1740533125852,120.723555708459,2020-02-04 11:18:43,2018-10-11 17:19:00,2018-10-11
5280143,10710AB995B1094,10710AB995B1094,15,66000,TXG,288,2170,66000250002,2,AB995,2018-10-11 05:43:00,10710110543,臺中市龍井區龍東里龍門路龍門路43巷,0,1,111,112,120,40,127,141,163,172,176,181,188,192,196,206,211,216,218,234,24.1813076136867,120.529681865389,2020-02-04 11:18:43,2018-10-11 05:43:00,2018-10-11
5134605,10710ABA94B1165,10710ABA94B1165,15,66000,TXG,312,2543,66000140012,2,ABA94,2018-10-11 16:49:00,10710111649,臺中市梧棲區興農里中華路一段886號,0,1,111,112,120,70,126,141,163,172,176,181,188,192,196,206,211,216,218,234,24.2366119655846,120.548843561703,2020-02-04 11:18:43,2018-10-11 16:49:00,2018-10-11
5282611,10710A24WZB0058,10710A24WZB0058,15,66000,TXG,232,0,66000060000,2,A24WZ,2018-10-11 09:30:00,10710110930,臺中市西屯區國道1號174.0公里東側側,0,1,111,112,116,40,137,153,163,172,175,181,188,192,196,197,209,216,217,236,0.0,0.0,2020-02-04 11:18:43,2018-10-11 09:30:00,2018-10-11
5072379,10710AB691B1246,10710AB691B1246,15,66000,TXG,232,2324,66000060039,2,AB691,2018-10-12 13:28:00,10710121328,臺中市西屯區福雅里福順路永福路,0,1,111,112,120,50,127,141,163,172,176,181,188,189,193,205,210,215,218,221,24.1827239961773,120.619903665794,2020-02-04 11:18:43,2018-10-12 13:28:00,2018-10-12
5206600,10710AB591B1292,10710AB591B1292,15,66000,TXG,233,2402,66000080010,2,AB591,2018-10-12 19:36:00,10710121936,臺中市北屯區和平里東山路一段377-12號,0,1,111,114,120,50,137,149,163,172,176,181,188,192,196,201,210,216,218,234,24.1698598942413,120.702252112179,2020-02-04 11:18:43,2018-10-12 19:36:00,2018-10-12
5205604,10710ABA93B1284,10710ABA93B1284,15,66000,TXG,311,188,66000120005,2,ABA93,2018-10-12 19:00:00,10710121900,臺中市清水區南寧里中山路199之1號,0,1,110,114,120,40,137,148,163,172,176,181,188,192,196,197,210,215,218,235,0.0,0.0,2020-02-04 11:18:43,2018-10-12 19:00:00,2018-10-12
5071515,10710AB291B1235,10710AB291B1235,15,66000,TXG,231,2346,66000050004,2,AB291,2018-10-12 11:02:00,10710121102,臺中市北區新興里精武路雙十路一段附近,0,1,111,112,120,50,127,141,163,172,176,181,188,189,193,197,210,215,218,230,24.1461254642527,120.686116041687,2020-02-04 11:18:43,2018-10-12 11:02:00,2018-10-12
5205329,10710AB795B1265,10710AB795B1265,15,66000,TXG,240,2089,66000180008,2,AB795,2018-10-12 17:15:00,10710121715,臺中市大雅區西寶里雅潭路三段民族街,0,1,111,113,120,50,128,141,163,172,176,181,188,189,193,206,210,216,217,236,24.2156976352076,120.671810062345,2020-02-04 11:18:43,2018-10-12 17:15:00,2018-10-12
5206601,10710ABA93B1293,10710ABA93B1293,15,66000,TXG,311,2508,66000120028,2,ABA93,2018-10-12 19:42:00,10710121942,臺中市清水區下湳里中山路中華路,0,1,111,114,120,50,126,142,163,172,176,181,188,192,196,197,209,215,218,235,0.0,0.0,2020-02-04 11:18:43,2018-10-12 19:42:00,2018-10-12
5204676,10710AB591B1249,10710AB591B1249,15,66000,TXG,233,2407,66000080035,2,AB591,2018-10-12 15:00:00,10710121500,臺中市北屯區平心里瀋陽路三段熱河路二段,0,1,111,112,120,50,127,147,163,172,176,181,188,190,193,201,210,215,218,234,24.173099542146,120.687851191178,2020-02-04 11:18:43,2018-10-12 15:00:00,2018-10-12
5205574,10710AB191B1278,10710AB191B1278,15,66000,TXG,230,2556,66000040011,2,AB191,2018-10-12 18:31:00,10710121831,臺中市西區民龍里臺灣大道二段臺灣大道2段311巷附近,0,1,110,114,120,40,127,141,163,172,176,181,188,189,193,206,211,216,218,230,24.1537294957998,120.665501425057,2020-02-04 11:18:43,2018-10-12 18:31:00,2018-10-12
5206636,10710AB291B1298,10710AB291B1298,15,66000,TXG,231,1996,66000050033,2,AB291,2018-10-12 20:33:00,10710122033,臺中市北區明新里中清路一段忠明路,0,2,111,114,120,50,127,141,163,172,176,181,188,189,193,206,211,216,218,231,24.1628686091579,120.674531471526,2020-02-04 11:18:43,2018-10-12 20:33:00,2018-10-12
5072337,10710AB996B1243,10710AB996B1243,15,66000,TXG,288,2181,66000250013,2,AB996,2018-10-12 12:34:00,10710121234,臺中市龍井區新庄里向上路六段南新路,0,3,111,112,120,60,127,141,163,172,176,181,188,190,193,206,211,216,218,247,24.1811864447647,120.574494981507,2020-02-04 11:18:43,2018-10-12 12:34:00,2018-10-12
5337452,10710ABA93B1211,10710ABA93B1211,15,66000,TXG,311,188,66000120005,2,ABA93,2018-10-12 07:33:00,10710120733,臺中市清水區南寧里中山路近中山路239巷口附近,0,1,110,112,120,40,137,148,163,171,176,181,188,192,196,197,210,215,218,234,24.2819558694084,120.581354522943,2020-02-04 11:18:43,2018-10-12 07:33:00,2018-10-12
5071534,10710AB491B1239,10710AB491B1239,15,66000,TXG,13,0,66000070000,2,AB491,2018-10-12 11:30:00,10710121130,臺中市南屯區龍富路龍富十五路,0,1,111,112,120,50,127,149,163,172,176,181,188,189,193,206,211,216,218,235,24.1430010553472,120.625895445281,2020-02-04 11:18:43,2018-10-12 11:30:00,2018-10-12
5204730,10710AB591B1255,10710AB591B1255,15,66000,TXG,233,2022,66000080023,2,AB591,2018-10-12 16:09:00,10710121609,臺中市北屯區水湳里華美西街二段華美西街二段433巷,0,2,111,112,120,40,126,141,163,172,176,181,188,192,196,206,211,216,218,234,0.0,0.0,2020-02-04 11:18:43,2018-10-12 16:09:00,2018-10-12
5207351,10710AB391B1303,10710AB391B1303,15,66000,TXG,228,2076,66000020016,2,AB391,2018-10-12 22:29:00,10710122229,臺中市東區東信里振興路270號,0,1,111,114,120,50,137,148,163,172,176,181,188,192,196,201,208,215,218,235,24.1318495442671,120.701069599811,2020-02-04 11:18:43,2018-10-12 22:29:00,2018-10-12
5070813,10710AB191B1217,10710AB191B1217,15,66000,TXG,227,2054,66000010002,2,AB191,2018-10-12 07:55:00,10710120755,臺中市中區大墩里三民路與民權路附近,0,1,111,113,120,50,127,141,163,172,176,181,188,190,193,206,211,216,218,230,0.0,0.0,2020-02-04 11:18:43,2018-10-12 07:55:00,2018-10-12
5204685,10710ABC91B1250,10710ABC91B1250,15,66000,TXG,246,2200,66000270001,2,ABC91,2018-10-12 15:22:00,10710121522,臺中市太平區太平里永豐路永成路,0,1,111,112,120,50,127,141,163,172,176,181,188,190,193,206,211,216,218,234,24.1171268985274,120.706108052225,2020-02-04 11:18:43,2018-10-12 15:22:00,2018-10-12
5205392,10710AB191B1271,10710AB191B1271,15,66000,TXG,230,2556,66000040011,2,AB191,2018-10-12 17:50:00,10710121750,臺中市西區民龍里公益路模範街,0,1,111,114,120,50,126,141,163,172,176,181,188,189,193,206,211,216,218,233,24.1508786877396,120.666620790972,2020-02-04 11:18:43,2018-10-12 17:50:00,2018-10-12
5337415,10710AB591B1208,10710AB591B1208,15,66000,TXG,233,2400,66000080008,2,AB591,2018-10-12 07:00:00,10710120700,臺中市北屯區水景里旱溪東路景賢路附近,0,1,109,112,120,50,126,147,163,171,176,181,188,189,193,206,211,216,218,235,24.1672317423446,120.706672542961,2020-02-04 11:18:43,2018-10-12 07:00:00,2018-10-12
5204705,10710AB191B1252,10710AB191B1252,15,66000,TXG,230,2297,66000040001,2,AB191,2018-10-12 15:45:00,10710121545,臺中市西區民生里市府路8號,0,2,110,112,120,50,137,149,163,172,176,181,188,192,196,206,210,216,218,230,24.138075041702,120.678577847675,2020-02-04 11:18:43,2018-10-12 15:45:00,2018-10-12
5204738,10710ABA94B1257,10710ABA94B1257,15,66000,TXG,312,2545,66000140014,2,ABA94,2018-10-12 16:15:00,10710121615,臺中市梧棲區永安里永興路一段近永興路一段39巷附近,0,1,111,112,120,40,126,142,163,172,176,181,188,192,196,206,211,216,218,234,24.2251949311212,120.534298264703,2020-02-04 11:18:43,2018-10-12 16:15:00,2018-10-12
5072344,10710AB691B1244,10710AB691B1244,15,66000,TXG,232,2368,66000060016,2,AB691,2018-10-12 12:45:00,10710121245,臺中市西屯區廣福里廣福路326號,0,1,111,112,120,50,137,147,163,172,176,181,188,192,196,205,210,215,218,236,24.2025081017454,120.644405716166,2020-02-04 11:18:43,2018-10-12 12:45:00,2018-10-12
5204756,10710AB993B1259,10710AB993B1259,15,66000,TXG,14,2147,66000230009,2,AB993,2018-10-12 16:35:00,10710121635,臺中市烏日區五光里五光路﹑五光路復光二巷口附近,0,1,111,112,120,50,126,141,163,172,176,181,188,192,196,201,210,216,217,230,24.0931898500787,120.64726112883,2020-02-04 11:18:43,2018-10-12 16:35:00,2018-10-12
5204764,10710AB691B1260,10710AB691B1260,15,66000,TXG,232,0,66000060000,2,AB691,2018-10-12 16:41:00,10710121641,臺中市西屯區國安一路25號,0,1,111,112,120,40,137,148,163,172,176,181,188,192,196,201,210,216,218,234,24.1903665278939,120.615348785274,2020-02-04 11:18:43,2018-10-12 16:41:00,2018-10-12
5337396,10710AB491B1205,10710AB491B1205,15,66000,TXG,13,2377,66000070009,2,AB491,2018-10-12 05:40:00,10710120540,臺中市南屯區永定里向上路黎明路,0,2,111,113,120,50,127,141,163,172,176,181,188,190,193,206,211,216,218,233,24.1466919373284,120.636236246484,2020-02-04 11:18:43,2018-10-12 05:40:00,2018-10-12
5206587,10710AB691B1289,10710AB691B1289,15,66000,TXG,232,2309,66000060024,2,AB691,2018-10-12 19:24:00,10710121924,臺中市西屯區西平里華夏巷西二弄2號,0,2,111,112,120,40,127,141,163,172,176,181,188,192,196,206,211,216,218,233,24.1802612208192,120.643732231103,2020-02-04 11:18:43,2018-10-12 19:24:00,2018-10-12
5207347,10710AB591B1302,10710AB591B1302,15,66000,TXG,233,2397,66000080005,2,AB591,2018-10-12 22:27:00,10710122227,臺中市北屯區平和里梅川西路四段安順二街,0,1,111,114,120,50,126,141,163,172,176,181,188,192,196,206,211,216,218,230,24.1748725357627,120.679811785261,2020-02-04 11:18:43,2018-10-12 22:27:00,2018-10-12