識別碼,案件編號,交通事故主表,縣市識別碼,縣市代碼,所屬縣市簡碼,鄉縣市區識別碼,村里識別碼,里代碼,事故類(A1、A2...An),處理單位代碼,案件時間(西元),案件時間(民國),發生地點,死亡人數,受傷人數(含2~30日內死亡),天氣識別碼,光線識別碼,道路類別識別碼,速限,道路型態識別碼,事故位置識別碼,路面鋪裝識別碼,路面狀態識別碼,路面缺陷識別碼,障礙物視距識別碼,視距識別碼,號誌種類識別碼,號誌動作識別碼,車道劃分設施-分向設施識別碼,快車道或一般車道間識別碼,快慢車道間識別碼,路面邊線識別碼,事故類型及型態識別碼,緯度,經度,本平台資料更新時間(yyyy-MM-dd HH:mm:ss),資料代表時間(yyyy-MM-dd HH:mm:ss),資料代表日期(yyyy-MM-dd)
5373583,10710AB591B1333,10710AB591B1333,15,66000,TXG,233,2394,66000080001,2,AB591,2018-10-13 09:23:00,10710130923,臺中市北屯區北興里江興街國豐街,0,1,111,112,120,50,127,142,163,172,176,181,188,192,196,201,211,216,218,244,24.1634103219544,120.696407060836,2020-02-04 11:18:43,2018-10-13 09:23:00,2018-10-13
5091763,10710AB996B1396,10710AB996B1396,15,66000,TXG,288,2181,66000250013,2,AB996,2018-10-13 23:47:00,10710132347,臺中市龍井區新庄里遊園南路與遊園南路364巷口附近,0,1,111,114,120,40,127,141,163,172,176,181,188,192,196,206,211,216,218,234,24.177985071542,120.580024251493,2020-02-04 11:18:43,2018-10-13 23:47:00,2018-10-13
5373233,10710AB795B1313,10710AB795B1313,15,66000,TXG,240,2091,66000180011,2,AB795,2018-10-13 00:45:00,10710130045,臺中市大雅區四德里中清路三段513號附近附近,0,2,111,114,120,50,137,149,163,172,176,181,188,192,196,197,210,216,218,231,24.2096313231542,120.650779676415,2020-02-04 11:18:43,2018-10-13 00:45:00,2018-10-13
5373558,10710AB891B1330,10710AB891B1330,15,66000,TXG,247,2238,66000280002,2,AB891,2018-10-13 08:55:00,10710130855,臺中市大里區新里里德芳路二段50號,0,1,111,112,120,60,137,152,163,172,176,181,188,192,196,197,210,215,217,234,24.1029720601802,120.675342391462,2020-02-04 11:18:43,2018-10-13 08:55:00,2018-10-13
5090948,10710AB291B1370,10710AB291B1370,15,66000,TXG,231,2355,66000050013,2,AB291,2018-10-13 16:11:00,10710131611,臺中市北區建興里崇德路與健行路口附近,0,1,111,112,120,50,137,149,163,172,176,181,188,192,196,197,208,216,218,231,24.1590442901054,120.685090554181,2020-02-04 11:18:43,2018-10-13 16:11:00,2018-10-13
5373278,10710AB996B1318,10710AB996B1318,15,66000,TXG,244,2168,66000240017,2,AB996,2018-10-13 07:19:00,10710130719,臺中市大肚區自強里遊園路二段207號,0,1,109,112,120,50,137,149,163,171,176,181,188,192,196,206,211,216,218,230,24.173172202056,120.580559203295,2020-02-04 11:18:43,2018-10-13 07:19:00,2018-10-13
5373234,10710ABA95B1314,10710ABA95B1314,15,66000,TXG,236,2520,66000130008,2,ABA95,2018-10-13 01:00:00,10710130100,臺中市沙鹿區鹿寮里中山路479號,0,1,111,114,120,50,137,147,163,171,176,181,188,192,196,197,210,215,218,230,0.0,0.0,2020-02-04 11:18:43,2018-10-13 01:00:00,2018-10-13
5373292,10710ABD91B1320,10710ABD91B1320,15,66000,TXG,241,2095,66000190001,2,ABD91,2018-10-13 07:41:00,10710130741,臺中市新社區新社里中和街四段22號,0,1,109,112,120,50,137,149,163,171,176,181,188,192,196,201,211,216,217,220,24.2396196020145,120.805946211662,2020-02-04 11:18:43,2018-10-13 07:41:00,2018-10-13
5090681,10710AB793B1366,10710AB793B1366,15,66000,TXG,239,2081,66000170016,2,AB793,2018-10-13 14:38:00,10710131438,臺中市潭子區家福里中山路一段頭張路一段101巷13巷附近,0,2,111,112,120,50,127,141,163,172,176,181,188,191,193,206,210,216,218,233,24.1932989033186,120.701819169466,2020-02-04 11:18:43,2018-10-13 14:38:00,2018-10-13
5091184,10710AB691B1383,10710AB691B1383,15,66000,TXG,232,0,66000060000,2,AB691,2018-10-13 18:43:00,10710131843,臺中市西屯區臺灣大道福元路,0,1,111,114,120,70,126,141,163,172,176,181,188,192,196,197,211,216,218,234,0.0,0.0,2020-02-04 11:18:43,2018-10-13 18:43:00,2018-10-13
5373230,10710AB795B0019,10710AB795B0019,15,66000,TXG,240,2091,66000180011,2,AB795,2018-10-13 00:23:00,10710130023,臺中市大雅區四德里中清路三段中清交流道附近,0,2,111,114,120,50,126,141,163,172,176,181,188,189,193,206,210,216,217,233,24.2123849394518,120.649951674371,2020-02-04 11:18:43,2018-10-13 00:23:00,2018-10-13
5091709,10710AB191B1389,10710AB191B1389,15,66000,TXG,230,2332,66000040015,2,AB191,2018-10-13 21:37:00,10710132137,臺中市西區昇平里忠明南路291號,0,1,111,114,120,50,137,149,163,172,176,181,188,192,196,197,210,215,218,235,24.1459507524891,120.657377026179,2020-02-04 11:18:43,2018-10-13 21:37:00,2018-10-13
5091756,10710AB691B1395,10710AB691B1395,15,66000,TXG,232,2315,66000060030,2,AB691,2018-10-13 23:22:00,10710132322,臺中市西屯區何明里太原路一段07335燈桿附近,0,1,111,114,120,50,137,149,163,172,176,181,188,189,193,201,210,216,218,231,24.1643076171506,120.663788045498,2020-02-04 11:18:43,2018-10-13 23:22:00,2018-10-13
5373548,10710AB691B1328,10710AB691B1328,15,66000,TXG,232,2367,66000060015,2,AB691,2018-10-13 08:45:00,10710130845,臺中市西屯區港尾里環中路二段中科路,0,2,110,112,120,40,126,142,163,171,176,181,188,189,195,205,210,216,218,236,24.1985214142783,120.652380921502,2020-02-04 11:18:43,2018-10-13 08:45:00,2018-10-13
5373885,10710ABD91B1343,10710ABD91B1343,15,66000,TXG,235,2471,66000100017,2,ABD91,2018-10-13 10:57:00,10710131057,臺中市東勢區慶福里東關路四段臺8線14.5K處附近,0,1,111,112,120,40,134,149,163,172,176,181,182,192,196,201,211,216,217,236,24.1607378393053,120.857542061682,2020-02-04 11:18:43,2018-10-13 10:57:00,2018-10-13
5091750,10710AB391B1394,10710AB391B1394,15,66000,TXG,229,2294,66000030020,2,AB391,2018-10-13 23:02:00,10710132302,臺中市南區永和里高工路近五權南路附近,0,1,111,114,120,50,137,147,163,172,176,181,188,192,196,201,208,215,218,236,24.1132091624754,120.660966104259,2020-02-04 11:18:43,2018-10-13 23:02:00,2018-10-13
5091008,10710AB795B1377,10710AB795B1377,15,66000,TXG,240,2082,66000180001,2,AB795,2018-10-13 17:30:00,10710131730,臺中市大雅區大雅里中清東路中清北街,0,2,111,112,120,50,128,142,163,172,176,181,188,189,193,206,210,216,217,231,24.2250718763618,120.64651949494,2020-02-04 11:18:43,2018-10-13 17:30:00,2018-10-13
5373915,10710ABC91B1346,10710ABC91B1346,15,66000,TXG,246,2201,66000270002,2,ABC91,2018-10-13 11:36:00,10710131136,臺中市太平區長億里永安街長億八街,0,1,111,112,120,50,127,141,163,172,176,181,188,192,196,206,211,216,218,233,24.1137643677568,120.718579722607,2020-02-04 11:18:43,2018-10-13 11:36:00,2018-10-13
5373543,10710AB391B1325,10710AB391B1325,15,66000,TXG,228,2076,66000020016,2,AB391,2018-10-13 08:41:00,10710130841,臺中市東區東信里十甲東路東英二街,0,1,110,112,120,50,127,141,163,172,176,181,188,189,193,206,211,216,218,230,24.1351218778453,120.705840642245,2020-02-04 11:18:43,2018-10-13 08:41:00,2018-10-13
5373936,10710AB191B1348,10710AB191B1348,15,66000,TXG,230,2333,66000040016,2,AB191,2018-10-13 12:00:00,10710131200,臺中市西區忠明里美村路一段22號,0,1,111,112,120,50,127,141,163,172,176,181,188,192,196,206,211,216,218,234,24.1530735545187,120.662492804731,2020-02-04 11:18:43,2018-10-13 12:00:00,2018-10-13
5091016,10710AB591B1378,10710AB591B1378,15,66000,TXG,233,2400,66000080008,2,AB591,2018-10-13 17:35:00,10710131735,臺中市北屯區水景里太原路三段景賢八路,0,2,111,113,120,40,126,141,163,172,176,181,188,189,193,206,211,216,218,234,24.1647364157346,120.709699523479,2020-02-04 11:18:43,2018-10-13 17:35:00,2018-10-13
5271538,10710AB993B1466,10710AB993B1466,15,66000,TXG,14,2143,66000230004,2,AB993,2018-10-14 19:47:00,10710141947,臺中市烏日區榮泉里中山路三段二段南榮路口附近,0,1,111,114,120,60,126,141,163,172,176,181,188,189,193,206,211,216,218,235,24.1129223453445,120.586535466049,2020-02-04 11:18:43,2018-10-14 19:47:00,2018-10-14
5271948,10710AB291B1481,10710AB291B1481,15,66000,TXG,231,2347,66000050005,2,AB291,2018-10-14 23:29:00,10710142329,臺中市北區新北里一中街95號,0,1,111,114,120,50,137,149,163,172,176,181,188,192,196,205,211,216,218,235,24.1515899697873,120.686004267876,2020-02-04 11:18:43,2018-10-14 23:29:00,2018-10-14
5217524,10710AB891B1425,10710AB891B1425,15,66000,TXG,247,2264,66000280023,2,AB891,2018-10-14 12:31:00,10710141231,臺中市大里區永隆里永隆一街37號,0,2,111,112,120,50,137,149,163,172,176,181,188,189,193,205,211,216,217,230,24.1055264545689,120.679897512374,2020-02-04 11:18:43,2018-10-14 12:31:00,2018-10-14
5217941,10710ABB91B1439,10710ABB91B1439,15,66000,TXG,286,2489,66000110010,2,ABB91,2018-10-14 14:31:00,10710141431,臺中市大甲區南陽里中山路一段572號,0,1,111,112,120,50,127,141,163,172,176,181,188,192,196,206,211,216,217,235,0.0,0.0,2020-02-04 11:18:43,2018-10-14 14:31:00,2018-10-14
5271466,10710AB691B1461,10710AB691B1461,15,66000,TXG,232,2309,66000060024,2,AB691,2018-10-14 17:56:00,10710141756,臺中市西屯區西平里福星路438號,0,1,111,114,120,50,127,142,163,172,176,181,188,190,193,204,209,215,217,231,24.1789940433669,120.645091775053,2020-02-04 11:18:43,2018-10-14 17:56:00,2018-10-14
5092366,10710AB391B1414,10710AB391B1414,15,66000,TXG,228,2062,66000020002,2,AB391,2018-10-14 10:27:00,10710141027,臺中市東區振興里建成路立德街,0,1,111,112,120,50,127,141,163,172,176,181,188,190,193,206,211,216,218,234,24.1308253099782,120.688337582061,2020-02-04 11:18:43,2018-10-14 10:27:00,2018-10-14
5217982,10710A24WZB0065,10710A24WZB0065,15,66000,TXG,238,0,66000160000,2,A24WZ,2018-10-14 15:17:00,10710141517,臺中市神岡區國道1號165.0公里200.0公尺北側側交流道車道,0,3,111,112,116,60,137,156,163,172,176,181,188,189,193,197,209,216,217,231,0.0,0.0,2020-02-04 11:18:43,2018-10-14 15:17:00,2018-10-14
5271476,10710AB996B1462,10710AB996B1462,15,66000,TXG,288,2183,66000250015,2,AB996,2018-10-14 18:10:00,10710141810,臺中市龍井區新東里臺灣大道五段與台灣大道五段3巷口附近,0,1,111,114,120,60,127,141,163,172,176,181,188,190,193,206,211,216,218,234,24.1859624969358,120.586480967609,2020-02-04 11:18:43,2018-10-14 18:10:00,2018-10-14
5216819,10710AB591B1420,10710AB591B1420,15,66000,TXG,233,2028,66000080029,2,AB591,2018-10-14 11:25:00,10710141125,臺中市北屯區松安里遼寧路一段323-2號,0,1,111,112,120,40,126,142,163,172,176,181,188,192,196,201,211,215,218,230,24.1815715436134,120.696348592128,2020-02-04 11:18:43,2018-10-14 11:25:00,2018-10-14
5217582,10710ABA93B1434,10710ABA93B1434,15,66000,TXG,311,32,66000120001,2,ABA93,2018-10-14 13:42:00,10710141342,臺中市清水區鰲峰里大街路觀音巷36之2號,0,1,111,112,120,40,135,149,163,172,176,181,188,192,196,206,211,216,217,236,24.2703742513957,120.580994529649,2020-02-04 11:18:43,2018-10-14 13:42:00,2018-10-14
5217960,10710AB691B1440,10710AB691B1440,15,66000,TXG,232,2008,66000060009,2,AB691,2018-10-14 14:58:00,10710141458,臺中市西屯區何安里西屯路二段150-10號,0,1,111,112,120,50,127,141,163,172,176,181,188,192,196,206,211,216,218,234,24.1687308704997,120.64787043655,2020-02-04 11:18:43,2018-10-14 14:58:00,2018-10-14
5091947,10710AB691B1401,10710AB691B1401,15,66000,TXG,232,2012,66000060013,2,AB691,2018-10-14 07:40:00,10710140740,臺中市西屯區大福里大鵬路市場四巷四弄,0,1,111,112,120,40,127,141,163,172,176,181,188,192,196,206,211,216,218,233,24.1778039930024,120.66770791329,2020-02-04 11:18:43,2018-10-14 07:40:00,2018-10-14
5092388,10710AB491B1417,10710AB491B1417,15,66000,TXG,13,2325,66000070001,2,AB491,2018-10-14 11:03:00,10710141103,臺中市南屯區南屯里南屯路萬和路,0,1,111,112,120,40,127,141,163,172,176,181,188,192,196,206,211,216,218,233,24.1388176344564,120.639721952856,2020-02-04 11:18:43,2018-10-14 11:03:00,2018-10-14
5091906,10710AB591B1399,10710AB591B1399,15,66000,TXG,233,2413,66000080041,2,AB591,2018-10-14 04:23:00,10710140423,臺中市北屯區三和里東光路900號,0,1,111,114,120,50,126,141,163,172,176,181,188,192,196,206,211,216,218,237,24.1714912122115,120.701232486345,2020-02-04 11:18:43,2018-10-14 04:23:00,2018-10-14
5217969,10710AB391B1442,10710AB391B1442,15,66000,TXG,229,2279,66000030005,2,AB391,2018-10-14 15:03:00,10710141503,臺中市南區積善里五權南路682號,0,1,111,112,120,50,137,149,163,172,176,181,188,192,196,199,211,216,218,230,24.1134438020643,120.670249458026,2020-02-04 11:18:43,2018-10-14 15:03:00,2018-10-14
5271453,10710AB691B1459,10710AB691B1459,15,66000,TXG,232,2371,66000060019,2,AB691,2018-10-14 17:26:00,10710141726,臺中市西屯區福安里臺灣大道四段708號,0,1,111,112,120,50,127,141,163,172,176,181,188,190,193,206,211,216,218,234,24.1800074573314,120.62189569217,2020-02-04 11:18:43,2018-10-14 17:26:00,2018-10-14
5092358,10710AB391B1412,10710AB391B1412,15,66000,TXG,228,2069,66000020009,2,AB391,2018-10-14 10:19:00,10710141019,臺中市東區東門里大興街建智街,0,1,111,112,120,50,126,141,163,172,176,181,188,192,196,206,211,216,218,234,24.1270242551253,120.69294132735,2020-02-04 11:18:43,2018-10-14 10:19:00,2018-10-14
5216823,10710AB491B1421,10710AB491B1421,15,66000,TXG,13,2381,66000070013,2,AB491,2018-10-14 11:27:00,10710141127,臺中市南屯區黎明里干城街214巷口附近,0,1,111,112,120,50,127,141,163,172,176,181,188,192,196,206,211,216,218,234,24.1520659672526,120.629776015114,2020-02-04 11:18:43,2018-10-14 11:27:00,2018-10-14
5217942,10710AB291B1438,10710AB291B1438,15,66000,TXG,231,2356,66000050014,2,AB291,2018-10-14 14:31:00,10710141431,臺中市北區頂厝里崇德路一段與太原路口附近,0,4,111,112,120,50,128,142,163,172,176,181,188,190,193,197,208,216,218,235,24.1653104879007,120.685025982406,2020-02-04 11:18:43,2018-10-14 14:31:00,2018-10-14
5217564,10710ABA94B1432,10710ABA94B1432,15,66000,TXG,312,2595,66000140001,2,ABA94,2018-10-14 13:26:00,10710141326,臺中市梧棲區頂寮里大仁路二段四維東路,0,1,111,112,120,40,127,141,163,172,176,181,188,189,193,206,211,216,218,234,24.2616512079248,120.539363379301,2020-02-04 11:18:43,2018-10-14 13:26:00,2018-10-14
5091987,10710AB691B1404,10710AB691B1404,15,66000,TXG,232,2373,66000060021,2,AB691,2018-10-14 09:13:00,10710140913,臺中市西屯區何仁里文心路三段文華高中1號側門附近,0,1,111,112,120,30,137,149,163,172,176,181,188,192,196,205,210,216,218,230,24.1701357474367,120.656935429028,2020-02-04 11:18:43,2018-10-14 09:13:00,2018-10-14
5092354,10710AB793B1411,10710AB793B1411,15,66000,TXG,239,2566,66000170006,2,AB793,2018-10-14 10:17:00,10710141017,臺中市潭子區甘蔗里大德北路大富路一段,0,2,111,112,120,50,127,141,163,172,176,181,188,189,193,201,210,216,218,233,24.205623845825,120.679581467357,2020-02-04 11:18:43,2018-10-14 10:17:00,2018-10-14
5271187,10710AB691B1450,10710AB691B1450,15,66000,TXG,232,2309,66000060024,2,AB691,2018-10-14 16:18:00,10710141618,臺中市西屯區西平里華夏巷西二弄2號,0,2,111,112,120,40,127,142,163,172,176,181,188,192,196,206,211,216,218,234,24.1802612208192,120.643732231103,2020-02-04 11:18:43,2018-10-14 16:18:00,2018-10-14
5216857,10710AB691B1424,10710AB691B1424,15,66000,TXG,232,2319,66000060034,2,AB691,2018-10-14 12:00:00,10710141200,臺中市西屯區福中里中工二路福中五街,0,2,111,112,120,50,126,141,163,172,176,181,188,192,196,205,211,216,218,235,24.1802863019439,120.616377452487,2020-02-04 11:18:43,2018-10-14 12:00:00,2018-10-14
5216834,10710ABA93B1422,10710ABA93B1422,15,66000,TXG,311,216,66000120015,2,ABA93,2018-10-14 11:35:00,10710141135,臺中市清水區海濱里港埠路四段橋墩P141號附近,0,5,111,112,120,60,137,147,163,172,176,181,188,192,196,197,210,216,217,231,24.2882796982817,120.550527308557,2020-02-04 11:18:43,2018-10-14 11:35:00,2018-10-14
5217965,10710AB994B1441,10710AB994B1441,15,66000,TXG,244,2158,66000240007,2,AB994,2018-10-14 15:00:00,10710141500,臺中市大肚區大東里自由路平和東街,0,1,111,112,120,70,127,141,163,172,176,181,188,189,193,206,211,216,218,235,24.1485552163333,120.549452163203,2020-02-04 11:18:43,2018-10-14 15:00:00,2018-10-14
5271922,10710ABA94B1479,10710ABA94B1479,15,66000,TXG,312,2534,66000140002,2,ABA94,2018-10-14 22:04:00,10710142204,臺中市梧棲區下寮里文化路二段333號,0,1,111,115,120,50,137,152,163,172,176,181,188,192,196,200,210,215,218,227,24.2582875561904,120.532027501725,2020-02-04 11:18:43,2018-10-14 22:04:00,2018-10-14
5092342,10710ABD91B1407,10710ABD91B1407,15,66000,TXG,241,5902,66000190013,2,ABD91,2018-10-14 09:58:00,10710140958,臺中市新社區福興里豐埔公路(台21線)1.5公里自強橋附近,0,1,111,112,120,40,137,149,163,172,176,181,188,192,196,201,211,216,217,235,0.0,0.0,2020-02-04 11:18:43,2018-10-14 09:58:00,2018-10-14
5271457,10710AB994B1460,10710AB994B1460,15,66000,TXG,244,2165,66000240014,2,AB994,2018-10-14 17:38:00,10710141738,臺中市大肚區頂街里沙田路三段471號,0,2,111,112,120,70,126,141,163,172,176,181,188,189,193,206,211,216,218,234,24.1625736844263,120.543075765684,2020-02-04 11:18:43,2018-10-14 17:38:00,2018-10-14
5218001,10710ABA95B1445,10710ABA95B1445,15,66000,TXG,236,2521,66000130009,2,ABA95,2018-10-14 15:54:00,10710141554,臺中市沙鹿區竹林里臺灣大道路七段與三民路口附近,0,1,111,112,120,60,128,141,163,172,176,181,188,189,193,197,210,212,217,235,0.0,0.0,2020-02-04 11:18:43,2018-10-14 15:54:00,2018-10-14
5217994,10710ABA93B1444,10710ABA93B1444,15,66000,TXG,311,192,66000120009,2,ABA93,2018-10-14 15:41:00,10710141541,臺中市清水區西社里中清路八段往西匝道近中華路附近,0,1,111,112,120,40,135,148,163,172,176,181,188,192,196,206,210,215,217,231,24.2683591599018,120.570321646823,2020-02-04 11:18:43,2018-10-14 15:41:00,2018-10-14
5217934,10710AB291B1437,10710AB291B1437,15,66000,TXG,231,2356,66000050014,2,AB291,2018-10-14 14:23:00,10710141423,臺中市北區頂厝里崇德路青島路附近,0,3,111,112,120,50,127,141,163,172,176,181,188,189,193,206,211,216,218,230,0.0,0.0,2020-02-04 11:18:43,2018-10-14 14:23:00,2018-10-14
5217594,10710AB691B1435,10710AB691B1435,15,66000,TXG,232,0,66000060000,2,AB691,2018-10-14 13:58:00,10710141358,臺中市西屯區黎明路三段493號,0,1,111,112,120,50,137,148,163,172,176,181,188,192,196,205,210,215,218,234,24.1804768009502,120.637780089738,2020-02-04 11:18:43,2018-10-14 13:58:00,2018-10-14
5091969,10710AB996B1402,10710AB996B1402,15,66000,TXG,288,2184,66000250016,2,AB996,2018-10-14 08:40:00,10710140840,臺中市龍井區東海里遊園北路G4652電桿前附近,0,3,111,112,120,50,137,149,163,172,176,181,188,192,196,201,211,216,217,231,24.1916774463662,120.587836325313,2020-02-04 11:18:43,2018-10-14 08:40:00,2018-10-14
5092348,10710AB891B1409,10710AB891B1409,15,66000,TXG,245,0,66000260000,2,AB891,2018-10-14 10:05:00,10710141005,臺中市霧峰區振興街41號,0,2,111,112,120,40,127,141,163,172,176,181,188,191,193,205,211,216,217,234,24.0658312060983,120.697066049395,2020-02-04 11:18:43,2018-10-14 10:05:00,2018-10-14
5217557,10710AB691B1431,10710AB691B1431,15,66000,TXG,232,2318,66000060033,2,AB691,2018-10-14 13:12:00,10710141312,臺中市西屯區福和里臺灣大道四段永福路,0,1,111,112,120,40,126,142,163,172,176,181,188,190,193,197,208,212,218,234,24.1810964374898,120.618983292244,2020-02-04 11:18:43,2018-10-14 13:12:00,2018-10-14
5271550,10710AB591B1471,10710AB591B1471,15,66000,TXG,233,2402,66000080010,2,AB591,2018-10-14 20:20:00,10710142020,臺中市北屯區和平里祥順路二段測速相機前附近,0,1,111,114,120,40,137,148,163,172,176,181,188,192,196,197,210,215,218,234,24.1761746334899,120.734534537323,2020-02-04 11:18:43,2018-10-14 20:20:00,2018-10-14
5271199,10710AB691B1454,10710AB691B1454,15,66000,TXG,232,2000,66000060001,2,AB691,2018-10-14 16:26:00,10710141626,臺中市西屯區西安里西苑路268號,0,1,111,112,120,1,138,160,166,172,176,181,188,192,196,201,210,215,218,247,24.1865228653067,120.641403345428,2020-02-04 11:18:43,2018-10-14 16:26:00,2018-10-14
5271220,10710ABD91B1456,10710ABD91B1456,15,66000,TXG,235,2457,66000100003,2,ABD91,2018-10-14 16:48:00,10710141648,臺中市東勢區東安里東關路七段燈桿15201號前附近,0,1,111,112,120,60,137,149,163,172,176,181,188,192,196,197,211,216,218,230,24.2537282899122,120.82616916949,2020-02-04 11:18:43,2018-10-14 16:48:00,2018-10-14
5271188,10710AB691B1451,10710AB691B1451,15,66000,TXG,232,2004,66000060005,2,AB691,2018-10-14 16:19:00,10710141619,臺中市西屯區惠來里河南路三段近臺灣大道三段附近,0,1,111,112,120,50,137,149,163,172,176,181,188,190,193,199,210,216,218,231,24.1653184588349,120.639445241231,2020-02-04 11:18:43,2018-10-14 16:19:00,2018-10-14
5091781,10710AB291B1398,10710AB291B1398,15,66000,TXG,231,1996,66000050033,2,AB291,2018-10-14 01:29:00,10710140129,臺中市北區明新里漢口路三段中清路一段附近,0,1,111,114,120,50,137,149,163,172,176,181,188,190,193,201,208,216,218,231,0.0,0.0,2020-02-04 11:18:43,2018-10-14 01:29:00,2018-10-14
5216842,10710AB996B1423,10710AB996B1423,15,66000,TXG,288,2183,66000250015,2,AB996,2018-10-14 11:45:00,10710141145,臺中市龍井區新東里新興路與新興路7巷口附近,0,2,111,112,120,50,126,141,163,172,176,181,188,192,196,206,211,216,218,230,24.181340764006,120.592078078601,2020-02-04 11:18:43,2018-10-14 11:45:00,2018-10-14
5271898,10710AB391B1476,10710AB391B1476,15,66000,TXG,229,2290,66000030016,2,AB391,2018-10-14 21:15:00,10710142115,臺中市南區長榮里建國南路正義街,0,2,111,114,120,50,127,141,163,172,176,181,188,190,193,201,210,215,218,234,0.0,0.0,2020-02-04 11:18:43,2018-10-14 21:15:00,2018-10-14
5271909,10710AB994B1478,10710AB994B1478,15,66000,TXG,244,2154,66000240002,2,AB994,2018-10-14 21:33:00,10710142133,臺中市大肚區中和里南榮路高速公路引道口附近,0,1,111,114,120,40,127,141,163,172,176,181,188,192,196,206,211,216,218,234,24.1150783231463,120.568278896691,2020-02-04 11:18:43,2018-10-14 21:33:00,2018-10-14
5217983,10710ABA93B1443,10710ABA93B1443,15,66000,TXG,311,216,66000120015,2,ABA93,2018-10-14 15:23:00,10710141523,臺中市清水區海濱里臨港路六段近華江南街二段口附近,0,1,111,112,120,70,137,147,163,172,176,181,188,192,196,197,210,215,217,231,24.2939607080734,120.552448083586,2020-02-04 11:18:43,2018-10-14 15:23:00,2018-10-14
5271894,10710AB291B1474,10710AB291B1474,15,66000,TXG,231,1994,66000050031,2,AB291,2018-10-14 21:02:00,10710142102,臺中市北區崇德里衛道路榮華街,0,1,111,114,120,40,127,141,163,172,176,181,188,192,196,206,211,216,218,233,24.1627224780218,120.686675799731,2020-02-04 11:18:43,2018-10-14 21:02:00,2018-10-14
5092326,10710AB795B1406,10710AB795B1406,15,66000,TXG,240,2084,66000180003,2,AB795,2018-10-14 09:44:00,10710140944,臺中市大雅區六寶里中清路四段和平路,0,1,111,112,120,50,127,141,163,172,176,181,188,190,193,206,210,216,217,234,24.2406542851572,120.630484789949,2020-02-04 11:18:43,2018-10-14 09:44:00,2018-10-14
5092353,10710ABA94B1410,10710ABA94B1410,15,66000,TXG,312,2541,66000140010,2,ABA94,2018-10-14 10:15:00,10710141015,臺中市梧棲區大庄里臺灣大道八段360號,0,1,111,112,120,40,137,148,163,172,176,181,188,192,196,197,210,212,217,234,24.2449300542437,120.550484973879,2020-02-04 11:18:43,2018-10-14 10:15:00,2018-10-14
5091920,10710AB891B1400,10710AB891B1400,15,66000,TXG,247,2238,66000280002,2,AB891,2018-10-14 06:01:00,10710140601,臺中市大里區新里里國光路二段75號,0,1,111,112,120,50,137,149,163,172,176,181,188,192,196,199,210,216,217,231,24.1006162024848,120.68236144593,2020-02-04 11:18:43,2018-10-14 06:01:00,2018-10-14
5271528,10710AB391B1464,10710AB391B1464,15,66000,TXG,228,2070,66000020010,2,AB391,2018-10-14 19:32:00,10710141932,臺中市東區十甲里東英路旱溪街,0,1,111,114,120,40,127,141,163,172,176,181,188,189,193,201,211,215,218,236,24.1404494469003,120.705976045133,2020-02-04 11:18:43,2018-10-14 19:32:00,2018-10-14
5218004,10710AB491B1447,10710AB491B1447,15,66000,TXG,13,2390,66000070022,2,AB491,2018-10-14 16:02:00,10710141602,臺中市南屯區惠中里惠文路向學路,0,1,111,112,120,50,126,141,163,172,176,181,188,192,196,206,211,216,218,234,24.145472158552,120.643540818297,2020-02-04 11:18:43,2018-10-14 16:02:00,2018-10-14
5217531,10710ABB93B1426,10710ABB93B1426,15,66000,TXG,243,2117,66000210001,2,ABB93,2018-10-14 12:40:00,10710141240,臺中市外埔區永豐里六分路76-2號,0,1,111,112,120,40,127,141,163,172,176,181,185,192,196,206,211,216,218,234,24.3314051816893,120.682907779771,2020-02-04 11:18:43,2018-10-14 12:40:00,2018-10-14
5218010,10710AB591B1448,10710AB591B1448,15,66000,TXG,233,2400,66000080008,2,AB591,2018-10-14 16:10:00,10710141610,臺中市北屯區水景里太原路三段旱溪西路二段,0,1,111,112,120,50,127,141,163,172,176,181,188,189,193,206,211,216,218,234,24.164798501434,120.704414600644,2020-02-04 11:18:43,2018-10-14 16:10:00,2018-10-14
5092390,10710AB691B1418,10710AB691B1418,15,66000,TXG,232,2004,66000060005,2,AB691,2018-10-14 11:05:00,10710141105,臺中市西屯區惠來里惠中路一段113號,0,2,111,112,120,40,137,152,163,172,176,181,188,192,196,205,210,215,218,230,24.159584732159,120.643282811674,2020-02-04 11:18:43,2018-10-14 11:05:00,2018-10-14
5217544,10710AB691B1428,10710AB691B1428,15,66000,TXG,232,2009,66000060010,2,AB691,2018-10-14 12:50:00,10710141250,臺中市西屯區何厝里何厝街何厝街6巷,0,1,111,112,120,40,127,141,163,172,176,181,188,192,196,206,211,216,218,233,24.1631615206755,120.655773485332,2020-02-04 11:18:43,2018-10-14 12:50:00,2018-10-14
5271190,10710AB795B1452,10710AB795B1452,15,66000,TXG,240,2088,66000180007,2,AB795,2018-10-14 16:20:00,10710141620,臺中市大雅區三和里信和路龍善一街,0,1,111,112,120,50,127,141,163,172,176,181,188,192,196,206,210,216,217,233,24.2105667630654,120.660548960512,2020-02-04 11:18:43,2018-10-14 16:20:00,2018-10-14