識別碼,案件編號,交通事故主表,縣市識別碼,縣市代碼,所屬縣市簡碼,鄉縣市區識別碼,村里識別碼,里代碼,事故類(A1、A2...An),處理單位代碼,案件時間(西元),案件時間(民國),發生地點,死亡人數,受傷人數(含2~30日內死亡),天氣識別碼,光線識別碼,道路類別識別碼,速限,道路型態識別碼,事故位置識別碼,路面鋪裝識別碼,路面狀態識別碼,路面缺陷識別碼,障礙物視距識別碼,視距識別碼,號誌種類識別碼,號誌動作識別碼,車道劃分設施-分向設施識別碼,快車道或一般車道間識別碼,快慢車道間識別碼,路面邊線識別碼,事故類型及型態識別碼,緯度,經度,本平台資料更新時間(yyyy-MM-dd HH:mm:ss),資料代表時間(yyyy-MM-dd HH:mm:ss),資料代表日期(yyyy-MM-dd)
5210747,10710ABC91B1645,10710ABC91B1645,15,66000,TXG,246,2221,66000270024,2,ABC91,2018-10-16 13:50:00,10710161350,臺中市太平區中政里太平路與中興路口附近,0,1,111,112,120,50,126,141,163,172,176,181,188,189,193,206,211,216,218,234,24.1255464550549,120.713064179486,2020-02-04 11:18:43,2018-10-16 13:50:00,2018-10-16
5171229,10710AB391B1660,10710AB391B1660,15,66000,TXG,229,2289,66000030015,2,AB391,2018-10-16 15:39:00,10710161539,臺中市南區長春里正義街信義南街,0,3,111,112,120,50,127,141,163,172,176,181,188,189,193,206,211,216,218,230,24.1302300155838,120.679917142443,2020-02-04 11:18:43,2018-10-16 15:39:00,2018-10-16
5210158,10710AB996B1627,10710AB996B1627,15,66000,TXG,288,0,66000250000,2,AB996,2018-10-16 10:40:00,10710161040,臺中市龍井區臺灣大道五段中興路,0,1,111,112,120,70,126,142,163,172,176,181,188,189,193,197,208,212,217,231,24.1882555533316,120.580741535033,2020-02-04 11:18:43,2018-10-16 10:40:00,2018-10-16
5210496,10710AB994B1640,10710AB994B1640,15,66000,TXG,244,2155,66000240003,2,AB994,2018-10-16 12:50:00,10710161250,臺中市大肚區福山里沙田路一段沙田路一段575巷,0,1,111,112,120,50,126,141,163,172,176,181,188,192,196,197,210,216,218,234,24.1248533902448,120.561832878887,2020-02-04 11:18:43,2018-10-16 12:50:00,2018-10-16
5360968,10710AB291B1705,10710AB291B1705,15,66000,TXG,231,2359,66000050017,2,AB291,2018-10-16 21:45:00,10710162145,臺中市北區育德里健行路五常街,0,1,111,114,120,50,127,141,163,172,176,181,188,189,193,206,211,216,218,230,24.1591329230574,120.679953408495,2020-02-04 11:18:43,2018-10-16 21:45:00,2018-10-16
5360993,10710AB691B1706,10710AB691B1706,15,66000,TXG,232,2004,66000060005,2,AB691,2018-10-16 22:58:00,10710162258,臺中市西屯區惠來里臺灣大道三段燈桿西屯區00329附近,0,1,111,114,120,40,137,148,163,172,176,181,188,192,196,197,210,212,218,231,24.1728878324877,120.634176956919,2020-02-04 11:18:43,2018-10-16 22:58:00,2018-10-16
5360334,10710AB691B1677,10710AB691B1677,15,66000,TXG,232,2007,66000060008,2,AB691,2018-10-16 17:47:00,10710161747,臺中市西屯區鵬程里逢大路大鵬路,0,1,111,114,120,50,127,141,163,172,176,181,188,191,193,206,211,216,218,235,24.1781376742872,120.650310221582,2020-02-04 11:18:43,2018-10-16 17:47:00,2018-10-16
5171249,10710AB291B1664,10710AB291B1664,15,66000,TXG,231,2345,66000050003,2,AB291,2018-10-16 15:58:00,10710161558,臺中市北區五常里崇德路五權路,0,2,111,112,120,50,128,141,163,172,176,181,188,189,193,206,211,216,218,234,24.1547034073472,120.686163971547,2020-02-04 11:18:43,2018-10-16 15:58:00,2018-10-16
5210751,10710AB691B1646,10710AB691B1646,15,66000,TXG,232,2323,66000060038,2,AB691,2018-10-16 13:54:00,10710161354,臺中市西屯區福林里福科路福林路,0,1,111,112,120,50,127,141,163,172,176,181,188,189,193,206,211,216,218,230,24.1867196476863,120.614596332205,2020-02-04 11:18:43,2018-10-16 13:54:00,2018-10-16
5210458,10710AB391B1633,10710AB391B1633,15,66000,TXG,229,2293,66000030019,2,AB391,2018-10-16 12:14:00,10710161214,臺中市南區南和里忠明南路五權南路,0,2,111,112,120,50,127,141,163,172,176,181,188,189,193,206,211,216,218,234,24.1191208865139,120.669998772203,2020-02-04 11:18:43,2018-10-16 12:14:00,2018-10-16
5089682,10710AB591B0036,10710AB591B0036,15,66000,TXG,233,2031,66000080032,2,AB591,2018-10-16 07:35:00,10710160735,臺中市北屯區松強里昌平路二段12-15巷40號,0,2,111,112,120,50,137,149,163,172,176,181,188,192,196,201,211,216,218,235,24.1890586735966,120.683889770909,2020-02-04 11:18:43,2018-10-16 07:35:00,2018-10-16
5171220,10710AB996B1658,10710AB996B1658,15,66000,TXG,288,2183,66000250015,2,AB996,2018-10-16 15:30:00,10710161530,臺中市龍井區新東里臺灣大道五段245號,0,1,111,112,120,40,137,148,163,172,176,181,188,192,196,197,210,212,217,231,24.1851249303886,120.587062740746,2020-02-04 11:18:43,2018-10-16 15:30:00,2018-10-16
5210460,10710AB993B1634,10710AB993B1634,15,66000,TXG,14,0,66000230000,2,AB993,2018-10-16 12:15:00,10710161215,臺中市烏日區溪南路一段156號,0,1,111,112,120,50,137,149,163,172,176,181,188,192,196,201,210,216,217,235,24.0850710943357,120.644094079595,2020-02-04 11:18:43,2018-10-16 12:15:00,2018-10-16
5360941,10710ABD91B1703,10710ABD91B1703,15,66000,TXG,235,2462,66000100008,2,ABD91,2018-10-16 21:07:00,10710162107,臺中市東勢區泰昌里中泰街16號,0,1,111,114,120,50,127,141,163,172,176,181,188,192,196,201,211,216,217,233,24.251574713995,120.83574682181,2020-02-04 11:18:43,2018-10-16 21:07:00,2018-10-16
5209811,10710AB191B1607,10710AB191B1607,15,66000,TXG,230,2299,66000040003,2,AB191,2018-10-16 08:27:00,10710160827,臺中市西區三民里三民路近朝陽街附近,0,1,111,112,120,50,137,147,163,172,176,181,188,192,196,201,211,215,218,234,0.0,0.0,2020-02-04 11:18:43,2018-10-16 08:27:00,2018-10-16
5209539,10710ABB91B1596,10710ABB91B1596,15,66000,TXG,286,2495,66000110016,2,ABB91,2018-10-16 07:50:00,10710160750,臺中市大甲區文武里育德路233號,0,2,111,112,120,50,126,142,163,172,176,181,188,191,193,206,211,216,218,234,24.3506131127483,120.626387303255,2020-02-04 11:18:43,2018-10-16 07:50:00,2018-10-16
5210167,10710AB691B1628,10710AB691B1628,15,66000,TXG,232,2002,66000060003,2,AB691,2018-10-16 10:49:00,10710161049,臺中市西屯區潮洋里市政北二路068路邊停車格附近,0,1,111,114,120,40,137,148,163,172,176,181,188,192,196,201,211,215,218,235,24.1619074191778,120.639940935655,2020-02-04 11:18:43,2018-10-16 10:49:00,2018-10-16
5209543,10710ABA95B1597,10710ABA95B1597,15,66000,TXG,236,2531,66000130019,2,ABA95,2018-10-16 07:51:00,10710160751,臺中市沙鹿區西勢里中清路七段近中山路口附近,0,2,111,112,120,40,127,142,163,172,176,181,188,190,193,197,210,215,217,231,24.2501401833815,120.597428273121,2020-02-04 11:18:43,2018-10-16 07:51:00,2018-10-16
5170631,10710ABB93B1648,10710ABB93B1648,15,66000,TXG,243,2122,66000210006,2,ABB93,2018-10-16 14:02:00,10710161402,臺中市外埔區大東里三環路外埔區公所路燈12007號附近,0,1,111,112,120,70,137,149,163,172,176,181,188,192,196,197,210,216,217,231,0.0,0.0,2020-02-04 11:18:43,2018-10-16 14:02:00,2018-10-16
5210480,10710AB591B1636,10710AB591B1636,15,66000,TXG,233,2032,66000080033,2,AB591,2018-10-16 12:37:00,10710161237,臺中市北屯區松勇里北屯路459號,0,1,111,112,120,50,137,147,163,172,176,181,188,192,196,197,210,215,218,230,24.1834654558477,120.702049948468,2020-02-04 11:18:43,2018-10-16 12:37:00,2018-10-16
5209771,10710AB891B1599,10710AB891B1599,15,66000,TXG,247,2263,66000280022,2,AB891,2018-10-16 07:58:00,10710160758,臺中市大里區大明里大明路168號,0,1,111,112,120,40,137,148,163,172,176,181,188,192,196,205,210,215,218,230,24.11526524871,120.685404132457,2020-02-04 11:18:43,2018-10-16 07:58:00,2018-10-16
5170640,10710AB993B1649,10710AB993B1649,15,66000,TXG,14,2146,66000230008,2,AB993,2018-10-16 14:18:00,10710161418,臺中市烏日區前竹里中山路一段12288路燈旁附近,0,1,111,112,120,60,137,152,163,172,176,181,188,192,196,197,210,215,217,236,24.1089835926784,120.642083825681,2020-02-04 11:18:43,2018-10-16 14:18:00,2018-10-16
5360915,10710AB691B1698,10710AB691B1698,15,66000,TXG,232,2001,66000060002,2,AB691,2018-10-16 20:21:00,10710162021,臺中市西屯區西墩里黎明路二段441號,0,1,111,114,120,50,137,147,163,172,176,181,188,192,196,205,210,215,218,234,24.1696599779069,120.636156388797,2020-02-04 11:18:43,2018-10-16 20:21:00,2018-10-16
5209861,10710AB691B1620,10710AB691B1620,15,66000,TXG,232,2367,66000060015,2,AB691,2018-10-16 09:06:00,10710160906,臺中市西屯區港尾里中清路三段環中路一段附近,0,1,111,112,120,50,127,141,163,172,176,181,188,189,193,206,211,216,218,234,24.1998557453581,120.655478152091,2020-02-04 11:18:43,2018-10-16 09:06:00,2018-10-16
5209825,10710AB491B1610,10710AB491B1610,15,66000,TXG,13,2388,66000070020,2,AB491,2018-10-16 08:37:00,10710160837,臺中市南屯區大興里東興路一段447號,0,1,111,112,120,50,137,147,163,172,176,181,188,192,196,205,210,215,218,231,24.1311612087149,120.653183455163,2020-02-04 11:18:43,2018-10-16 08:37:00,2018-10-16
5360930,10710AB291B1702,10710AB291B1702,15,66000,TXG,231,1994,66000050031,2,AB291,2018-10-16 20:45:00,10710162045,臺中市北區崇德里太原路三段邱厝北二巷,0,1,111,114,120,50,127,141,163,172,176,181,188,189,193,206,211,216,218,234,0.0,0.0,2020-02-04 11:18:43,2018-10-16 20:45:00,2018-10-16
5360336,10710AB291B1678,10710AB291B1678,15,66000,TXG,231,2357,66000050015,2,AB291,2018-10-16 17:48:00,10710161748,臺中市北區賴厝里中清路一段漢口路四段,0,3,111,114,120,50,127,141,163,172,176,181,188,190,193,206,211,216,218,235,24.1601935594423,120.675529542111,2020-02-04 11:18:43,2018-10-16 17:48:00,2018-10-16
5210489,10710AB491B1637,10710AB491B1637,15,66000,TXG,13,2380,66000070012,2,AB491,2018-10-16 12:43:00,10710161243,臺中市南屯區田心里五權西路二段511號,0,1,111,112,120,50,137,149,163,172,176,181,188,192,196,197,210,216,218,231,24.1499910091515,120.622762896344,2020-02-04 11:18:43,2018-10-16 12:43:00,2018-10-16
5245821,10710ABA94B1670,10710ABA94B1670,15,66000,TXG,312,2537,66000140005,2,ABA94,2018-10-16 17:02:00,10710161702,臺中市梧棲區文化里文化路二段民生街,0,1,111,112,120,50,127,142,163,172,176,181,188,190,193,206,211,216,218,234,24.2537945895672,120.530075462293,2020-02-04 11:18:43,2018-10-16 17:02:00,2018-10-16
5080874,10710ABC91B1748,10710ABC91B1748,15,66000,TXG,246,2212,66000270013,2,ABC91,2018-10-17 11:40:00,10710171140,臺中市太平區新福里中山路四段235號,0,1,111,112,120,50,127,142,163,172,176,181,188,190,193,206,211,216,218,235,24.147961172144498,120.70077528249,2020-02-04 11:18:43,2018-10-17 11:40:00,2018-10-17
5082227,10710AB993B3478,10710AB993B3478,15,66000,TXG,14,2145,66000230007,2,AB993,2018-10-17 18:09:00,10710171809,臺中市烏日區仁德里光德路309號,0,2,111,114,120,50,137,149,163,172,176,181,188,192,196,201,210,216,218,231,24.104722638221,120.643073585713,2020-02-04 11:18:43,2018-10-17 18:09:00,2018-10-17
5308134,10710A2AZKB0079,10710A2AZKB0079,15,66000,TXG,232,0,66000060000,2,A2AZK,2018-10-17 19:42:00,10710171942,臺中市西屯區中科路機車道R10路燈附近附近,0,2,111,114,120,40,137,151,163,172,176,181,188,190,193,197,207,212,217,230,24.2021963762347,120.642111774905,2020-02-04 11:18:43,2018-10-17 19:42:00,2018-10-17
5361439,10710AB891B1721,10710AB891B1721,15,66000,TXG,245,2189,66000260006,2,AB891,2018-10-17 07:39:00,10710170739,臺中市霧峰區錦榮里成功路與樟公巷口附近,0,1,111,112,120,50,126,142,163,172,176,181,188,191,193,201,211,215,218,234,24.0663252351702,120.701965693025,2020-02-04 11:18:43,2018-10-17 07:39:00,2018-10-17
5307413,10710ABC91B1787,10710ABC91B1787,15,66000,TXG,246,2207,66000270008,2,ABC91,2018-10-17 18:19:00,10710171819,臺中市太平區中山里中山路二段311巷,0,1,111,114,120,50,126,142,163,172,176,181,188,192,196,201,211,215,217,231,0.0,0.0,2020-02-04 11:18:43,2018-10-17 18:19:00,2018-10-17
5361164,10710AB794B1711,10710AB794B1711,15,66000,TXG,238,2052,66000160016,2,AB794,2018-10-17 06:30:00,10710170630,臺中市神岡區山皮里和平路21號,0,1,110,112,120,40,137,149,163,171,176,181,188,192,196,205,211,215,218,234,24.2554637298085,120.645802616314,2020-02-04 11:18:43,2018-10-17 06:30:00,2018-10-17
5361176,10710ABA93B1713,10710ABA93B1713,15,66000,TXG,311,215,66000120014,2,ABA93,2018-10-17 06:55:00,10710170655,臺中市清水區武鹿里橋江南街橋江南街225巷,0,1,111,112,120,40,127,141,163,172,176,181,188,192,196,206,211,216,218,235,24.2819874171497,120.564811935278,2020-02-04 11:18:43,2018-10-17 06:55:00,2018-10-17
5082173,10710AB891B1779,10710AB891B1779,15,66000,TXG,245,2191,66000260008,2,AB891,2018-10-17 17:30:00,10710171730,臺中市霧峰區本堂里中正路806號,0,1,111,114,120,50,127,141,163,172,176,181,188,189,193,206,211,216,218,221,24.0617616978745,120.698331381356,2020-02-04 11:18:43,2018-10-17 17:30:00,2018-10-17
5082167,10710AB191B1778,10710AB191B1778,15,66000,TXG,230,2556,66000040011,2,AB191,2018-10-17 17:27:00,10710171727,臺中市西區民龍里臺灣大道二段220號旁附近,0,1,111,112,120,40,137,148,163,172,176,181,188,192,196,199,211,214,218,236,0.0,0.0,2020-02-04 11:18:43,2018-10-17 17:27:00,2018-10-17
5080969,10710AB993B1759,10710AB993B1759,15,66000,TXG,14,2148,66000230010,2,AB993,2018-10-17 14:00:00,10710171400,臺中市烏日區光明里光明路234號,0,1,109,112,120,50,137,147,163,171,176,181,188,192,196,201,210,215,218,235,24.0973359273214,120.647566146099,2020-02-04 11:18:43,2018-10-17 14:00:00,2018-10-17
5079764,10710AB691B0033,10710AB691B0033,15,66000,TXG,232,2370,66000060018,2,AB691,2018-10-17 08:23:00,10710170823,臺中市西屯區永安里西屯路遊園北路,0,1,111,112,120,50,127,142,163,172,176,181,188,189,193,205,210,215,218,230,24.1909393074983,120.594867638891,2020-02-04 11:18:43,2018-10-17 08:23:00,2018-10-17
5307453,10710ABA94B1791,10710ABA94B1791,15,66000,TXG,312,2541,66000140010,2,ABA94,2018-10-17 18:51:00,10710171851,臺中市梧棲區大庄里中華路一段南下慢車道橋柱P6旁附近,0,2,111,114,120,40,137,148,163,172,176,181,188,189,193,206,211,216,217,237,24.2349760450707,120.547538178854,2020-02-04 11:18:43,2018-10-17 18:51:00,2018-10-17
5361145,10710AB291B1709,10710AB291B1709,15,66000,TXG,231,1994,66000050031,2,AB291,2018-10-17 04:15:00,10710170415,臺中市北區崇德里進化北路166號,0,1,111,114,120,50,137,147,163,172,176,181,188,192,196,197,210,215,218,234,24.1630665072595,120.686088108552,2020-02-04 11:18:43,2018-10-17 04:15:00,2018-10-17
5080916,10710AB391B1754,10710AB391B1754,15,66000,TXG,229,2245,66000030002,2,AB391,2018-10-17 12:30:00,10710171230,臺中市南區國光里瑞豐街與建成路1011巷附近,0,1,111,112,120,50,127,141,163,172,176,181,188,189,193,206,211,216,218,233,24.127782918885,120.684183284439,2020-02-04 11:18:43,2018-10-17 12:30:00,2018-10-17
5307488,10710AB391B1794,10710AB391B1794,15,66000,TXG,229,2295,66000030021,2,AB391,2018-10-17 19:29:00,10710171929,臺中市南區工學里工學路117號,0,2,111,114,120,50,137,149,163,172,176,181,188,192,196,205,210,216,218,234,24.1168820755695,120.660147803891,2020-02-04 11:18:43,2018-10-17 19:29:00,2018-10-17
5079799,10710AB391B1730,10710AB391B1730,15,66000,TXG,229,2296,66000030022,2,AB391,2018-10-17 08:59:00,10710170859,臺中市南區崇倫里三民西路西川一路,0,2,111,112,120,40,128,141,163,172,176,181,188,189,193,206,211,216,218,234,24.1294085717812,120.655135819702,2020-02-04 11:18:43,2018-10-17 08:59:00,2018-10-17
5308888,10710AB691B1802,10710AB691B1802,15,66000,TXG,232,2010,66000060011,2,AB691,2018-10-17 22:54:00,10710172254,臺中市西屯區大河里大河一巷3巷2號,0,1,111,112,120,50,137,147,163,172,176,181,188,192,196,201,210,215,218,236,24.1736378637003,120.653439369109,2020-02-04 11:18:43,2018-10-17 22:54:00,2018-10-17
5308218,10710AB691B1800,10710AB691B1800,15,66000,TXG,232,2315,66000060030,2,AB691,2018-10-17 21:51:00,10710172151,臺中市西屯區何明里漢口路一段54之1號,0,1,111,112,120,50,137,147,163,172,176,181,188,192,196,201,210,215,218,234,0.0,0.0,2020-02-04 11:18:43,2018-10-17 21:51:00,2018-10-17
5361185,10710AB691B1715,10710AB691B1715,15,66000,TXG,232,2004,66000060005,2,AB691,2018-10-17 07:03:00,10710170703,臺中市西屯區惠來里文心一路168號,0,1,111,112,120,40,127,141,163,172,176,181,188,192,196,201,211,216,218,233,0.0,0.0,2020-02-04 11:18:43,2018-10-17 07:03:00,2018-10-17
5307486,10710ABB91B1793,10710ABB91B1793,15,66000,TXG,286,2494,66000110015,2,ABB91,2018-10-17 19:28:00,10710171928,臺中市大甲區武曲里大安港路118號,0,1,111,114,120,50,137,147,163,172,176,181,188,192,196,201,211,215,217,234,24.3515662650795,120.614437600748,2020-02-04 11:18:43,2018-10-17 19:28:00,2018-10-17
5079729,10710AB591B1723,10710AB591B1723,15,66000,TXG,233,2401,66000080009,2,AB591,2018-10-17 08:00:00,10710170800,臺中市北屯區軍功里軍和街91號,0,1,111,112,120,50,126,141,163,172,176,181,188,192,196,206,211,216,218,234,24.1773354484674,120.727093825098,2020-02-04 11:18:43,2018-10-17 08:00:00,2018-10-17
5307457,10710ABA95B1792,10710ABA95B1792,15,66000,TXG,236,2525,66000130013,2,ABA95,2018-10-17 18:57:00,10710171857,臺中市沙鹿區晉江里晉文路301巷弘光科大第16號停車場出入口旁附近,0,3,111,114,120,40,138,148,163,172,176,181,188,192,196,206,211,216,218,220,24.2233232921836,120.578358689692,2020-02-04 11:18:43,2018-10-17 18:57:00,2018-10-17
5080229,10710AB891B1731,10710AB891B1731,15,66000,TXG,245,2185,66000260002,2,AB891,2018-10-17 09:05:00,10710170905,臺中市霧峰區吉峰里民生路262號,0,1,111,112,120,40,126,141,163,172,176,181,188,192,196,206,211,216,217,235,24.0712889640972,120.712490012166,2020-02-04 11:18:43,2018-10-17 09:05:00,2018-10-17
5361213,10710ABA94B1719,10710ABA94B1719,15,66000,TXG,312,2544,66000140013,2,ABA94,2018-10-17 07:27:00,10710170727,臺中市梧棲區永寧里中華路一段559巷268號路口附近,0,1,111,112,120,50,127,141,163,172,176,181,188,192,196,206,211,216,218,233,0.0,0.0,2020-02-04 11:18:43,2018-10-17 07:27:00,2018-10-17
5080243,10710ABD91B1734,10710ABD91B1734,15,66000,TXG,241,2102,66000190008,2,ABD91,2018-10-17 09:20:00,10710170920,臺中市新社區中興里中興嶺路175號,0,1,111,112,120,50,139,162,163,172,176,181,188,192,196,206,211,216,218,235,0.0,0.0,2020-02-04 11:18:43,2018-10-17 09:20:00,2018-10-17
5081531,10710AB391B1762,10710AB391B1762,15,66000,TXG,229,2281,66000030007,2,AB391,2018-10-17 15:05:00,10710171505,臺中市南區新榮里復興路三段新華街,0,2,109,112,120,50,127,148,163,171,176,181,188,189,193,201,211,215,218,235,24.1297886859465,120.671929290794,2020-02-04 11:18:43,2018-10-17 15:05:00,2018-10-17
5081582,10710AB291B1771,10710AB291B1771,15,66000,TXG,231,2347,66000050005,2,AB291,2018-10-17 16:28:00,10710171628,臺中市北區新北里尊賢街22之2號,0,2,111,112,120,50,137,149,163,172,176,181,188,192,196,201,211,216,218,219,24.1484464811148,120.685786748184,2020-02-04 11:18:43,2018-10-17 16:28:00,2018-10-17
5080314,10710AB291B1745,10710AB291B1745,15,66000,TXG,231,1998,66000050035,2,AB291,2018-10-17 10:57:00,10710171057,臺中市北區梅川里漢口路四段103號,0,1,111,112,120,50,137,149,163,172,176,181,188,192,196,201,208,216,218,234,0.0,0.0,2020-02-04 11:18:43,2018-10-17 10:57:00,2018-10-17
5080868,10710AB691B1747,10710AB691B1747,15,66000,TXG,232,2001,66000060002,2,AB691,2018-10-17 11:35:00,10710171135,臺中市西屯區西墩里黎明路三段163號,0,1,111,112,120,40,137,148,163,172,176,181,188,192,196,201,211,215,218,231,24.1751020321394,120.637434446856,2020-02-04 11:18:43,2018-10-17 11:35:00,2018-10-17
5080966,10710AB191B1758,10710AB191B1758,15,66000,TXG,227,2059,66000010007,2,AB191,2018-10-17 13:48:00,10710171348,臺中市中區大誠里臺灣大道興中街,0,1,111,112,120,50,127,141,163,172,176,181,188,190,193,206,211,216,218,234,24.1432565307246,120.678585881053,2020-02-04 11:18:43,2018-10-17 13:48:00,2018-10-17
5080327,10710ABA93B1746,10710ABA93B1746,15,66000,TXG,311,186,66000120003,2,ABA93,2018-10-17 11:08:00,10710171108,臺中市清水區清水里中山路27巷,0,1,111,112,120,50,127,141,163,172,176,181,188,189,193,197,208,215,218,234,24.2867158565257,120.58482016638,2020-02-04 11:18:43,2018-10-17 11:08:00,2018-10-17
5082197,10710AB591B1783,10710AB591B1783,15,66000,TXG,233,0,66000080000,2,AB591,2018-10-17 17:47:00,10710171747,臺中市北屯區環中東路一段松竹路一段,0,1,111,114,120,50,127,143,163,172,176,181,188,190,193,197,207,215,218,231,24.1819772971322,120.72150121368,2020-02-04 11:18:43,2018-10-17 17:47:00,2018-10-17
5080288,10710AB591B1741,10710AB591B1741,15,66000,TXG,233,2411,66000080039,2,AB591,2018-10-17 10:15:00,10710171015,臺中市北屯區平興里北屯路409-21號,0,1,111,112,120,50,137,149,163,172,176,181,188,192,196,197,210,216,218,234,24.1749669264205,120.698828184588,2020-02-04 11:18:43,2018-10-17 10:15:00,2018-10-17
5081547,10710AB591B1764,10710AB591B1764,15,66000,TXG,233,2400,66000080008,2,AB591,2018-10-17 15:32:00,10710171532,臺中市北屯區水景里東山路一段156-10號,0,1,110,112,120,50,126,141,163,171,176,181,188,189,193,206,211,216,218,234,24.1698598942413,120.702252112179,2020-02-04 11:18:43,2018-10-17 15:32:00,2018-10-17
5079781,10710AB993B1729,10710AB993B1729,15,66000,TXG,14,2277,66000230005,2,AB993,2018-10-17 08:40:00,10710170840,臺中市烏日區學田里學田路622號,0,1,111,112,120,40,126,141,163,172,176,181,188,189,193,206,211,216,218,234,24.123550322579,120.606960003894,2020-02-04 11:18:43,2018-10-17 08:40:00,2018-10-17
5307417,10710ABC91B3479,10710ABC91B3479,15,66000,TXG,246,2227,66000270030,2,ABC91,2018-10-17 18:22:00,10710171822,臺中市太平區新城里台74線快速公路往北25.8K附近,0,1,111,113,120,80,137,149,163,172,176,181,188,192,196,197,210,216,217,231,0.0,0.0,2020-02-04 11:18:43,2018-10-17 18:22:00,2018-10-17
5081565,10710AB891B1768,10710AB891B1768,15,66000,TXG,245,2189,66000260006,2,AB891,2018-10-17 16:00:00,10710171600,臺中市霧峰區錦榮里成功路110-7號,0,1,111,112,120,50,134,149,163,170,176,181,188,192,196,205,210,216,217,236,0.0,0.0,2020-02-04 11:18:43,2018-10-17 16:00:00,2018-10-17
5080889,10710AB993B1749,10710AB993B1749,15,66000,TXG,14,2150,66000230012,2,AB993,2018-10-17 12:03:00,10710171203,臺中市烏日區溪埧里福泰街154號,0,1,111,112,120,50,137,149,163,172,176,181,188,189,193,201,210,216,217,231,24.0859203693419,120.646259448215,2020-02-04 11:18:43,2018-10-17 12:03:00,2018-10-17
5081581,10710AB191B1770,10710AB191B1770,15,66000,TXG,230,2303,66000040007,2,AB191,2018-10-17 16:26:00,10710171626,臺中市西區公民里自治街與金山路口附近,0,1,111,112,120,50,127,141,163,172,176,181,188,192,196,206,211,216,218,231,24.1400048119588,120.669581130939,2020-02-04 11:18:43,2018-10-17 16:26:00,2018-10-17
5361209,10710AB491B1718,10710AB491B1718,15,66000,TXG,13,2386,66000070018,2,AB491,2018-10-17 07:25:00,10710170725,臺中市南屯區向心里文心路大墩六街918號,0,2,111,112,120,50,128,141,163,172,176,181,188,190,193,206,211,216,218,235,24.1425903970073,120.646815546047,2020-02-04 11:18:43,2018-10-17 07:25:00,2018-10-17
5079745,10710AB993B1724,10710AB993B1724,15,66000,TXG,14,2148,66000230010,2,AB993,2018-10-17 08:13:00,10710170813,臺中市烏日區光明里環河路一段五光路,0,1,111,112,120,60,127,141,163,172,176,181,188,189,193,206,211,216,218,234,24.0930775710874,120.644639990365,2020-02-04 11:18:43,2018-10-17 08:13:00,2018-10-17
5079752,10710AB691B1726,10710AB691B1726,15,66000,TXG,232,2367,66000060015,2,AB691,2018-10-17 08:16:00,10710170816,臺中市西屯區港尾里凱旋路僑大路,0,1,111,112,120,50,128,142,163,172,176,181,188,190,193,197,208,216,218,231,24.1922313595746,120.649887911897,2020-02-04 11:18:43,2018-10-17 08:16:00,2018-10-17
5080890,10710AB891B1750,10710AB891B1750,15,66000,TXG,245,2193,66000260011,2,AB891,2018-10-17 12:05:00,10710171205,臺中市霧峰區南柳里福新路與新厝路附近,0,1,111,112,120,50,127,141,163,172,176,181,188,189,193,206,211,216,218,234,24.0540274843769,120.686891034989,2020-02-04 11:18:43,2018-10-17 12:05:00,2018-10-17
5361207,10710AB993B1717,10710AB993B1717,15,66000,TXG,14,2140,66000230001,2,AB993,2018-10-17 07:23:00,10710170723,臺中市烏日區烏日里平等街11號,0,1,111,112,120,40,137,149,163,172,176,181,188,192,196,206,211,216,218,236,0.0,0.0,2020-02-04 11:18:43,2018-10-17 07:23:00,2018-10-17
5080304,10710AB591B1744,10710AB591B1744,15,66000,TXG,233,2400,66000080008,2,AB591,2018-10-17 10:47:00,10710171047,臺中市北屯區水景里東山路旱溪東路,0,2,111,112,120,50,127,141,163,172,176,181,188,189,193,206,211,216,218,233,24.1694697104908,120.70599819675,2020-02-04 11:18:43,2018-10-17 10:47:00,2018-10-17
5307440,10710AB691B1789,10710AB691B1789,15,66000,TXG,232,2320,66000060035,2,AB691,2018-10-17 18:34:00,10710171834,臺中市西屯區福恩里臺灣大道四段1176號,0,2,111,114,120,40,137,148,163,172,176,181,188,190,193,197,208,212,218,230,24.1844691822943,120.612513495369,2020-02-04 11:18:43,2018-10-17 18:34:00,2018-10-17
5308182,10710AB993B1796,10710AB993B1796,15,66000,TXG,14,2143,66000230004,2,AB993,2018-10-17 20:39:00,10710172039,臺中市烏日區榮泉里中山路三段1007號,0,1,111,114,120,70,137,147,163,172,176,181,188,192,196,197,210,215,217,236,0.0,0.0,2020-02-04 11:18:43,2018-10-17 20:39:00,2018-10-17
5079747,10710AB291B1725,10710AB291B1725,15,66000,TXG,231,2346,66000050004,2,AB291,2018-10-17 08:15:00,10710170815,臺中市北區新興里自由路公園路口附近,0,2,110,112,120,50,127,141,163,172,176,181,188,190,193,206,211,216,218,234,0.0,0.0,2020-02-04 11:18:43,2018-10-17 08:15:00,2018-10-17
5080272,10710AB591B1739,10710AB591B1739,15,66000,TXG,233,2410,66000080038,2,AB591,2018-10-17 10:00:00,10710171000,臺中市北屯區平陽里大連路一段393-1號,0,2,111,112,120,50,126,141,163,172,176,181,188,189,193,206,211,216,218,231,24.1764298009544,120.680998607321,2020-02-04 11:18:43,2018-10-17 10:00:00,2018-10-17