識別碼,案件編號,交通事故主表,縣市識別碼,縣市代碼,所屬縣市簡碼,鄉縣市區識別碼,村里識別碼,里代碼,事故類(A1、A2...An),處理單位代碼,案件時間(西元),案件時間(民國),發生地點,死亡人數,受傷人數(含2~30日內死亡),天氣識別碼,光線識別碼,道路類別識別碼,速限,道路型態識別碼,事故位置識別碼,路面鋪裝識別碼,路面狀態識別碼,路面缺陷識別碼,障礙物視距識別碼,視距識別碼,號誌種類識別碼,號誌動作識別碼,車道劃分設施-分向設施識別碼,快車道或一般車道間識別碼,快慢車道間識別碼,路面邊線識別碼,事故類型及型態識別碼,緯度,經度,本平台資料更新時間(yyyy-MM-dd HH:mm:ss),資料代表時間(yyyy-MM-dd HH:mm:ss),資料代表日期(yyyy-MM-dd)
5361453,10710AB995B3477,10710AB995B3477,15,66000,TXG,288,2175,66000250007,2,AB995,2018-10-17 07:48:00,10710170748,臺中市龍井區龍津里中華路二段觀光路,0,3,111,112,120,70,128,141,163,172,176,181,188,189,193,206,211,216,218,235,24.1944740330357,120.53619917011,2020-02-04 11:18:43,2018-10-17 07:48:00,2018-10-17
5080942,10710AB391B1755,10710AB391B1755,15,66000,TXG,229,2246,66000030003,2,AB391,2018-10-17 13:10:00,10710171310,臺中市南區南門里台中路524號,0,1,111,112,120,50,137,148,163,172,176,181,188,192,196,201,210,215,218,234,0.0,0.0,2020-02-04 11:18:43,2018-10-17 13:10:00,2018-10-17
5082182,10710AB795B1782,10710AB795B1782,15,66000,TXG,240,2090,66000180010,2,AB795,2018-10-17 17:37:00,10710171737,臺中市大雅區二和里神林南路375巷口附近,0,2,111,114,120,50,126,141,163,172,176,181,188,192,196,206,211,216,218,229,24.2274639214754,120.655626377635,2020-02-04 11:18:43,2018-10-17 17:37:00,2018-10-17
5081562,10710AB391B1766,10710AB391B1766,15,66000,TXG,229,2287,66000030013,2,AB391,2018-10-17 15:55:00,10710171555,臺中市南區樹德里文心南路近建國北路附近,0,1,111,112,120,50,137,149,163,172,176,181,188,189,193,197,208,216,218,231,24.1100149269595,120.66060641169,2020-02-04 11:18:43,2018-10-17 15:55:00,2018-10-17
5080904,10710AB391B0017,10710AB391B0017,15,66000,TXG,229,2283,66000030009,2,AB391,2018-10-17 12:16:00,10710171216,臺中市南區福平里光輝街76號,0,2,111,112,120,50,137,149,163,172,176,181,188,192,196,201,211,216,218,230,24.1287450527019,120.662980659106,2020-02-04 11:18:43,2018-10-17 12:16:00,2018-10-17
5080947,10710ABA94B1757,10710ABA94B1757,15,66000,TXG,312,2541,66000140010,2,ABA94,2018-10-17 13:20:00,10710171320,臺中市梧棲區大庄里臺灣大道八段中和街,0,2,111,112,120,40,126,141,163,172,176,181,188,190,193,206,211,216,218,231,24.250478087201,120.537486226807,2020-02-04 11:18:43,2018-10-17 13:20:00,2018-10-17
5081540,10710AB691B1763,10710AB691B1763,15,66000,TXG,232,2321,66000060036,2,AB691,2018-10-17 15:27:00,10710171527,臺中市西屯區福聯里東大路一段31號,0,1,111,112,120,50,137,149,163,172,176,181,188,192,196,200,210,216,218,230,24.1954539033576,120.607526420149,2020-02-04 11:18:43,2018-10-17 15:27:00,2018-10-17
5307404,10710AB691B1786,10710AB691B1786,15,66000,TXG,232,2370,66000060018,2,AB691,2018-10-17 18:10:00,10710171810,臺中市西屯區永安里宏恩三巷25號,0,2,111,114,120,50,127,141,163,172,176,181,188,192,196,206,211,216,218,234,0.0,0.0,2020-02-04 11:18:43,2018-10-17 18:10:00,2018-10-17
5080945,10710AB993B1756,10710AB993B1756,15,66000,TXG,14,2277,66000230005,2,AB993,2018-10-17 13:18:00,10710171318,臺中市烏日區學田里成功東路與成功西路(成功嶺大門)附近,0,1,111,112,120,40,127,141,163,172,176,181,188,192,196,206,211,216,218,234,24.1126801922968,120.600731380786,2020-02-04 11:18:43,2018-10-17 13:18:00,2018-10-17
5308213,10710AB591B1799,10710AB591B1799,15,66000,TXG,233,2016,66000080017,2,AB591,2018-10-17 21:43:00,10710172143,臺中市北屯區仁和里崇武街52號,0,1,111,114,120,40,137,149,163,172,176,181,188,192,196,206,211,216,218,234,24.1914224388302,120.685608888665,2020-02-04 11:18:43,2018-10-17 21:43:00,2018-10-17
5079759,10710ABC91B1728,10710ABC91B1728,15,66000,TXG,246,2202,66000270003,2,ABC91,2018-10-17 08:21:00,10710170821,臺中市太平區中平里中平九街28號,0,2,111,112,120,50,126,141,163,172,176,181,188,192,196,206,211,216,218,234,24.1253805290809,120.718677872719,2020-02-04 11:18:43,2018-10-17 08:21:00,2018-10-17
5361182,10710ABA95B1714,10710ABA95B1714,15,66000,TXG,236,2523,66000130011,2,ABA95,2018-10-17 07:00:00,10710170700,臺中市沙鹿區北勢里鎮南路二段鎮政路,0,2,111,112,120,50,126,141,163,172,176,181,188,189,193,206,211,216,218,231,24.2324549287987,120.565216807897,2020-02-04 11:18:43,2018-10-17 07:00:00,2018-10-17
5080251,10710AB591B1735,10710AB591B1735,15,66000,TXG,233,2394,66000080001,2,AB591,2018-10-17 09:33:00,10710170933,臺中市北屯區北興里南京東路三段23號,0,1,111,112,120,50,137,149,163,172,176,181,188,192,196,201,211,216,218,234,24.1613518349936,120.69829355741,2020-02-04 11:18:43,2018-10-17 09:33:00,2018-10-17
5308197,10710AB691B1797,10710AB691B1797,15,66000,TXG,232,2318,66000060033,2,AB691,2018-10-17 21:10:00,10710172110,臺中市西屯區福和里中工三路229號,0,3,111,114,120,50,127,141,163,172,176,181,188,190,193,206,211,216,218,234,24.1783089798375,120.618651883728,2020-02-04 11:18:43,2018-10-17 21:10:00,2018-10-17
5082175,10710ABA93B1780,10710ABA93B1780,15,66000,TXG,311,2510,66000120030,2,ABA93,2018-10-17 17:30:00,10710171730,臺中市清水區楊厝里和睦路二段靠近350巷口附近,0,1,111,113,120,40,137,148,163,172,176,181,188,192,196,201,211,215,218,245,0.0,0.0,2020-02-04 11:18:43,2018-10-17 17:30:00,2018-10-17
5080289,10710AB691B1742,10710AB691B1742,15,66000,TXG,232,2372,66000060020,2,AB691,2018-10-17 10:16:00,10710171016,臺中市西屯區協和里工業區一路工業區七路,0,2,111,112,120,50,127,149,163,172,176,181,188,192,196,201,211,216,218,234,24.1711297687856,120.605411609992,2020-02-04 11:18:43,2018-10-17 10:16:00,2018-10-17
5081557,10710AB591B1765,10710AB591B1765,15,66000,TXG,233,2399,66000080007,2,AB591,2018-10-17 15:50:00,10710171550,臺中市北屯區舊社里南興路近長富街附近,0,1,111,112,120,50,127,141,163,172,176,181,188,192,196,206,211,216,218,234,24.1736756205569,120.703715663253,2020-02-04 11:18:43,2018-10-17 15:50:00,2018-10-17
5080915,10710AB291B1753,10710AB291B1753,15,66000,TXG,231,2347,66000050005,2,AB291,2018-10-17 12:30:00,10710171230,臺中市北區新北里三民路三段錦中街,0,1,111,112,120,50,127,141,163,172,176,181,188,189,193,206,211,216,218,235,24.1556539641701,120.68737204268,2020-02-04 11:18:43,2018-10-17 12:30:00,2018-10-17
5081568,10710AB291B1769,10710AB291B1769,15,66000,TXG,231,1994,66000050031,2,AB291,2018-10-17 16:04:00,10710171604,臺中市北區崇德里太原路榮華街,0,1,111,112,120,50,127,141,163,172,176,181,188,189,193,206,211,216,218,234,24.1650069791357,120.686719432397,2020-02-04 11:18:43,2018-10-17 16:04:00,2018-10-17
5361202,10710AB591B1716,10710AB591B1716,15,66000,TXG,233,2018,66000080019,2,AB591,2018-10-17 07:18:00,10710170718,臺中市北屯區四民里崇德路三段環中路一段,0,1,111,112,120,50,128,141,163,172,176,181,188,190,193,206,211,216,218,234,24.2008531304098,120.686690959368,2020-02-04 11:18:43,2018-10-17 07:18:00,2018-10-17
5082208,10710AB691B1785,10710AB691B1785,15,66000,TXG,232,2367,66000060015,2,AB691,2018-10-17 17:55:00,10710171755,臺中市西屯區港尾里中清路二段1558號,0,1,111,112,120,50,126,142,163,172,176,181,188,192,196,206,211,216,218,230,24.1961980631515,120.65767776516,2020-02-04 11:18:43,2018-10-17 17:55:00,2018-10-17
5080252,10710AB591B1736,10710AB591B1736,15,66000,TXG,233,2402,66000080010,2,AB591,2018-10-17 09:33:00,10710170933,臺中市北屯區和平里軍和街和祥街,0,1,111,112,120,50,127,141,163,172,176,181,188,191,193,206,211,216,218,235,24.1773289578768,120.727465880275,2020-02-04 11:18:43,2018-10-17 09:33:00,2018-10-17
5308201,10710AB996B1798,10710AB996B1798,15,66000,TXG,244,2166,66000240015,2,AB996,2018-10-17 21:16:00,10710172116,臺中市大肚區瑞井里遊園路一段華南路,0,1,111,114,120,50,128,142,163,172,176,181,188,190,193,201,211,216,217,235,24.1557632016783,120.572345431589,2020-02-04 11:18:43,2018-10-17 21:16:00,2018-10-17
5082152,10710AB994B1777,10710AB994B1777,15,66000,TXG,244,2158,66000240007,2,AB994,2018-10-17 17:15:00,10710171715,臺中市大肚區大東里自由路29號,0,2,110,112,120,70,137,149,163,172,176,181,188,192,196,197,210,216,217,234,24.1603337082256,120.545027441094,2020-02-04 11:18:43,2018-10-17 17:15:00,2018-10-17
5080259,10710AB291B1738,10710AB291B1738,15,66000,TXG,231,2360,66000050018,2,AB291,2018-10-17 09:45:00,10710170945,臺中市北區淡溝里博館路育德路,0,1,110,112,120,50,128,141,163,172,176,181,188,191,193,206,211,216,218,230,24.1572137133474,120.669143253472,2020-02-04 11:18:43,2018-10-17 09:45:00,2018-10-17
5361435,10710ABD91B1720,10710ABD91B1720,15,66000,TXG,235,2466,66000100012,2,ABD91,2018-10-17 07:36:00,10710170736,臺中市東勢區新盛里東坑路265號,0,1,111,112,120,50,128,141,163,172,176,181,188,191,193,206,211,216,218,235,24.244826895677,120.83746827318,2020-02-04 11:18:43,2018-10-17 07:36:00,2018-10-17
5361168,10710ABC91B1712,10710ABC91B1712,15,66000,TXG,246,2205,66000270006,2,ABC91,2018-10-17 06:34:00,10710170634,臺中市太平區東平里東平路新平路一段,0,1,111,112,120,50,127,141,163,172,176,181,188,190,193,206,211,216,218,234,24.1334529870166,120.716194993238,2020-02-04 11:18:43,2018-10-17 06:34:00,2018-10-17
5081605,10710AB591B1775,10710AB591B1775,15,66000,TXG,233,2020,66000080021,2,AB591,2018-10-17 16:59:00,10710171659,臺中市北屯區同榮里昌平路三段1號,0,2,111,112,120,50,127,141,163,172,176,181,188,189,193,206,211,216,218,234,24.2015443689099,120.676044666094,2020-02-04 11:18:43,2018-10-17 16:59:00,2018-10-17
5080260,10710AB191B1737,10710AB191B1737,15,66000,TXG,230,2332,66000040015,2,AB191,2018-10-17 09:45:00,10710170945,臺中市西區昇平里向上路忠明南路,0,1,111,112,120,50,127,141,163,172,176,181,188,190,193,206,211,216,218,235,24.1466956998129,120.65737230305,2020-02-04 11:18:43,2018-10-17 09:45:00,2018-10-17
5082179,10710AB795B1781,10710AB795B1781,15,66000,TXG,240,2090,66000180010,2,AB795,2018-10-17 17:35:00,10710171735,臺中市大雅區二和里雅潭路四段545號,0,1,111,112,120,50,137,148,163,172,176,181,188,192,196,199,210,215,217,230,24.2208793162957,120.655342144471,2020-02-04 11:18:43,2018-10-17 17:35:00,2018-10-17
5081561,10710AB591B1767,10710AB591B1767,15,66000,TXG,233,2399,66000080007,2,AB591,2018-10-17 15:55:00,10710171555,臺中市北屯區舊社里北屯路433號,0,1,111,112,120,50,137,149,163,172,176,181,188,192,196,197,210,216,218,234,24.176891813552,120.699679012226,2020-02-04 11:18:43,2018-10-17 15:55:00,2018-10-17
5308231,10710AB691B1801,10710AB691B1801,15,66000,TXG,232,2000,66000060001,2,AB691,2018-10-17 22:13:00,10710172213,臺中市西屯區西安里西屯路烈美街,0,2,111,114,120,50,127,141,163,172,176,181,188,189,193,201,211,216,217,234,24.1782440671328,120.641688077421,2020-02-04 11:18:43,2018-10-17 22:13:00,2018-10-17
5080911,10710AB691B1752,10710AB691B1752,15,66000,TXG,232,2004,66000060005,2,AB691,2018-10-17 12:24:00,10710171224,臺中市西屯區惠來里臺灣大道三段惠中路,0,1,111,112,120,50,127,141,163,172,176,181,188,189,193,206,211,216,218,231,24.1645938194737,120.646410611191,2020-02-04 11:18:43,2018-10-17 12:24:00,2018-10-17
5082200,10710AB996B1784,10710AB996B1784,15,66000,TXG,288,2183,66000250015,2,AB996,2018-10-17 17:49:00,10710171749,臺中市龍井區新東里臺灣大道五段13號,0,1,111,112,120,40,137,148,163,172,176,181,188,192,196,197,210,212,218,231,24.1824099480897,120.59287410591,2020-02-04 11:18:43,2018-10-17 17:49:00,2018-10-17
5080240,10710AB795B1733,10710AB795B1733,15,66000,TXG,240,2087,66000180006,2,AB795,2018-10-17 09:18:00,10710170918,臺中市大雅區橫山里永和路通山路,0,2,111,112,120,40,126,141,163,172,176,181,188,191,193,200,211,215,217,234,24.2086887949159,120.629592556121,2020-02-04 11:18:43,2018-10-17 09:18:00,2018-10-17
5080297,10710AB993B1743,10710AB993B1743,15,66000,TXG,14,2140,66000230001,2,AB993,2018-10-17 10:34:00,10710171034,臺中市烏日區烏日里新興路670號,0,1,111,112,120,60,137,149,163,172,176,181,188,192,196,197,209,216,217,231,24.1043797585751,120.62399903073,2020-02-04 11:18:43,2018-10-17 10:34:00,2018-10-17
5080275,10710AB391B1740,10710AB391B1740,15,66000,TXG,229,2287,66000030013,2,AB391,2018-10-17 10:03:00,10710171003,臺中市南區樹德里大慶街二段9巷46號,0,2,111,112,120,50,138,149,163,172,176,181,188,192,196,206,211,216,218,228,24.1146707788303,120.653389640267,2020-02-04 11:18:43,2018-10-17 10:03:00,2018-10-17
5307427,10710AB591B1788,10710AB591B1788,15,66000,TXG,233,0,66000080000,2,AB591,2018-10-17 18:28:00,10710171828,臺中市北屯區松竹路一段旱溪西路三段,0,2,111,114,120,50,131,149,163,172,176,181,188,192,196,197,209,216,218,231,24.1822552695864,120.710762277085,2020-02-04 11:18:43,2018-10-17 18:28:00,2018-10-17
5080232,10710AB191B1732,10710AB191B1732,15,66000,TXG,230,2336,66000040019,2,AB191,2018-10-17 09:10:00,10710170910,臺中市西區忠誠里太原路114號,0,2,111,112,120,50,137,147,163,172,176,181,188,192,196,201,211,215,218,234,0.0,0.0,2020-02-04 11:18:43,2018-10-17 09:10:00,2018-10-17
5081517,10710AB191B1761,10710AB191B1761,15,66000,TXG,227,2059,66000010007,2,AB191,2018-10-17 14:41:00,10710171441,臺中市中區大誠里大誠街公園路口附近,0,1,111,112,120,50,127,141,163,172,176,181,188,189,193,206,211,216,218,234,24.146220838526,120.679867491096,2020-02-04 11:18:43,2018-10-17 14:41:00,2018-10-17
5081583,10710AB391B1772,10710AB391B1772,15,66000,TXG,229,2288,66000030014,2,AB391,2018-10-17 16:29:00,10710171629,臺中市南區西川里美村路柳川東路,0,1,111,112,120,50,127,141,163,172,176,181,188,189,193,206,211,216,218,235,24.1310126839908,120.661821828041,2020-02-04 11:18:43,2018-10-17 16:29:00,2018-10-17
5081606,10710AB391B1774,10710AB391B1774,15,66000,TXG,229,2294,66000030020,2,AB391,2018-10-17 16:59:00,10710171659,臺中市南區永和里南和路工學路,0,1,111,112,120,50,127,142,163,171,176,181,188,189,193,206,210,216,218,230,24.1169049824965,120.668282870924,2020-02-04 11:18:43,2018-10-17 16:59:00,2018-10-17
5361132,10710AB691B1708,10710AB691B1708,15,66000,TXG,232,2311,66000060026,2,AB691,2018-10-17 01:15:00,10710170115,臺中市西屯區至善里逢甲路128號,0,1,111,112,120,50,126,142,163,172,176,181,188,189,193,201,210,215,218,234,24.1786652575348,120.64312572221,2020-02-04 11:18:43,2018-10-17 01:15:00,2018-10-17
5361452,10710AB793B1722,10710AB793B1722,15,66000,TXG,239,2567,66000170007,2,AB793,2018-10-17 07:45:00,10710170745,臺中市潭子區東寶里崇德路四段90-3號,0,1,111,112,120,50,137,149,163,172,176,181,188,192,196,197,210,215,217,231,24.207733990896,120.687191858731,2020-02-04 11:18:43,2018-10-17 07:45:00,2018-10-17
5081513,10710AB794B1760,10710AB794B1760,15,66000,TXG,238,2037,66000160001,2,AB794,2018-10-17 14:35:00,10710171435,臺中市神岡區神岡里神岡路中山路,0,1,111,112,120,50,128,142,163,172,176,181,188,189,193,201,210,215,218,234,24.2583021155305,120.663711727696,2020-02-04 11:18:43,2018-10-17 14:35:00,2018-10-17
5307445,10710AB591B1790,10710AB591B1790,15,66000,TXG,233,2016,66000080017,2,AB591,2018-10-17 18:41:00,10710171841,臺中市北屯區仁和里昌平路二段崇德八路一段,0,1,111,113,120,50,127,141,163,172,176,181,188,189,193,206,211,216,218,234,24.1836272045345,120.687618885639,2020-02-04 11:18:43,2018-10-17 18:41:00,2018-10-17
5079754,10710AB993B1727,10710AB993B1727,15,66000,TXG,14,0,66000230000,2,AB993,2018-10-17 08:17:00,10710170817,臺中市烏日區環中路八段溪福路,0,1,111,112,120,50,127,141,163,172,176,181,188,189,193,201,211,216,218,234,24.0731374566335,120.647124018203,2020-02-04 11:18:43,2018-10-17 08:17:00,2018-10-17
5361163,10710AB591B1710,10710AB591B1710,15,66000,TXG,233,2406,66000080034,2,AB591,2018-10-17 06:25:00,10710170625,臺中市北屯區北京里進化路695號,0,3,111,112,120,50,126,142,163,172,176,181,188,192,196,197,210,215,218,231,24.1618619702041,120.693503775216,2020-02-04 11:18:43,2018-10-17 06:25:00,2018-10-17
5080902,10710AB795B1751,10710AB795B1751,15,66000,TXG,240,2092,66000180012,2,AB795,2018-10-17 12:15:00,10710171215,臺中市大雅區上雅里中清路四段93之7號旁附近,0,1,111,112,120,50,126,141,163,172,176,181,188,189,193,197,210,215,217,231,24.2360477702214,120.636812745828,2020-02-04 11:18:43,2018-10-17 12:15:00,2018-10-17
5082145,10710AB491B1776,10710AB491B1776,15,66000,TXG,13,2386,66000070018,2,AB491,2018-10-17 17:09:00,10710171709,臺中市南屯區向心里大墩四街惠文路,0,1,111,112,120,40,127,141,163,172,176,181,188,189,193,206,211,216,218,234,24.1419396120128,120.642645378943,2020-02-04 11:18:43,2018-10-17 17:09:00,2018-10-17
5308178,10710AB995B1795,10710AB995B1795,15,66000,TXG,288,2176,66000250008,2,AB995,2018-10-17 20:33:00,10710172033,臺中市龍井區三德里中央路二段三港路,0,3,111,114,120,50,126,141,163,172,176,181,188,189,193,206,211,216,218,234,24.2039060675623,120.523387310765,2020-02-04 11:18:43,2018-10-17 20:33:00,2018-10-17
5081588,10710AB691B1773,10710AB691B1773,15,66000,TXG,232,2005,66000060006,2,AB691,2018-10-17 16:34:00,10710171634,臺中市西屯區上石里逢甲路151號,0,1,111,112,120,50,127,141,163,172,176,181,188,190,193,206,211,216,218,234,24.175252661172,120.639981076838,2020-02-04 11:18:43,2018-10-17 16:34:00,2018-10-17
5121195,10710ABA95B1858,10710ABA95B1858,15,66000,TXG,236,2526,66000130014,2,ABA95,2018-10-18 13:24:00,10710181324,臺中市沙鹿區六路里臺灣大道路六段與正英路口附近,0,2,111,112,120,40,126,141,163,172,176,181,188,189,193,206,211,216,218,231,0.0,0.0,2020-02-04 11:18:43,2018-10-18 13:24:00,2018-10-18
5362050,10710AB391B1810,10710AB391B1810,15,66000,TXG,229,2290,66000030016,2,AB391,2018-10-18 07:26:00,10710180726,臺中市南區長榮里濟世街國光路2巷,0,1,111,112,120,50,126,141,163,172,176,181,188,192,196,206,211,215,218,234,24.1326242345731,120.676320012188,2020-02-04 11:18:43,2018-10-18 07:26:00,2018-10-18
5205274,10710AB591B1913,10710AB591B1913,15,66000,TXG,233,2396,66000080004,2,AB591,2018-10-18 22:10:00,10710182210,臺中市北屯區平田里興安路一段遼陽北二街,0,1,111,114,120,50,127,141,163,172,176,181,188,192,196,206,211,216,218,234,24.172959339667,120.694416095507,2020-02-04 11:18:43,2018-10-18 22:10:00,2018-10-18
5144449,10710AB391B1874,10710AB391B1874,15,66000,TXG,229,0,66000030000,2,AB391,2018-10-18 16:46:00,10710181646,臺中市南區台中路和平街,0,2,111,112,120,50,127,142,163,172,176,181,188,189,193,206,211,216,218,231,0.0,0.0,2020-02-04 11:18:43,2018-10-18 16:46:00,2018-10-18
5120596,10710AB491B1846,10710AB491B1846,15,66000,TXG,13,2432,66000070005,2,AB491,2018-10-18 11:33:00,10710181133,臺中市南屯區春社里忠勇路義芳街,0,2,111,112,120,40,127,141,163,172,176,181,188,191,193,206,211,216,218,233,24.1544600484907,120.61677077923,2020-02-04 11:18:43,2018-10-18 11:33:00,2018-10-18
5205220,10710AB691B1905,10710AB691B1905,15,66000,TXG,232,2324,66000060039,2,AB691,2018-10-18 20:43:00,10710182043,臺中市西屯區福雅里臺灣大道四段788號,0,1,111,114,120,40,126,141,163,172,176,181,188,192,196,197,211,216,218,235,24.1808963900598,120.620477956363,2020-02-04 11:18:43,2018-10-18 20:43:00,2018-10-18
5144952,10710AB795B1882,10710AB795B1882,15,66000,TXG,240,2092,66000180012,2,AB795,2018-10-18 17:45:00,10710181745,臺中市大雅區上雅里民生路一段158號,0,1,111,114,120,40,128,141,163,172,176,181,188,189,193,206,211,216,218,230,0.0,0.0,2020-02-04 11:18:43,2018-10-18 17:45:00,2018-10-18
5362654,10710AB993B1824,10710AB993B1824,15,66000,TXG,14,2152,66000230015,2,AB993,2018-10-18 08:15:00,10710180815,臺中市烏日區南里里太明北路181號,0,1,111,112,120,50,137,149,163,172,176,181,188,192,196,201,210,216,217,230,24.0573348234881,120.648718777081,2020-02-04 11:18:43,2018-10-18 08:15:00,2018-10-18
5362621,10710ABA93B1819,10710ABA93B1819,15,66000,TXG,311,215,66000120014,2,ABA93,2018-10-18 07:55:00,10710180755,臺中市清水區武鹿里中清路九段平等東路538巷16巷口附近,0,1,111,112,120,40,127,141,163,172,176,181,188,192,196,206,211,216,218,233,24.2628282046353,120.573613224151,2020-02-04 11:18:43,2018-10-18 07:55:00,2018-10-18
5072465,10710AB191B1842,10710AB191B1842,15,66000,TXG,230,2298,66000040002,2,AB191,2018-10-18 11:00:00,10710181100,臺中市西區利民里市府路康樂街口附近,0,1,111,112,120,50,126,141,163,172,176,181,188,192,196,206,211,216,218,234,24.1357028210079,120.676125321168,2020-02-04 11:18:43,2018-10-18 11:00:00,2018-10-18
5121210,10710ABB93B1861,10710ABB93B1861,15,66000,TXG,237,2557,66000150011,2,ABB93,2018-10-18 13:40:00,10710181340,臺中市后里區舊社里三重三路2號,0,1,111,112,120,40,126,141,163,172,176,181,188,192,196,206,211,216,218,234,24.3004200150317,120.693567085727,2020-02-04 11:18:43,2018-10-18 13:40:00,2018-10-18
5144970,10710AB996B1885,10710AB996B1885,15,66000,TXG,288,2184,66000250016,2,AB996,2018-10-18 17:59:00,10710181759,臺中市龍井區東海里藝術北街與藝術街142巷口附近,0,3,109,114,120,40,127,141,163,171,176,181,188,192,196,206,211,216,218,234,24.1887537499658,120.591301509472,2020-02-04 11:18:43,2018-10-18 17:59:00,2018-10-18
5072430,10710ABC91B1837,10710ABC91B1837,15,66000,TXG,246,2225,66000270028,2,ABC91,2018-10-18 10:15:00,10710181015,臺中市太平區新高里育才路立行街,0,2,111,112,120,50,126,141,163,172,176,181,188,192,196,206,211,216,218,235,24.157213477692,120.713672500079,2020-02-04 11:18:43,2018-10-18 10:15:00,2018-10-18
5205214,10710AB996B1904,10710AB996B1904,15,66000,TXG,288,2181,66000250013,2,AB996,2018-10-18 20:31:00,10710182031,臺中市龍井區新庄里學園路96號,0,1,111,114,120,40,137,149,163,172,176,181,188,192,196,206,211,216,218,231,24.1804001904772,120.580669036099,2020-02-04 11:18:43,2018-10-18 20:31:00,2018-10-18
5121177,10710AB391B1853,10710AB391B1853,15,66000,TXG,229,2287,66000030013,2,AB391,2018-10-18 12:48:00,10710181248,臺中市南區樹德里復興北路德鑫街,0,1,111,112,120,50,126,141,163,172,176,181,188,192,196,206,211,216,218,234,24.1184066260391,120.653266627865,2020-02-04 11:18:43,2018-10-18 12:48:00,2018-10-18
5145652,10710AB691B1891,10710AB691B1891,15,66000,TXG,232,2004,66000060005,2,AB691,2018-10-18 18:34:00,10710181834,臺中市西屯區惠來里市政路惠文路,0,1,111,114,120,40,127,141,163,172,176,181,188,190,193,197,211,216,218,234,24.1560642894229,120.643875536105,2020-02-04 11:18:43,2018-10-18 18:34:00,2018-10-18
5145651,10710AB891B1890,10710AB891B1890,15,66000,TXG,247,2253,66000280012,2,AB891,2018-10-18 18:31:00,10710181831,臺中市大里區大元里國光路1號,0,1,111,114,120,50,137,152,163,172,176,181,188,192,196,197,210,215,217,230,0.0,0.0,2020-02-04 11:18:43,2018-10-18 18:31:00,2018-10-18
5144977,10710AB591B1887,10710AB591B1887,15,66000,TXG,233,2413,66000080041,2,AB591,2018-10-18 18:05:00,10710181805,臺中市北屯區三和里東光路822巷25號,0,2,110,114,120,40,137,149,163,172,176,181,188,192,196,206,211,216,218,229,24.1660908380134,120.701074116341,2020-02-04 11:18:43,2018-10-18 18:05:00,2018-10-18
5204654,10710ABA95B1899,10710ABA95B1899,15,66000,TXG,236,2526,66000130014,2,ABA95,2018-10-18 19:47:00,10710181947,臺中市沙鹿區六路里北勢東路251號,0,1,111,112,120,50,127,141,163,172,176,181,188,192,196,206,211,216,218,234,24.220057292229,120.579161332792,2020-02-04 11:18:43,2018-10-18 19:47:00,2018-10-18
5120601,10710ABA95B1850,10710ABA95B1850,15,66000,TXG,236,2522,66000130010,2,ABA95,2018-10-18 11:40:00,10710181140,臺中市沙鹿區犁分里七賢路近中清路七段附近,0,1,111,112,120,40,137,149,163,172,176,181,188,192,196,206,211,216,218,228,24.2427301174636,120.574915624378,2020-02-04 11:18:43,2018-10-18 11:40:00,2018-10-18
5121148,10710AB291B1851,10710AB291B1851,15,66000,TXG,231,2344,66000050002,2,AB291,2018-10-18 12:01:00,10710181201,臺中市北區文莊里中清路一段五權路,0,1,111,112,120,50,127,141,163,172,176,181,188,189,193,206,211,216,218,234,24.1512988824446,120.677276693736,2020-02-04 11:18:43,2018-10-18 12:01:00,2018-10-18
5362666,10710ABB91B1826,10710ABB91B1826,15,66000,TXG,286,2488,66000110009,2,ABB91,2018-10-18 08:20:00,10710180820,臺中市大甲區中山里甲后路五段民生地下道附近,0,1,111,112,120,50,134,149,163,172,176,181,188,192,196,201,211,216,218,236,24.3447295347111,120.633940689549,2020-02-04 11:18:43,2018-10-18 08:20:00,2018-10-18
5362018,10710ABA94B1807,10710ABA94B1807,15,66000,TXG,312,2544,66000140013,2,ABA94,2018-10-18 06:53:00,10710180653,臺中市梧棲區永寧里永興路一段546巷135-1號,0,1,111,112,120,50,137,149,163,172,176,181,188,192,196,206,211,216,218,234,0.0,0.0,2020-02-04 11:18:43,2018-10-18 06:53:00,2018-10-18
5144907,10710AB291B1879,10710AB291B1879,15,66000,TXG,231,1992,66000050029,2,AB291,2018-10-18 17:15:00,10710181715,臺中市北區錦平里中華路二段183號,0,1,111,113,120,50,137,147,163,172,176,181,188,192,196,206,211,215,218,230,24.1512660101017,120.68176173988,2020-02-04 11:18:43,2018-10-18 17:15:00,2018-10-18
5120600,10710AB996B1849,10710AB996B1849,15,66000,TXG,244,0,66000240000,2,AB996,2018-10-18 11:40:00,10710181140,臺中市大肚區遊園路二段23號,0,2,111,112,120,50,137,149,163,172,176,181,188,192,196,201,211,216,217,235,24.1693229757141,120.580118253084,2020-02-04 11:18:43,2018-10-18 11:40:00,2018-10-18
5204666,10710AB191B1901,10710AB191B1901,15,66000,TXG,230,2339,66000040022,2,AB191,2018-10-18 20:01:00,10710182001,臺中市西區公平里公益路202號,0,1,111,114,120,50,137,149,163,172,176,181,188,192,196,201,210,216,218,235,24.1541976281799,120.658398164461,2020-02-04 11:18:43,2018-10-18 20:01:00,2018-10-18