識別碼,案件編號,交通事故主表,縣市識別碼,縣市代碼,所屬縣市簡碼,鄉縣市區識別碼,村里識別碼,里代碼,事故類(A1、A2...An),處理單位代碼,案件時間(西元),案件時間(民國),發生地點,死亡人數,受傷人數(含2~30日內死亡),天氣識別碼,光線識別碼,道路類別識別碼,速限,道路型態識別碼,事故位置識別碼,路面鋪裝識別碼,路面狀態識別碼,路面缺陷識別碼,障礙物視距識別碼,視距識別碼,號誌種類識別碼,號誌動作識別碼,車道劃分設施-分向設施識別碼,快車道或一般車道間識別碼,快慢車道間識別碼,路面邊線識別碼,事故類型及型態識別碼,緯度,經度,本平台資料更新時間(yyyy-MM-dd HH:mm:ss),資料代表時間(yyyy-MM-dd HH:mm:ss),資料代表日期(yyyy-MM-dd)
5157837,10710AB996B2066,10710AB996B2066,15,66000,TXG,288,2181,66000250013,2,AB996,2018-10-20 10:43:00,10710201043,臺中市龍井區新庄里向上路六段中興路,0,2,111,112,120,50,128,141,163,172,176,181,188,189,193,206,211,216,218,233,24.1844719147486,120.574080533963,2020-02-04 11:18:43,2018-10-20 10:43:00,2018-10-20
5157876,10710AB591B2070,10710AB591B2070,15,66000,TXG,233,2407,66000080035,2,AB591,2018-10-20 11:18:00,10710201118,臺中市北屯區平心里熱河路瀋陽路,0,1,111,112,120,50,127,141,163,172,176,181,188,189,193,206,211,216,218,234,24.173099542146,120.687851191178,2020-02-04 11:18:43,2018-10-20 11:18:00,2018-10-20
5157840,10710AB9T1B2067,10710AB9T1B2067,15,66000,TXG,288,2184,66000250016,2,AB9T1,2018-10-20 10:45:00,10710201045,臺中市龍井區東海里藝術街與藝術街107巷口附近,0,1,111,112,120,40,127,141,163,172,176,181,186,192,196,201,211,216,218,234,24.1878822901196,120.592008989588,2020-02-04 11:18:43,2018-10-20 10:45:00,2018-10-20
5157919,10710AB591B2076,10710AB591B2076,15,66000,TXG,233,2402,66000080010,2,AB591,2018-10-20 11:53:00,10710201153,臺中市北屯區和平里祥順路二段228號,0,1,110,112,120,50,127,141,163,172,176,181,188,189,193,206,211,216,218,234,24.1761746334899,120.734534537323,2020-02-04 11:18:43,2018-10-20 11:53:00,2018-10-20
5234024,10710AB793B2119,10710AB793B2119,15,66000,TXG,239,2079,66000170014,2,AB793,2018-10-20 19:10:00,10710201910,臺中市潭子區頭家東里中山路一段298之8號,0,2,111,114,120,60,137,148,163,172,176,181,188,192,196,197,210,215,217,230,0.0,0.0,2020-02-04 11:18:43,2018-10-20 19:10:00,2018-10-20
5235325,10710AB391B2134,10710AB391B2134,15,66000,TXG,229,2288,66000030014,2,AB391,2018-10-20 23:43:00,10710202343,臺中市南區西川里忠明南路三民西路,0,1,111,114,120,50,127,141,163,172,176,181,188,192,196,199,211,216,218,236,24.1300186035671,120.657387226402,2020-02-04 11:18:43,2018-10-20 23:43:00,2018-10-20
5233302,10710AB691B2100,10710AB691B2100,15,66000,TXG,232,2004,66000060005,2,AB691,2018-10-20 15:41:00,10710201541,臺中市西屯區惠來里惠中路市政北七路,0,1,111,112,120,50,137,149,163,172,176,181,188,190,193,197,209,215,217,231,24.1626496141128,120.645156302999,2020-02-04 11:18:43,2018-10-20 15:41:00,2018-10-20
5158494,10710AB591B2084,10710AB591B2084,15,66000,TXG,233,2397,66000080005,2,AB591,2018-10-20 12:39:00,10710201239,臺中市北屯區平和里河北路二段198號,0,1,111,112,120,50,127,141,163,172,176,181,188,192,196,206,211,216,218,230,24.1723403015102,120.683472196712,2020-02-04 11:18:43,2018-10-20 12:39:00,2018-10-20
5157266,10710AB391B2058,10710AB391B2058,15,66000,TXG,229,2280,66000030006,2,AB391,2018-10-20 09:59:00,10710200959,臺中市南區江川里五權南路仁義街,0,1,111,112,120,50,126,141,163,172,176,181,188,192,196,197,210,216,218,234,24.1256402629633,120.670090272507,2020-02-04 11:18:43,2018-10-20 09:59:00,2018-10-20
5157285,10710AB891B2061,10710AB891B2061,15,66000,TXG,247,2263,66000280022,2,AB891,2018-10-20 10:20:00,10710201020,臺中市大里區大明里東興路61-3號,0,1,111,112,120,50,126,141,163,172,176,181,188,192,196,206,211,216,218,234,24.1164387455762,120.681943456119,2020-02-04 11:18:43,2018-10-20 10:20:00,2018-10-20
5233329,10710AB591B2104,10710AB591B2104,15,66000,TXG,233,2401,66000080009,2,AB591,2018-10-20 16:01:00,10710201601,臺中市北屯區軍功里松竹路一段近環中東路二段附近,0,1,111,112,120,50,127,141,163,172,176,181,188,190,193,199,208,216,218,234,24.1817479437351,120.72285033744,2020-02-04 11:18:43,2018-10-20 16:01:00,2018-10-20
5233295,10710AB391B2099,10710AB391B2099,15,66000,TXG,229,2287,66000030013,2,AB391,2018-10-20 15:38:00,10710201538,臺中市南區樹德里文心南路546號,0,3,111,112,120,50,137,149,163,172,176,181,188,192,196,197,210,216,218,234,24.1196733775785,120.651184895616,2020-02-04 11:18:43,2018-10-20 15:38:00,2018-10-20
5158536,10710AB691B2090,10710AB691B2090,15,66000,TXG,232,2371,66000060019,2,AB691,2018-10-20 13:17:00,10710201317,臺中市西屯區福安里安和路133巷,0,1,111,112,120,40,126,141,163,172,176,181,188,192,196,201,211,216,218,234,24.1604183552576,120.617735680846,2020-02-04 11:18:43,2018-10-20 13:17:00,2018-10-20
5157243,10710AB793B2055,10710AB793B2055,15,66000,TXG,239,2566,66000170006,2,AB793,2018-10-20 09:40:00,10710200940,臺中市潭子區甘蔗里勝利十二街勝利路,0,1,111,112,120,50,127,141,163,172,176,181,188,189,193,206,211,216,218,233,24.2134407261189,120.700571216812,2020-02-04 11:18:43,2018-10-20 09:40:00,2018-10-20
5156567,10710AB891B2043,10710AB891B2043,15,66000,TXG,245,2198,66000260019,2,AB891,2018-10-20 03:30:00,10710200330,臺中市霧峰區北勢里北豐路169號,0,1,111,114,120,40,137,147,163,172,176,181,188,192,196,197,210,215,218,237,24.0521002875399,120.664699005152,2020-02-04 11:18:43,2018-10-20 03:30:00,2018-10-20
5234701,10710AB391B2124,10710AB391B2124,15,66000,TXG,228,2065,66000020005,2,AB391,2018-10-20 20:16:00,10710202016,臺中市東區干城里八德街建國路(臺中轉運站)附近,0,1,110,114,120,50,127,142,163,172,176,181,188,189,193,205,210,216,218,234,0.0,0.0,2020-02-04 11:18:43,2018-10-20 20:16:00,2018-10-20
5156635,10710ABD91B2048,10710ABD91B2048,15,66000,TXG,241,2104,66000190010,2,ABD91,2018-10-20 08:11:00,10710200811,臺中市新社區東興里協興街月湖幹117電桿附近,0,1,111,112,120,50,127,141,163,172,176,181,188,192,196,201,207,216,218,233,24.2110917936026,120.796904198399,2020-02-04 11:18:43,2018-10-20 08:11:00,2018-10-20
5157836,10710AB993B2065,10710AB993B2065,15,66000,TXG,14,2277,66000230005,2,AB993,2018-10-20 10:42:00,10710201042,臺中市烏日區學田里學田路605巷,0,1,111,112,120,50,126,141,163,172,176,181,188,192,196,201,211,216,217,234,24.1114113174852,120.607326103725,2020-02-04 11:18:43,2018-10-20 10:42:00,2018-10-20
5233390,10710AB691B2112,10710AB691B2112,15,66000,TXG,232,2004,66000060005,2,AB691,2018-10-20 17:19:00,10710201719,臺中市西屯區惠來里臺灣大道惠中路,0,2,111,114,120,50,137,148,163,172,176,181,188,190,193,197,209,216,217,230,24.1645938194737,120.646410611191,2020-02-04 11:18:43,2018-10-20 17:19:00,2018-10-20
5157256,10710AB591B2057,10710AB591B2057,15,66000,TXG,233,2400,66000080008,2,AB591,2018-10-20 09:49:00,10710200949,臺中市北屯區水景里東山路一段185號,0,2,111,112,120,50,126,149,163,172,176,181,188,189,193,201,208,216,218,228,24.1704216389899,120.708393797434,2020-02-04 11:18:43,2018-10-20 09:49:00,2018-10-20
5233320,10710AB993B2103,10710AB993B2103,15,66000,TXG,14,2142,66000230003,2,AB993,2018-10-20 15:55:00,10710201555,臺中市烏日區三和里學田路45號,0,1,111,112,120,50,126,141,163,172,176,181,188,192,196,206,211,216,218,234,24.1199432841813,120.606793764543,2020-02-04 11:18:43,2018-10-20 15:55:00,2018-10-20
5234012,10710AB795B2118,10710AB795B2118,15,66000,TXG,240,2085,66000180004,2,AB795,2018-10-20 18:54:00,10710201854,臺中市大雅區秀山里中清路四段雅秀路,0,1,111,114,120,50,126,141,163,172,176,181,188,189,193,205,210,215,217,235,24.2290890980543,120.642323767968,2020-02-04 11:18:43,2018-10-20 18:54:00,2018-10-20
5158477,10710AB591B2082,10710AB591B2082,15,66000,TXG,233,2402,66000080010,2,AB591,2018-10-20 12:17:00,10710201217,臺中市北屯區和平里軍福十三路199號,0,2,111,112,120,50,127,141,163,172,176,181,188,190,193,206,211,216,218,233,24.1718145521649,120.726675038664,2020-02-04 11:18:43,2018-10-20 12:17:00,2018-10-20
5157280,10710AB591B2060,10710AB591B2060,15,66000,TXG,233,2019,66000080020,2,AB591,2018-10-20 10:19:00,10710201019,臺中市北屯區后庄里中清路二段1012號,0,1,111,112,120,50,127,141,163,172,176,181,188,189,193,206,211,216,218,234,24.1897400160631,120.661770503256,2020-02-04 11:18:43,2018-10-20 10:19:00,2018-10-20
5158525,10710AB591B2088,10710AB591B2088,15,66000,TXG,233,2015,66000080016,2,AB591,2018-10-20 13:09:00,10710201309,臺中市北屯區松竹里昌平路二段9-1號,0,1,111,112,120,50,126,142,163,172,176,181,188,192,196,206,211,216,218,236,24.1899660146701,120.684243564365,2020-02-04 11:18:43,2018-10-20 13:09:00,2018-10-20
5157888,10710AB591B2071,10710AB591B2071,15,66000,TXG,233,2015,66000080016,2,AB591,2018-10-20 11:28:00,10710201128,臺中市北屯區松竹里崇德路三段168號,0,1,111,112,120,50,127,141,163,172,176,181,188,189,193,206,211,216,218,234,24.1886499294396,120.682257331762,2020-02-04 11:18:43,2018-10-20 11:28:00,2018-10-20
5232731,10710AB491B2097,10710AB491B2097,15,66000,TXG,13,0,66000070000,2,AB491,2018-10-20 15:02:00,10710201502,臺中市南屯區文心南二路永春東一路,0,1,111,112,120,50,127,141,163,172,176,181,188,189,193,206,211,216,218,233,24.1360676085582,120.641382621215,2020-02-04 11:18:43,2018-10-20 15:02:00,2018-10-20
5233375,10710AB291B2108,10710AB291B2108,15,66000,TXG,231,1995,66000050032,2,AB291,2018-10-20 16:54:00,10710201654,臺中市北區賴旺里北平路二段30巷天津路口附近,0,2,111,112,120,50,126,141,163,172,176,181,188,192,196,206,211,216,218,234,0.0,0.0,2020-02-04 11:18:43,2018-10-20 16:54:00,2018-10-20
5157833,10710AB691B2064,10710AB691B2064,15,66000,TXG,232,2008,66000060009,2,AB691,2018-10-20 10:40:00,10710201040,臺中市西屯區何安里臺灣大道三段998號,0,1,111,112,120,40,137,148,163,172,176,181,188,192,196,199,210,214,218,234,24.1728878324877,120.634176956919,2020-02-04 11:18:43,2018-10-20 10:40:00,2018-10-20
5233967,10710AB996B2113,10710AB996B2113,15,66000,TXG,288,2183,66000250015,2,AB996,2018-10-20 18:06:00,10710201806,臺中市龍井區新東里新興路與新興路22巷口附近,0,2,111,114,120,50,127,141,163,172,176,181,188,192,196,206,211,216,218,230,24.180866668615,120.589451928941,2020-02-04 11:18:43,2018-10-20 18:06:00,2018-10-20
5232725,10710AB691B2095,10710AB691B2095,15,66000,TXG,232,2324,66000060039,2,AB691,2018-10-20 14:55:00,10710201455,臺中市西屯區福雅里西屯路三段150-58號,0,1,111,112,120,50,137,147,163,172,176,181,188,192,196,201,210,215,218,231,24.1884573085113,120.622190484268,2020-02-04 11:18:43,2018-10-20 14:55:00,2018-10-20
5157865,10710AB795B2068,10710AB795B2068,15,66000,TXG,240,2083,66000180002,2,AB795,2018-10-20 11:07:00,10710201107,臺中市大雅區員林里民生路一段233號,0,1,111,112,120,50,137,148,163,172,176,181,188,192,196,201,210,216,217,235,24.2278773710957,120.651586962296,2020-02-04 11:18:43,2018-10-20 11:07:00,2018-10-20
5234698,10710AB291B2123,10710AB291B2123,15,66000,TXG,231,2353,66000050011,2,AB291,2018-10-20 20:11:00,10710202011,臺中市北區金龍里北屯路45號,0,1,111,112,120,50,126,142,163,172,176,181,188,192,196,199,210,216,218,235,24.160562100176598,120.691683469984,2020-02-04 11:18:43,2018-10-20 20:11:00,2018-10-20
5234762,10710AB391B2131,10710AB391B2131,15,66000,TXG,229,2246,66000030003,2,AB391,2018-10-20 22:24:00,10710202224,臺中市南區南門里南門路146號,0,1,111,114,120,50,137,148,163,172,176,181,188,192,196,201,211,215,218,220,24.122339916497,120.680620221714,2020-02-04 11:18:43,2018-10-20 22:24:00,2018-10-20
5157200,10710ABC91B2051,10710ABC91B2051,15,66000,TXG,246,2200,66000270001,2,ABC91,2018-10-20 08:55:00,10710200855,臺中市太平區太平里太平路太平二十一街,0,1,111,112,120,50,127,141,163,172,176,181,188,192,196,201,210,216,218,230,24.1166886212176,120.724263771749,2020-02-04 11:18:43,2018-10-20 08:55:00,2018-10-20
5157189,10710ABA93B2050,10710ABA93B2050,15,66000,TXG,311,1985,66000120026,2,ABA93,2018-10-20 08:44:00,10710200844,臺中市清水區田寮里中華路橋江南街,0,1,111,112,120,40,128,142,163,172,176,181,188,189,193,197,210,215,217,234,24.2781432651813,120.575177302017,2020-02-04 11:18:43,2018-10-20 08:44:00,2018-10-20
5235319,10710AB994B2133,10710AB994B2133,15,66000,TXG,244,0,66000240000,2,AB994,2018-10-20 23:30:00,10710202330,臺中市大肚區自由路路燈桿(沙田路三段470號後方)附近,0,1,111,114,120,60,126,142,163,172,176,181,188,189,193,197,210,215,217,244,24.1430375868079,120.548464701427,2020-02-04 11:18:43,2018-10-20 23:30:00,2018-10-20
5158516,10710AB291B2087,10710AB291B2087,15,66000,TXG,231,2355,66000050013,2,AB291,2018-10-20 13:01:00,10710201301,臺中市北區建興里學士路178巷13號,0,3,111,112,120,40,126,141,163,172,176,181,188,192,196,206,211,216,218,233,24.1599522844699,120.681702149091,2020-02-04 11:18:43,2018-10-20 13:01:00,2018-10-20
5233335,10710ABC91B2105,10710ABC91B2105,15,66000,TXG,246,2225,66000270028,2,ABC91,2018-10-20 16:07:00,10710201607,臺中市太平區新高里育才路路燈05543號近立文街附近,0,1,111,112,120,50,137,149,163,172,176,181,188,192,196,201,210,216,217,234,24.1562371191876,120.720189736183,2020-02-04 11:18:43,2018-10-20 16:07:00,2018-10-20
5234719,10710AB993B2125,10710AB993B2125,15,66000,TXG,14,2140,66000230001,2,AB993,2018-10-20 20:40:00,10710202040,臺中市烏日區烏日里環河路三段16084號路燈附近,0,1,111,114,120,60,137,148,163,172,176,181,188,192,196,197,209,212,217,238,24.1015284646314,120.621971336691,2020-02-04 11:18:43,2018-10-20 20:40:00,2018-10-20
5158531,10710AB996B2089,10710AB996B2089,15,66000,TXG,288,2181,66000250013,2,AB996,2018-10-20 13:13:00,10710201313,臺中市龍井區新庄里臺灣大道五段都會南街,0,1,111,112,120,60,127,141,163,172,176,181,188,190,193,206,211,216,218,234,24.187124982508,120.583333921107,2020-02-04 11:18:43,2018-10-20 13:13:00,2018-10-20
5157914,10710AB794B2073,10710AB794B2073,15,66000,TXG,238,2046,66000160010,2,AB794,2018-10-20 11:50:00,10710201150,臺中市神岡區豐洲里豐洲路豐洲路180巷,0,1,111,112,120,50,126,141,163,172,176,181,188,191,193,206,211,216,218,235,24.2588850756913,120.710047504882,2020-02-04 11:18:43,2018-10-20 11:50:00,2018-10-20
5158482,10710AB891B2083,10710AB891B2083,15,66000,TXG,247,2259,66000280018,2,AB891,2018-10-20 12:20:00,10710201220,臺中市大里區金城里成功路125-2號,0,2,111,112,120,50,137,149,163,172,176,181,188,192,196,201,208,216,218,234,0.0,0.0,2020-02-04 11:18:43,2018-10-20 12:20:00,2018-10-20
5233369,10710AB793B2107,10710AB793B2107,15,66000,TXG,239,2567,66000170007,2,AB793,2018-10-20 16:51:00,10710201651,臺中市潭子區東寶里雅潭路大富路,0,2,111,112,120,50,137,147,163,172,176,181,188,192,196,197,208,215,217,231,24.2162619659028,120.684713771725,2020-02-04 11:18:43,2018-10-20 16:51:00,2018-10-20
5156565,10710ABB93B2041,10710ABB93B2041,15,66000,TXG,243,2122,66000210006,2,ABB93,2018-10-20 03:14:00,10710200314,臺中市外埔區大東里甲東路外埔區10277號路燈附近,0,1,111,114,120,50,134,149,163,172,176,181,188,192,196,201,210,215,217,234,24.3412853818931,120.636193889517,2020-02-04 11:18:43,2018-10-20 03:14:00,2018-10-20
5156558,10710AB291B2040,10710AB291B2040,15,66000,TXG,231,2362,66000050020,2,AB291,2018-10-20 01:18:00,10710200118,臺中市北區錦祥里三民路三段370號,0,1,111,114,120,40,137,148,163,172,176,181,188,192,196,198,210,215,218,220,24.158347232736,120.690531508597,2020-02-04 11:18:43,2018-10-20 01:18:00,2018-10-20
5157893,10710AB996B2072,10710AB996B2072,15,66000,TXG,288,2184,66000250016,2,AB996,2018-10-20 11:33:00,10710201133,臺中市龍井區東海里遊園北路與遠東街133巷口附近,0,2,111,112,120,50,137,149,163,172,176,181,188,192,196,201,211,216,217,235,24.1907747668575,120.594110230578,2020-02-04 11:18:43,2018-10-20 11:33:00,2018-10-20
5234748,10710AB391B2128,10710AB391B2128,15,66000,TXG,228,2243,66000020017,2,AB391,2018-10-20 21:40:00,10710202140,臺中市東區東英里精武東路116之8號,0,1,111,114,120,50,126,142,163,172,176,181,188,192,196,201,210,215,218,234,24.1490658668234,120.708293828466,2020-02-04 11:18:43,2018-10-20 21:40:00,2018-10-20
5234678,10710ABC91B2121,10710ABC91B2121,15,66000,TXG,246,2209,66000270010,2,ABC91,2018-10-20 19:37:00,10710201937,臺中市太平區光華里環太東路長安十一街,0,1,111,114,120,50,126,141,163,172,176,181,188,191,193,206,211,216,218,221,24.1551772437362,120.727615673484,2020-02-04 11:18:43,2018-10-20 19:37:00,2018-10-20
5158470,10710AB891B2079,10710AB891B2079,15,66000,TXG,247,2240,66000280004,2,AB891,2018-10-20 12:10:00,10710201210,臺中市大里區東興里益民路二段285巷54號,0,2,111,112,120,50,126,142,163,172,176,179,186,192,196,201,211,216,218,234,24.1112060960924,120.682391490302,2020-02-04 11:18:43,2018-10-20 12:10:00,2018-10-20
5234001,10710AB993B2117,10710AB993B2117,15,66000,TXG,14,2143,66000230004,2,AB993,2018-10-20 18:45:00,10710201845,臺中市烏日區榮泉里健行路300號,0,1,111,112,120,50,137,149,163,172,176,181,188,192,196,197,211,216,218,236,24.1102209161936,120.597521009502,2020-02-04 11:18:43,2018-10-20 18:45:00,2018-10-20
5233301,10710ABB91B3464,10710ABB91B3464,15,66000,TXG,286,2507,66000110028,2,ABB91,2018-10-20 15:40:00,10710201540,臺中市大甲區福德里西濱快速公路東西16路,0,1,111,112,120,60,127,141,163,172,176,181,188,189,193,206,211,216,218,234,0.0,0.0,2020-02-04 11:18:43,2018-10-20 15:40:00,2018-10-20
5232729,10710AB891B2096,10710AB891B2096,15,66000,TXG,245,2191,66000260008,2,AB891,2018-10-20 15:00:00,10710201500,臺中市霧峰區本堂里中正路577之5號,0,1,111,112,120,50,128,141,163,172,176,181,188,189,193,206,211,216,218,230,0.0,0.0,2020-02-04 11:18:43,2018-10-20 15:00:00,2018-10-20
5157203,10710AB491B2052,10710AB491B2052,15,66000,TXG,13,2326,66000070002,2,AB491,2018-10-20 08:58:00,10710200858,臺中市南屯區豐樂里永春東路288號,0,2,111,112,120,40,138,148,163,172,176,181,188,192,196,200,210,215,218,235,24.1348137183218,120.642023246014,2020-02-04 11:18:43,2018-10-20 08:58:00,2018-10-20
5233984,10710AB391B2115,10710AB391B2115,15,66000,TXG,228,2070,66000020010,2,AB391,2018-10-20 18:21:00,10710201821,臺中市東區十甲里旱溪街217號,0,2,110,114,120,50,137,148,163,172,176,181,188,192,196,205,210,215,218,234,24.1402603852509,120.70202989277,2020-02-04 11:18:43,2018-10-20 18:21:00,2018-10-20
5233310,10710ABB93B2101,10710ABB93B2101,15,66000,TXG,237,2549,66000150004,2,ABB93,2018-10-20 15:50:00,10710201550,臺中市后里區后里里甲后路一段712號,0,1,111,112,120,50,126,141,163,172,176,181,188,191,193,206,211,216,218,234,24.3094100671005,120.719603417309,2020-02-04 11:18:43,2018-10-20 15:50:00,2018-10-20
5156605,10710AB691B2047,10710AB691B2047,15,66000,TXG,232,2001,66000060002,2,AB691,2018-10-20 07:28:00,10710200728,臺中市西屯區西墩里僑光路100號,0,1,111,112,120,30,126,141,163,172,176,181,188,192,196,206,211,216,218,234,24.1895963125771,120.642332773268,2020-02-04 11:18:43,2018-10-20 07:28:00,2018-10-20
5159209,10710AB891B2093,10710AB891B2093,15,66000,TXG,245,2191,66000260008,2,AB891,2018-10-20 14:05:00,10710201405,臺中市霧峰區本堂里四德路7號附近,0,1,111,112,120,50,137,149,163,172,176,181,188,189,193,201,211,215,217,235,24.0641936340798,120.698073032186,2020-02-04 11:18:43,2018-10-20 14:05:00,2018-10-20
5157921,10710AB691B2077,10710AB691B2077,15,66000,TXG,232,2320,66000060035,2,AB691,2018-10-20 11:54:00,10710201154,臺中市西屯區福恩里臺灣大道東大路,0,2,111,112,120,40,127,148,163,172,176,181,188,189,193,199,211,214,218,231,24.1829329237886,120.602688281429,2020-02-04 11:18:43,2018-10-20 11:54:00,2018-10-20
5156592,10710AB891B2046,10710AB891B2046,15,66000,TXG,247,2255,66000280014,2,AB891,2018-10-20 06:57:00,10710200657,臺中市大里區仁化里善化路168巷,0,2,111,112,120,50,127,141,163,172,176,181,188,191,193,201,208,216,217,233,24.0995215645475,120.701690802917,2020-02-04 11:18:43,2018-10-20 06:57:00,2018-10-20
5234743,10710AB591B2127,10710AB591B2127,15,66000,TXG,233,2025,66000080026,2,AB591,2018-10-20 21:28:00,10710202128,臺中市北屯區平安里崇德路二段138號,0,2,111,114,120,50,137,149,163,172,176,181,188,192,196,197,210,216,218,231,24.1714045448448,120.685485667593,2020-02-04 11:18:43,2018-10-20 21:28:00,2018-10-20
5157249,10710AB491B2056,10710AB491B2056,15,66000,TXG,13,2325,66000070001,2,AB491,2018-10-20 09:45:00,10710200945,臺中市南屯區南屯里南屯路二段南屯路651巷,0,2,111,112,120,40,127,141,163,172,176,181,188,192,196,206,211,216,218,233,24.1352673146005,120.65456912441,2020-02-04 11:18:43,2018-10-20 09:45:00,2018-10-20
5158471,10710ABA95B2080,10710ABA95B2080,15,66000,TXG,236,2521,66000130009,2,ABA95,2018-10-20 12:10:00,10710201210,臺中市沙鹿區竹林里臺灣大道路七段821號,0,1,111,112,120,40,137,148,163,172,176,181,188,192,196,197,210,212,218,234,0.0,0.0,2020-02-04 11:18:43,2018-10-20 12:10:00,2018-10-20
5157925,10710AB391B2078,10710AB391B2078,15,66000,TXG,229,2289,66000030015,2,AB391,2018-10-20 11:56:00,10710201156,臺中市南區長春里台中路台中路38巷,0,1,111,112,120,50,137,149,163,172,176,181,188,192,196,201,208,216,218,231,24.1347777189237,120.682768970907,2020-02-04 11:18:43,2018-10-20 11:56:00,2018-10-20
5158469,10710AB793B2081,10710AB793B2081,15,66000,TXG,239,2564,66000170004,2,AB793,2018-10-20 12:10:00,10710201210,臺中市潭子區福仁里環中東路一段5號,0,3,111,112,120,60,127,141,163,172,176,181,188,190,193,206,211,216,218,234,24.2011035658011,120.703835145089,2020-02-04 11:18:43,2018-10-20 12:10:00,2018-10-20
5158559,10710AB591B2091,10710AB591B2091,15,66000,TXG,233,2400,66000080008,2,AB591,2018-10-20 13:41:00,10710201341,臺中市北屯區水景里旱溪東路二段460之1號,0,2,111,112,120,40,137,147,163,172,176,181,188,192,196,201,211,215,218,234,24.1644236462116,120.705515626193,2020-02-04 11:18:43,2018-10-20 13:41:00,2018-10-20
5233358,10710AB291B2106,10710AB291B2106,15,66000,TXG,231,2356,66000050014,2,AB291,2018-10-20 16:31:00,10710201631,臺中市北區頂厝里進化北路學士路,0,1,111,112,120,50,126,144,163,172,176,181,188,189,193,201,210,215,218,231,24.1630537392724,120.680957277441,2020-02-04 11:18:43,2018-10-20 16:31:00,2018-10-20
5233376,10710AB391B2109,10710AB391B2109,15,66000,TXG,229,2292,66000030018,2,AB391,2018-10-20 16:55:00,10710201655,臺中市南區平和里美村路二段永南街,0,1,111,112,120,50,127,141,163,172,176,181,188,189,193,206,211,216,218,234,24.1223383450419,120.671397359842,2020-02-04 11:18:43,2018-10-20 16:55:00,2018-10-20
5157233,10710AB591B2054,10710AB591B2054,15,66000,TXG,233,2400,66000080008,2,AB591,2018-10-20 09:30:00,10710200930,臺中市北屯區水景里太原路三段TR75A72號燈桿附近,0,1,111,112,120,40,137,148,163,172,176,181,188,192,196,197,210,215,218,234,24.1607994083837,120.729469356189,2020-02-04 11:18:43,2018-10-20 09:30:00,2018-10-20
5233319,10710AB891B2102,10710AB891B2102,15,66000,TXG,245,2191,66000260008,2,AB891,2018-10-20 15:55:00,10710201555,臺中市霧峰區本堂里育成路23號,0,1,111,112,120,50,137,149,163,172,176,181,188,192,196,201,211,216,217,229,24.0595794180094,120.696796427275,2020-02-04 11:18:43,2018-10-20 15:55:00,2018-10-20
5156579,10710AB995B2045,10710AB995B2045,15,66000,TXG,288,2172,66000250004,2,AB995,2018-10-20 06:15:00,10710200615,臺中市龍井區田中里觀光路(路燈07863號)旁附近,0,1,111,112,120,50,137,149,163,172,176,181,188,192,196,206,211,216,218,229,24.1957864428179,120.530090300472,2020-02-04 11:18:43,2018-10-20 06:15:00,2018-10-20
5234730,10710AB291B2126,10710AB291B2126,15,66000,TXG,231,1992,66000050029,2,AB291,2018-10-20 21:01:00,10710202101,臺中市北區錦平里五權路三民路口附近,0,3,110,114,120,50,127,141,163,172,176,181,188,189,193,206,211,216,218,234,24.1547034073472,120.686163971547,2020-02-04 11:18:43,2018-10-20 21:01:00,2018-10-20
5156566,10710AB491B2042,10710AB491B2042,15,66000,TXG,13,2325,66000070001,2,AB491,2018-10-20 03:16:00,10710200316,臺中市南屯區南屯里萬和路二段31之23號,0,1,111,114,120,40,126,149,163,172,176,181,188,192,196,206,211,216,218,234,24.1402140986999,120.640100108011,2020-02-04 11:18:43,2018-10-20 03:16:00,2018-10-20
5232756,10710AB391B2098,10710AB391B2098,15,66000,TXG,228,2066,66000020006,2,AB391,2018-10-20 15:28:00,10710201528,臺中市東區泉源里進德路樂業路,0,1,111,112,120,50,127,141,163,172,176,181,188,189,193,206,211,216,218,234,24.1387524528288,120.692490233795,2020-02-04 11:18:43,2018-10-20 15:28:00,2018-10-20
5233356,10710ABA93B3465,10710ABA93B3465,15,66000,TXG,311,0,66000120000,2,ABA93,2018-10-20 16:30:00,10710201630,臺中市清水區鰲新路355巷,0,1,111,112,120,50,127,141,163,172,176,181,188,192,196,201,210,215,218,233,24.2689352127781,120.551352938282,2020-02-04 11:18:43,2018-10-20 16:30:00,2018-10-20
5233974,10710ABC91B2114,10710ABC91B2114,15,66000,TXG,246,2229,66000270032,2,ABC91,2018-10-20 18:13:00,10710201813,臺中市太平區宜昌里中山路三段中山路三段6巷,0,1,111,113,120,40,127,141,163,172,176,181,188,189,193,206,211,216,218,234,0.0,0.0,2020-02-04 11:18:43,2018-10-20 18:13:00,2018-10-20
5233990,10710AB891B2116,10710AB891B2116,15,66000,TXG,245,2185,66000260002,2,AB891,2018-10-20 18:30:00,10710201830,臺中市霧峰區吉峰里中正路與草湖橋口附近,0,2,111,114,120,40,127,144,163,172,176,181,188,189,193,197,208,216,217,231,24.0672129439009,120.699018561399,2020-02-04 11:18:43,2018-10-20 18:30:00,2018-10-20