識別碼,案件編號,交通事故主表,縣市識別碼,縣市代碼,所屬縣市簡碼,鄉縣市區識別碼,村里識別碼,里代碼,事故類(A1、A2...An),處理單位代碼,案件時間(西元),案件時間(民國),發生地點,死亡人數,受傷人數(含2~30日內死亡),天氣識別碼,光線識別碼,道路類別識別碼,速限,道路型態識別碼,事故位置識別碼,路面鋪裝識別碼,路面狀態識別碼,路面缺陷識別碼,障礙物視距識別碼,視距識別碼,號誌種類識別碼,號誌動作識別碼,車道劃分設施-分向設施識別碼,快車道或一般車道間識別碼,快慢車道間識別碼,路面邊線識別碼,事故類型及型態識別碼,緯度,經度,本平台資料更新時間(yyyy-MM-dd HH:mm:ss),資料代表時間(yyyy-MM-dd HH:mm:ss),資料代表日期(yyyy-MM-dd)
5086578,10710AB891B2427,10710AB891B2427,15,66000,TXG,245,2192,66000260010,2,AB891,2018-10-23 17:30:00,10710231730,臺中市霧峰區北柳里霧工一路與柳豐路口附近,0,1,111,112,120,50,126,141,163,172,176,181,188,192,196,206,211,216,218,234,24.0609480529852,120.680108895243,2020-02-04 11:18:43,2018-10-23 17:30:00,2018-10-23
5086859,10710AB591B2437,10710AB591B2437,15,66000,TXG,233,0,66000080000,2,AB591,2018-10-23 18:20:00,10710231820,臺中市北屯區太原路三段與建和路口附近,0,1,111,114,120,50,127,141,163,172,176,181,188,189,193,206,211,216,218,230,24.1624649775042,120.721504178089,2020-02-04 11:18:43,2018-10-23 18:20:00,2018-10-23
5093972,10710ABA93B2382,10710ABA93B2382,15,66000,TXG,311,1983,66000120024,2,ABA93,2018-10-23 09:55:00,10710230955,臺中市清水區菁埔里中山路大甲溪橋附近,0,1,111,112,120,70,126,141,163,172,176,181,188,189,193,197,210,215,217,230,24.2819558694084,120.581354522943,2020-02-04 11:18:43,2018-10-23 09:55:00,2018-10-23
5087337,10710AB891B2467,10710AB891B2467,15,66000,TXG,247,2258,66000280017,2,AB891,2018-10-23 22:30:00,10710232230,臺中市大里區瑞城里瑞城一街1號,0,1,111,114,120,40,137,149,163,172,176,181,188,192,196,201,211,216,217,234,24.0858351062785,120.701831235402,2020-02-04 11:18:43,2018-10-23 22:30:00,2018-10-23
5086024,10710AB491B2394,10710AB491B2394,15,66000,TXG,13,2390,66000070022,2,AB491,2018-10-23 12:14:00,10710231214,臺中市南屯區惠中里公益路二段惠文路,0,2,111,112,120,50,127,142,163,172,176,181,188,189,193,197,210,215,218,230,24.1510439043005,120.643830410088,2020-02-04 11:18:43,2018-10-23 12:14:00,2018-10-23
5093303,10710ABA95B2361,10710ABA95B2361,15,66000,TXG,236,2532,66000130020,2,ABA95,2018-10-23 08:04:00,10710230804,臺中市沙鹿區興安里興安路大同街,0,2,111,112,120,50,126,141,163,172,176,181,188,192,196,206,211,216,218,234,24.2326022891443,120.556827168414,2020-02-04 11:18:43,2018-10-23 08:04:00,2018-10-23
5086484,10710AB993B2418,10710AB993B2418,15,66000,TXG,14,2140,66000230001,2,AB993,2018-10-23 16:07:00,10710231607,臺中市烏日區烏日里中山路二段昌明巷1號旁附近,0,2,111,112,120,40,137,149,163,172,176,181,186,192,196,206,211,216,218,225,0.0,0.0,2020-02-04 11:18:43,2018-10-23 16:07:00,2018-10-23
5093988,10710AB891B2384,10710AB891B2384,15,66000,TXG,247,2241,66000280005,2,AB891,2018-10-23 10:15:00,10710231015,臺中市大里區祥興里益民路二段與大智路附近,0,1,111,112,120,50,127,141,163,172,176,181,188,189,193,197,208,216,217,233,24.1190350961473,120.684962266097,2020-02-04 11:18:43,2018-10-23 10:15:00,2018-10-23
5087213,10710AB995B2463,10710AB995B2463,15,66000,TXG,288,2179,66000250011,2,AB995,2018-10-23 22:00:00,10710232200,臺中市龍井區龍泉里觀光路2號,0,1,111,114,120,50,126,141,163,172,173,181,188,192,196,201,211,215,217,243,24.1927752446725,120.544772169628,2020-02-04 11:18:43,2018-10-23 22:00:00,2018-10-23
5086554,10710AB291B2425,10710AB291B2425,15,66000,TXG,231,2355,66000050013,2,AB291,2018-10-23 17:18:00,10710231718,臺中市北區建興里德化街170號,0,2,111,112,120,50,127,141,163,172,176,181,188,192,196,206,211,216,218,234,24.1615337764141,120.686397334238,2020-02-04 11:18:43,2018-10-23 17:18:00,2018-10-23
5086173,10710AB795B2405,10710AB795B2405,15,66000,TXG,240,2083,66000180002,2,AB795,2018-10-23 13:15:00,10710231315,臺中市大雅區員林里中清路四段雅環路三段,0,2,111,112,120,50,126,141,163,172,176,181,188,190,193,199,210,215,217,234,24.2281616380696,120.643409433385,2020-02-04 11:18:43,2018-10-23 13:15:00,2018-10-23
5087205,10710AB491B2462,10710AB491B2462,15,66000,TXG,13,2390,66000070022,2,AB491,2018-10-23 21:50:00,10710232150,臺中市南屯區惠中里大墩十一街358號,0,1,111,114,120,40,137,148,163,172,176,181,188,192,196,206,211,215,218,231,24.1480704625077,120.631843301743,2020-02-04 11:18:43,2018-10-23 21:50:00,2018-10-23
5093911,10710ABD91B2373,10710ABD91B2373,15,66000,TXG,241,2100,66000190006,2,ABD91,2018-10-23 08:52:00,10710230852,臺中市新社區大南里興中街大復街,0,1,111,112,120,50,127,141,163,172,176,181,188,190,193,201,211,216,217,234,24.226592243419,120.803382728302,2020-02-04 11:18:43,2018-10-23 08:52:00,2018-10-23
5092724,10710A2AZKB0096,10710A2AZKB0096,15,66000,TXG,232,0,66000060000,2,A2AZK,2018-10-23 07:40:00,10710230740,臺中市西屯區科雅路機車道L65路燈附近附近,0,2,111,112,120,40,137,151,163,172,176,181,188,192,196,197,207,212,217,230,24.2082294823494,120.619121418897,2020-02-04 11:18:43,2018-10-23 07:40:00,2018-10-23
5093295,10710AB993B2360,10710AB993B2360,15,66000,TXG,14,2141,66000230002,2,AB993,2018-10-23 07:59:00,10710230759,臺中市烏日區湖日里公園路562號,0,1,111,112,120,50,137,149,163,172,176,181,188,192,196,201,210,215,218,234,24.1030614864839,120.620005526407,2020-02-04 11:18:43,2018-10-23 07:59:00,2018-10-23
5085963,10710AB591B2388,10710AB591B2388,15,66000,TXG,233,2413,66000080041,2,AB591,2018-10-23 11:03:00,10710231103,臺中市北屯區三和里太原路三段近東光路附近,0,1,111,112,120,50,126,144,163,172,176,181,188,192,196,198,208,215,218,231,24.1607994083837,120.729469356189,2020-02-04 11:18:43,2018-10-23 11:03:00,2018-10-23
5086825,10710AB691B2432,10710AB691B2432,15,66000,TXG,232,2369,66000060017,2,AB691,2018-10-23 17:57:00,10710231757,臺中市西屯區林厝里東大路往北(近國安二路)附近,0,3,111,112,120,50,137,147,163,172,176,181,188,192,196,201,210,215,218,234,0.0,0.0,2020-02-04 11:18:43,2018-10-23 17:57:00,2018-10-23
5086805,10710AB995B2429,10710AB995B2429,15,66000,TXG,288,2174,66000250006,2,AB995,2018-10-23 17:44:00,10710231744,臺中市龍井區麗水里臨港路一段10號,0,1,111,113,120,70,138,162,163,172,176,181,188,192,196,206,211,216,218,235,24.1982954919654,120.512749195991,2020-02-04 11:18:43,2018-10-23 17:44:00,2018-10-23
5105859,10710A24WXB0099,10710A24WXB0099,15,66000,TXG,13,0,66000070000,2,A24WX,2018-10-23 01:25:00,10710230125,臺中市南屯區國道1號181.0公里北側側交流道車道,0,1,111,114,116,50,137,156,163,172,176,181,188,192,196,206,209,216,217,239,0.0,0.0,2020-02-04 11:18:43,2018-10-23 01:25:00,2018-10-23
5093994,10710AB891B2386,10710AB891B2386,15,66000,TXG,245,2186,66000260003,2,AB891,2018-10-23 10:20:00,10710231020,臺中市霧峰區甲寅里中正路1093號,0,1,111,112,120,50,126,141,163,172,176,181,188,189,193,206,211,216,218,236,24.0685786857572,120.69918731053,2020-02-04 11:18:43,2018-10-23 10:20:00,2018-10-23
5086043,10710AB995B2401,10710AB995B2401,15,66000,TXG,288,2179,66000250011,2,AB995,2018-10-23 12:37:00,10710231237,臺中市龍井區龍泉里水裡社街一段水社幹29(G4255FA187)電桿附近附近,0,1,111,112,120,50,126,142,163,172,176,181,188,192,196,201,210,216,217,229,24.1977827686653,120.563203668983,2020-02-04 11:18:43,2018-10-23 12:37:00,2018-10-23
5093326,10710AB795B2363,10710AB795B2363,15,66000,TXG,240,2278,66000180014,2,AB795,2018-10-23 08:17:00,10710230817,臺中市大雅區大楓里前村路42號,0,3,111,112,120,40,128,141,163,172,176,181,188,192,196,206,211,216,218,233,0.0,0.0,2020-02-04 11:18:43,2018-10-23 08:17:00,2018-10-23
5092717,10710AB996B2356,10710AB996B2356,15,66000,TXG,288,2181,66000250013,2,AB996,2018-10-23 07:35:00,10710230735,臺中市龍井區新庄里向上路六段中沙路,0,1,111,112,120,40,137,148,163,172,176,181,188,189,193,197,210,212,217,231,24.1844719147486,120.574080533963,2020-02-04 11:18:43,2018-10-23 07:35:00,2018-10-23
5086537,10710AB793B2423,10710AB793B2423,15,66000,TXG,239,2561,66000170001,2,AB793,2018-10-23 17:03:00,10710231703,臺中市潭子區潭陽里中山路二段與中山路二段237巷口附近,0,2,111,112,120,60,126,141,163,172,176,181,188,189,193,197,209,215,217,234,24.2093773976469,120.704250115104,2020-02-04 11:18:43,2018-10-23 17:03:00,2018-10-23
5086247,10710ABA93B2414,10710ABA93B2414,15,66000,TXG,311,189,66000120006,2,ABA93,2018-10-23 15:15:00,10710231515,臺中市清水區西寧里中興街光華路,0,1,111,112,120,50,127,141,163,172,176,181,188,192,196,206,211,216,218,233,24.2716892471285,120.575811407876,2020-02-04 11:18:43,2018-10-23 15:15:00,2018-10-23
5087188,10710AB795B2459,10710AB795B2459,15,66000,TXG,240,2092,66000180012,2,AB795,2018-10-23 21:20:00,10710232120,臺中市大雅區上雅里民生路一段中清東路,0,1,111,114,120,50,127,141,163,172,176,181,188,189,193,201,210,216,217,234,24.2257474602095,120.645828413658,2020-02-04 11:18:43,2018-10-23 21:20:00,2018-10-23
5086858,10710AB591B2438,10710AB591B2438,15,66000,TXG,233,2395,66000080003,2,AB591,2018-10-23 18:20:00,10710231820,臺中市北屯區三光里太原路三段289-1號,0,1,111,115,120,50,128,142,163,172,176,181,188,189,193,201,210,215,218,234,24.1649386546279,120.694948522142,2020-02-04 11:18:43,2018-10-23 18:20:00,2018-10-23
5085960,10710AB891B2387,10710AB891B2387,15,66000,TXG,247,2241,66000280005,2,AB891,2018-10-23 11:00:00,10710231100,臺中市大里區祥興里大智路與日新路口附近,0,1,111,112,120,50,126,141,163,172,176,181,188,192,196,206,211,216,218,230,24.1211045008241,120.690200828006,2020-02-04 11:18:43,2018-10-23 11:00:00,2018-10-23
5086842,10710AB591B2435,10710AB591B2435,15,66000,TXG,233,2022,66000080023,2,AB591,2018-10-23 18:12:00,10710231812,臺中市北屯區水湳里文心路四段67號,0,2,111,114,120,50,137,149,163,172,176,181,188,192,196,197,210,216,218,230,24.1714423382272,120.690702262984,2020-02-04 11:18:43,2018-10-23 18:12:00,2018-10-23
5086809,10710AB191B2430,10710AB191B2430,15,66000,TXG,230,2340,66000040023,2,AB191,2018-10-23 17:46:00,10710231746,臺中市西區公德里公益路精誠路,0,2,111,114,120,50,127,142,163,172,176,181,188,190,193,206,211,216,218,227,24.1507989729527,120.655127636797,2020-02-04 11:18:43,2018-10-23 17:46:00,2018-10-23
5086536,10710AB891B2422,10710AB891B2422,15,66000,TXG,247,2259,66000280018,2,AB891,2018-10-23 17:00:00,10710231700,臺中市大里區金城里塗城路792號,0,2,111,114,120,50,137,149,163,172,176,181,188,192,196,205,211,216,217,234,24.0905162258003,120.696838090055,2020-02-04 11:18:43,2018-10-23 17:00:00,2018-10-23
5087129,10710AB191B2450,10710AB191B2450,15,66000,TXG,230,0,66000040000,2,AB191,2018-10-23 19:36:00,10710231936,臺中市西區三民路一段37之2號,0,1,111,114,120,50,126,147,163,172,176,181,188,192,196,201,211,215,218,236,0.0,0.0,2020-02-04 11:18:43,2018-10-23 19:36:00,2018-10-23
5086166,10710AB795B2403,10710AB795B2403,15,66000,TXG,240,2084,66000180003,2,AB795,2018-10-23 13:10:00,10710231310,臺中市大雅區六寶里中清路五段153號,0,2,111,112,120,50,126,142,163,172,176,181,188,192,196,199,210,215,217,235,24.2422874698984,120.626469030637,2020-02-04 11:18:43,2018-10-23 13:10:00,2018-10-23
5086897,10710AB591B2447,10710AB591B2447,15,66000,TXG,233,2400,66000080008,2,AB591,2018-10-23 19:07:00,10710231907,臺中市北屯區水景里太原路三段1023號,0,1,111,114,120,60,137,147,163,172,176,181,188,192,196,197,210,215,218,221,24.1607994083837,120.729469356189,2020-02-04 11:18:43,2018-10-23 19:07:00,2018-10-23
5093310,10710AB691B0039,10710AB691B0039,15,66000,TXG,232,2324,66000060039,2,AB691,2018-10-23 08:06:00,10710230806,臺中市西屯區福雅里臺灣大道四段永福路,0,1,111,112,120,40,126,148,163,172,176,181,188,190,193,197,211,216,218,230,24.1810964374898,120.618983292244,2020-02-04 11:18:43,2018-10-23 08:06:00,2018-10-23
5087331,10710AB291B2464,10710AB291B2464,15,66000,TXG,231,2347,66000050005,2,AB291,2018-10-23 22:18:00,10710232218,臺中市北區新北里雙十路一段育才南街,0,1,111,112,120,50,126,141,163,172,176,181,188,192,196,206,211,216,218,234,24.1478874654714,120.686741498363,2020-02-04 11:18:43,2018-10-23 22:18:00,2018-10-23
5086880,10710ABA94B2445,10710ABA94B2445,15,66000,TXG,312,2539,66000140007,2,ABA94,2018-10-23 18:45:00,10710231845,臺中市梧棲區草湳里永興路二段近永興路二段335巷附近,0,1,111,114,120,50,127,142,163,172,176,181,188,192,196,206,211,216,218,233,24.2284979725845,120.521216202039,2020-02-04 11:18:43,2018-10-23 18:45:00,2018-10-23
5086818,10710AB391B2431,10710AB391B2431,15,66000,TXG,228,2066,66000020006,2,AB391,2018-10-23 17:54:00,10710231754,臺中市東區泉源里進德路建成路,0,1,111,114,120,50,128,141,163,172,176,181,188,189,193,206,211,216,218,230,24.1378438901083,120.692709954615,2020-02-04 11:18:43,2018-10-23 17:54:00,2018-10-23
5086246,10710AB491B2413,10710AB491B2413,15,66000,TXG,13,0,66000070000,2,AB491,2018-10-23 15:15:00,10710231515,臺中市南屯區大業路惠文二街,0,1,111,112,120,50,126,149,163,172,176,181,188,192,196,206,211,216,218,234,24.1536753692031,120.641658224515,2020-02-04 11:18:43,2018-10-23 15:15:00,2018-10-23
5087338,10710AB591B2466,10710AB591B2466,15,66000,TXG,233,2032,66000080033,2,AB591,2018-10-23 22:30:00,10710232230,臺中市北屯區松勇里松竹北路32號,0,1,111,114,120,50,127,141,163,172,176,181,188,192,196,206,211,216,218,234,24.1852842455883,120.698773151575,2020-02-04 11:18:43,2018-10-23 22:30:00,2018-10-23
5093953,10710ABB91B2379,10710ABB91B2379,15,66000,TXG,286,2480,66000110001,2,ABB91,2018-10-23 09:30:00,10710230930,臺中市大甲區朝陽里鎮政路89號,0,1,111,112,120,50,137,149,163,172,176,181,188,192,196,201,211,216,217,219,24.3477100021241,120.626138070323,2020-02-04 11:18:43,2018-10-23 09:30:00,2018-10-23
5086853,10710AB391B2436,10710AB391B2436,15,66000,TXG,228,2070,66000020010,2,AB391,2018-10-23 18:19:00,10710231819,臺中市東區十甲里自由路四段337號,0,2,111,114,120,50,137,147,163,172,176,181,188,192,196,201,211,215,218,230,24.1427329850042,120.705634235023,2020-02-04 11:18:43,2018-10-23 18:19:00,2018-10-23
5093316,10710ABA95B2362,10710ABA95B2362,15,66000,TXG,236,2531,66000130019,2,ABA95,2018-10-23 08:10:00,10710230810,臺中市沙鹿區西勢里中清路七段與國道三號南下匝道口附近,0,3,111,112,120,60,127,141,163,172,176,181,188,189,193,206,211,216,217,234,24.2501401833815,120.597428273121,2020-02-04 11:18:43,2018-10-23 08:10:00,2018-10-23
5087175,10710AB891B2456,10710AB891B2456,15,66000,TXG,247,2259,66000280018,2,AB891,2018-10-23 21:04:00,10710232104,臺中市大里區金城里成功路塗城路,0,2,111,115,120,50,127,141,163,172,176,181,188,189,193,206,211,216,218,234,24.0882083242835,120.702741464606,2020-02-04 11:18:43,2018-10-23 21:04:00,2018-10-23
5087398,10710ABB91B2474,10710ABB91B2474,15,66000,TXG,286,2502,66000110023,2,ABB91,2018-10-24 06:45:00,10710240645,臺中市大甲區幸福里東明路76號,0,2,111,113,120,50,126,141,163,172,176,181,188,192,196,206,211,216,218,235,24.3762251966049,120.678592764541,2020-02-04 11:18:43,2018-10-24 06:45:00,2018-10-24
5270544,10710AB891B2550,10710AB891B2550,15,66000,TXG,247,2251,66000280010,2,AB891,2018-10-24 17:10:00,10710241710,臺中市大里區立仁里新仁路一段246號,0,3,111,114,120,50,134,153,163,172,176,181,188,192,196,205,210,216,217,234,24.1105470711446,120.700987553461,2020-02-04 11:18:43,2018-10-24 17:10:00,2018-10-24
5087770,10710AB291B2487,10710AB291B2487,15,66000,TXG,231,2358,66000050016,2,AB291,2018-10-24 07:34:00,10710240734,臺中市北區賴村里進化北路梅川東路,0,2,111,112,120,50,137,149,163,172,176,181,188,192,196,205,210,216,218,230,24.1632164907159,120.676774376061,2020-02-04 11:18:43,2018-10-24 07:34:00,2018-10-24
5272242,10710AB291B2589,10710AB291B2589,15,66000,TXG,231,1995,66000050032,2,AB291,2018-10-24 22:01:00,10710242201,臺中市北區賴旺里中清路一段798號,0,2,111,112,120,40,137,148,163,172,176,181,188,192,196,197,208,215,218,235,24.1713386425814,120.67200260202,2020-02-04 11:18:43,2018-10-24 22:01:00,2018-10-24
5087418,10710AB591B2481,10710AB591B2481,15,66000,TXG,233,2022,66000080023,2,AB591,2018-10-24 07:15:00,10710240715,臺中市北屯區水湳里中清路大連西路,0,2,111,112,120,50,127,141,163,172,176,181,188,189,193,206,211,216,218,234,24.1750053868878,120.670987084327,2020-02-04 11:18:43,2018-10-24 07:15:00,2018-10-24
5270556,10710AB995B2555,10710AB995B2555,15,66000,TXG,288,2173,66000250005,2,AB995,2018-10-24 17:25:00,10710241725,臺中市龍井區福田里中央南路與無名巷(口)附近,0,1,111,113,120,40,126,141,163,172,176,181,188,192,196,206,211,216,218,234,24.1881908410514,120.521596660639,2020-02-04 11:18:43,2018-10-24 17:25:00,2018-10-24
5302807,10710AB591B2502,10710AB591B2502,15,66000,TXG,233,2018,66000080019,2,AB591,2018-10-24 09:37:00,10710240937,臺中市北屯區四民里四平路356-2號,0,2,111,112,120,50,137,147,163,172,176,181,188,192,196,203,210,215,218,234,24.1902250785199,120.683087598371,2020-02-04 11:18:43,2018-10-24 09:37:00,2018-10-24
5087377,10710AB891B2472,10710AB891B2472,15,66000,TXG,247,2255,66000280014,2,AB891,2018-10-24 04:56:00,10710240456,臺中市大里區仁化里工業八路38號,0,1,111,114,120,50,126,142,163,172,176,181,188,192,196,201,210,215,218,236,24.0970052585361,120.717733385798,2020-02-04 11:18:43,2018-10-24 04:56:00,2018-10-24
5087401,10710AB993B2475,10710AB993B2475,15,66000,TXG,14,2140,66000230001,2,AB993,2018-10-24 06:50:00,10710240650,臺中市烏日區烏日里光日路﹑公園路口附近,0,1,111,112,120,50,127,141,163,172,176,181,188,190,193,201,210,215,218,234,24.102600061768,120.62431118166,2020-02-04 11:18:43,2018-10-24 06:50:00,2018-10-24
5087417,10710AB691B2482,10710AB691B2482,15,66000,TXG,232,2367,66000060015,2,AB691,2018-10-24 07:15:00,10710240715,臺中市西屯區港尾里環中路一段1610號,0,1,111,112,120,40,138,149,163,172,176,181,188,192,196,197,210,216,218,231,24.2012674852909,120.662800283197,2020-02-04 11:18:43,2018-10-24 07:15:00,2018-10-24
5087779,10710ABA94B2489,10710ABA94B2489,15,66000,TXG,312,2542,66000140011,2,ABA94,2018-10-24 07:37:00,10710240737,臺中市梧棲區大村里中華路一段980巷48號,0,1,111,112,120,50,137,149,163,172,176,181,188,192,196,205,211,216,218,245,0.0,0.0,2020-02-04 11:18:43,2018-10-24 07:37:00,2018-10-24
5269764,10710AB795B2525,10710AB795B2525,15,66000,TXG,240,2083,66000180002,2,AB795,2018-10-24 13:50:00,10710241350,臺中市大雅區員林里學府路403巷12號,0,1,111,112,120,40,137,149,163,172,176,181,188,192,196,206,211,216,218,230,0.0,0.0,2020-02-04 11:18:43,2018-10-24 13:50:00,2018-10-24
5271411,10710AB891B2572,10710AB891B2572,15,66000,TXG,247,2254,66000280013,2,AB891,2018-10-24 19:17:00,10710241917,臺中市大里區夏田里環河路一段226號,0,1,111,114,120,40,137,149,163,172,176,181,188,192,196,206,211,216,218,236,24.0860851638788,120.676670090223,2020-02-04 11:18:43,2018-10-24 19:17:00,2018-10-24
5303305,10710AB795B2513,10710AB795B2513,15,66000,TXG,240,2082,66000180001,2,AB795,2018-10-24 11:30:00,10710241130,臺中市大雅區大雅里大雅路民興街,0,1,111,112,120,50,127,141,163,172,176,181,188,189,193,206,210,216,217,231,24.22519274487,120.648025584868,2020-02-04 11:18:43,2018-10-24 11:30:00,2018-10-24
5303279,10710AB591B2507,10710AB591B2507,15,66000,TXG,233,2024,66000080025,2,AB591,2018-10-24 10:50:00,10710241050,臺中市北屯區新平里大鵬路54號,0,2,111,112,120,50,126,141,163,172,176,181,188,192,196,206,211,216,218,227,24.1796624346472,120.665942749739,2020-02-04 11:18:43,2018-10-24 10:50:00,2018-10-24
5269772,10710ABB93B2527,10710ABB93B2527,15,66000,TXG,237,2546,66000150001,2,ABB93,2018-10-24 14:05:00,10710241405,臺中市后里區廣福里內東路232號,0,1,111,112,120,50,126,141,163,172,176,181,188,192,196,206,211,216,218,233,24.3017756743964,120.731533223283,2020-02-04 11:18:43,2018-10-24 14:05:00,2018-10-24
5269827,10710ABA93B2539,10710ABA93B2539,15,66000,TXG,311,189,66000120006,2,ABA93,2018-10-24 15:30:00,10710241530,臺中市清水區西寧里五權東路與27巷口附近,0,1,111,112,120,40,127,141,163,172,176,181,188,191,193,206,211,216,217,233,24.2755261468506,120.57589050788,2020-02-04 11:18:43,2018-10-24 15:30:00,2018-10-24
5269782,10710AB995B2530,10710AB995B2530,15,66000,TXG,288,2179,66000250011,2,AB995,2018-10-24 14:20:00,10710241420,臺中市龍井區龍泉里沙田路四段觀光路,0,1,111,112,120,50,126,141,163,172,176,181,188,190,193,206,211,216,218,234,24.1918848014376,120.545904145792,2020-02-04 11:18:43,2018-10-24 14:20:00,2018-10-24
5303314,10710AB994B2515,10710AB994B2515,15,66000,TXG,244,2430,66000240006,2,AB994,2018-10-24 11:40:00,10710241140,臺中市大肚區新興里沙田路二段299號,0,1,111,112,120,50,128,142,163,172,176,181,188,189,193,206,211,216,218,234,24.142655568056,120.548292645207,2020-02-04 11:18:43,2018-10-24 11:40:00,2018-10-24
5269778,10710AB995B2529,10710AB995B2529,15,66000,TXG,288,2169,66000250001,2,AB995,2018-10-24 14:10:00,10710241410,臺中市龍井區竹坑里沙田路四段竹師路一段180巷,0,2,111,112,120,50,127,141,163,172,176,181,188,192,196,206,211,216,218,233,24.1772212604203,120.545847780938,2020-02-04 11:18:43,2018-10-24 14:10:00,2018-10-24
5271433,10710AB891B2575,10710AB891B2575,15,66000,TXG,247,2241,66000280005,2,AB891,2018-10-24 19:45:00,10710241945,臺中市大里區祥興里大智路益民路二段,0,1,111,114,120,50,127,141,163,172,176,181,188,189,193,206,211,216,218,221,24.1190350961473,120.684962266097,2020-02-04 11:18:43,2018-10-24 19:45:00,2018-10-24
5303299,10710AB691B2512,10710AB691B2512,15,66000,TXG,232,0,66000060000,2,AB691,2018-10-24 11:17:00,10710241117,臺中市西屯區臺灣大道三段至善路,0,1,111,112,120,40,126,141,163,172,176,181,188,192,196,206,211,216,218,235,24.1696232738312,120.638769492876,2020-02-04 11:18:43,2018-10-24 11:17:00,2018-10-24
5303283,10710AB491B2509,10710AB491B2509,15,66000,TXG,13,2432,66000070005,2,AB491,2018-10-24 10:59:00,10710241059,臺中市南屯區春社里忠勇路嶺東南路附近,0,1,111,112,120,50,126,159,163,172,176,181,188,189,193,206,211,216,218,221,24.131956113458,120.610598833558,2020-02-04 11:18:43,2018-10-24 10:59:00,2018-10-24
5272240,10710AB291B2588,10710AB291B2588,15,66000,TXG,231,1991,66000050028,2,AB291,2018-10-24 22:00:00,10710242200,臺中市北區大湖里光大街柳川西路三段,0,1,111,114,120,50,127,141,163,172,176,181,188,192,196,206,211,216,218,233,24.1513760716592,120.679628322534,2020-02-04 11:18:43,2018-10-24 22:00:00,2018-10-24
5087430,10710AB995B2484,10710AB995B2484,15,66000,TXG,288,2175,66000250007,2,AB995,2018-10-24 07:25:00,10710240725,臺中市龍井區龍津里觀光路觀光路208巷,0,1,111,112,120,50,127,141,163,172,176,181,188,192,196,206,211,216,218,235,24.1951354882334,120.531058469085,2020-02-04 11:18:43,2018-10-24 07:25:00,2018-10-24
5271422,10710AB591B2574,10710AB591B2574,15,66000,TXG,233,2401,66000080009,2,AB591,2018-10-24 19:30:00,10710241930,臺中市北屯區軍功里環中東路一段982號,0,1,111,114,120,50,126,141,163,172,176,181,188,192,196,206,211,216,218,234,24.1872323121134,120.722101382403,2020-02-04 11:18:43,2018-10-24 19:30:00,2018-10-24
5271419,10710AB794B2573,10710AB794B2573,15,66000,TXG,238,2037,66000160001,2,AB794,2018-10-24 19:27:00,10710241927,臺中市神岡區神岡里中山路1542號,0,1,111,115,120,50,137,147,163,172,176,181,188,192,196,201,211,215,218,230,24.2589293436751,120.658937959828,2020-02-04 11:18:43,2018-10-24 19:27:00,2018-10-24
5270554,10710AB891B2552,10710AB891B2552,15,66000,TXG,247,2239,66000280003,2,AB891,2018-10-24 17:20:00,10710241720,臺中市大里區樹王里文心南路與福德路口附近,0,1,111,113,120,60,127,141,163,172,176,181,188,189,193,206,211,216,218,234,24.1061282572395,120.66611703369,2020-02-04 11:18:43,2018-10-24 17:20:00,2018-10-24
5270601,10710AB691B2563,10710AB691B2563,15,66000,TXG,232,2009,66000060010,2,AB691,2018-10-24 17:58:00,10710241758,臺中市西屯區何厝里漢口路二段25號,0,1,111,114,120,40,126,141,163,172,176,181,188,192,196,206,210,215,218,230,0.0,0.0,2020-02-04 11:18:43,2018-10-24 17:58:00,2018-10-24
5269804,10710AB691B2533,10710AB691B2533,15,66000,TXG,232,2009,66000060010,2,AB691,2018-10-24 14:50:00,10710241450,臺中市西屯區何厝里何厝東一街何厝東二街,0,1,111,112,120,50,127,141,163,172,176,181,188,192,196,201,211,216,218,233,24.1617992617814,120.656288870978,2020-02-04 11:18:43,2018-10-24 14:50:00,2018-10-24
5087404,10710AB291B2477,10710AB291B2477,15,66000,TXG,231,2354,66000050012,2,AB291,2018-10-24 06:55:00,10710240655,臺中市北區邱厝里健行路永興街,0,1,111,112,120,50,127,141,163,172,176,181,188,190,193,206,211,216,218,235,24.1590837244153,120.682335017829,2020-02-04 11:18:43,2018-10-24 06:55:00,2018-10-24
5303265,10710AB391B2504,10710AB391B2504,15,66000,TXG,228,2067,66000020007,2,AB391,2018-10-24 10:27:00,10710241027,臺中市東區旱溪里東光園路旱溪一街,0,1,111,112,120,50,127,141,163,172,176,181,188,192,196,206,211,216,218,233,24.1409740286407,120.697188189572,2020-02-04 11:18:43,2018-10-24 10:27:00,2018-10-24
5302800,10710ABA95B2501,10710ABA95B2501,15,66000,TXG,236,2525,66000130013,2,ABA95,2018-10-24 09:33:00,10710240933,臺中市沙鹿區晉江里晉武路73號,0,1,111,112,120,50,135,149,163,172,176,180,188,192,196,201,211,216,217,235,24.2219862219996,120.581707392446,2020-02-04 11:18:43,2018-10-24 09:33:00,2018-10-24
5270558,10710ABA95B2556,10710ABA95B2556,15,66000,TXG,236,2523,66000130011,2,ABA95,2018-10-24 17:26:00,10710241726,臺中市沙鹿區北勢里北勢東路近東明巷口附近,0,2,111,114,120,40,127,141,163,172,176,181,188,191,193,206,211,216,218,235,24.2215668356893,120.578499230337,2020-02-04 11:18:43,2018-10-24 17:26:00,2018-10-24