識別碼,案件編號,交通事故主表,縣市識別碼,縣市代碼,所屬縣市簡碼,鄉縣市區識別碼,村里識別碼,里代碼,事故類(A1、A2...An),處理單位代碼,案件時間(西元),案件時間(民國),發生地點,死亡人數,受傷人數(含2~30日內死亡),天氣識別碼,光線識別碼,道路類別識別碼,速限,道路型態識別碼,事故位置識別碼,路面鋪裝識別碼,路面狀態識別碼,路面缺陷識別碼,障礙物視距識別碼,視距識別碼,號誌種類識別碼,號誌動作識別碼,車道劃分設施-分向設施識別碼,快車道或一般車道間識別碼,快慢車道間識別碼,路面邊線識別碼,事故類型及型態識別碼,緯度,經度,本平台資料更新時間(yyyy-MM-dd HH:mm:ss),資料代表時間(yyyy-MM-dd HH:mm:ss),資料代表日期(yyyy-MM-dd)
5274673,10710AB191B2633,10710AB191B2633,15,66000,TXG,230,2301,66000040005,2,AB191,2018-10-25 10:06:00,10710251006,臺中市西區廣民里民權路近柳川東路(臺中醫院前)附近,0,1,111,112,120,50,137,149,163,172,176,181,188,192,196,201,210,216,218,234,24.1536642947095,120.670496804515,2020-02-04 11:18:43,2018-10-25 10:06:00,2018-10-25
5204008,10710AB793B2685,10710AB793B2685,15,66000,TXG,239,2079,66000170014,2,AB793,2018-10-25 18:30:00,10710251830,臺中市潭子區頭家東里中山路一段406號,0,1,111,114,120,60,137,148,163,172,176,181,188,192,196,197,209,215,218,231,0.0,0.0,2020-02-04 11:18:43,2018-10-25 18:30:00,2018-10-25
5203958,10710ABA93B2679,10710ABA93B2679,15,66000,TXG,311,192,66000120009,2,ABA93,2018-10-25 17:46:00,10710251746,臺中市清水區西社里鎮政五街與中社路口附近,0,1,111,114,120,50,126,141,163,172,176,181,188,192,196,206,211,216,218,234,24.2713236170222,120.561509319077,2020-02-04 11:18:43,2018-10-25 17:46:00,2018-10-25
5274672,10710AB691B2634,10710AB691B2634,15,66000,TXG,232,2001,66000060002,2,AB691,2018-10-25 10:06:00,10710251006,臺中市西屯區西墩里僑大路僑大二街,0,2,111,112,120,30,126,141,163,172,176,181,188,192,196,206,211,216,218,231,24.1890008511309,120.642947484027,2020-02-04 11:18:43,2018-10-25 10:06:00,2018-10-25
5203371,10710AB793B2671,10710AB793B2671,15,66000,TXG,239,2564,66000170004,2,AB793,2018-10-25 17:03:00,10710251703,臺中市潭子區福仁里中山路二段142號,0,1,111,112,120,60,137,148,163,172,176,181,188,192,196,197,209,215,218,230,0.0,0.0,2020-02-04 11:18:43,2018-10-25 17:03:00,2018-10-25
5204009,10710AB891B2686,10710AB891B2686,15,66000,TXG,247,2268,66000280027,2,AB891,2018-10-25 18:32:00,10710251832,臺中市大里區仁德里仁化路231號,0,1,111,114,120,50,126,141,163,172,176,181,188,189,193,206,211,216,218,235,24.0923529045566,120.712105376083,2020-02-04 11:18:43,2018-10-25 18:32:00,2018-10-25
5204630,10710AB691B2697,10710AB691B2697,15,66000,TXG,232,2309,66000060024,2,AB691,2018-10-25 21:09:00,10710252109,臺中市西屯區西平里福星路443號,0,1,111,114,120,50,137,149,163,172,176,181,188,192,196,201,210,216,218,234,24.1782369042432,120.645120062801,2020-02-04 11:18:43,2018-10-25 21:09:00,2018-10-25
5298632,10710AB691B2661,10710AB691B2661,15,66000,TXG,232,2002,66000060003,2,AB691,2018-10-25 16:26:00,10710251626,臺中市西屯區潮洋里朝馬路81號,0,3,111,112,120,50,127,141,163,172,176,181,188,189,193,201,211,216,218,234,24.1716484340927,120.628753046469,2020-02-04 11:18:43,2018-10-25 16:26:00,2018-10-25
5174442,10710AB795B2667,10710AB795B2667,15,66000,TXG,240,2094,66000180015,2,AB795,2018-10-25 16:48:00,10710251648,臺中市大雅區雅楓里民生路三段115號附近附近,0,2,111,112,120,50,126,142,163,172,176,181,188,191,193,197,210,216,217,234,24.2343920542918,120.669165033672,2020-02-04 11:18:43,2018-10-25 16:48:00,2018-10-25
5273682,10710AB691B2620,10710AB691B2620,15,66000,TXG,232,2007,66000060008,2,AB691,2018-10-25 08:05:00,10710250805,臺中市西屯區鵬程里河南路二段逢大路,0,1,111,112,120,50,137,147,163,172,176,181,188,189,193,201,210,215,218,231,24.1758902830887,120.650700187784,2020-02-04 11:18:43,2018-10-25 08:05:00,2018-10-25
5273731,10710AB993B3473,10710AB993B3473,15,66000,TXG,14,2142,66000230003,2,AB993,2018-10-25 08:40:00,10710250840,臺中市烏日區三和里中山路三段176號,0,2,111,112,120,40,126,141,163,172,176,181,188,189,193,206,211,216,218,234,24.1081114951356,120.606860337323,2020-02-04 11:18:43,2018-10-25 08:40:00,2018-10-25
5297192,10710ABB91B2647,10710ABB91B2647,15,66000,TXG,286,2501,66000110022,2,ABB91,2018-10-25 12:40:00,10710251240,臺中市大甲區孟春里慈德路通天路,0,1,111,112,120,40,126,141,163,172,176,181,188,192,196,206,211,216,218,234,24.383010961398,120.65306234018,2020-02-04 11:18:43,2018-10-25 12:40:00,2018-10-25
5273684,10710ABB93B2621,10710ABB93B2621,15,66000,TXG,237,2546,66000150001,2,ABB93,2018-10-25 08:05:00,10710250805,臺中市后里區廣福里大山路森林園區側門口附近,0,1,111,112,120,50,126,142,163,172,176,181,188,192,196,205,211,216,218,231,24.3049757361247,120.723650532316,2020-02-04 11:18:43,2018-10-25 08:05:00,2018-10-25
5204643,10710ABC91B2700,10710ABC91B2700,15,66000,TXG,246,2207,66000270008,2,ABC91,2018-10-25 21:33:00,10710252133,臺中市太平區中山里環太東路坪林橋,0,1,111,114,120,50,128,141,163,172,176,181,188,189,193,206,211,216,218,234,24.1551772437362,120.727615673484,2020-02-04 11:18:43,2018-10-25 21:33:00,2018-10-25
5203358,10710AB993B2668,10710AB993B2668,15,66000,TXG,14,2146,66000230008,2,AB993,2018-10-25 16:54:00,10710251654,臺中市烏日區前竹里中山路三段環中路六段,0,1,111,112,120,60,127,141,163,172,176,181,188,189,193,206,211,216,218,233,24.1103824696622,120.646658032247,2020-02-04 11:18:43,2018-10-25 16:54:00,2018-10-25
5203962,10710ABA95B2680,10710ABA95B2680,15,66000,TXG,236,2524,66000130012,2,ABA95,2018-10-25 17:50:00,10710251750,臺中市沙鹿區福興里鎮南路二段與鎮政路口附近,0,2,110,114,120,50,126,141,163,172,176,181,188,189,193,206,211,216,218,234,24.2324549287987,120.565216807897,2020-02-04 11:18:43,2018-10-25 17:50:00,2018-10-25
5270947,10710AB391B2702,10710AB391B2702,15,66000,TXG,229,2296,66000030022,2,AB391,2018-10-25 21:49:00,10710252149,臺中市南區崇倫里建國南路一段東興路,0,1,111,114,120,50,126,141,163,172,176,181,188,189,193,206,211,216,218,234,24.1222904618445,120.653807091757,2020-02-04 11:18:43,2018-10-25 21:49:00,2018-10-25
5274638,10710ABB91B2629,10710ABB91B2629,15,66000,TXG,286,2501,66000110022,2,ABB91,2018-10-25 09:30:00,10710250930,臺中市大甲區孟春里臨江路77巷4號,0,1,111,112,120,40,137,149,163,172,176,181,184,192,196,206,211,216,218,245,24.3941293171324,120.633635774141,2020-02-04 11:18:43,2018-10-25 09:30:00,2018-10-25
5272856,10710AB795B2604,10710AB795B2604,15,66000,TXG,240,2089,66000180008,2,AB795,2018-10-25 07:10:00,10710250710,臺中市大雅區西寶里昌平路三段412巷56號,0,2,111,112,120,50,126,142,163,172,176,181,188,192,196,206,210,216,217,231,0.0,0.0,2020-02-04 11:18:43,2018-10-25 07:10:00,2018-10-25
5272934,10710AB391B2618,10710AB391B2618,15,66000,TXG,229,2287,66000030013,2,AB391,2018-10-25 08:00:00,10710250800,臺中市南區樹德里建國南路一段147號,0,1,111,112,120,50,137,147,163,172,176,181,188,192,196,201,210,215,218,231,24.121746981311,120.652927241392,2020-02-04 11:18:43,2018-10-25 08:00:00,2018-10-25
5204637,10710ABC91B2698,10710ABC91B2698,15,66000,TXG,246,2210,66000270011,2,ABC91,2018-10-25 21:21:00,10710252121,臺中市太平區新坪里建和路一段18號,0,1,111,114,120,50,137,149,163,172,176,181,188,192,196,201,211,216,217,231,24.1586264283779,120.719017924194,2020-02-04 11:18:43,2018-10-25 21:21:00,2018-10-25
5203951,10710AB891B2677,10710AB891B2677,15,66000,TXG,247,2239,66000280003,2,AB891,2018-10-25 17:40:00,10710251740,臺中市大里區樹王里中投東路三段與東興路口附近,0,1,111,114,120,40,127,141,163,172,176,181,188,189,193,201,208,216,218,234,24.0847078925351,120.66444374247,2020-02-04 11:18:43,2018-10-25 17:40:00,2018-10-25
5298592,10710AB995B2658,10710AB995B2658,15,66000,TXG,288,2178,66000250010,2,AB995,2018-10-25 15:46:00,10710251546,臺中市龍井區山腳里向上路八段中興路橋上西端出口附近附近,0,1,111,112,120,60,137,147,163,172,176,181,188,189,193,199,210,215,218,231,24.2192756565846,120.538733056998,2020-02-04 11:18:43,2018-10-25 15:46:00,2018-10-25
5273719,10710ABA94B2624,10710ABA94B2624,15,66000,TXG,312,2542,66000140011,2,ABA94,2018-10-25 08:33:00,10710250833,臺中市梧棲區大村里文心街文心街195巷,0,1,111,112,120,40,127,141,163,172,176,181,188,192,196,206,211,216,218,233,24.2422110941276,120.54520381172,2020-02-04 11:18:43,2018-10-25 08:33:00,2018-10-25
5297936,10710AB391B2656,10710AB391B2656,15,66000,TXG,229,2246,66000030003,2,AB391,2018-10-25 15:10:00,10710251510,臺中市南區南門里國光路興大女生宿舍前附近,0,1,111,112,120,40,126,141,163,172,176,181,188,192,196,206,211,216,218,234,24.1266748519609,120.679242546595,2020-02-04 11:18:43,2018-10-25 15:10:00,2018-10-25
5298614,10710ABA95B2660,10710ABA95B2660,15,66000,TXG,236,2521,66000130009,2,ABA95,2018-10-25 16:10:00,10710251610,臺中市沙鹿區竹林里三民路56號,0,2,111,112,120,60,137,152,163,172,176,181,188,192,196,206,211,216,218,234,0.0,0.0,2020-02-04 11:18:43,2018-10-25 16:10:00,2018-10-25
5273757,10710ABA94B2627,10710ABA94B2627,15,66000,TXG,312,2539,66000140007,2,ABA94,2018-10-25 08:56:00,10710250856,臺中市梧棲區草湳里臨港路三段(33G3763GE72)路燈前附近,0,1,111,112,120,40,137,148,163,172,176,181,188,192,196,197,211,215,217,230,24.2447591287944,120.520790807392,2020-02-04 11:18:43,2018-10-25 08:56:00,2018-10-25
5272852,10710AB691B2599,10710AB691B2599,15,66000,TXG,232,2005,66000060006,2,AB691,2018-10-25 07:07:00,10710250707,臺中市西屯區上石里中平路118號,0,2,111,112,120,40,126,142,163,172,176,181,188,189,193,201,210,215,218,234,24.1763489218589,120.661209917896,2020-02-04 11:18:43,2018-10-25 07:07:00,2018-10-25
5204015,10710AB591B2687,10710AB591B2687,15,66000,TXG,233,2400,66000080008,2,AB591,2018-10-25 18:37:00,10710251837,臺中市北屯區水景里太原路.近和順路附近,0,1,111,114,120,40,126,142,163,172,176,181,188,192,196,197,210,215,218,234,0.0,0.0,2020-02-04 11:18:43,2018-10-25 18:37:00,2018-10-25
5272879,10710AB793B2607,10710AB793B2607,15,66000,TXG,239,2561,66000170001,2,AB793,2018-10-25 07:34:00,10710250734,臺中市潭子區潭陽里潭興路二段福貴路,0,1,111,112,120,50,128,141,163,172,176,181,188,189,193,206,211,216,218,234,24.2068339807398,120.711307350608,2020-02-04 11:18:43,2018-10-25 07:34:00,2018-10-25
5270948,10710ABA95B2703,10710ABA95B2703,15,66000,TXG,236,2531,66000130019,2,ABA95,2018-10-25 21:50:00,10710252150,臺中市沙鹿區西勢里中清路七段357號,0,1,111,114,120,60,137,147,163,172,176,181,188,191,193,197,210,212,217,234,24.2501401833815,120.597428273121,2020-02-04 11:18:43,2018-10-25 21:50:00,2018-10-25
5297896,10710AB794B2651,10710AB794B2651,15,66000,TXG,238,2046,66000160010,2,AB794,2018-10-25 14:19:00,10710251419,臺中市神岡區豐洲里豐洲路42號,0,2,111,112,120,40,127,141,163,172,176,181,188,192,196,206,211,216,218,233,24.2579151384183,120.712829720646,2020-02-04 11:18:43,2018-10-25 14:19:00,2018-10-25
5272915,10710AB795B2616,10710AB795B2616,15,66000,TXG,240,2087,66000180006,2,AB795,2018-10-25 07:49:00,10710250749,臺中市大雅區橫山里永和路高鐵橋下道路口附近,0,1,111,112,120,50,137,148,163,172,176,181,188,192,196,205,210,215,217,235,24.2124377805184,120.63255981309,2020-02-04 11:18:43,2018-10-25 07:49:00,2018-10-25
5272899,10710ABA95B2612,10710ABA95B2612,15,66000,TXG,236,2520,66000130008,2,ABA95,2018-10-25 07:42:00,10710250742,臺中市沙鹿區鹿寮里光榮街近福安街口附近,0,1,111,112,120,50,127,141,163,172,176,181,188,192,196,206,211,216,218,235,24.2432730537238,120.562482285726,2020-02-04 11:18:43,2018-10-25 07:42:00,2018-10-25
5270971,10710ABB91B2707,10710ABB91B2707,15,66000,TXG,287,2139,66000220012,2,ABB91,2018-10-25 22:30:00,10710252230,臺中市大安區松雅里大安港路526號,0,1,111,114,120,50,137,149,163,172,175,181,188,192,196,200,211,215,217,235,24.3635369691267,120.602706496637,2020-02-04 11:18:43,2018-10-25 22:30:00,2018-10-25
5203391,10710AB993B2674,10710AB993B2674,15,66000,TXG,14,2141,66000230002,2,AB993,2018-10-25 17:19:00,10710251719,臺中市烏日區湖日里五光路路燈10737附近,0,1,111,112,120,50,128,141,163,172,176,181,188,189,193,206,211,216,218,234,24.0929329889978,120.647261995454,2020-02-04 11:18:43,2018-10-25 17:19:00,2018-10-25
5204631,10710AB591B2696,10710AB591B2696,15,66000,TXG,233,2016,66000080017,2,AB591,2018-10-25 21:09:00,10710252109,臺中市北屯區仁和里崇德路三段201號,0,1,111,114,120,50,137,149,163,172,176,181,188,192,196,197,210,216,218,234,24.1878387622824,120.686260359286,2020-02-04 11:18:43,2018-10-25 21:09:00,2018-10-25
5275508,10710AB891B2644,10710AB891B2644,15,66000,TXG,247,2239,66000280003,2,AB891,2018-10-25 11:48:00,10710251148,臺中市大里區樹王里樹王路221號,0,2,111,112,120,40,127,141,163,172,176,181,188,190,193,206,211,216,218,231,24.1031918210176,120.674979256891,2020-02-04 11:18:43,2018-10-25 11:48:00,2018-10-25
5274686,10710AB291B2635,10710AB291B2635,15,66000,TXG,231,2343,66000050001,2,AB291,2018-10-25 10:17:00,10710251017,臺中市北區光大里五權路太平路附近,0,1,111,112,120,50,137,147,163,172,176,181,188,192,196,199,210,215,218,231,24.151625722874,120.678122136998,2020-02-04 11:18:43,2018-10-25 10:17:00,2018-10-25
5273694,10710AB591B0037,10710AB591B0037,15,66000,TXG,233,2401,66000080009,2,AB591,2018-10-25 08:13:00,10710250813,臺中市北屯區軍功里東山路一段軍功路一段238巷25弄,0,1,111,112,120,50,126,141,163,172,176,181,188,189,193,206,211,216,218,232,24.1758331228642,120.719181955046,2020-02-04 11:18:43,2018-10-25 08:13:00,2018-10-25
5274728,10710AB291B2642,10710AB291B2642,15,66000,TXG,231,1991,66000050028,2,AB291,2018-10-25 10:59:00,10710251059,臺中市北區大湖里太平路173號,0,1,111,112,120,50,127,141,163,172,176,181,188,189,193,206,211,216,218,231,0.0,0.0,2020-02-04 11:18:43,2018-10-25 10:59:00,2018-10-25
5273740,10710ABB91B2626,10710ABB91B2626,15,66000,TXG,286,2488,66000110009,2,ABB91,2018-10-25 08:45:00,10710250845,臺中市大甲區中山里甲后路五段甲后路五段512巷,0,1,111,112,120,50,126,141,163,172,176,181,188,192,196,206,211,216,217,236,24.3464409917368,120.631183655211,2020-02-04 11:18:43,2018-10-25 08:45:00,2018-10-25
5272870,10710AB391B2606,10710AB391B2606,15,66000,TXG,228,2065,66000020005,2,AB391,2018-10-25 07:25:00,10710250725,臺中市東區干城里建國路建國路240巷口附近,0,2,111,112,120,40,126,141,163,172,176,181,188,192,196,200,208,216,218,234,24.1394888065011,120.686063371166,2020-02-04 11:18:43,2018-10-25 07:25:00,2018-10-25
5203998,10710AB891B2684,10710AB891B2684,15,66000,TXG,245,2194,66000260012,2,AB891,2018-10-25 18:25:00,10710251825,臺中市霧峰區四德里中投東路二段280號,0,1,111,114,120,40,134,148,163,172,176,180,188,192,196,206,211,216,217,247,24.0657015748885,120.663167863759,2020-02-04 11:18:43,2018-10-25 18:25:00,2018-10-25
5297923,10710AB591B2655,10710AB591B2655,15,66000,TXG,233,2413,66000080041,2,AB591,2018-10-25 14:45:00,10710251445,臺中市北屯區三和里旱溪西路三段2之3號,0,2,111,112,120,50,137,147,163,172,176,181,188,192,196,201,210,215,218,234,24.1741174689625,120.707427189497,2020-02-04 11:18:43,2018-10-25 14:45:00,2018-10-25
5272869,10710AB993B2605,10710AB993B2605,15,66000,TXG,14,2142,66000230003,2,AB993,2018-10-25 07:24:00,10710250724,臺中市烏日區三和里學田路576號,0,1,110,112,120,50,137,149,163,172,176,181,188,192,196,201,211,216,217,231,24.1227348171163,120.607392071179,2020-02-04 11:18:43,2018-10-25 07:24:00,2018-10-25
5273683,10710ABD91B2622,10710ABD91B2622,15,66000,TXG,242,2112,66000200006,2,ABD91,2018-10-25 08:05:00,10710250805,臺中市石岡區萬興里豐勢路萬仙街(土牛所)附近,0,1,111,112,120,70,127,141,163,172,176,181,188,189,193,206,211,216,218,235,24.2728602709442,120.791452602234,2020-02-04 11:18:43,2018-10-25 08:05:00,2018-10-25
5297853,10710ABC91B2649,10710ABC91B2649,15,66000,TXG,246,2209,66000270010,2,ABC91,2018-10-25 13:14:00,10710251314,臺中市太平區光華里大興路大興十五街,0,1,111,112,120,50,126,141,163,172,176,181,188,191,193,201,211,216,217,234,24.1570590828502,120.738314021769,2020-02-04 11:18:43,2018-10-25 13:14:00,2018-10-25
5203945,10710ABB93B2676,10710ABB93B2676,15,66000,TXG,237,0,66000150000,2,ABB93,2018-10-25 17:38:00,10710251738,臺中市后里區三豐路三段67號,0,1,111,114,120,50,137,152,163,172,176,181,188,192,196,197,210,215,217,231,24.2858115288047,120.722822179851,2020-02-04 11:18:43,2018-10-25 17:38:00,2018-10-25
5203987,10710AB591B2683,10710AB591B2683,15,66000,TXG,233,2401,66000080009,2,AB591,2018-10-25 18:10:00,10710251810,臺中市北屯區軍功里松竹路一段887號旁大樓車道前附近,0,1,111,114,120,40,137,148,163,172,176,181,188,192,196,197,210,215,218,231,24.182300730389,120.714659337687,2020-02-04 11:18:43,2018-10-25 18:10:00,2018-10-25
5272854,10710AB891B2600,10710AB891B2600,15,66000,TXG,245,2187,66000260004,2,AB891,2018-10-25 07:09:00,10710250709,臺中市霧峰區本鄉里中正路933號,0,1,111,112,120,50,137,147,163,172,176,181,188,192,196,201,211,215,217,235,24.0672129439009,120.699018561399,2020-02-04 11:18:43,2018-10-25 07:09:00,2018-10-25
5204035,10710AB793B2692,10710AB793B2692,15,66000,TXG,239,2567,66000170007,2,AB793,2018-10-25 19:07:00,10710251907,臺中市潭子區東寶里雅潭路大富路一段,0,1,111,112,120,60,137,149,163,172,176,181,188,189,193,204,209,215,217,221,24.2162619659028,120.684713771725,2020-02-04 11:18:43,2018-10-25 19:07:00,2018-10-25
5203966,10710ABA95B2681,10710ABA95B2681,15,66000,TXG,236,2525,66000130013,2,ABA95,2018-10-25 17:52:00,10710251752,臺中市沙鹿區晉江里臺灣大道路七段與英才路口附近,0,1,111,114,120,40,126,141,163,172,176,181,188,189,193,197,210,212,217,230,0.0,0.0,2020-02-04 11:18:43,2018-10-25 17:52:00,2018-10-25
5204026,10710ABA95B2690,10710ABA95B2690,15,66000,TXG,236,2517,66000130005,2,ABA95,2018-10-25 18:51:00,10710251851,臺中市沙鹿區興仁里鎮南路二段沙田路,0,1,111,113,120,50,127,141,163,172,176,181,188,189,193,206,211,216,218,235,24.234757004932,120.55881856182,2020-02-04 11:18:43,2018-10-25 18:51:00,2018-10-25
5274661,10710AB191B2632,10710AB191B2632,15,66000,TXG,230,2299,66000040003,2,AB191,2018-10-25 09:53:00,10710250953,臺中市西區三民里三民路一段與民權路口附近,0,3,111,112,120,50,127,141,163,172,176,181,188,189,193,206,211,216,218,234,24.1402108442195,120.677255336602,2020-02-04 11:18:43,2018-10-25 09:53:00,2018-10-25
5274693,10710ABB91B2636,10710ABB91B2636,15,66000,TXG,286,2489,66000110010,2,ABB91,2018-10-25 10:25:00,10710251025,臺中市大甲區南陽里南陽街26號,0,1,111,112,120,50,137,149,163,172,176,181,188,192,196,205,211,216,218,235,0.0,0.0,2020-02-04 11:18:43,2018-10-25 10:25:00,2018-10-25
5297951,10710AB793B2657,10710AB793B2657,15,66000,TXG,239,2567,66000170007,2,AB793,2018-10-25 15:37:00,10710251537,臺中市潭子區東寶里崇德路四段262號,0,1,111,112,120,60,137,149,163,172,176,181,188,192,196,205,210,216,217,231,24.2076236618714,120.686595805876,2020-02-04 11:18:43,2018-10-25 15:37:00,2018-10-25
5275372,10710AB891B2792,10710AB891B2792,15,66000,TXG,247,2262,66000280021,2,AB891,2018-10-26 16:36:00,10710261636,臺中市大里區國光里德芳路二段環保公園附近,0,1,111,112,120,60,137,148,163,172,176,181,188,192,196,197,210,215,217,235,24.1029720601802,120.675342391462,2020-02-04 11:18:43,2018-10-26 16:36:00,2018-10-26
5271853,10710AB691B2723,10710AB691B2723,15,66000,TXG,232,2369,66000060017,2,AB691,2018-10-26 07:53:00,10710260753,臺中市西屯區林厝里西屯路三段166之25號,0,1,111,112,120,50,127,142,163,172,176,181,188,189,193,201,210,215,218,234,24.1887593213321,120.61696029123,2020-02-04 11:18:43,2018-10-26 07:53:00,2018-10-26
5273524,10710AB795B2749,10710AB795B2749,15,66000,TXG,240,2094,66000180015,2,AB795,2018-10-26 10:58:00,10710261058,臺中市大雅區雅楓里民生路三段27號,0,1,111,112,120,50,137,147,163,172,176,181,188,192,196,201,210,216,217,235,24.2286942472415,120.657182029897,2020-02-04 11:18:43,2018-10-26 10:58:00,2018-10-26
5272682,10710AB591B2734,10710AB591B2734,15,66000,TXG,233,2017,66000080018,2,AB591,2018-10-26 09:00:00,10710260900,臺中市北屯區仁美里崇德路三段1002巷38弄39號,0,2,111,112,120,40,137,149,163,172,176,181,188,192,196,206,211,216,218,234,24.188955359514,120.682391573578,2020-02-04 11:18:43,2018-10-26 09:00:00,2018-10-26
5274447,10710AB891B2760,10710AB891B2760,15,66000,TXG,247,2255,66000280014,2,AB891,2018-10-26 12:25:00,10710261225,臺中市大里區仁化里仁化路與仁化工十九路口附近,0,2,111,112,120,50,127,142,163,172,176,181,188,190,193,201,210,215,217,231,24.0936496017326,120.720049876394,2020-02-04 11:18:43,2018-10-26 12:25:00,2018-10-26
5275298,10710AB891B2782,10710AB891B2782,15,66000,TXG,247,2239,66000280003,2,AB891,2018-10-26 15:00:00,10710261500,臺中市大里區樹王里中投東路三段與德芳路三段口附近,0,1,111,112,120,50,128,141,163,172,176,181,188,189,193,197,211,216,218,234,24.0847078925351,120.66444374247,2020-02-04 11:18:43,2018-10-26 15:00:00,2018-10-26
5275338,10710AB191B2784,10710AB191B2784,15,66000,TXG,230,2342,66000040025,2,AB191,2018-10-26 16:07:00,10710261607,臺中市西區大忠里五權五街257巷與五權七街附近,0,1,111,112,120,50,127,141,163,172,176,181,188,192,196,206,211,216,218,234,24.1351356506281,120.656242108698,2020-02-04 11:18:43,2018-10-26 16:07:00,2018-10-26
5222024,10710AB691B2818,10710AB691B2818,15,66000,TXG,232,2317,66000060032,2,AB691,2018-10-26 18:55:00,10710261855,臺中市西屯區何福里成都路寧夏路,0,1,111,114,120,50,127,141,163,172,176,181,188,189,193,205,211,215,218,234,24.1666414063112,120.661422972613,2020-02-04 11:18:43,2018-10-26 18:55:00,2018-10-26
5273560,10710AB891B2754,10710AB891B2754,15,66000,TXG,247,2261,66000280020,2,AB891,2018-10-26 11:40:00,10710261140,臺中市大里區西湖里西柳街32巷,0,1,111,112,120,40,126,141,163,172,176,181,188,191,193,206,211,216,218,235,24.076306522066,120.67935468428,2020-02-04 11:18:43,2018-10-26 11:40:00,2018-10-26
5222648,10710AB391B2832,10710AB391B2832,15,66000,TXG,229,2279,66000030005,2,AB391,2018-10-26 21:48:00,10710262148,臺中市南區積善里興大路學府路,0,1,111,114,120,50,138,147,163,172,176,181,188,189,193,201,208,216,218,235,24.1241252157706,120.675180492967,2020-02-04 11:18:43,2018-10-26 21:48:00,2018-10-26
5272676,10710AB891B2733,10710AB891B2733,15,66000,TXG,247,2267,66000280026,2,AB891,2018-10-26 08:59:00,10710260859,臺中市大里區立德里好來二街24號,0,1,111,112,120,50,137,149,163,172,176,181,188,192,196,205,211,216,217,235,24.109963744471,120.69959107135,2020-02-04 11:18:43,2018-10-26 08:59:00,2018-10-26
5222660,10710AB891B2834,10710AB891B2834,15,66000,TXG,247,2250,66000280009,2,AB891,2018-10-26 22:16:00,10710262216,臺中市大里區東昇里環中東路五段260-11號,0,1,111,114,120,40,137,149,163,172,176,181,188,192,196,201,208,216,217,234,24.1228202894113,120.701372234783,2020-02-04 11:18:43,2018-10-26 22:16:00,2018-10-26
5276229,10710AB891B2793,10710AB891B2793,15,66000,TXG,247,2238,66000280002,2,AB891,2018-10-26 16:46:00,10710261646,臺中市大里區新里里樹王路與德芳路二段口附近,0,1,111,112,120,50,137,147,163,172,176,181,188,192,196,200,211,215,218,230,24.1029243598709,120.675204477309,2020-02-04 11:18:43,2018-10-26 16:46:00,2018-10-26
5276293,10710AB795B2803,10710AB795B2803,15,66000,TXG,240,2089,66000180008,2,AB795,2018-10-26 17:50:00,10710261750,臺中市大雅區西寶里昌平路三段707號,0,1,111,114,120,50,127,141,163,172,176,181,188,192,196,206,211,216,218,231,24.2142445575006,120.669198208429,2020-02-04 11:18:43,2018-10-26 17:50:00,2018-10-26
5273530,10710AB993B2751,10710AB993B2751,15,66000,TXG,14,2141,66000230002,2,AB993,2018-10-26 11:02:00,10710261102,臺中市烏日區湖日里中山路二段新興路,0,1,111,112,120,60,128,149,163,172,176,181,188,189,193,197,210,216,217,234,24.1049553167155,120.631150637316,2020-02-04 11:18:43,2018-10-26 11:02:00,2018-10-26
5222655,10710AB891B2833,10710AB891B2833,15,66000,TXG,245,2188,66000260005,2,AB891,2018-10-26 22:08:00,10710262208,臺中市霧峰區中正里中正路998號,0,1,111,114,120,50,126,142,163,172,176,181,188,189,193,201,211,215,217,231,24.0672129439009,120.699018561399,2020-02-04 11:18:43,2018-10-26 22:08:00,2018-10-26
5274517,10710AB691B2772,10710AB691B2772,15,66000,TXG,232,2371,66000060019,2,AB691,2018-10-26 13:57:00,10710261357,臺中市西屯區福安里福科路11820燈桿附近,0,1,111,112,120,40,137,152,163,172,176,181,188,192,196,197,210,215,218,235,24.1872526902853,120.607635853474,2020-02-04 11:18:43,2018-10-26 13:57:00,2018-10-26
5274472,10710AB491B2764,10710AB491B2764,15,66000,TXG,13,2376,66000070008,2,AB491,2018-10-26 12:45:00,10710261245,臺中市南屯區新生里環中路近龍富十路附近,0,1,111,112,120,40,137,148,163,172,176,181,188,192,196,197,210,212,218,234,0.0,0.0,2020-02-04 11:18:43,2018-10-26 12:45:00,2018-10-26
5271028,10710AB891B2712,10710AB891B2712,15,66000,TXG,247,2257,66000280016,2,AB891,2018-10-26 06:40:00,10710260640,臺中市大里區塗城里塗城路106號,0,1,111,112,120,50,126,141,163,172,176,181,188,192,196,201,210,216,217,236,24.0859831858624,120.712144638,2020-02-04 11:18:43,2018-10-26 06:40:00,2018-10-26
5222004,10710AB391B2813,10710AB391B2813,15,66000,TXG,229,2296,66000030022,2,AB391,2018-10-26 18:35:00,10710261835,臺中市南區崇倫里建國南路一段建國南路一段236巷,0,1,111,114,120,50,126,142,163,172,176,181,188,192,196,201,210,215,218,235,24.1240848736538,120.656734034675,2020-02-04 11:18:43,2018-10-26 18:35:00,2018-10-26