識別碼,案件編號,交通事故主表,縣市識別碼,縣市代碼,所屬縣市簡碼,鄉縣市區識別碼,村里識別碼,里代碼,事故類(A1、A2...An),處理單位代碼,案件時間(西元),案件時間(民國),發生地點,死亡人數,受傷人數(含2~30日內死亡),天氣識別碼,光線識別碼,道路類別識別碼,速限,道路型態識別碼,事故位置識別碼,路面鋪裝識別碼,路面狀態識別碼,路面缺陷識別碼,障礙物視距識別碼,視距識別碼,號誌種類識別碼,號誌動作識別碼,車道劃分設施-分向設施識別碼,快車道或一般車道間識別碼,快慢車道間識別碼,路面邊線識別碼,事故類型及型態識別碼,緯度,經度,本平台資料更新時間(yyyy-MM-dd HH:mm:ss),資料代表時間(yyyy-MM-dd HH:mm:ss),資料代表日期(yyyy-MM-dd)
5272635,10710AB793B2729,10710AB793B2729,15,66000,TXG,239,2561,66000170001,2,AB793,2018-10-26 08:24:00,10710260824,臺中市潭子區潭陽里潭子街一段31巷,0,1,111,112,120,50,136,149,163,172,176,181,188,189,193,204,209,216,217,229,0.0,0.0,2020-02-04 11:18:43,2018-10-26 08:24:00,2018-10-26
5274507,10710AB891B2771,10710AB891B2771,15,66000,TXG,245,2185,66000260002,2,AB891,2018-10-26 13:30:00,10710261330,臺中市霧峰區吉峰里吉峰路216號,0,1,111,112,120,50,134,149,163,172,176,181,188,192,196,201,211,216,217,236,24.0772739814886,120.714508389829,2020-02-04 11:18:43,2018-10-26 13:30:00,2018-10-26
5276246,10710ABB93B2796,10710ABB93B2796,15,66000,TXG,237,2554,66000150009,2,ABB93,2018-10-26 17:13:00,10710261713,臺中市后里區墩北里甲后路一段1222號,0,1,111,112,120,50,137,152,163,172,176,181,188,192,196,201,210,215,217,234,24.3111805139575,120.708589138731,2020-02-04 11:18:43,2018-10-26 17:13:00,2018-10-26
5222610,10710ABA93B2827,10710ABA93B2827,15,66000,TXG,311,186,66000120003,2,ABA93,2018-10-26 20:20:00,10710262020,臺中市清水區清水里清水街新興路附近,0,1,111,114,120,50,127,141,163,172,176,181,188,192,196,206,211,216,218,233,24.2689565428751,120.576931461308,2020-02-04 11:18:43,2018-10-26 20:20:00,2018-10-26
5222034,10710AB891B2820,10710AB891B2820,15,66000,TXG,245,2193,66000260011,2,AB891,2018-10-26 19:09:00,10710261909,臺中市霧峰區南柳里中正路473號,0,1,111,114,120,70,126,141,163,172,176,181,188,189,193,206,211,216,218,234,0.0,0.0,2020-02-04 11:18:43,2018-10-26 19:09:00,2018-10-26
5276232,10710AB391B2795,10710AB391B2795,15,66000,TXG,229,2246,66000030003,2,AB391,2018-10-26 16:53:00,10710261653,臺中市南區南門里國光路南門路,0,1,111,112,120,50,126,141,163,172,176,181,188,190,193,206,211,216,218,234,24.1223462919959,120.679385826997,2020-02-04 11:18:43,2018-10-26 16:53:00,2018-10-26
5276230,10710AB691B2794,10710AB691B2794,15,66000,TXG,232,2371,66000060019,2,AB691,2018-10-26 16:50:00,10710261650,臺中市西屯區福安里臺灣大道四段福元路,0,1,111,112,120,50,126,142,163,172,176,181,188,192,196,197,210,216,218,234,24.1740426098956,120.63266140329,2020-02-04 11:18:43,2018-10-26 16:50:00,2018-10-26
5275354,10710AB996B2788,10710AB996B2788,15,66000,TXG,288,2183,66000250015,2,AB996,2018-10-26 16:18:00,10710261618,臺中市龍井區新東里新興路85巷口附近,0,1,111,112,120,50,126,142,163,172,176,181,188,192,196,201,211,216,218,230,24.181171137217,120.591253025784,2020-02-04 11:18:43,2018-10-26 16:18:00,2018-10-26
5271798,10710AB591B2715,10710AB591B2715,15,66000,TXG,233,0,66000080000,2,AB591,2018-10-26 07:15:00,10710260715,臺中市北屯區松竹路二段7巷近舊社公園活動中心附近,0,1,111,112,120,50,138,153,163,172,176,181,188,192,196,205,210,216,218,230,0.0,0.0,2020-02-04 11:18:43,2018-10-26 07:15:00,2018-10-26
5271842,10710AB691B2722,10710AB691B2722,15,66000,TXG,232,2369,66000060017,2,AB691,2018-10-26 07:46:00,10710260746,臺中市西屯區林厝里都會園路1215巷,0,3,111,112,120,50,127,141,163,172,176,181,188,189,193,197,210,215,218,234,24.1985486327424,120.595720682931,2020-02-04 11:18:43,2018-10-26 07:46:00,2018-10-26
5272707,10710AB591B2736,10710AB591B2736,15,66000,TXG,233,2572,66000080002,2,AB591,2018-10-26 09:30:00,10710260930,臺中市北屯區北屯里太原路三段141號,0,1,111,112,120,40,126,142,163,172,176,181,188,189,193,201,211,215,218,231,24.165091141621,120.689894757774,2020-02-04 11:18:43,2018-10-26 09:30:00,2018-10-26
5222022,10710AB491B2817,10710AB491B2817,15,66000,TXG,13,2376,66000070008,2,AB491,2018-10-26 18:50:00,10710261850,臺中市南屯區新生里環中路四段161號,0,1,111,114,120,40,137,148,163,172,176,181,188,192,196,197,210,212,218,230,24.1432477546621,120.62336853531,2020-02-04 11:18:43,2018-10-26 18:50:00,2018-10-26
5274486,10710AB996B2765,10710AB996B2765,15,66000,TXG,288,2181,66000250013,2,AB996,2018-10-26 13:00:00,10710261300,臺中市龍井區新庄里水裡社路路燈02016號前附近,0,1,111,112,120,50,134,149,163,172,176,181,188,192,196,201,211,216,218,236,0.0,0.0,2020-02-04 11:18:43,2018-10-26 13:00:00,2018-10-26
5271781,10710AB891B2713,10710AB891B2713,15,66000,TXG,247,2267,66000280026,2,AB891,2018-10-26 07:00:00,10710260700,臺中市大里區立德里立新街362號,0,2,111,112,120,50,137,149,163,172,176,181,188,189,193,205,211,216,217,235,24.1043748897269,120.700064205966,2020-02-04 11:18:43,2018-10-26 07:00:00,2018-10-26
5276274,10710ABC91B2800,10710ABC91B2800,15,66000,TXG,246,2229,66000270032,2,ABC91,2018-10-26 17:38:00,10710261738,臺中市太平區宜昌里中山路三段中山路三段93巷,0,1,111,114,120,50,126,142,163,172,176,181,188,192,196,201,211,215,218,231,24.1486781962723,120.717135547524,2020-02-04 11:18:43,2018-10-26 17:38:00,2018-10-26
5274446,10710ABC91B2761,10710ABC91B2761,15,66000,TXG,246,2226,66000270029,2,ABC91,2018-10-26 12:25:00,10710261225,臺中市太平區新吉里中山路三段2-11號,0,2,111,112,120,50,126,141,163,172,176,181,188,192,196,206,211,216,218,234,0.0,0.0,2020-02-04 11:18:43,2018-10-26 12:25:00,2018-10-26
5276316,10710AB491B2808,10710AB491B2808,15,66000,TXG,13,2376,66000070008,2,AB491,2018-10-26 18:03:00,10710261803,臺中市南屯區新生里益豐路四段63號,0,1,111,114,120,50,137,149,163,172,176,181,188,192,196,201,211,216,218,230,24.1406993316428,120.628322629661,2020-02-04 11:18:43,2018-10-26 18:03:00,2018-10-26
5222613,10710AB291B2828,10710AB291B2828,15,66000,TXG,231,2345,66000050003,2,AB291,2018-10-26 20:24:00,10710262024,臺中市北區五常里崇德路一段五權路,0,1,111,114,120,50,128,141,163,172,176,181,188,190,193,198,208,216,218,234,24.1547034073472,120.686163971547,2020-02-04 11:18:43,2018-10-26 20:24:00,2018-10-26
5271003,10710AB591B2708,10710AB591B2708,15,66000,TXG,233,2395,66000080003,2,AB591,2018-10-26 01:50:00,10710260150,臺中市北屯區三光里北屯路北平路,0,1,111,114,120,50,126,159,163,172,176,181,188,190,193,206,211,216,218,221,24.1694793702353,120.697091469008,2020-02-04 11:18:43,2018-10-26 01:50:00,2018-10-26
5271872,10710AB691B2726,10710AB691B2726,15,66000,TXG,232,2367,66000060015,2,AB691,2018-10-26 08:02:00,10710260802,臺中市西屯區港尾里環中路二段10659燈桿附近,0,1,111,112,120,40,126,141,163,172,176,181,188,189,193,206,211,216,218,231,24.1877492308621,120.638224673799,2020-02-04 11:18:43,2018-10-26 08:02:00,2018-10-26
5272673,10710AB691B2731,10710AB691B2731,15,66000,TXG,232,2004,66000060005,2,AB691,2018-10-26 08:57:00,10710260857,臺中市西屯區惠來里臺灣大道三段236號,0,3,111,112,120,40,137,148,163,172,176,181,188,192,196,201,211,215,218,223,24.1728878324877,120.634176956919,2020-02-04 11:18:43,2018-10-26 08:57:00,2018-10-26
5273473,10710AB191B2740,10710AB191B2740,15,66000,TXG,230,2335,66000040018,2,AB191,2018-10-26 10:03:00,10710261003,臺中市西區土庫里五權一街162巷五權西六街32巷口附近,0,2,111,112,120,40,127,141,163,172,176,181,188,192,196,206,211,216,218,233,24.1392678681959,120.658838481157,2020-02-04 11:18:43,2018-10-26 10:03:00,2018-10-26
5276267,10710AB691B2798,10710AB691B2798,15,66000,TXG,232,2372,66000060020,2,AB691,2018-10-26 17:32:00,10710261732,臺中市西屯區協和里安和路福玄路,0,1,111,114,120,50,127,141,163,172,176,181,188,189,193,206,211,216,218,234,24.1768912071534,120.623582232436,2020-02-04 11:18:43,2018-10-26 17:32:00,2018-10-26
5222001,10710AB891B2812,10710AB891B2812,15,66000,TXG,247,2253,66000280012,2,AB891,2018-10-26 18:32:00,10710261832,臺中市大里區大元里環中東路七段與國光路一段口附近,0,1,111,114,120,40,127,141,163,172,176,181,188,190,193,206,211,216,218,230,24.0944089539291,120.68786508987,2020-02-04 11:18:43,2018-10-26 18:32:00,2018-10-26
5271876,10710ABA95B2727,10710ABA95B2727,15,66000,TXG,236,2520,66000130008,2,ABA95,2018-10-26 08:06:00,10710260806,臺中市沙鹿區鹿寮里福人街與光榮街口附近,0,1,111,112,120,50,127,141,163,172,176,181,188,192,196,205,211,216,218,234,24.242897634883,120.563822414564,2020-02-04 11:18:43,2018-10-26 08:06:00,2018-10-26
5275327,10710AB591B2783,10710AB591B2783,15,66000,TXG,233,2027,66000080028,2,AB591,2018-10-26 15:41:00,10710261541,臺中市北屯區平德里綏遠路二段2號,0,2,111,112,120,50,137,147,163,172,176,181,188,189,193,201,211,215,218,231,24.1691329536284,120.681419551561,2020-02-04 11:18:43,2018-10-26 15:41:00,2018-10-26
5271841,10710AB291B2721,10710AB291B2721,15,66000,TXG,231,2343,66000050001,2,AB291,2018-10-26 07:46:00,10710260746,臺中市北區光大里五權路太平路,0,3,111,112,120,50,127,141,163,172,176,181,188,189,193,206,211,216,218,235,24.151625722874,120.678122136998,2020-02-04 11:18:43,2018-10-26 07:46:00,2018-10-26
5222006,10710AB891B2815,10710AB891B2815,15,66000,TXG,247,2253,66000280012,2,AB891,2018-10-26 18:36:00,10710261836,臺中市大里區大元里國中路296號,0,1,111,114,120,50,126,141,163,172,176,181,188,191,193,201,208,216,217,234,24.0954104697393,120.679472803198,2020-02-04 11:18:43,2018-10-26 18:36:00,2018-10-26
5275356,10710AB891B2789,10710AB891B2789,15,66000,TXG,245,2191,66000260008,2,AB891,2018-10-26 16:19:00,10710261619,臺中市霧峰區本堂里仁德巷29-1號,0,1,111,112,120,40,134,149,163,172,176,181,188,192,196,206,211,216,218,230,24.0506872261887,120.715963682848,2020-02-04 11:18:43,2018-10-26 16:19:00,2018-10-26
5272674,10710AB391B2732,10710AB391B2732,15,66000,TXG,229,2294,66000030020,2,AB391,2018-10-26 08:58:00,10710260858,臺中市南區永和里高工路高工路386巷,0,1,111,112,120,50,127,141,163,172,176,181,188,192,196,206,211,216,218,234,24.1142755129841,120.667394442713,2020-02-04 11:18:43,2018-10-26 08:58:00,2018-10-26
5222683,10710AB891B2835,10710AB891B2835,15,66000,TXG,247,2260,66000280019,2,AB891,2018-10-26 23:07:00,10710262307,臺中市大里區東湖里公園街與泉水街附近,0,1,111,114,120,50,127,142,163,172,176,181,188,191,193,206,211,216,218,234,24.0836314136236,120.694087300496,2020-02-04 11:18:43,2018-10-26 23:07:00,2018-10-26
5222599,10710AB191B2826,10710AB191B2826,15,66000,TXG,230,2342,66000040025,2,AB191,2018-10-26 20:06:00,10710262006,臺中市西區大忠里忠明南路存中街,0,1,111,114,120,50,127,141,163,172,176,181,188,189,193,206,211,216,218,234,24.1412507551347,120.657249063938,2020-02-04 11:18:43,2018-10-26 20:06:00,2018-10-26
5222630,10710AB891B2830,10710AB891B2830,15,66000,TXG,247,2268,66000280027,2,AB891,2018-10-26 21:11:00,10710262111,臺中市大里區仁德里美群北路路燈12882號前旁附近,0,1,111,114,120,50,137,149,163,172,176,181,188,192,196,201,210,216,217,230,0.0,0.0,2020-02-04 11:18:43,2018-10-26 21:11:00,2018-10-26
5222050,10710ABD91B2823,10710ABD91B2823,15,66000,TXG,235,2470,66000100016,2,ABD91,2018-10-26 19:33:00,10710261933,臺中市東勢區慶東里東關路五段488號,0,1,111,115,120,50,137,149,163,172,176,181,188,192,196,201,211,216,217,227,24.204728404857,120.839486199118,2020-02-04 11:18:43,2018-10-26 19:33:00,2018-10-26
5276282,10710ABA95B2801,10710ABA95B2801,15,66000,TXG,236,2518,66000130006,2,ABA95,2018-10-26 17:43:00,10710261743,臺中市沙鹿區斗抵里太平路158號,0,3,111,112,120,50,127,141,163,172,176,181,188,192,196,206,211,216,218,233,0.0,0.0,2020-02-04 11:18:43,2018-10-26 17:43:00,2018-10-26
5273468,10710AB691B2738,10710AB691B2738,15,66000,TXG,232,2001,66000060002,2,AB691,2018-10-26 09:55:00,10710260955,臺中市西屯區西墩里環中路二段1155號,0,1,111,112,120,40,137,148,163,172,176,181,188,192,196,201,210,215,218,231,24.1821332003608,120.635924275601,2020-02-04 11:18:43,2018-10-26 09:55:00,2018-10-26
5275291,10710AB591B2780,10710AB591B2780,15,66000,TXG,233,2412,66000080040,2,AB591,2018-10-26 14:50:00,10710261450,臺中市北屯區平昌里青島路四段柳陽東街,0,1,111,112,120,40,127,141,163,172,176,181,188,192,196,206,211,216,218,234,24.1678743237654,120.689192502698,2020-02-04 11:18:43,2018-10-26 14:50:00,2018-10-26
5271023,10710AB891B2711,10710AB891B2711,15,66000,TXG,247,2266,66000280025,2,AB891,2018-10-26 06:30:00,10710260630,臺中市大里區中新里中興路二段109-1號,0,1,111,112,120,50,137,149,163,172,176,181,188,192,196,201,210,216,217,231,24.115556386745,120.687094506323,2020-02-04 11:18:43,2018-10-26 06:30:00,2018-10-26
5222038,10710AB591B2821,10710AB591B2821,15,66000,TXG,233,2412,66000080040,2,AB591,2018-10-26 19:10:00,10710261910,臺中市北屯區平昌里文心路四段興安路一段,0,1,111,114,120,50,127,158,163,172,176,181,188,189,193,206,211,216,218,221,24.171044705512,120.694204134083,2020-02-04 11:18:43,2018-10-26 19:10:00,2018-10-26
5222638,10710AB391B2831,10710AB391B2831,15,66000,TXG,229,2283,66000030009,2,AB391,2018-10-26 21:30:00,10710262130,臺中市南區福平里美村路二段建國北路二段,0,1,111,114,120,50,127,141,163,172,176,181,188,190,193,206,211,216,218,234,24.1274294358196,120.662451069085,2020-02-04 11:18:43,2018-10-26 21:30:00,2018-10-26
5275347,10710ABA94B2786,10710ABA94B2786,15,66000,TXG,312,2544,66000140013,2,ABA94,2018-10-26 16:11:00,10710261611,臺中市梧棲區永寧里中央路一段175-2號,0,2,111,112,120,50,126,141,163,172,176,181,188,192,196,206,211,216,218,234,24.2378746260363,120.536418800736,2020-02-04 11:18:43,2018-10-26 16:11:00,2018-10-26
5274503,10710AB191B2770,10710AB191B2770,15,66000,TXG,230,2556,66000040011,2,AB191,2018-10-26 13:25:00,10710261325,臺中市西區民龍里臺灣大道二段375號,0,1,111,112,120,50,127,141,163,172,176,181,188,189,193,197,210,212,218,230,0.0,0.0,2020-02-04 11:18:43,2018-10-26 13:25:00,2018-10-26
5274443,10710AB191B2759,10710AB191B2759,15,66000,TXG,227,2059,66000010007,2,AB191,2018-10-26 12:22:00,10710261222,臺中市中區大誠里大誠街104號,0,1,111,112,120,50,127,141,163,172,176,181,188,192,196,206,210,216,218,230,24.1465030049478,120.680424278526,2020-02-04 11:18:43,2018-10-26 12:22:00,2018-10-26
5274523,10710AB291B2775,10710AB291B2775,15,66000,TXG,231,2355,66000050013,2,AB291,2018-10-26 14:10:00,10710261410,臺中市北區建興里健行路190號,0,1,111,112,120,50,137,147,163,172,176,181,188,192,196,200,211,215,218,231,0.0,0.0,2020-02-04 11:18:43,2018-10-26 14:10:00,2018-10-26
5273496,10710ABB91B2745,10710ABB91B2745,15,66000,TXG,286,2503,66000110024,2,ABB91,2018-10-26 10:25:00,10710261025,臺中市大甲區日南里青年路青二路,0,1,111,112,120,50,127,141,163,172,176,181,188,192,196,206,211,216,218,233,24.4054130770238,120.644017673639,2020-02-04 11:18:43,2018-10-26 10:25:00,2018-10-26
5275290,10710AB691B2781,10710AB691B2781,15,66000,TXG,232,2369,66000060017,2,AB691,2018-10-26 14:50:00,10710261450,臺中市西屯區林厝里玉門路368之1號,0,1,111,112,120,40,137,148,163,172,176,181,188,192,196,201,210,215,218,234,24.1899354023015,120.611080902997,2020-02-04 11:18:43,2018-10-26 14:50:00,2018-10-26
5222628,10710AB994B2829,10710AB994B2829,15,66000,TXG,244,2158,66000240007,2,AB994,2018-10-26 21:10:00,10710262110,臺中市大肚區大東里沙田路二段平和東街558巷,0,1,111,114,120,40,127,141,163,172,176,181,188,192,196,206,211,216,218,234,24.148411299911,120.546589247011,2020-02-04 11:18:43,2018-10-26 21:10:00,2018-10-26
5271832,10710ABB91B2719,10710ABB91B2719,15,66000,TXG,286,2482,66000110003,2,ABB91,2018-10-26 07:40:00,10710260740,臺中市大甲區順天里雁門路2號,0,1,111,112,120,50,127,141,163,172,176,181,188,192,196,201,211,216,218,234,24.3527794801379,120.625554109634,2020-02-04 11:18:43,2018-10-26 07:40:00,2018-10-26
5274421,10710AB591B2755,10710AB591B2755,15,66000,TXG,233,0,66000080000,2,AB591,2018-10-26 11:50:00,10710261150,臺中市北屯區環中東路二段軍福十五路,0,1,111,112,120,40,127,148,163,172,176,181,188,189,193,197,208,212,218,231,24.1740577718905,120.721045982048,2020-02-04 11:18:43,2018-10-26 11:50:00,2018-10-26
5273548,10710ABD91B2752,10710ABD91B2752,15,66000,TXG,241,2096,66000190002,2,ABD91,2018-10-26 11:25:00,10710261125,臺中市新社區復盛里興社街二段21號,0,1,111,112,120,50,126,141,163,172,176,181,188,191,195,206,211,216,218,235,24.220961811512,120.81417845601,2020-02-04 11:18:43,2018-10-26 11:25:00,2018-10-26
5273477,10710ABC91B2741,10710ABC91B2741,15,66000,TXG,246,2219,66000270022,2,ABC91,2018-10-26 10:08:00,10710261008,臺中市太平區成功里東平路東平路239巷,0,1,111,112,120,50,126,142,163,172,176,181,188,192,196,201,210,216,217,234,24.1337439131496,120.721525613632,2020-02-04 11:18:43,2018-10-26 10:08:00,2018-10-26
5271005,10710AB291B2709,10710AB291B2709,15,66000,TXG,231,2358,66000050016,2,AB291,2018-10-26 02:43:00,10710260243,臺中市北區賴村里中清路一段近德化街附近,0,1,111,114,120,50,137,147,163,172,176,181,188,189,193,197,208,215,218,231,24.1601935594423,120.675529542111,2020-02-04 11:18:43,2018-10-26 02:43:00,2018-10-26
5271835,10710ABC91B2720,10710ABC91B2720,15,66000,TXG,246,2206,66000270007,2,ABC91,2018-10-26 07:43:00,10710260743,臺中市太平區宜欣里新平路二段100號,0,1,111,112,120,50,137,149,163,172,176,181,188,190,193,201,211,216,217,231,24.1391586153809,120.714994600539,2020-02-04 11:18:43,2018-10-26 07:43:00,2018-10-26
5274423,10710AB591B2756,10710AB591B2756,15,66000,TXG,233,2398,66000080006,2,AB591,2018-10-26 11:55:00,10710261155,臺中市北屯區東光里東山路一段35號,0,1,111,112,120,50,126,141,163,172,176,181,188,189,193,206,211,216,218,236,24.1678257977214,120.701913507654,2020-02-04 11:18:43,2018-10-26 11:55:00,2018-10-26
5222055,10710AB793B2824,10710AB793B2824,15,66000,TXG,239,2561,66000170001,2,AB793,2018-10-26 19:44:00,10710261944,臺中市潭子區潭陽里中山路二段潭興路三段,0,2,111,114,120,50,127,141,163,172,176,181,188,189,193,205,210,216,218,230,24.2115448558069,120.705340575536,2020-02-04 11:18:43,2018-10-26 19:44:00,2018-10-26
5222039,10710ABD91B2822,10710ABD91B2822,15,66000,TXG,235,2477,66000100023,2,ABD91,2018-10-26 19:10:00,10710261910,臺中市東勢區泰興里石城街石山巷與石城街口附近,0,1,111,112,120,50,126,141,163,172,176,181,188,192,196,203,211,216,217,234,24.2861752513947,120.783014165337,2020-02-04 11:18:43,2018-10-26 19:10:00,2018-10-26
5222003,10710AB591B2814,10710AB591B2814,15,66000,TXG,233,2402,66000080010,2,AB591,2018-10-26 18:35:00,10710261835,臺中市北屯區和平里軍和街401號,0,1,111,113,120,40,126,149,163,172,176,181,188,192,196,206,211,216,218,235,24.17683642961,120.723193239767,2020-02-04 11:18:43,2018-10-26 18:35:00,2018-10-26
5271828,10710AB691B2718,10710AB691B2718,15,66000,TXG,232,2367,66000060015,2,AB691,2018-10-26 07:38:00,10710260738,臺中市西屯區港尾里環中路二段中科路,0,1,111,112,120,50,126,141,163,172,176,181,188,191,193,206,211,216,218,235,24.1985214142783,120.652380921502,2020-02-04 11:18:43,2018-10-26 07:38:00,2018-10-26
5275272,10710AB291B2776,10710AB291B2776,15,66000,TXG,231,2346,66000050004,2,AB291,2018-10-26 14:23:00,10710261423,臺中市北區新興里水源街1號,0,1,111,112,120,50,126,141,163,172,176,181,188,192,196,206,211,216,218,235,24.1473520112994,120.689116226882,2020-02-04 11:18:43,2018-10-26 14:23:00,2018-10-26
5276297,10710ABD91B2804,10710ABD91B2804,15,66000,TXG,235,2470,66000100016,2,ABD91,2018-10-26 17:52:00,10710261752,臺中市東勢區慶東里東關路五段426巷口附近,0,2,111,113,120,50,127,141,163,172,176,181,188,191,193,206,211,216,218,234,24.184401542042,120.840380033462,2020-02-04 11:18:43,2018-10-26 17:52:00,2018-10-26
5274491,10710ABA93B2768,10710ABA93B2768,15,66000,TXG,311,1983,66000120024,2,ABA93,2018-10-26 13:09:00,10710261309,臺中市清水區菁埔里中山路562號,0,1,111,112,120,40,137,148,163,172,176,181,188,192,196,197,210,215,218,243,24.2980743227045,120.593147951492,2020-02-04 11:18:43,2018-10-26 13:09:00,2018-10-26
5277184,10710ABB93B2809,10710ABB93B2809,15,66000,TXG,243,2124,66000210008,2,ABB93,2018-10-26 18:19:00,10710261819,臺中市外埔區中山里甲后路三段中山路937巷,0,1,111,112,120,50,127,141,163,172,176,181,188,192,196,206,211,216,218,236,24.3282428932218,120.656166580161,2020-02-04 11:18:43,2018-10-26 18:19:00,2018-10-26
5274462,10710AB191B2762,10710AB191B2762,15,66000,TXG,230,2297,66000040001,2,AB191,2018-10-26 12:36:00,10710261236,臺中市西區民生里自由路一段138號(大同國小前)附近,0,2,111,112,120,50,137,149,163,172,176,181,188,192,196,200,210,216,218,230,24.1359387348908,120.677905336644,2020-02-04 11:18:43,2018-10-26 12:36:00,2018-10-26
5275277,10710AB191B2777,10710AB191B2777,15,66000,TXG,227,2056,66000010004,2,AB191,2018-10-26 14:30:00,10710261430,臺中市中區公園里公園路4號,0,1,111,112,120,50,137,149,163,172,176,181,188,192,196,201,211,216,218,235,24.1462883850202,120.680851079182,2020-02-04 11:18:43,2018-10-26 14:30:00,2018-10-26
5223755,10710AB191B2838,10710AB191B2838,15,66000,TXG,230,2333,66000040016,2,AB191,2018-10-26 23:30:00,10710262330,臺中市西區忠明里健行路1004號,0,1,111,112,120,50,137,147,163,172,176,181,188,192,196,201,211,215,218,231,24.1572949448721,120.663691720417,2020-02-04 11:18:43,2018-10-26 23:30:00,2018-10-26
5276251,10710ABA95B2797,10710ABA95B2797,15,66000,TXG,236,2531,66000130019,2,ABA95,2018-10-26 17:20:00,10710261720,臺中市沙鹿區西勢里中清路七段國道三號下方機車道往大雅方向附近,0,1,110,114,120,50,134,149,163,172,176,181,182,192,196,205,211,216,218,234,24.2501401833815,120.597428273121,2020-02-04 11:18:43,2018-10-26 17:20:00,2018-10-26
5221996,10710AB191B2811,10710AB191B2811,15,66000,TXG,230,2337,66000040020,2,AB191,2018-10-26 18:27:00,10710261827,臺中市西區公益里中美街331巷與華美街附近,0,2,111,114,120,50,127,141,163,172,176,181,188,192,196,206,211,216,218,231,24.150184249428,120.658819345334,2020-02-04 11:18:43,2018-10-26 18:27:00,2018-10-26
5276308,10710ABC91B2807,10710ABC91B2807,15,66000,TXG,246,2222,66000270025,2,ABC91,2018-10-26 18:00:00,10710261800,臺中市太平區平安里太平路106號,0,1,111,114,120,50,137,149,163,172,176,181,188,192,196,201,211,216,217,230,0.0,0.0,2020-02-04 11:18:43,2018-10-26 18:00:00,2018-10-26
5272687,10710ABB93B2735,10710ABB93B2735,15,66000,TXG,237,2554,66000150009,2,ABB93,2018-10-26 09:04:00,10710260904,臺中市后里區墩北里甲后路二段(國道一號橋上)附近,0,2,111,112,120,50,131,148,163,172,176,181,188,192,196,197,210,215,217,231,24.3128730206735,120.698393037431,2020-02-04 11:18:43,2018-10-26 09:04:00,2018-10-26
5271790,10710AB993B3474,10710AB993B3474,15,66000,TXG,14,2141,66000230002,2,AB993,2018-10-26 07:10:00,10710260710,臺中市烏日區湖日里新興路光日路,0,2,111,112,120,60,127,142,163,172,176,181,188,189,193,197,210,215,217,231,24.1041357371467,120.624591963462,2020-02-04 11:18:43,2018-10-26 07:10:00,2018-10-26
5222016,10710AB191B2816,10710AB191B2816,15,66000,TXG,230,2299,66000040003,2,AB191,2018-10-26 18:49:00,10710261849,臺中市西區三民里三民路林森路,0,1,111,114,120,50,128,141,163,172,176,181,188,189,193,201,210,215,218,236,24.1358491017142,120.672740312322,2020-02-04 11:18:43,2018-10-26 18:49:00,2018-10-26
5271821,10710AB891B2717,10710AB891B2717,15,66000,TXG,247,2249,66000280008,2,AB891,2018-10-26 07:35:00,10710260735,臺中市大里區內新里立元一橋南端附近,0,1,111,112,120,40,127,141,163,172,176,181,188,189,193,206,211,216,218,230,0.0,0.0,2020-02-04 11:18:43,2018-10-26 07:35:00,2018-10-26
5273484,10710ABA95B2743,10710ABA95B2743,15,66000,TXG,236,2526,66000130014,2,ABA95,2018-10-26 10:14:00,10710261014,臺中市沙鹿區六路里南陽路與無名巷口附近,0,1,111,112,120,50,126,141,163,172,176,181,188,192,196,206,211,216,218,234,24.214837509505,120.578769240284,2020-02-04 11:18:43,2018-10-26 10:14:00,2018-10-26
5222598,10710AB291B2825,10710AB291B2825,15,66000,TXG,231,1999,66000050036,2,AB291,2018-10-26 20:05:00,10710262005,臺中市北區賴福里進化北路大德街,0,1,111,114,120,50,127,142,163,172,176,181,188,189,193,205,210,215,218,231,24.1631836187289,120.678309680719,2020-02-04 11:18:43,2018-10-26 20:05:00,2018-10-26
5274493,10710AB391B2769,10710AB391B2769,15,66000,TXG,229,2245,66000030002,2,AB391,2018-10-26 13:13:00,10710261313,臺中市南區國光里台中路仁和路,0,1,111,112,120,50,127,141,163,172,176,181,188,189,193,206,211,216,218,230,0.0,0.0,2020-02-04 11:18:43,2018-10-26 13:13:00,2018-10-26
5273469,10710AB691B2739,10710AB691B2739,15,66000,TXG,232,0,66000060000,2,AB691,2018-10-26 09:56:00,10710260956,臺中市西屯區西屯路三段安林路,0,2,111,112,120,50,126,141,163,172,176,181,188,189,193,206,211,216,218,234,24.1850927497105,120.624798366153,2020-02-04 11:18:43,2018-10-26 09:56:00,2018-10-26
5271018,10710AB391B0013,10710AB391B0013,15,66000,TXG,229,2279,66000030005,2,AB391,2018-10-26 06:22:00,10710260622,臺中市南區積善里國光路忠明南路,0,1,111,112,120,50,127,141,163,172,176,181,188,190,193,206,211,216,218,234,24.1190323346406,120.679295705983,2020-02-04 11:18:43,2018-10-26 06:22:00,2018-10-26
5274469,10710AB891B2763,10710AB891B2763,15,66000,TXG,245,2191,66000260008,2,AB891,2018-10-26 12:43:00,10710261243,臺中市霧峰區本堂里育成路31號,0,2,111,112,120,50,127,141,163,172,176,181,188,189,193,206,211,216,218,234,24.0596147672061,120.696530652819,2020-02-04 11:18:43,2018-10-26 12:43:00,2018-10-26