識別碼,案件編號,交通事故主表,縣市識別碼,縣市代碼,所屬縣市簡碼,鄉縣市區識別碼,村里識別碼,里代碼,事故類(A1、A2...An),處理單位代碼,案件時間(西元),案件時間(民國),發生地點,死亡人數,受傷人數(含2~30日內死亡),天氣識別碼,光線識別碼,道路類別識別碼,速限,道路型態識別碼,事故位置識別碼,路面鋪裝識別碼,路面狀態識別碼,路面缺陷識別碼,障礙物視距識別碼,視距識別碼,號誌種類識別碼,號誌動作識別碼,車道劃分設施-分向設施識別碼,快車道或一般車道間識別碼,快慢車道間識別碼,路面邊線識別碼,事故類型及型態識別碼,緯度,經度,本平台資料更新時間(yyyy-MM-dd HH:mm:ss),資料代表時間(yyyy-MM-dd HH:mm:ss),資料代表日期(yyyy-MM-dd)
5227107,10710AB191B2926,10710AB191B2926,15,66000,TXG,230,2303,66000040007,2,AB191,2018-10-27 18:34:00,10710271834,臺中市西區公民里林森路138號,0,3,111,114,120,50,126,141,163,172,176,181,188,192,196,206,211,216,218,231,24.1373322365938,120.671064857945,2020-02-04 11:18:43,2018-10-27 18:34:00,2018-10-27
5227069,10710AB795B2920,10710AB795B2920,15,66000,TXG,240,2093,66000180013,2,AB795,2018-10-27 17:42:00,10710271742,臺中市大雅區文雅里中山北路208號,0,2,111,114,120,40,126,142,163,172,176,181,188,192,196,201,211,216,217,231,24.2192504739646,120.646664570832,2020-02-04 11:18:43,2018-10-27 17:42:00,2018-10-27
5225135,10710AB793B2873,10710AB793B2873,15,66000,TXG,239,2080,66000170015,2,AB793,2018-10-27 10:44:00,10710271044,臺中市潭子區家興里中山路一段3-1號,0,2,111,112,120,60,137,149,163,172,176,181,188,189,193,204,209,215,217,230,0.0,0.0,2020-02-04 11:18:43,2018-10-27 10:44:00,2018-10-27
5224500,10710AB391B2853,10710AB391B2853,15,66000,TXG,228,2066,66000020006,2,AB391,2018-10-27 08:53:00,10710270853,臺中市東區泉源里進德路近樂業二路口附近,0,1,111,112,120,50,137,149,163,172,176,181,188,192,196,205,211,216,218,234,24.1378438901083,120.692709954615,2020-02-04 11:18:43,2018-10-27 08:53:00,2018-10-27
5224508,10710AB591B2854,10710AB591B2854,15,66000,TXG,233,2400,66000080008,2,AB591,2018-10-27 09:05:00,10710270905,臺中市北屯區水景里太原路三段770之1號,0,2,111,112,120,50,127,141,163,172,176,181,188,189,193,206,211,216,218,234,24.1607994083837,120.729469356189,2020-02-04 11:18:43,2018-10-27 09:05:00,2018-10-27
5225772,10710AB793B2888,10710AB793B2888,15,66000,TXG,239,2079,66000170014,2,AB793,2018-10-27 12:49:00,10710271249,臺中市潭子區頭家東里環中東路一段與復興路口附近人行道附近,0,1,111,112,120,50,137,160,166,172,176,181,188,192,196,206,211,216,218,235,24.2004040592727,120.706015894026,2020-02-04 11:18:43,2018-10-27 12:49:00,2018-10-27
5225861,10710AB795B2895,10710AB795B2895,15,66000,TXG,240,2082,66000180001,2,AB795,2018-10-27 14:44:00,10710271444,臺中市大雅區大雅里大雅路225號旁附近,0,1,111,112,120,50,126,141,163,172,176,181,188,192,196,201,211,216,217,234,24.2271732332442,120.646259521696,2020-02-04 11:18:43,2018-10-27 14:44:00,2018-10-27
5225231,10710ABD91B2884,10710ABD91B2884,15,66000,TXG,241,5902,66000190013,2,ABD91,2018-10-27 12:35:00,10710271235,臺中市新社區福興里豐埔產業道路臺21線17.4K處成功幹163號附近,0,1,111,112,120,40,137,149,163,172,176,181,188,192,196,200,209,216,217,236,0.0,0.0,2020-02-04 11:18:43,2018-10-27 12:35:00,2018-10-27
5223784,10710AB891B2845,10710AB891B2845,15,66000,TXG,245,2194,66000260012,2,AB891,2018-10-27 05:24:00,10710270524,臺中市霧峰區四德里四德路﹑北豐路附近,0,1,111,112,120,40,127,141,163,172,176,181,188,191,193,206,211,216,217,233,24.0599758662147,120.66463372909,2020-02-04 11:18:43,2018-10-27 05:24:00,2018-10-27
5224546,10710ABA93B2862,10710ABA93B2862,15,66000,TXG,311,2510,66000120030,2,ABA93,2018-10-27 09:45:00,10710270945,臺中市清水區楊厝里楊厝一街43巷,0,1,111,112,120,50,127,141,163,172,176,181,188,192,196,206,211,215,218,230,24.2914380275727,120.611462148088,2020-02-04 11:18:43,2018-10-27 09:45:00,2018-10-27
5227116,10710ABA93B2927,10710ABA93B2927,15,66000,TXG,311,216,66000120015,2,ABA93,2018-10-27 18:45:00,10710271845,臺中市清水區海濱里中清路九段燈桿02348號附近,0,1,111,114,120,40,137,148,163,172,176,181,188,192,196,197,210,212,217,235,24.2780666518537,120.546769302548,2020-02-04 11:18:43,2018-10-27 18:45:00,2018-10-27
5314809,10710AB591B2946,10710AB591B2946,15,66000,TXG,233,2401,66000080009,2,AB591,2018-10-27 22:30:00,10710272230,臺中市北屯區軍功里軍功路二段44號,0,2,111,114,120,50,127,141,163,172,176,181,188,189,193,201,208,215,218,233,24.1888004985424,120.718187711458,2020-02-04 11:18:43,2018-10-27 22:30:00,2018-10-27
5224545,10710ABB91B2861,10710ABB91B2861,15,66000,TXG,286,2484,66000110005,2,ABB91,2018-10-27 09:44:00,10710270944,臺中市大甲區平安里仁愛街民權路,0,1,111,112,120,50,127,141,163,172,176,181,188,189,193,206,211,216,218,235,0.0,0.0,2020-02-04 11:18:43,2018-10-27 09:44:00,2018-10-27
5314825,10710AB891B2949,10710AB891B2949,15,66000,TXG,247,2238,66000280002,2,AB891,2018-10-27 23:08:00,10710272308,臺中市大里區新里里爽文路631號,0,1,111,114,120,50,127,141,163,172,176,181,188,192,196,206,211,216,218,231,24.1039434461583,120.674746836046,2020-02-04 11:18:43,2018-10-27 23:08:00,2018-10-27
5224497,10710AB995B2852,10710AB995B2852,15,66000,TXG,288,2178,66000250010,2,AB995,2018-10-27 08:50:00,10710270850,臺中市龍井區山腳里中山二路一段龍山街,0,2,111,112,120,50,126,141,163,172,176,181,188,191,193,206,211,216,218,234,24.2090199763787,120.54821599081,2020-02-04 11:18:43,2018-10-27 08:50:00,2018-10-27
5227040,10710AB794B2915,10710AB794B2915,15,66000,TXG,238,2043,66000160007,2,AB794,2018-10-27 17:14:00,10710271714,臺中市神岡區三角里大豐路四段232號,0,2,111,113,120,50,126,148,163,172,176,181,188,192,196,201,211,215,218,229,24.2362773299284,120.695569459562,2020-02-04 11:18:43,2018-10-27 17:14:00,2018-10-27
5223783,10710ABA95B2844,10710ABA95B2844,15,66000,TXG,236,2526,66000130014,2,ABA95,2018-10-27 05:14:00,10710270514,臺中市沙鹿區六路里臺灣大道路六段981號,0,1,111,114,120,60,126,141,163,172,176,181,188,191,193,206,211,216,218,221,0.0,0.0,2020-02-04 11:18:43,2018-10-27 05:14:00,2018-10-27
5224554,10710AB891B2865,10710AB891B2865,15,66000,TXG,247,2266,66000280025,2,AB891,2018-10-27 09:53:00,10710270953,臺中市大里區中新里大里路217號,0,1,111,112,120,50,137,147,163,172,176,181,188,192,196,203,211,215,218,234,24.101224502141,120.683848615867,2020-02-04 11:18:43,2018-10-27 09:53:00,2018-10-27
5223844,10710AB691B2850,10710AB691B2850,15,66000,TXG,232,2004,66000060005,2,AB691,2018-10-27 08:30:00,10710270830,臺中市西屯區惠來里環中路二段1567號,0,1,111,112,120,40,128,142,163,172,176,181,188,189,193,201,210,215,218,231,24.1740519875899,120.634177959463,2020-02-04 11:18:43,2018-10-27 08:30:00,2018-10-27
5223835,10710AB891B2848,10710AB891B2848,15,66000,TXG,247,2265,66000280024,2,AB891,2018-10-27 08:20:00,10710270820,臺中市大里區長榮里中興路二段與新生路口附近,0,1,111,112,120,50,127,141,163,172,176,181,188,189,193,206,211,216,218,234,24.1046507564161,120.689089530428,2020-02-04 11:18:43,2018-10-27 08:20:00,2018-10-27
5226429,10710AB891B2901,10710AB891B2901,15,66000,TXG,247,2256,66000280015,2,AB891,2018-10-27 15:30:00,10710271530,臺中市大里區健民里練武路53巷口附近,0,2,111,112,120,50,126,142,163,172,176,181,188,192,196,200,209,216,217,247,24.0885623894221,120.722836082447,2020-02-04 11:18:43,2018-10-27 15:30:00,2018-10-27
5314824,10710AB691B2948,10710AB691B2948,15,66000,TXG,232,2309,66000060024,2,AB691,2018-10-27 23:04:00,10710272304,臺中市西屯區西平里逢甲路福星路,0,1,111,114,120,40,137,148,163,172,176,181,188,189,193,205,210,215,218,230,24.1788118412129,120.645091942149,2020-02-04 11:18:43,2018-10-27 23:04:00,2018-10-27
5225819,10710AB291B2892,10710AB291B2892,15,66000,TXG,231,1992,66000050029,2,AB291,2018-10-27 13:50:00,10710271350,臺中市北區錦平里太平路58號,0,1,111,112,120,50,137,149,163,172,176,181,188,192,196,201,210,216,218,235,24.1485038116638,120.682861634061,2020-02-04 11:18:43,2018-10-27 13:50:00,2018-10-27
5223773,10710AB591B2841,10710AB591B2841,15,66000,TXG,233,2403,66000080011,2,AB591,2018-10-27 01:46:00,10710270146,臺中市北屯區東山里橫坑巷G6750CA69電桿附近,0,1,111,114,120,50,137,147,163,172,176,181,188,192,196,200,211,215,218,245,24.1783135253289,120.742794286879,2020-02-04 11:18:43,2018-10-27 01:46:00,2018-10-27
5223777,10710ABA95B2843,10710ABA95B2843,15,66000,TXG,236,2520,66000130008,2,ABA95,2018-10-27 02:40:00,10710270240,臺中市沙鹿區鹿寮里中山路(西)光榮街,0,1,111,114,120,50,127,141,163,172,176,181,188,191,193,206,211,216,218,234,24.2435053272262,120.561634253839,2020-02-04 11:18:43,2018-10-27 02:40:00,2018-10-27
5314046,10710AB793B2942,10710AB793B2942,15,66000,TXG,239,2566,66000170006,2,AB793,2018-10-27 21:44:00,10710272144,臺中市潭子區甘蔗里勝利路209號,0,2,111,112,120,50,127,141,163,172,176,181,188,189,193,206,211,216,218,232,24.2148771748598,120.700606600123,2020-02-04 11:18:43,2018-10-27 21:44:00,2018-10-27
5314831,10710AB291B0014,10710AB291B0014,15,66000,TXG,231,1991,66000050028,2,AB291,2018-10-27 23:44:00,10710272344,臺中市北區大湖里中華路太平路附近,0,2,111,114,120,50,127,141,163,172,176,181,188,190,193,206,211,216,218,235,24.1491936501679,120.680903135995,2020-02-04 11:18:43,2018-10-27 23:44:00,2018-10-27
5223769,10710AB691B2840,10710AB691B2840,15,66000,TXG,232,2002,66000060003,2,AB691,2018-10-27 00:49:00,10710270049,臺中市西屯區潮洋里臺灣大道三段709號,0,1,111,114,120,40,137,149,163,172,176,181,188,192,196,205,210,215,218,237,24.1717397850548,120.634784492485,2020-02-04 11:18:43,2018-10-27 00:49:00,2018-10-27
5313989,10710ABC91B2934,10710ABC91B2934,15,66000,TXG,246,2231,66000270034,2,ABC91,2018-10-27 19:47:00,10710271947,臺中市太平區豐年里大源路大源十八街,0,1,111,114,120,50,127,141,163,172,176,181,188,192,196,201,211,216,218,234,24.1419381148269,120.724717005966,2020-02-04 11:18:43,2018-10-27 19:47:00,2018-10-27
5223853,10710AB795B2851,10710AB795B2851,15,66000,TXG,240,2087,66000180006,2,AB795,2018-10-27 08:41:00,10710270841,臺中市大雅區橫山里振興路230之2號旁附近,0,1,111,112,120,40,137,149,163,172,176,181,188,192,196,206,211,216,217,234,0.0,0.0,2020-02-04 11:18:43,2018-10-27 08:41:00,2018-10-27
5224541,10710ABA94B2859,10710ABA94B2859,15,66000,TXG,312,2541,66000140010,2,ABA94,2018-10-27 09:40:00,10710270940,臺中市梧棲區大庄里臺灣大道八段333號,0,1,111,112,120,40,137,148,163,172,176,181,188,192,196,197,210,214,217,231,24.2446148101989,120.55044076997,2020-02-04 11:18:43,2018-10-27 09:40:00,2018-10-27
5226428,10710ABA95B2902,10710ABA95B2902,15,66000,TXG,236,2521,66000130009,2,ABA95,2018-10-27 15:30:00,10710271530,臺中市沙鹿區竹林里福田南街63號,0,1,111,112,120,50,137,149,163,172,176,181,188,192,196,201,211,216,217,235,24.2413749688212,120.569826893057,2020-02-04 11:18:43,2018-10-27 15:30:00,2018-10-27
5227133,10710ABA95B2928,10710ABA95B2928,15,66000,TXG,236,2524,66000130012,2,ABA95,2018-10-27 19:04:00,10710271904,臺中市沙鹿區福興里鎮南路二段451號,0,1,111,114,120,40,138,162,163,172,176,181,188,192,196,197,210,215,218,230,24.2320007088099,120.565666960555,2020-02-04 11:18:43,2018-10-27 19:04:00,2018-10-27
5226489,10710AB491B2911,10710AB491B2911,15,66000,TXG,13,2391,66000070023,2,AB491,2018-10-27 16:50:00,10710271650,臺中市南屯區寶山里五權西路三段南屯交流道機車外環道上近1巷口附近,0,1,111,112,120,40,134,149,163,172,176,181,188,192,196,206,211,216,217,236,24.1536884685624,120.617303185049,2020-02-04 11:18:43,2018-10-27 16:50:00,2018-10-27
5227044,10710ABB91B2916,10710ABB91B2916,15,66000,TXG,287,2137,66000220010,2,ABB91,2018-10-27 17:17:00,10710271717,臺中市大安區海墘里大安港路942號,0,1,111,112,120,60,137,152,163,172,175,181,188,192,196,200,211,216,217,231,24.3635369691267,120.602706496637,2020-02-04 11:18:43,2018-10-27 17:17:00,2018-10-27
5227046,10710ABC91B2917,10710ABC91B2917,15,66000,TXG,246,2225,66000270028,2,ABC91,2018-10-27 17:23:00,10710271723,臺中市太平區新高里樹孝路環中東路三段67巷,0,1,111,112,120,40,127,141,163,172,176,181,188,189,193,201,211,215,218,234,24.1518538550948,120.715701710333,2020-02-04 11:18:43,2018-10-27 17:23:00,2018-10-27
5225235,10710AB291B2885,10710AB291B2885,15,66000,TXG,231,2353,66000050011,2,AB291,2018-10-27 12:39:00,10710271239,臺中市北區金龍里梅亭街113號,0,2,111,112,120,50,137,149,163,172,176,181,188,192,196,206,211,216,218,231,24.1602327935599,120.687279335526,2020-02-04 11:18:43,2018-10-27 12:39:00,2018-10-27
5225158,10710ABC91B2875,10710ABC91B2875,15,66000,TXG,246,2212,66000270013,2,ABC91,2018-10-27 11:07:00,10710271107,臺中市太平區新福里旱溪西路二段213號,0,1,111,112,120,50,137,149,163,172,176,181,188,192,196,205,211,215,218,234,24.1546638449137,120.702589794937,2020-02-04 11:18:43,2018-10-27 11:07:00,2018-10-27
5314807,10710AB391B2945,10710AB391B2945,15,66000,TXG,229,2291,66000030017,2,AB391,2018-10-27 22:23:00,10710272223,臺中市南區福順里福陽街二段建國南路二段34巷,0,1,111,114,120,50,126,141,163,172,176,181,188,192,196,206,211,216,218,234,24.125713285576,120.662028308036,2020-02-04 11:18:43,2018-10-27 22:23:00,2018-10-27
5224561,10710AB793B2868,10710AB793B2868,15,66000,TXG,239,2561,66000170001,2,AB793,2018-10-27 09:59:00,10710270959,臺中市潭子區潭陽里大智街15巷8號,0,1,111,112,120,40,126,142,163,172,176,179,187,192,196,205,211,216,218,235,24.2076874927501,120.709828232191,2020-02-04 11:18:43,2018-10-27 09:59:00,2018-10-27
5225202,10710AB891B2880,10710AB891B2880,15,66000,TXG,245,2192,66000260010,2,AB891,2018-10-27 12:03:00,10710271203,臺中市霧峰區北柳里四德路與四德路376巷口附近,0,1,105,112,120,40,126,141,163,172,176,181,188,191,193,206,211,216,218,234,24.0706035488106,120.679954162525,2020-02-04 11:18:43,2018-10-27 12:03:00,2018-10-27
5226409,10710AB391B2898,10710AB391B2898,15,66000,TXG,229,2293,66000030019,2,AB391,2018-10-27 15:03:00,10710271503,臺中市南區南和里復興路二段30之3號,0,1,111,113,120,50,137,148,163,172,176,181,188,192,196,197,210,215,218,235,24.1194247291021,120.657673541662,2020-02-04 11:18:43,2018-10-27 15:03:00,2018-10-27
5314061,10710AB591B2944,10710AB591B2944,15,66000,TXG,233,2572,66000080002,2,AB591,2018-10-27 22:14:00,10710272214,臺中市北屯區北屯里北屯路太原路三段,0,1,111,114,120,50,127,141,163,172,176,181,188,190,193,206,211,216,218,234,24.1649229918213,120.694277761598,2020-02-04 11:18:43,2018-10-27 22:14:00,2018-10-27
5224543,10710AB891B2860,10710AB891B2860,15,66000,TXG,247,0,66000280000,2,AB891,2018-10-27 09:43:00,10710270943,臺中市大里區永興路六桂路附近,0,2,111,112,120,50,137,149,163,172,176,181,188,192,196,206,211,216,217,234,24.1095569959961,120.681916298223,2020-02-04 11:18:43,2018-10-27 09:43:00,2018-10-27
5313993,10710AB891B2935,10710AB891B2935,15,66000,TXG,247,2265,66000280024,2,AB891,2018-10-27 19:52:00,10710271952,臺中市大里區長榮里中興路二段177號,0,1,111,112,120,40,137,149,163,172,176,181,188,192,196,201,208,216,217,235,24.1065483045351,120.689657320948,2020-02-04 11:18:43,2018-10-27 19:52:00,2018-10-27
5226423,10710ABD91B2900,10710ABD91B2900,15,66000,TXG,241,2096,66000190002,2,ABD91,2018-10-27 15:29:00,10710271529,臺中市新社區復盛里興社街二段20-7號,0,1,111,112,120,50,126,141,163,172,176,181,188,192,196,201,211,216,217,236,24.220961811512,120.81417845601,2020-02-04 11:18:43,2018-10-27 15:29:00,2018-10-27
5224525,10710AB391B2855,10710AB391B2855,15,66000,TXG,229,2285,66000030011,2,AB391,2018-10-27 09:27:00,10710270927,臺中市南區永興里高工路美村南路,0,1,111,112,120,50,127,141,163,172,176,181,188,189,193,206,211,216,218,234,24.1141295866546,120.666725876237,2020-02-04 11:18:43,2018-10-27 09:27:00,2018-10-27
5226496,10710AB793B2912,10710AB793B2912,15,66000,TXG,239,2563,66000170003,2,AB793,2018-10-27 16:56:00,10710271656,臺中市潭子區潭北里人和路80號,0,1,111,112,120,50,137,149,163,172,176,181,188,192,196,205,210,216,217,234,24.2173196282525,120.707631064506,2020-02-04 11:18:43,2018-10-27 16:56:00,2018-10-27
5225821,10710AB996B2893,10710AB996B2893,15,66000,TXG,288,2184,66000250016,2,AB996,2018-10-27 13:50:00,10710271350,臺中市龍井區東海里藝術街東海街,0,1,111,112,120,50,126,141,163,172,176,181,188,192,196,206,211,216,218,234,24.1889193228211,120.589076446816,2020-02-04 11:18:43,2018-10-27 13:50:00,2018-10-27
5314054,10710AB191B2943,10710AB191B2943,15,66000,TXG,230,2556,66000040011,2,AB191,2018-10-27 21:58:00,10710272158,臺中市西區民龍里臺灣大道篤信街,0,3,111,114,120,40,126,141,163,172,176,181,187,189,193,206,211,215,218,231,24.1491117149013,120.672066940865,2020-02-04 11:18:43,2018-10-27 21:58:00,2018-10-27
5225163,10710AB291B2876,10710AB291B2876,15,66000,TXG,231,2353,66000050011,2,AB291,2018-10-27 11:12:00,10710271112,臺中市北區金龍里健行路榮華街附近,0,3,111,112,120,50,137,148,163,172,176,181,188,192,196,201,211,215,218,231,24.1590204439686,120.686665149041,2020-02-04 11:18:43,2018-10-27 11:12:00,2018-10-27
5224599,10710AB891B2872,10710AB891B2872,15,66000,TXG,245,5907,66000260009,2,AB891,2018-10-27 10:39:00,10710271039,臺中市霧峰區坑口里中正路571-1號,0,1,111,112,120,70,137,152,163,172,176,181,188,192,196,197,210,215,217,230,0.0,0.0,2020-02-04 11:18:43,2018-10-27 10:39:00,2018-10-27
5223767,10710AB794B2839,10710AB794B2839,15,66000,TXG,238,2042,66000160006,2,AB794,2018-10-27 00:36:00,10710270036,臺中市神岡區社南里中山路民生路,0,2,111,114,120,50,126,141,163,172,176,181,188,190,193,198,208,216,217,234,0.0,0.0,2020-02-04 11:18:43,2018-10-27 00:36:00,2018-10-27
5313997,10710AB891B2936,10710AB891B2936,15,66000,TXG,245,2187,66000260004,2,AB891,2018-10-27 19:58:00,10710271958,臺中市霧峰區本鄉里中正路1055號,0,1,111,114,120,50,127,141,164,172,176,181,188,189,193,201,208,215,217,229,24.0672129439009,120.699018561399,2020-02-04 11:18:43,2018-10-27 19:58:00,2018-10-27
5225199,10710ABA94B2879,10710ABA94B2879,15,66000,TXG,312,2596,66000140008,2,ABA94,2018-10-27 11:59:00,10710271159,臺中市梧棲區南簡里民和路一段民和路一段492巷附近,0,1,111,112,120,50,127,141,163,172,176,181,188,189,193,206,211,216,217,234,24.2547986681577,120.551629258129,2020-02-04 11:18:43,2018-10-27 11:59:00,2018-10-27
5224596,10710ABA95B2871,10710ABA95B2871,15,66000,TXG,236,2523,66000130011,2,ABA95,2018-10-27 10:33:00,10710271033,臺中市沙鹿區北勢里鎮南路二段224號,0,3,111,112,120,50,126,141,163,172,176,181,188,189,193,206,211,216,218,234,24.2235429023768,120.568827930171,2020-02-04 11:18:43,2018-10-27 10:33:00,2018-10-27
5227138,10710ABA95B2929,10710ABA95B2929,15,66000,TXG,236,2533,66000130021,2,ABA95,2018-10-27 19:15:00,10710271915,臺中市沙鹿區三鹿里自強路自強路175巷,0,1,111,114,120,50,127,142,163,172,176,181,188,189,193,206,211,216,218,235,24.2057774321847,120.563328639788,2020-02-04 11:18:43,2018-10-27 19:15:00,2018-10-27
5226459,10710AB591B2907,10710AB591B2907,15,66000,TXG,233,2031,66000080032,2,AB591,2018-10-27 16:15:00,10710271615,臺中市北屯區松強里昌平東六路9號,0,1,111,112,120,50,137,147,163,172,176,181,188,192,196,201,211,215,218,231,24.1840002952634,120.69034074944,2020-02-04 11:18:43,2018-10-27 16:15:00,2018-10-27
5224557,10710AB691B2866,10710AB691B2866,15,66000,TXG,232,2310,66000060025,2,AB691,2018-10-27 09:56:00,10710270956,臺中市西屯區何南里東興路三段大墩十九街,0,1,111,112,120,50,127,141,163,172,176,181,188,189,193,206,211,216,218,235,24.1568744443229,120.65457993221099,2020-02-04 11:18:43,2018-10-27 09:56:00,2018-10-27
5227039,10710AB591B2914,10710AB591B2914,15,66000,TXG,233,2017,66000080018,2,AB591,2018-10-27 17:12:00,10710271712,臺中市北屯區仁美里環中路一段728號,0,1,111,114,120,40,137,160,166,172,176,181,188,192,196,197,210,216,218,232,24.2013078902172,120.68959457224,2020-02-04 11:18:43,2018-10-27 17:12:00,2018-10-27
5224533,10710AB291B2857,10710AB291B2857,15,66000,TXG,231,2364,66000050022,2,AB291,2018-10-27 09:32:00,10710270932,臺中市北區明德里忠太西路忠明七街,0,2,111,112,120,50,127,141,163,172,176,181,188,191,193,201,211,216,218,233,24.1639948200845,120.66919467353,2020-02-04 11:18:43,2018-10-27 09:32:00,2018-10-27
5225218,10710AB891B2882,10710AB891B2882,15,66000,TXG,245,2193,66000260011,2,AB891,2018-10-27 12:20:00,10710271220,臺中市霧峰區南柳里柳豐路柳豐六街,0,1,111,112,120,50,126,141,163,172,176,181,188,192,196,206,211,216,218,234,24.0448202203548,120.688240700657,2020-02-04 11:18:43,2018-10-27 12:20:00,2018-10-27
5226439,10710AB191B2904,10710AB191B2904,15,66000,TXG,230,2335,66000040018,2,AB191,2018-10-27 15:40:00,10710271540,臺中市西區土庫里忠明南路411號,0,2,111,112,120,40,137,148,163,172,176,181,188,192,196,197,210,215,218,235,24.1417322543868,120.6573786025,2020-02-04 11:18:43,2018-10-27 15:40:00,2018-10-27
5224592,10710AB891B2870,10710AB891B2870,15,66000,TXG,245,0,66000260000,2,AB891,2018-10-27 10:30:00,10710271030,臺中市霧峰區中興路二段159之1號,0,3,111,112,120,50,137,149,163,172,176,181,188,192,196,205,210,216,217,234,0.0,0.0,2020-02-04 11:18:43,2018-10-27 10:30:00,2018-10-27
5224552,10710AB793B2864,10710AB793B2864,15,66000,TXG,239,2080,66000170015,2,AB793,2018-10-27 09:50:00,10710270950,臺中市潭子區家興里中山路一段238號,0,1,111,112,120,60,137,149,163,172,176,181,188,189,193,204,209,215,217,219,0.0,0.0,2020-02-04 11:18:43,2018-10-27 09:50:00,2018-10-27
5227068,10710AB795B2921,10710AB795B2921,15,66000,TXG,240,2087,66000180006,2,AB795,2018-10-27 17:42:00,10710271742,臺中市大雅區橫山里永和路115-9號,0,1,111,114,120,50,127,142,163,172,176,181,188,189,193,206,211,216,218,235,24.2124377805184,120.63255981309,2020-02-04 11:18:43,2018-10-27 17:42:00,2018-10-27
5224532,10710AB391B2858,10710AB391B2858,15,66000,TXG,228,2061,66000020001,2,AB391,2018-10-27 09:32:00,10710270932,臺中市東區新庄里互助街25巷8號,0,3,111,112,120,40,127,141,163,172,176,181,188,192,196,206,211,216,218,235,24.134592704746,120.684106936674,2020-02-04 11:18:43,2018-10-27 09:32:00,2018-10-27
5224529,10710AB391B2856,10710AB391B2856,15,66000,TXG,228,2066,66000020006,2,AB391,2018-10-27 09:30:00,10710270930,臺中市東區泉源里振興路進德路,0,1,111,112,120,50,128,141,163,172,176,181,188,189,193,206,211,216,218,231,24.1309000726273,120.703269157162,2020-02-04 11:18:43,2018-10-27 09:30:00,2018-10-27
5313982,10710AB291B2933,10710AB291B2933,15,66000,TXG,231,1992,66000050029,2,AB291,2018-10-27 19:38:00,10710271938,臺中市北區錦平里五權路498-11號,0,1,111,114,120,50,137,148,163,172,176,181,188,192,196,200,211,215,218,234,24.1504701676438,120.67650303949,2020-02-04 11:18:43,2018-10-27 19:38:00,2018-10-27
5225194,10710AB291B2878,10710AB291B2878,15,66000,TXG,231,2363,66000050021,2,AB291,2018-10-27 11:51:00,10710271151,臺中市北區健行里西屯路一段德化街,0,2,111,112,120,50,127,142,163,172,176,181,188,189,193,201,208,215,218,229,24.1612672676334,120.664733879557,2020-02-04 11:18:43,2018-10-27 11:51:00,2018-10-27
5227101,10710A24WZB0124,10710A24WZB0124,15,66000,TXG,240,0,66000180000,2,A24WZ,2018-10-27 18:24:00,10710271824,臺中市大雅區國道1號173.0公里100.0公尺南側側路肩車道,0,1,111,113,116,110,137,153,163,172,176,181,188,192,196,197,209,216,217,231,0.0,0.0,2020-02-04 11:18:43,2018-10-27 18:24:00,2018-10-27
5226435,10710AB995B2903,10710AB995B2903,15,66000,TXG,288,2169,66000250001,2,AB995,2018-10-27 15:35:00,10710271535,臺中市龍井區竹坑里中華路一段觀光路221巷88弄,0,1,111,112,120,50,126,141,163,172,176,181,188,191,193,206,211,216,218,234,24.1944740330357,120.53619917011,2020-02-04 11:18:43,2018-10-27 15:35:00,2018-10-27
5226447,10710ABA95B2905,10710ABA95B2905,15,66000,TXG,236,2520,66000130008,2,ABA95,2018-10-27 15:53:00,10710271553,臺中市沙鹿區鹿寮里三條圳二街與中華路二段200巷附近,0,1,111,112,120,40,126,141,163,172,176,181,188,192,196,206,211,216,217,234,24.2438983474839,120.559337347274,2020-02-04 11:18:43,2018-10-27 15:53:00,2018-10-27
5213312,10710AB691B3015,10710AB691B3015,15,66000,TXG,232,2314,66000060029,2,AB691,2018-10-28 18:08:00,10710281808,臺中市西屯區逢福里河南路福上巷214弄附近,0,1,111,114,120,40,126,141,163,172,176,181,188,192,196,206,211,216,218,234,24.1757450490053,120.650365951269,2020-02-04 11:18:43,2018-10-28 18:08:00,2018-10-28
5213229,10710ABA93B3005,10710ABA93B3005,15,66000,TXG,311,1986,66000120027,2,ABA93,2018-10-28 16:01:00,10710281601,臺中市清水區橋頭里中清路609-5號,0,1,111,112,120,70,137,148,163,172,176,181,188,192,196,197,210,215,217,234,24.2628282046353,120.573613224151,2020-02-04 11:18:43,2018-10-28 16:01:00,2018-10-28
5118820,10710ABA95B2970,10710ABA95B2970,15,66000,TXG,236,2527,66000130015,2,ABA95,2018-10-28 09:15:00,10710280915,臺中市沙鹿區南勢里南斗路沙田路392巷,0,1,111,112,120,50,126,142,163,172,176,181,188,189,193,206,211,216,218,234,24.2208892167035,120.556040685415,2020-02-04 11:18:43,2018-10-28 09:15:00,2018-10-28
5118858,10710AB996B2976,10710AB996B2976,15,66000,TXG,244,2166,66000240015,2,AB996,2018-10-28 09:54:00,10710280954,臺中市大肚區瑞井里瑞井路與瑞井路51巷口附近,0,2,111,112,120,40,127,141,163,172,176,181,188,192,196,206,211,216,218,234,24.1635627151542,120.572418734379,2020-02-04 11:18:43,2018-10-28 09:54:00,2018-10-28