識別碼,案件編號,交通事故主表,縣市識別碼,縣市代碼,所屬縣市簡碼,鄉縣市區識別碼,村里識別碼,里代碼,事故類(A1、A2...An),處理單位代碼,案件時間(西元),案件時間(民國),發生地點,死亡人數,受傷人數(含2~30日內死亡),天氣識別碼,光線識別碼,道路類別識別碼,速限,道路型態識別碼,事故位置識別碼,路面鋪裝識別碼,路面狀態識別碼,路面缺陷識別碼,障礙物視距識別碼,視距識別碼,號誌種類識別碼,號誌動作識別碼,車道劃分設施-分向設施識別碼,快車道或一般車道間識別碼,快慢車道間識別碼,路面邊線識別碼,事故類型及型態識別碼,緯度,經度,本平台資料更新時間(yyyy-MM-dd HH:mm:ss),資料代表時間(yyyy-MM-dd HH:mm:ss),資料代表日期(yyyy-MM-dd)
5077065,10710AB591B3178,10710AB591B3178,15,66000,TXG,233,2395,66000080003,2,AB591,2018-10-29 22:23:00,10710292223,臺中市北屯區三光里北屯路近太原路口前附近,0,1,111,114,120,50,127,142,163,172,176,181,188,189,193,197,208,216,218,231,24.1749669264205,120.698828184588,2020-02-04 11:18:43,2018-10-29 22:23:00,2018-10-29
5286861,10710AB591B3151,10710AB591B3151,15,66000,TXG,233,2018,66000080019,2,AB591,2018-10-29 17:50:00,10710291750,臺中市北屯區四民里松竹路三段黎子咖啡館出入口前附近,0,1,111,114,120,40,138,160,163,172,176,181,188,192,196,197,210,215,218,234,24.1815870133151,120.684694981098,2020-02-04 11:18:43,2018-10-29 17:50:00,2018-10-29
5076872,10710AB591B3459,10710AB591B3459,15,66000,TXG,233,2017,66000080018,2,AB591,2018-10-29 19:29:00,10710291929,臺中市北屯區仁美里昌平路崇德路,0,2,111,114,120,50,128,141,163,172,176,181,188,189,193,206,211,216,218,231,24.1887350363628,120.686287467929,2020-02-04 11:18:43,2018-10-29 19:29:00,2018-10-29
5077068,10710AB291B3179,10710AB291B3179,15,66000,TXG,231,2356,66000050014,2,AB291,2018-10-29 22:30:00,10710292230,臺中市北區頂厝里進化北路大義街,0,1,111,114,120,40,137,148,163,172,176,181,188,192,196,204,209,215,218,231,24.1630142287327,120.683663693566,2020-02-04 11:18:43,2018-10-29 22:30:00,2018-10-29
5214307,10710ABA95B3076,10710ABA95B3076,15,66000,TXG,236,2525,66000130013,2,ABA95,2018-10-29 08:25:00,10710290825,臺中市沙鹿區晉江里東晉東路06164號路燈旁附近,0,1,111,112,120,40,138,149,163,172,176,181,188,192,196,206,211,216,218,230,24.2215532678344,120.599546552239,2020-02-04 11:18:43,2018-10-29 08:25:00,2018-10-29
5076844,10710AB391B3458,10710AB391B3458,15,66000,TXG,228,0,66000020000,2,AB391,2018-10-29 18:57:00,10710291857,臺中市東區台74線快速公路近28.5K往北屯附近,0,1,111,114,120,50,137,149,163,172,176,181,188,192,196,199,210,216,217,231,0.0,0.0,2020-02-04 11:18:43,2018-10-29 18:57:00,2018-10-29
5284251,10710AB591B3108,10710AB591B3108,15,66000,TXG,233,2410,66000080038,2,AB591,2018-10-29 12:33:00,10710291233,臺中市北屯區平陽里安順東三街旅順路一段,0,1,111,112,120,50,127,141,163,172,176,181,188,192,196,206,211,216,218,233,24.1752395971215,120.679204628088,2020-02-04 11:18:43,2018-10-29 12:33:00,2018-10-29
5214284,10710AB691B3070,10710AB691B3070,15,66000,TXG,232,2367,66000060015,2,AB691,2018-10-29 08:08:00,10710290808,臺中市西屯區港尾里中清路三段400號,0,1,111,112,120,50,137,147,163,172,176,181,188,192,196,197,210,215,218,231,24.2027479014218,120.653779306668,2020-02-04 11:18:43,2018-10-29 08:08:00,2018-10-29
5285102,10710AB491B3128,10710AB491B3128,15,66000,TXG,13,2376,66000070008,2,AB491,2018-10-29 15:00:00,10710291500,臺中市南屯區新生里環中路四段161號,0,1,111,112,120,40,137,148,163,172,176,181,188,192,196,206,210,216,218,235,24.1432477546621,120.62336853531,2020-02-04 11:18:43,2018-10-29 15:00:00,2018-10-29
5214267,10710ABC91B3065,10710ABC91B3065,15,66000,TXG,246,2222,66000270025,2,ABC91,2018-10-29 07:55:00,10710290755,臺中市太平區平安里太平路與鵬儀路口附近,0,1,111,112,120,50,126,141,163,172,176,181,188,189,193,206,211,216,218,234,24.1190987112667,120.72241464534,2020-02-04 11:18:43,2018-10-29 07:55:00,2018-10-29
5076928,10710ABA95B3173,10710ABA95B3173,15,66000,TXG,236,2517,66000130005,2,ABA95,2018-10-29 21:30:00,10710292130,臺中市沙鹿區興仁里光華路121巷口附近,0,1,111,114,120,50,137,153,163,172,176,181,188,192,196,201,210,216,217,236,24.2322380024942,120.561174590635,2020-02-04 11:18:43,2018-10-29 21:30:00,2018-10-29
5214855,10710AB795B3094,10710AB795B3094,15,66000,TXG,240,2278,66000180014,2,AB795,2018-10-29 10:20:00,10710291020,臺中市大雅區大楓里雅潭路四段信和路,0,1,111,112,120,50,127,141,163,172,176,181,188,189,193,206,211,216,218,229,24.2193654591971,120.662455358051,2020-02-04 11:18:43,2018-10-29 10:20:00,2018-10-29
5284248,10710AB191B3106,10710AB191B3106,15,66000,TXG,227,2055,66000010003,2,AB191,2018-10-29 12:30:00,10710291230,臺中市中區綠川里建國路八德街,0,1,111,112,120,50,126,141,163,172,176,181,188,189,193,206,211,216,218,235,0.0,0.0,2020-02-04 11:18:43,2018-10-29 12:30:00,2018-10-29
5285873,10710AB891B3134,10710AB891B3134,15,66000,TXG,247,2258,66000280017,2,AB891,2018-10-29 15:30:00,10710291530,臺中市大里區瑞城里中興路一段298-9號,0,1,111,112,120,50,137,152,163,172,176,181,188,192,196,205,210,215,217,235,0.0,0.0,2020-02-04 11:18:43,2018-10-29 15:30:00,2018-10-29
5213924,10710AB793B3044,10710AB793B3044,15,66000,TXG,239,2564,66000170004,2,AB793,2018-10-29 06:30:00,10710290630,臺中市潭子區福仁里旱溪西路燈桿636號附近,0,1,111,113,120,40,134,149,163,172,176,181,188,192,196,206,210,216,217,236,24.2019433610468,120.7119946847,2020-02-04 11:18:43,2018-10-29 06:30:00,2018-10-29
5285038,10710AB591B3116,10710AB591B3116,15,66000,TXG,233,2404,66000080012,2,AB591,2018-10-29 13:15:00,10710291315,臺中市北屯區民政里橫坑巷30之10號,0,1,111,112,120,40,134,149,163,172,176,181,188,192,196,206,211,216,218,236,24.1783135253289,120.742794286879,2020-02-04 11:18:43,2018-10-29 13:15:00,2018-10-29
5286894,10710AB891B3155,10710AB891B3155,15,66000,TXG,247,2258,66000280017,2,AB891,2018-10-29 18:22:00,10710291822,臺中市大里區瑞城里光明路130號,0,1,111,114,120,40,137,149,163,172,176,181,188,192,196,206,211,216,218,229,0.0,0.0,2020-02-04 11:18:43,2018-10-29 18:22:00,2018-10-29
5285089,10710AB993B3125,10710AB993B3125,15,66000,TXG,14,2141,66000230002,2,AB993,2018-10-29 14:40:00,10710291440,臺中市烏日區湖日里台74線快速公路南下2.0K附近附近,0,1,111,112,120,80,137,149,163,172,176,181,188,192,196,198,211,216,217,231,0.0,0.0,2020-02-04 11:18:43,2018-10-29 14:40:00,2018-10-29
5214000,10710ABC91B3056,10710ABC91B3056,15,66000,TXG,246,2206,66000270007,2,ABC91,2018-10-29 07:39:00,10710290739,臺中市太平區宜欣里3鄰富宜路190巷2號,0,1,111,112,120,50,126,142,163,172,176,181,188,192,196,201,208,216,218,229,24.1468736170532,120.718586764857,2020-02-04 11:18:43,2018-10-29 07:39:00,2018-10-29
5213786,10710AB291B3038,10710AB291B3038,15,66000,TXG,231,2343,66000050001,2,AB291,2018-10-29 00:35:00,10710290035,臺中市北區光大里五權路太平路附近,0,1,111,114,120,50,127,141,163,172,176,181,188,189,193,206,211,216,218,231,24.151625722874,120.678122136998,2020-02-04 11:18:43,2018-10-29 00:35:00,2018-10-29
5285059,10710ABB93B3121,10710ABB93B3121,15,66000,TXG,237,2554,66000150009,2,ABB93,2018-10-29 13:48:00,10710291348,臺中市后里區墩北里甲后路一段與二圳路口附近,0,1,111,112,120,50,127,141,163,172,176,181,188,189,193,201,211,215,217,235,24.3110273313404,120.709436454985,2020-02-04 11:18:43,2018-10-29 13:48:00,2018-10-29
5285883,10710AB996B3136,10710AB996B3136,15,66000,TXG,244,0,66000240000,2,AB996,2018-10-29 15:46:00,10710291546,臺中市大肚區遊園路二段56號,0,1,111,112,120,50,137,149,163,172,176,181,188,192,196,201,211,216,217,235,24.1701253230084,120.579579804334,2020-02-04 11:18:43,2018-10-29 15:46:00,2018-10-29
5286835,10710AB993B3149,10710AB993B3149,15,66000,TXG,14,2144,66000230006,2,AB993,2018-10-29 17:30:00,10710291730,臺中市烏日區九德里信義街223號,0,1,111,112,120,50,127,141,163,172,176,181,188,192,196,206,211,216,218,234,24.1042315703661,120.637959971248,2020-02-04 11:18:43,2018-10-29 17:30:00,2018-10-29
5284223,10710AB591B3101,10710AB591B3101,15,66000,TXG,233,2402,66000080010,2,AB591,2018-10-29 12:05:00,10710291205,臺中市北屯區和平里東山路一段320號,0,1,111,112,120,50,137,159,163,172,176,181,188,192,196,201,210,216,218,221,24.17605584166,120.722923129094,2020-02-04 11:18:43,2018-10-29 12:05:00,2018-10-29
5286870,10710AB793B3152,10710AB793B3152,15,66000,TXG,239,2562,66000170002,2,AB793,2018-10-29 18:00:00,10710291800,臺中市潭子區潭秀里中山路二段加工區大門前附近,0,1,111,114,120,60,127,141,163,172,176,181,188,189,193,206,211,216,218,234,24.2162358423776,120.705317381166,2020-02-04 11:18:43,2018-10-29 18:00:00,2018-10-29
5076902,10710AB891B3169,10710AB891B3169,15,66000,TXG,245,2191,66000260008,2,AB891,2018-10-29 20:30:00,10710292030,臺中市霧峰區本堂里中正路578巷口附近,0,1,111,114,120,70,126,148,163,172,176,181,188,192,196,197,209,215,217,230,24.0131659040394,120.69569080387,2020-02-04 11:18:43,2018-10-29 20:30:00,2018-10-29
5214539,10710AB591B3081,10710AB591B3081,15,66000,TXG,233,2016,66000080017,2,AB591,2018-10-29 08:42:00,10710290842,臺中市北屯區仁和里崇德路三段199號,0,2,111,114,120,50,137,147,163,172,176,181,188,192,196,197,210,215,218,231,24.1876822223599,120.68625684352,2020-02-04 11:18:43,2018-10-29 08:42:00,2018-10-29
5214878,10710AB891B3096,10710AB891B3096,15,66000,TXG,245,2195,66000260013,2,AB891,2018-10-29 10:58:00,10710291058,臺中市霧峰區五福里中投西路二段448號,0,1,111,112,120,40,137,149,163,172,176,181,188,192,196,197,211,215,217,234,24.06423943138,120.662734014811,2020-02-04 11:18:43,2018-10-29 10:58:00,2018-10-29
5284276,10710AB591B3110,10710AB591B3110,15,66000,TXG,233,2394,66000080001,2,AB591,2018-10-29 12:55:00,10710291255,臺中市北屯區北興里北安街18號,0,1,111,112,120,50,127,141,163,172,176,181,188,192,196,206,211,216,218,233,24.1642926826186,120.697895312629,2020-02-04 11:18:43,2018-10-29 12:55:00,2018-10-29
5076886,10710ABB91B3167,10710ABB91B3167,15,66000,TXG,286,2501,66000110022,2,ABB91,2018-10-29 20:00:00,10710292000,臺中市大甲區孟春里經國路1746號,0,1,111,114,120,70,126,142,163,172,176,181,188,192,196,197,210,215,217,235,24.3778206545154,120.649510096803,2020-02-04 11:18:43,2018-10-29 20:00:00,2018-10-29
5286913,10710AB291B3161,10710AB291B3161,15,66000,TXG,231,1992,66000050029,2,AB291,2018-10-29 18:36:00,10710291836,臺中市北區錦平里五權路五常街,0,2,111,112,120,50,127,141,163,172,176,181,188,189,193,206,211,216,218,231,24.1528422935144,120.681287690203,2020-02-04 11:18:43,2018-10-29 18:36:00,2018-10-29
5214627,10710ABB93B3092,10710ABB93B3092,15,66000,TXG,237,2557,66000150011,2,ABB93,2018-10-29 10:02:00,10710291002,臺中市后里區舊社里三線路和興路3-9巷,0,1,111,112,120,40,126,142,163,172,176,181,188,192,196,206,211,216,217,235,24.2989590556844,120.702016109978,2020-02-04 11:18:43,2018-10-29 10:02:00,2018-10-29
5213983,10710AB795B3053,10710AB795B3053,15,66000,TXG,240,2278,66000180014,2,AB795,2018-10-29 07:32:00,10710290732,臺中市大雅區大楓里民富街民豐街,0,2,111,112,120,50,126,141,163,172,176,181,188,192,196,201,211,216,217,234,24.2329363411666,120.666545270585,2020-02-04 11:18:43,2018-10-29 07:32:00,2018-10-29
5285037,10710AB793B3117,10710AB793B3117,15,66000,TXG,239,2562,66000170002,2,AB793,2018-10-29 13:15:00,10710291315,臺中市潭子區潭秀里潭子街三段87號,0,1,111,112,120,50,128,141,163,172,176,181,188,191,193,206,211,216,218,234,24.2155012948069,120.705796791634,2020-02-04 11:18:43,2018-10-29 13:15:00,2018-10-29
5285922,10710AB891B3141,10710AB891B3141,15,66000,TXG,247,2264,66000280023,2,AB891,2018-10-29 16:31:00,10710291631,臺中市大里區永隆里大明路環河路,0,1,111,112,120,50,127,141,163,172,176,181,188,189,193,200,211,216,218,235,24.1148640584006,120.67233132837,2020-02-04 11:18:43,2018-10-29 16:31:00,2018-10-29
5285024,10710AB891B3113,10710AB891B3113,15,66000,TXG,247,2255,66000280014,2,AB891,2018-10-29 13:00:00,10710291300,臺中市大里區仁化里仁化路261號,0,2,111,112,120,50,137,149,163,172,176,181,188,189,193,205,211,215,217,234,24.0939206903932,120.71343560672,2020-02-04 11:18:43,2018-10-29 13:00:00,2018-10-29
5214219,10710AB793B3060,10710AB793B3060,15,66000,TXG,239,2561,66000170001,2,AB793,2018-10-29 07:40:00,10710290740,臺中市潭子區潭陽里豐興路一段192巷土地公廟旁的小路附近,0,1,111,112,120,40,127,142,163,172,176,181,188,192,196,206,211,216,218,237,0.0,0.0,2020-02-04 11:18:43,2018-10-29 07:40:00,2018-10-29
5214630,10710ABA93B3093,10710ABA93B3093,15,66000,TXG,311,32,66000120001,2,ABA93,2018-10-29 10:08:00,10710291008,臺中市清水區鰲峰里01鄰新興路光明路,0,1,111,112,120,40,128,141,163,172,176,181,188,191,195,205,210,216,217,233,24.2728091884047,120.579184094306,2020-02-04 11:18:43,2018-10-29 10:08:00,2018-10-29
5285946,10710AB691B3145,10710AB691B3145,15,66000,TXG,232,2367,66000060015,2,AB691,2018-10-29 16:53:00,10710291653,臺中市西屯區港尾里中平路經貿八路附近,0,1,111,112,120,50,137,147,163,172,176,181,188,189,193,205,210,215,218,234,24.1945143540542,120.657215126135,2020-02-04 11:18:43,2018-10-29 16:53:00,2018-10-29
5356847,10710ABB93B3099,10710ABB93B3099,15,66000,TXG,237,2560,66000150014,2,ABB93,2018-10-29 11:37:00,10710291137,臺中市后里區眉山里甲后路三段208號,0,1,111,112,120,60,137,149,163,172,176,181,188,192,196,201,209,216,217,228,24.3165467911063,120.677035956972,2020-02-04 11:18:43,2018-10-29 11:37:00,2018-10-29
5285023,10710AB891B3112,10710AB891B3112,15,66000,TXG,247,2260,66000280019,2,AB891,2018-10-29 12:59:00,10710291259,臺中市大里區東湖里中興路一段173之37號,0,1,111,112,120,50,137,147,163,172,176,181,188,192,196,197,210,215,217,235,0.0,0.0,2020-02-04 11:18:43,2018-10-29 12:59:00,2018-10-29
5284271,10710ABC91B3109,10710ABC91B3109,15,66000,TXG,246,2220,66000270023,2,ABC91,2018-10-29 12:50:00,10710291250,臺中市太平區東和里東平路149號,0,1,111,112,120,50,128,141,163,172,176,181,188,190,193,206,211,216,218,234,24.1347183297487,120.732579061037,2020-02-04 11:18:43,2018-10-29 12:50:00,2018-10-29
5214594,10710ABA95B3087,10710ABA95B3087,15,66000,TXG,236,2518,66000130006,2,ABA95,2018-10-29 09:30:00,10710290930,臺中市沙鹿區斗抵里沙田路13-6號附近附近,0,1,111,112,120,50,137,147,163,172,176,181,188,192,196,206,211,216,218,235,0.0,0.0,2020-02-04 11:18:43,2018-10-29 09:30:00,2018-10-29
5286909,10710AB591B3160,10710AB591B3160,15,66000,TXG,233,2395,66000080003,2,AB591,2018-10-29 18:30:00,10710291830,臺中市北屯區三光里北屯路222之3號,0,2,111,114,120,40,137,148,163,172,176,181,188,192,196,199,210,215,218,230,24.1749669264205,120.698828184588,2020-02-04 11:18:43,2018-10-29 18:30:00,2018-10-29
5285962,10710AB891B3147,10710AB891B3147,15,66000,TXG,245,2191,66000260008,2,AB891,2018-10-29 17:10:00,10710291710,臺中市霧峰區本堂里育群路與育賢路口附近,0,2,111,112,120,50,127,141,163,172,176,181,188,191,193,206,211,216,218,233,24.0608205646479,120.697337241709,2020-02-04 11:18:43,2018-10-29 17:10:00,2018-10-29
5214310,10710AB795B3077,10710AB795B3077,15,66000,TXG,240,2087,66000180006,2,AB795,2018-10-29 08:28:00,10710290828,臺中市大雅區橫山里中和路107號,0,1,111,112,120,40,137,149,163,172,176,181,188,192,196,206,211,216,218,230,0.0,0.0,2020-02-04 11:18:43,2018-10-29 08:28:00,2018-10-29
5286882,10710AB391B3153,10710AB391B3153,15,66000,TXG,229,2289,66000030015,2,AB391,2018-10-29 18:18:00,10710291818,臺中市南區長春里復興路三段合作街,0,2,111,114,120,50,127,141,163,172,176,181,188,189,193,206,211,216,218,234,24.1331280229278,120.679722991554,2020-02-04 11:18:43,2018-10-29 18:18:00,2018-10-29
5285929,10710AB993B3142,10710AB993B3142,15,66000,TXG,14,0,66000230000,2,AB993,2018-10-29 16:44:00,10710291644,臺中市烏日區溪南路一段溪南路一段126巷91弄126巷口附近,0,1,111,113,120,40,126,141,163,172,176,181,187,192,196,206,211,216,218,234,24.0858349532337,120.644178035537,2020-02-04 11:18:43,2018-10-29 16:44:00,2018-10-29
5214283,10710AB291B3069,10710AB291B3069,15,66000,TXG,231,2343,66000050001,2,AB291,2018-10-29 08:06:00,10710290806,臺中市北區光大里五權路公園路,0,1,111,112,120,50,127,142,163,172,176,181,188,190,193,197,208,215,218,236,24.1512086523087,120.6773064411,2020-02-04 11:18:43,2018-10-29 08:06:00,2018-10-29
5284247,10710ABC91B3107,10710ABC91B3107,15,66000,TXG,246,2214,66000270016,2,ABC91,2018-10-29 12:30:00,10710291230,臺中市太平區興隆里光興路899號,0,1,111,112,120,50,126,141,163,172,176,181,188,192,196,206,211,216,218,234,24.1136677130677,120.731748428042,2020-02-04 11:18:43,2018-10-29 12:30:00,2018-10-29
5213927,10710AB591B3045,10710AB591B3045,15,66000,TXG,233,2020,66000080021,2,AB591,2018-10-29 06:41:00,10710290641,臺中市北屯區同榮里豐樂一街107號,0,2,111,112,120,40,128,141,163,172,176,181,188,191,193,201,211,215,218,233,24.1964689186321,120.680493153759,2020-02-04 11:18:43,2018-10-29 06:41:00,2018-10-29
5214293,10710AB291B3071,10710AB291B3071,15,66000,TXG,231,2363,66000050021,2,AB291,2018-10-29 08:15:00,10710290815,臺中市北區健行里忠明路494號,0,1,111,112,120,40,137,148,163,172,176,181,188,192,196,197,210,215,218,247,24.1625651787701,120.674531782892,2020-02-04 11:18:43,2018-10-29 08:15:00,2018-10-29
5076938,10710AB691B3176,10710AB691B3176,15,66000,TXG,232,2312,66000060027,2,AB691,2018-10-29 21:43:00,10710292143,臺中市西屯區上安里河南路上安路,0,1,111,114,120,50,126,141,163,172,176,181,188,192,196,201,210,215,218,234,24.1693700767255,120.642441127705,2020-02-04 11:18:43,2018-10-29 21:43:00,2018-10-29
5213957,10710A2IT1B0005,10710A2IT1B0005,15,66000,TXG,288,0,66000250000,2,A2IT1,2018-10-29 07:15:00,10710290715,臺中市龍井區龍昌路附近,0,1,111,112,120,40,137,149,163,172,176,180,188,189,193,205,210,215,217,236,24.2230047920926,120.47741179076,2020-02-04 11:18:43,2018-10-29 07:15:00,2018-10-29
5214302,10710ABA94B3073,10710ABA94B3073,15,66000,TXG,312,2535,66000140003,2,ABA94,2018-10-29 08:21:00,10710290821,臺中市梧棲區中正里中興路128巷與仁美街135巷口附近,0,3,111,112,120,50,127,141,163,172,176,181,188,192,196,206,211,216,218,233,24.2559064585188,120.535651616784,2020-02-04 11:18:43,2018-10-29 08:21:00,2018-10-29
5213901,10710AB891B3040,10710AB891B3040,15,66000,TXG,247,2260,66000280019,2,AB891,2018-10-29 04:30:00,10710290430,臺中市大里區東湖里大峰路480號,0,2,111,114,120,60,137,148,163,172,176,181,188,192,196,197,209,215,218,229,24.0851212220988,120.68791230462,2020-02-04 11:18:43,2018-10-29 04:30:00,2018-10-29
5214271,10710AB891B3067,10710AB891B3067,15,66000,TXG,247,2239,66000280003,2,AB891,2018-10-29 07:59:00,10710290759,臺中市大里區樹王里中投西路三段樹王路,0,1,111,112,120,50,127,141,163,172,176,181,188,189,193,197,211,216,218,234,24.0873331090294,120.664055085187,2020-02-04 11:18:43,2018-10-29 07:59:00,2018-10-29
5285107,10710AB591B3130,10710AB591B3130,15,66000,TXG,233,2402,66000080010,2,AB591,2018-10-29 15:06:00,10710291506,臺中市北屯區和平里東山路一段367-21號,0,3,111,112,120,50,137,147,163,172,176,181,188,192,196,201,210,216,218,230,24.1698598942413,120.702252112179,2020-02-04 11:18:43,2018-10-29 15:06:00,2018-10-29
5285104,10710AB491B3129,10710AB491B3129,15,66000,TXG,13,2381,66000070013,2,AB491,2018-10-29 15:05:00,10710291505,臺中市南屯區黎明里黎明路與聖王街附近,0,1,111,112,120,50,126,141,163,172,176,177,188,191,193,206,211,215,218,234,24.1588220250797,120.634036926045,2020-02-04 11:18:43,2018-10-29 15:05:00,2018-10-29
5077064,10710AB793B3177,10710AB793B3177,15,66000,TXG,239,2080,66000170015,2,AB793,2018-10-29 22:19:00,10710292219,臺中市潭子區家興里中山路一段15巷口附近,0,2,111,114,120,60,126,141,163,172,176,181,188,189,193,206,211,216,218,234,24.1882201649321,120.700407636786,2020-02-04 11:18:43,2018-10-29 22:19:00,2018-10-29
5285120,10710AB391B3132,10710AB391B3132,15,66000,TXG,229,2246,66000030003,2,AB391,2018-10-29 15:20:00,10710291520,臺中市南區南門里南門路23號,0,2,111,112,120,50,127,142,163,172,176,181,188,189,193,206,211,216,218,221,24.1217477497757,120.681267093829,2020-02-04 11:18:43,2018-10-29 15:20:00,2018-10-29
5284236,10710ABB93B3105,10710ABB93B3105,15,66000,TXG,237,2560,66000150014,2,ABB93,2018-10-29 12:17:00,10710291217,臺中市后里區眉山里甲后路二段717號,0,1,111,112,120,40,134,149,163,172,176,181,182,192,196,206,211,216,218,229,24.3128730206735,120.698393037431,2020-02-04 11:18:43,2018-10-29 12:17:00,2018-10-29
5076935,10710AB691B3175,10710AB691B3175,15,66000,TXG,232,2370,66000060018,2,AB691,2018-10-29 21:41:00,10710292141,臺中市西屯區永安里福雅路185號,0,1,111,114,120,30,137,149,163,172,176,177,188,192,196,201,210,216,218,231,24.1881401454465,120.620573405983,2020-02-04 11:18:43,2018-10-29 21:41:00,2018-10-29
5214598,10710AB391B3088,10710AB391B3088,15,66000,TXG,229,2292,66000030018,2,AB391,2018-10-29 09:33:00,10710290933,臺中市南區平和里忠明南路與美村南路口.附近,0,2,111,112,120,50,127,141,163,172,176,181,188,190,193,206,211,216,218,231,24.1186534957568,120.666822376904,2020-02-04 11:18:43,2018-10-29 09:33:00,2018-10-29
5076918,10710AB691B3172,10710AB691B3172,15,66000,TXG,232,2316,66000060031,2,AB691,2018-10-29 21:09:00,10710292109,臺中市西屯區何成里大墩十八街大容西街,0,1,111,115,120,50,128,141,163,172,176,181,188,192,196,206,211,216,218,234,24.1577447847371,120.648220479134,2020-02-04 11:18:43,2018-10-29 21:09:00,2018-10-29
5285066,10710AB793B3122,10710AB793B3122,15,66000,TXG,239,2569,66000170009,2,AB793,2018-10-29 13:55:00,10710291355,臺中市潭子區大豐里崇德路五段563號,0,1,111,112,120,50,137,148,163,172,176,181,188,192,196,197,210,215,217,230,24.2264074410069,120.690300459675,2020-02-04 11:18:43,2018-10-29 13:55:00,2018-10-29
5213938,10710AB591B3048,10710AB591B3048,15,66000,TXG,233,2015,66000080016,2,AB591,2018-10-29 06:54:00,10710290654,臺中市北屯區松竹里崇德五路河北路,0,2,111,112,120,50,127,141,163,172,176,181,188,189,193,206,211,216,218,233,24.179213253271,120.683899361508,2020-02-04 11:18:43,2018-10-29 06:54:00,2018-10-29
5214538,10710ABC91B3080,10710ABC91B3080,15,66000,TXG,246,2203,66000270004,2,ABC91,2018-10-29 08:40:00,10710290840,臺中市太平區中興里環中東路四段東平路,0,1,111,112,120,50,127,141,163,172,176,181,188,190,193,200,210,216,218,230,24.1352819714066,120.709283942869,2020-02-04 11:18:43,2018-10-29 08:40:00,2018-10-29
5076934,10710AB491B3174,10710AB491B3174,15,66000,TXG,13,2376,66000070008,2,AB491,2018-10-29 21:40:00,10710292140,臺中市南屯區新生里永春路新德街,0,1,111,114,120,50,126,141,163,172,176,181,188,190,193,206,211,216,218,235,24.1402742477049,120.622243133381,2020-02-04 11:18:43,2018-10-29 21:40:00,2018-10-29
5214306,10710AB291B3075,10710AB291B3075,15,66000,TXG,231,2364,66000050022,2,AB291,2018-10-29 08:24:00,10710290824,臺中市北區明德里忠太西路太原南二街口附近,0,1,111,112,120,50,126,141,163,172,176,181,188,192,196,206,211,216,218,234,24.1638588478785,120.668948993484,2020-02-04 11:18:43,2018-10-29 08:24:00,2018-10-29
5286908,10710AB591B3159,10710AB591B3159,15,66000,TXG,233,2572,66000080002,2,AB591,2018-10-29 18:30:00,10710291830,臺中市北屯區北屯里太原路三段177號,0,1,111,114,120,50,137,147,163,172,176,181,188,192,196,201,211,215,218,230,24.1607994083837,120.729469356189,2020-02-04 11:18:43,2018-10-29 18:30:00,2018-10-29
5213946,10710AB591B3049,10710AB591B3049,15,66000,TXG,233,2401,66000080009,2,AB591,2018-10-29 07:00:00,10710290700,臺中市北屯區軍功里軍功路一段1號,0,1,111,112,120,40,137,148,163,172,176,181,188,192,196,205,210,215,218,236,24.1611369213165,120.713630440427,2020-02-04 11:18:43,2018-10-29 07:00:00,2018-10-29
5285113,10710AB291B3131,10710AB291B3131,15,66000,TXG,231,2347,66000050005,2,AB291,2018-10-29 15:10:00,10710291510,臺中市北區新北里雙十路太平路附近,0,1,111,112,120,50,126,141,163,172,176,181,188,189,193,206,211,216,218,230,24.1472367519955,120.686447885946,2020-02-04 11:18:43,2018-10-29 15:10:00,2018-10-29
5076851,10710AB691B3162,10710AB691B3162,15,66000,TXG,232,2308,66000060023,2,AB691,2018-10-29 19:04:00,10710291904,臺中市西屯區何源里華美西街二段365號,0,1,111,114,120,50,137,147,163,172,176,181,188,192,196,201,208,215,218,230,24.1719250602304,120.666763607983,2020-02-04 11:18:43,2018-10-29 19:04:00,2018-10-29
5286904,10710AB291B3158,10710AB291B3158,15,66000,TXG,231,2353,66000050011,2,AB291,2018-10-29 18:28:00,10710291828,臺中市北區金龍里崇德路錦中街,0,1,111,114,120,50,127,144,163,172,176,181,188,189,193,199,211,216,218,231,24.1559124571572,120.685737871575,2020-02-04 11:18:43,2018-10-29 18:28:00,2018-10-29
5285083,10710ABB93B3124,10710ABB93B3124,15,66000,TXG,237,2036,66000150018,2,ABB93,2018-10-29 14:30:00,10710291430,臺中市后里區義德里甲后路一段355巷口附近,0,1,111,112,120,50,127,141,163,172,176,181,188,191,193,201,211,216,217,236,24.3078240127067,120.724631386332,2020-02-04 11:18:43,2018-10-29 14:30:00,2018-10-29
5214551,10710AB891B3082,10710AB891B3082,15,66000,TXG,247,2248,66000280007,2,AB891,2018-10-29 08:50:00,10710290850,臺中市大里區西榮里中興路二段359號,0,2,111,112,120,50,137,149,163,172,176,181,188,192,196,205,208,216,217,234,24.0958716146567,120.686720530632,2020-02-04 11:18:43,2018-10-29 08:50:00,2018-10-29
5214278,10710AB996B3068,10710AB996B3068,15,66000,TXG,244,2166,66000240015,2,AB996,2018-10-29 08:02:00,10710290802,臺中市大肚區瑞井里太平路太平路1巷,0,2,111,112,120,40,126,141,163,172,176,181,188,192,196,206,211,216,218,234,0.0,0.0,2020-02-04 11:18:43,2018-10-29 08:02:00,2018-10-29