識別碼,案件編號,交通事故主表,縣市識別碼,縣市代碼,所屬縣市簡碼,鄉縣市區識別碼,村里識別碼,里代碼,事故類(A1、A2...An),處理單位代碼,案件時間(西元),案件時間(民國),發生地點,死亡人數,受傷人數(含2~30日內死亡),天氣識別碼,光線識別碼,道路類別識別碼,速限,道路型態識別碼,事故位置識別碼,路面鋪裝識別碼,路面狀態識別碼,路面缺陷識別碼,障礙物視距識別碼,視距識別碼,號誌種類識別碼,號誌動作識別碼,車道劃分設施-分向設施識別碼,快車道或一般車道間識別碼,快慢車道間識別碼,路面邊線識別碼,事故類型及型態識別碼,緯度,經度,本平台資料更新時間(yyyy-MM-dd HH:mm:ss),資料代表時間(yyyy-MM-dd HH:mm:ss),資料代表日期(yyyy-MM-dd)
5079263,10710AB995B3318,10710AB995B3318,15,66000,TXG,288,2179,66000250011,2,AB995,2018-10-30 23:06:00,10710302306,臺中市龍井區龍泉里龍新路76巷62弄60號,0,1,111,114,120,40,136,149,163,172,176,181,188,192,196,206,211,216,218,235,24.1961861697251,120.543524390693,2020-02-04 11:18:43,2018-10-30 23:06:00,2018-10-30
5309337,10710AB691B3267,10710AB691B3267,15,66000,TXG,232,2009,66000060010,2,AB691,2018-10-30 17:03:00,10710301703,臺中市西屯區何厝里何厝街8號,0,1,111,112,120,50,127,141,163,172,176,181,188,192,196,206,211,216,218,233,24.1620949541936,120.653578013351,2020-02-04 11:18:43,2018-10-30 17:03:00,2018-10-30
5295331,10710AB891B3255,10710AB891B3255,15,66000,TXG,247,2258,66000280017,2,AB891,2018-10-30 15:50:00,10710301550,臺中市大里區瑞城里塗城路334號,0,3,111,112,120,50,126,141,163,172,176,181,188,192,196,206,211,216,218,234,24.0877303378931,120.705311265193,2020-02-04 11:18:43,2018-10-30 15:50:00,2018-10-30
5294629,10710ABA95B3244,10710ABA95B3244,15,66000,TXG,236,2520,66000130008,2,ABA95,2018-10-30 13:50:00,10710301350,臺中市沙鹿區鹿寮里福鹿街與光榮街口附近,0,1,111,112,120,50,127,141,163,172,176,181,188,192,196,205,211,216,218,234,24.2428083602381,120.564177217938,2020-02-04 11:18:43,2018-10-30 13:50:00,2018-10-30
5265723,10710AB8N1B3217,10710AB8N1B3217,15,66000,TXG,247,0,66000280000,2,AB8N1,2018-10-30 08:58:00,10710300858,臺中市大里區國光路二段東榮路仁愛醫院(前)附近,0,1,111,112,120,50,127,141,163,172,176,181,188,190,193,200,209,215,217,234,24.1093360198447,120.679870738217,2020-02-04 11:18:43,2018-10-30 08:58:00,2018-10-30
5265696,10710AB691B3213,10710AB691B3213,15,66000,TXG,232,2009,66000060010,2,AB691,2018-10-30 08:45:00,10710300845,臺中市西屯區何厝里何厝東一街何厝東二街,0,2,111,112,120,40,127,141,163,172,176,181,188,192,196,205,211,216,218,234,24.1617992617814,120.656288870978,2020-02-04 11:18:43,2018-10-30 08:45:00,2018-10-30
5079252,10710AB691B3316,10710AB691B3316,15,66000,TXG,232,2317,66000060032,2,AB691,2018-10-30 22:24:00,10710302224,臺中市西屯區何福里太原路寧夏路,0,1,111,114,120,50,126,141,163,172,176,181,188,189,193,206,211,216,218,234,24.1638096943936,120.662995190248,2020-02-04 11:18:43,2018-10-30 22:24:00,2018-10-30
5077693,10710AB891B3208,10710AB891B3208,15,66000,TXG,247,2258,66000280017,2,AB891,2018-10-30 08:20:00,10710300820,臺中市大里區瑞城里美群路148巷,0,2,111,112,120,50,126,141,163,172,176,181,188,192,196,206,211,216,217,234,24.0835498723339,120.708827585927,2020-02-04 11:18:43,2018-10-30 08:20:00,2018-10-30
5077123,10710AB794B3184,10710AB794B3184,15,66000,TXG,238,2037,66000160001,2,AB794,2018-10-30 05:57:00,10710300557,臺中市神岡區神岡里008鄰神岡路172號,0,1,111,112,120,50,127,142,163,172,176,181,188,191,193,201,210,215,217,234,24.2554885377077,120.655697207001,2020-02-04 11:18:43,2018-10-30 05:57:00,2018-10-30
5079265,10710AB591B3319,10710AB591B3319,15,66000,TXG,233,2028,66000080029,2,AB591,2018-10-30 23:12:00,10710302312,臺中市北屯區松安里興安路二段崇德六路一段,0,1,111,114,120,50,127,141,163,172,176,181,188,191,193,206,211,216,218,233,24.1798498723643,120.695009921084,2020-02-04 11:18:43,2018-10-30 23:12:00,2018-10-30
5078584,10710AB491B3287,10710AB491B3287,15,66000,TXG,13,2432,66000070005,2,AB491,2018-10-30 18:40:00,10710301840,臺中市南屯區春社里中台路電桿06914前附近,0,2,111,114,120,50,134,149,163,172,176,181,188,192,196,201,211,216,218,228,0.0,0.0,2020-02-04 11:18:43,2018-10-30 18:40:00,2018-10-30
5294661,10710AB793B3248,10710AB793B3248,15,66000,TXG,239,2561,66000170001,2,AB793,2018-10-30 14:51:00,10710301451,臺中市潭子區潭陽里潭陽路170號,0,2,111,112,120,40,126,141,163,172,176,181,188,192,196,206,211,216,218,234,24.2132171809055,120.708569738046,2020-02-04 11:18:43,2018-10-30 14:51:00,2018-10-30
5077135,10710AB994B3187,10710AB994B3187,15,66000,TXG,244,2155,66000240003,2,AB994,2018-10-30 06:40:00,10710300640,臺中市大肚區福山里沙田路一段428巷對面附近,0,1,111,112,120,50,126,141,163,172,176,181,188,189,193,206,211,216,218,235,0.0,0.0,2020-02-04 11:18:43,2018-10-30 06:40:00,2018-10-30
5295351,10710AB691B3260,10710AB691B3260,15,66000,TXG,232,2009,66000060010,2,AB691,2018-10-30 16:23:00,10710301623,臺中市西屯區何厝里何厝街106號,0,1,111,112,120,50,137,149,163,172,176,181,188,192,196,201,211,216,218,231,24.1632349141469,120.655851286125,2020-02-04 11:18:43,2018-10-30 16:23:00,2018-10-30
5077521,10710ABC91B3198,10710ABC91B3198,15,66000,TXG,246,2200,66000270001,2,ABC91,2018-10-30 07:42:00,10710300742,臺中市太平區太平里太平路603號,0,1,111,112,120,50,137,149,163,172,176,181,188,192,196,206,211,216,218,234,24.126144363506,120.712064195662,2020-02-04 11:18:43,2018-10-30 07:42:00,2018-10-30
5077686,10710AB795B3207,10710AB795B3207,15,66000,TXG,240,2087,66000180006,2,AB795,2018-10-30 08:16:00,10710300816,臺中市大雅區橫山里中和路中和一路,0,1,111,112,120,40,126,141,163,172,176,181,188,192,196,206,211,216,218,234,24.2118616400281,120.63482085538,2020-02-04 11:18:43,2018-10-30 08:16:00,2018-10-30
5077132,10710AB795B3186,10710AB795B3186,15,66000,TXG,240,2084,66000180003,2,AB795,2018-10-30 06:33:00,10710300633,臺中市大雅區六寶里中清路四段888號公車站牌處附近,0,2,111,112,120,50,137,153,163,172,176,181,188,192,196,197,210,216,217,227,24.2402895859206,120.63100253399,2020-02-04 11:18:43,2018-10-30 06:33:00,2018-10-30
5310042,10710AB891B3278,10710AB891B3278,15,66000,TXG,247,2250,66000280009,2,AB891,2018-10-30 17:50:00,10710301750,臺中市大里區東昇里內新橋路北端附近,0,2,111,113,120,50,127,141,163,172,176,181,188,189,193,206,211,216,218,230,0.0,0.0,2020-02-04 11:18:43,2018-10-30 17:50:00,2018-10-30
5295309,10710ABA95B3252,10710ABA95B3252,15,66000,TXG,236,2531,66000130019,2,ABA95,2018-10-30 15:10:00,10710301510,臺中市沙鹿區西勢里中清路七段沙鹿交流道往大雅機慢車道附近,0,1,111,112,120,40,137,148,163,172,176,181,188,192,196,197,210,214,217,236,24.2501311375305,120.593597106339,2020-02-04 11:18:43,2018-10-30 15:10:00,2018-10-30
5266525,10710AB794B3234,10710AB794B3234,15,66000,TXG,238,0,66000160000,2,AB794,2018-10-30 12:16:00,10710301216,臺中市神岡區豐洲路576號,0,1,111,112,120,50,126,141,163,172,176,181,188,192,196,206,211,216,218,234,24.263018180873,120.701393265895,2020-02-04 11:18:43,2018-10-30 12:16:00,2018-10-30
5079177,10710AB993B3463,10710AB993B3463,15,66000,TXG,14,2140,66000230001,2,AB993,2018-10-30 20:13:00,10710302013,臺中市烏日區烏日里光日路公園路,0,2,111,114,120,50,127,141,163,172,176,181,188,192,196,206,211,216,218,234,24.102600061768,120.62431118166,2020-02-04 11:18:43,2018-10-30 20:13:00,2018-10-30
5309319,10710AB691B3264,10710AB691B3264,15,66000,TXG,232,2310,66000060025,2,AB691,2018-10-30 16:38:00,10710301638,臺中市西屯區何南里大隆路東興路,0,1,111,112,120,50,127,141,163,172,176,181,188,192,196,201,210,215,218,234,0.0,0.0,2020-02-04 11:18:43,2018-10-30 16:38:00,2018-10-30
5078594,10710ABC91B3288,10710ABC91B3288,15,66000,TXG,246,2200,66000270001,2,ABC91,2018-10-30 18:50:00,10710301850,臺中市太平區太平里永豐路418號,0,1,111,113,120,50,137,149,163,172,176,181,188,192,196,205,211,216,217,234,24.1116040632086,120.703636759964,2020-02-04 11:18:43,2018-10-30 18:50:00,2018-10-30
5294660,10710AB793B3247,10710AB793B3247,15,66000,TXG,239,2561,66000170001,2,AB793,2018-10-30 14:50:00,10710301450,臺中市潭子區潭陽里雅潭路一段與興華一路360巷口附近,0,1,111,112,120,50,127,141,163,172,176,181,188,189,193,197,211,215,217,233,24.2158033171264,120.70361771304,2020-02-04 11:18:43,2018-10-30 14:50:00,2018-10-30
5077547,10710ABD91B3202,10710ABD91B3202,15,66000,TXG,242,2109,66000200003,2,ABD91,2018-10-30 07:55:00,10710300755,臺中市石岡區九房里豐勢路860巷1號,0,1,111,112,120,50,137,148,163,172,176,181,188,192,196,206,209,215,218,230,0.0,0.0,2020-02-04 11:18:43,2018-10-30 07:55:00,2018-10-30
5079171,10710AB191B3299,10710AB191B3299,15,66000,TXG,230,0,66000040000,2,AB191,2018-10-30 20:05:00,10710302005,臺中市西區民權路市府路,0,3,111,114,120,50,127,141,163,172,176,181,188,189,193,201,210,215,217,234,24.1385985453757,120.679128847906,2020-02-04 11:18:43,2018-10-30 20:05:00,2018-10-30
5266548,10710AB793B3237,10710AB793B3237,15,66000,TXG,239,2570,66000170010,2,AB793,2018-10-30 13:12:00,10710301312,臺中市潭子區栗林里中山路三段212號,0,1,111,112,120,60,137,148,163,172,176,181,188,192,196,197,210,215,217,234,0.0,0.0,2020-02-04 11:18:43,2018-10-30 13:12:00,2018-10-30
5078627,10710AB391B3295,10710AB391B3295,15,66000,TXG,229,2285,66000030011,2,AB391,2018-10-30 19:41:00,10710301941,臺中市南區永興里高工路美村南路,0,1,111,114,120,50,127,141,163,172,176,181,188,189,193,206,211,216,218,235,24.1141295866546,120.666725876237,2020-02-04 11:18:43,2018-10-30 19:41:00,2018-10-30
5310066,10710AB995B3280,10710AB995B3280,15,66000,TXG,288,2177,66000250009,2,AB995,2018-10-30 18:05:00,10710301805,臺中市龍井區忠和里龍港路二段(路燈臨港044號)旁附近,0,1,111,114,120,70,137,147,163,172,176,177,188,192,196,197,210,212,218,238,24.2035805960107,120.499648932334,2020-02-04 11:18:43,2018-10-30 18:05:00,2018-10-30
5079186,10710AB391B3301,10710AB391B3301,15,66000,TXG,229,2287,66000030013,2,AB391,2018-10-30 20:28:00,10710302028,臺中市南區樹德里文心南路德祥街,0,1,111,114,120,50,126,141,163,172,176,181,188,192,196,206,211,216,218,230,24.1191975090572,120.651641262855,2020-02-04 11:18:43,2018-10-30 20:28:00,2018-10-30
5077504,10710AB591B3195,10710AB591B3195,15,66000,TXG,233,2400,66000080008,2,AB591,2018-10-30 07:35:00,10710300735,臺中市北屯區水景里景賢二路景和東街,0,1,111,112,120,50,127,141,163,172,176,181,188,192,196,206,211,216,218,233,24.1680543570708,120.716728738399,2020-02-04 11:18:43,2018-10-30 07:35:00,2018-10-30
5295347,10710AB691B3259,10710AB691B3259,15,66000,TXG,232,2309,66000060024,2,AB691,2018-10-30 16:18:00,10710301618,臺中市西屯區西平里逢甲路72巷14弄,0,1,111,112,120,40,137,149,163,172,176,181,188,192,196,201,211,216,218,236,24.175252661172,120.639981076838,2020-02-04 11:18:43,2018-10-30 16:18:00,2018-10-30
5077490,10710AB891B3194,10710AB891B3194,15,66000,TXG,247,2262,66000280021,2,AB891,2018-10-30 07:25:00,10710300725,臺中市大里區國光里德芳路一段420號,0,2,111,112,120,40,137,147,163,172,176,181,188,192,196,206,211,215,218,234,24.1050224458875,120.68198040759,2020-02-04 11:18:43,2018-10-30 07:25:00,2018-10-30
5079174,10710AB794B3300,10710AB794B3300,15,66000,TXG,238,2037,66000160001,2,AB794,2018-10-30 20:10:00,10710302010,臺中市神岡區神岡里中正路中正南街,0,1,111,112,120,50,127,141,163,172,176,181,188,189,193,201,210,215,218,234,24.2579441227001,120.657045278488,2020-02-04 11:18:43,2018-10-30 20:10:00,2018-10-30
5079262,10710AB291B3317,10710AB291B3317,15,66000,TXG,231,1999,66000050036,2,AB291,2018-10-30 23:03:00,10710302303,臺中市北區賴福里進化北路五常街,0,1,111,114,120,40,137,148,163,172,176,181,188,192,196,204,209,215,218,219,24.1630697365135,120.679973121767,2020-02-04 11:18:43,2018-10-30 23:03:00,2018-10-30
5266564,10710AB996B3241,10710AB996B3241,15,66000,TXG,288,2181,66000250013,2,AB996,2018-10-30 13:36:00,10710301336,臺中市龍井區新庄里遊園南路與遊園南路136巷口附近,0,1,111,112,120,50,127,141,163,172,176,181,188,192,196,206,211,216,218,234,24.1841914009918,120.584965172922,2020-02-04 11:18:43,2018-10-30 13:36:00,2018-10-30
5079205,10710AB191B3305,10710AB191B3305,15,66000,TXG,230,2302,66000040006,2,AB191,2018-10-30 21:16:00,10710302116,臺中市西區平和里民生路五廊街,0,1,111,114,120,40,126,141,163,172,176,181,188,189,193,206,211,216,218,236,24.1426089988717,120.671316044119,2020-02-04 11:18:43,2018-10-30 21:16:00,2018-10-30
5266154,10710AB291B3219,10710AB291B3219,15,66000,TXG,231,2357,66000050015,2,AB291,2018-10-30 09:01:00,10710300901,臺中市北區賴厝里太原路二段71號,0,2,111,112,120,50,137,149,163,172,176,181,188,192,196,197,211,216,218,235,24.1654431182728,120.677162245031,2020-02-04 11:18:43,2018-10-30 09:01:00,2018-10-30
5077507,10710ABA95B3196,10710ABA95B3196,15,66000,TXG,236,2526,66000130014,2,ABA95,2018-10-30 07:36:00,10710300736,臺中市沙鹿區六路里北勢東路近平等路05491號路燈桿前附近,0,1,111,113,120,40,137,147,163,172,176,181,188,192,196,205,210,215,218,234,24.220057292229,120.579161332792,2020-02-04 11:18:43,2018-10-30 07:36:00,2018-10-30
5077543,10710AB191B3200,10710AB191B3200,15,66000,TXG,230,2300,66000040004,2,AB191,2018-10-30 07:50:00,10710300750,臺中市西區東昇里大全街52號,0,1,111,112,120,50,127,141,163,172,176,181,188,192,196,206,211,216,218,234,24.1356290809206,120.670711545102,2020-02-04 11:18:43,2018-10-30 07:50:00,2018-10-30
5077113,10710AB291B3183,10710AB291B3183,15,66000,TXG,231,2355,66000050013,2,AB291,2018-10-30 04:55:00,10710300455,臺中市北區建興里崇德路一段171號,0,1,111,114,120,40,137,148,163,172,176,181,188,192,196,197,210,215,218,231,24.164745588981,120.684989713396,2020-02-04 11:18:43,2018-10-30 04:55:00,2018-10-30
5079266,10710AB691B3320,10710AB691B3320,15,66000,TXG,232,2313,66000060028,2,AB691,2018-10-30 23:17:00,10710302317,臺中市西屯區上德里河南路二段447號,0,2,111,114,120,40,137,148,163,172,176,181,188,192,196,200,210,215,218,230,24.1698810073166,120.642904991322,2020-02-04 11:18:43,2018-10-30 23:17:00,2018-10-30
5079250,10710AB291B3314,10710AB291B3314,15,66000,TXG,231,2346,66000050004,2,AB291,2018-10-30 22:21:00,10710302221,臺中市北區新興里太平路尊賢街附近,0,1,111,114,120,50,126,142,163,172,176,181,188,192,196,201,210,216,218,234,24.147595837278,120.685433492187,2020-02-04 11:18:43,2018-10-30 22:21:00,2018-10-30
5295352,10710AB291B3261,10710AB291B3261,15,66000,TXG,231,2346,66000050004,2,AB291,2018-10-30 16:29:00,10710301629,臺中市北區新興里雙十路一段精武路,0,1,111,112,120,50,127,141,163,172,176,181,188,189,193,206,211,216,218,234,24.1461254642527,120.686116041687,2020-02-04 11:18:43,2018-10-30 16:29:00,2018-10-30
5310076,10710AB795B3283,10710AB795B3283,15,66000,TXG,240,2087,66000180006,2,AB795,2018-10-30 18:16:00,10710301816,臺中市大雅區橫山里東大路二段810號旁附近,0,1,111,114,120,50,137,148,163,172,176,181,188,192,196,205,210,215,217,230,24.2277750381982,120.613422340131,2020-02-04 11:18:43,2018-10-30 18:16:00,2018-10-30
5078600,10710AB291B3290,10710AB291B3290,15,66000,TXG,231,2360,66000050018,2,AB291,2018-10-30 18:59:00,10710301859,臺中市北區淡溝里健行路西屯路一段,0,1,111,114,120,50,127,141,163,172,176,181,188,189,193,205,211,216,218,230,24.1592209110193,120.666235030961,2020-02-04 11:18:43,2018-10-30 18:59:00,2018-10-30
5078636,10710AB291B3297,10710AB291B3297,15,66000,TXG,231,2356,66000050014,2,AB291,2018-10-30 19:53:00,10710301953,臺中市北區頂厝里崇德路近進化北路附近,0,1,111,114,120,50,138,162,163,172,176,181,188,192,196,199,208,216,218,231,0.0,0.0,2020-02-04 11:18:43,2018-10-30 19:53:00,2018-10-30
5309365,10710ABA93B3275,10710ABA93B3275,15,66000,TXG,311,1986,66000120027,2,ABA93,2018-10-30 17:25:00,10710301725,臺中市清水區橋頭里021鄰中華路584巷,0,1,110,114,120,70,127,141,163,172,176,181,188,190,193,205,210,215,218,233,24.2744847193058,120.570421860094,2020-02-04 11:18:43,2018-10-30 17:25:00,2018-10-30
5078603,10710AB795B3291,10710AB795B3291,15,66000,TXG,240,2083,66000180002,2,AB795,2018-10-30 19:00:00,10710301900,臺中市大雅區員林里大林路294號,0,1,111,114,120,50,137,148,163,172,176,181,188,192,196,205,210,216,217,235,24.2454796405699,120.651333402727,2020-02-04 11:18:43,2018-10-30 19:00:00,2018-10-30
5266553,10710AB491B3238,10710AB491B3238,15,66000,TXG,13,2432,66000070005,2,AB491,2018-10-30 13:20:00,10710301320,臺中市南屯區春社里永春路42之80號,0,2,111,112,120,50,137,152,163,172,176,181,188,192,196,206,211,216,218,231,24.140013985354,120.621234618082,2020-02-04 11:18:43,2018-10-30 13:20:00,2018-10-30
5266530,10710AB891B3235,10710AB891B3235,15,66000,TXG,247,2255,66000280014,2,AB891,2018-10-30 12:40:00,10710301240,臺中市大里區仁化里仁化路500號,0,1,111,112,120,50,137,149,163,172,176,181,188,192,196,205,211,216,217,234,24.0962023456954,120.702688248629,2020-02-04 11:18:43,2018-10-30 12:40:00,2018-10-30
5266188,10710ABA94B3224,10710ABA94B3224,15,66000,TXG,312,2535,66000140003,2,ABA94,2018-10-30 09:34:00,10710300934,臺中市梧棲區中正里中和街近雲集街附近,0,1,111,112,120,50,126,141,163,172,176,181,188,192,196,206,211,216,218,234,24.2555002462139,120.531721251521,2020-02-04 11:18:43,2018-10-30 09:34:00,2018-10-30
5295329,10710AB291B3254,10710AB291B3254,15,66000,TXG,231,2345,66000050003,2,AB291,2018-10-30 15:43:00,10710301543,臺中市北區五常里崇德路一段五順街,0,2,111,112,120,50,126,141,163,172,176,181,188,192,196,206,211,216,218,234,24.1553439178149,120.685886870901,2020-02-04 11:18:43,2018-10-30 15:43:00,2018-10-30
5309387,10710AB691B3460,10710AB691B3460,15,66000,TXG,232,0,66000060000,2,AB691,2018-10-30 17:39:00,10710301739,臺中市西屯區至善路121巷,0,2,111,112,120,40,126,141,163,172,176,181,188,192,196,201,211,216,218,234,24.1783052251001,120.643394711022,2020-02-04 11:18:43,2018-10-30 17:39:00,2018-10-30
5078635,10710AB591B3296,10710AB591B3296,15,66000,TXG,233,2413,66000080041,2,AB591,2018-10-30 19:51:00,10710301951,臺中市北屯區三和里東山路一段50巷42號,0,1,111,114,120,50,127,141,163,172,176,181,188,192,196,206,211,216,218,233,24.1674936590469,120.702538296116,2020-02-04 11:18:43,2018-10-30 19:51:00,2018-10-30
5294650,10710AB891B0023,10710AB891B0023,15,66000,TXG,245,2186,66000260003,2,AB891,2018-10-30 14:35:00,10710301435,臺中市霧峰區甲寅里中正路1121號,0,2,111,112,120,40,137,152,163,172,176,181,188,192,196,201,211,215,217,231,24.0697888044769,120.699332492074,2020-02-04 11:18:43,2018-10-30 14:35:00,2018-10-30
5265702,10710ABA94B3214,10710ABA94B3214,15,66000,TXG,312,2595,66000140001,2,ABA94,2018-10-30 08:48:00,10710300848,臺中市梧棲區頂寮里港埠路二段近大仁路二段附近,0,2,111,112,120,60,127,141,163,172,176,181,188,189,193,206,211,216,217,234,24.2605856896929,120.540952050553,2020-02-04 11:18:43,2018-10-30 08:48:00,2018-10-30
5266487,10710AB795B3228,10710AB795B3228,15,66000,TXG,240,2090,66000180010,2,AB795,2018-10-30 11:30:00,10710301130,臺中市大雅區二和里學府路194號,0,2,111,112,120,50,137,149,163,172,176,181,188,192,196,201,211,216,217,235,24.2212890059832,120.65002761084,2020-02-04 11:18:43,2018-10-30 11:30:00,2018-10-30
5294644,10710ABB93B3246,10710ABB93B3246,15,66000,TXG,237,2551,66000150006,2,ABB93,2018-10-30 14:20:00,10710301420,臺中市后里區墩東里公安路成功路,0,1,111,112,120,50,127,141,163,172,176,181,188,189,193,201,210,215,217,233,24.3026275949601,120.717612972625,2020-02-04 11:18:43,2018-10-30 14:20:00,2018-10-30
5295340,10710AB691B3257,10710AB691B3257,15,66000,TXG,232,2011,66000060012,2,AB691,2018-10-30 16:08:00,10710301608,臺中市西屯區大石里大鵬路順平路,0,1,111,112,120,50,127,141,163,172,176,181,188,192,196,201,210,216,218,233,24.1780943111861,120.663134850625,2020-02-04 11:18:43,2018-10-30 16:08:00,2018-10-30
5310052,10710AB993B3279,10710AB993B3279,15,66000,TXG,14,2142,66000230003,2,AB993,2018-10-30 17:55:00,10710301755,臺中市烏日區三和里高鐵一路路燈15485號附近,0,1,111,114,120,50,137,149,163,172,176,181,188,192,196,197,211,216,218,236,24.1101063955444,120.615696986729,2020-02-04 11:18:43,2018-10-30 17:55:00,2018-10-30
5078596,10710AB291B3289,10710AB291B3289,15,66000,TXG,231,2355,66000050013,2,AB291,2018-10-30 18:53:00,10710301853,臺中市北區建興里德化街133號,0,2,111,114,120,50,127,141,163,172,176,181,188,192,196,206,211,216,218,234,24.1615159841973,120.687462606446,2020-02-04 11:18:43,2018-10-30 18:53:00,2018-10-30
5266170,10710ABB93B3222,10710ABB93B3222,15,66000,TXG,243,2117,66000210001,2,ABB93,2018-10-30 09:15:00,10710300915,臺中市外埔區永豐里六分路與月眉北路旁附近,0,1,111,112,120,50,137,149,163,172,176,181,188,192,196,205,211,216,217,236,24.3315439739012,120.657966320999,2020-02-04 11:18:43,2018-10-30 09:15:00,2018-10-30
5310069,10710AB191B3281,10710AB191B3281,15,66000,TXG,230,2304,66000040008,2,AB191,2018-10-30 18:09:00,10710301809,臺中市西區藍興里五權路三民路,0,1,111,114,120,50,127,141,163,172,176,181,188,189,193,206,211,216,218,234,0.0,0.0,2020-02-04 11:18:43,2018-10-30 18:09:00,2018-10-30
5310084,10710AB996B3285,10710AB996B3285,15,66000,TXG,288,2183,66000250015,2,AB996,2018-10-30 18:22:00,10710301822,臺中市龍井區新東里臺灣大道五段臺灣大道五段109巷,0,2,111,114,120,40,126,142,163,172,176,181,188,192,196,206,211,212,217,235,24.1842260599017,120.589790313144,2020-02-04 11:18:43,2018-10-30 18:22:00,2018-10-30
5309363,10710A2AZKB0127,10710A2AZKB0127,15,66000,TXG,240,0,66000180000,2,A2AZK,2018-10-30 17:20:00,10710301720,臺中市大雅區科雅路與科雅一路路口附近,0,1,111,112,120,60,127,141,163,172,176,181,188,190,193,197,210,212,217,234,24.2105610756311,120.619909740488,2020-02-04 11:18:43,2018-10-30 17:20:00,2018-10-30
5077570,10710AB891B3206,10710AB891B3206,15,66000,TXG,247,2261,66000280020,2,AB891,2018-10-30 08:14:00,10710300814,臺中市大里區西湖里景庄街125號,0,1,111,112,120,40,137,149,163,172,176,181,188,192,196,206,211,216,217,235,24.0830037162069,120.687013252116,2020-02-04 11:18:43,2018-10-30 08:14:00,2018-10-30
5077146,10710AB291B3189,10710AB291B3189,15,66000,TXG,231,2365,66000050023,2,AB291,2018-10-30 07:04:00,10710300704,臺中市北區長青里中清路一段539號,0,1,111,112,120,50,126,141,163,172,176,181,188,189,193,206,211,216,218,235,24.1680556187558,120.672828196198,2020-02-04 11:18:43,2018-10-30 07:04:00,2018-10-30
5309340,10710AB795B3268,10710AB795B3268,15,66000,TXG,240,2090,66000180010,2,AB795,2018-10-30 17:05:00,10710301705,臺中市大雅區二和里學府路神林南路99巷1弄口號,0,1,111,112,120,40,127,141,163,172,176,181,188,192,196,206,211,216,218,235,24.2189401533136,120.65004138998,2020-02-04 11:18:43,2018-10-30 17:05:00,2018-10-30
5078612,10710AB993B3462,10710AB993B3462,15,66000,TXG,14,2141,66000230002,2,AB993,2018-10-30 19:22:00,10710301922,臺中市烏日區湖日里中山路二段405號,0,2,111,114,120,50,127,147,163,172,176,181,188,192,196,201,210,215,217,221,0.0,0.0,2020-02-04 11:18:43,2018-10-30 19:22:00,2018-10-30
5079268,10710ABB91B3321,10710ABB91B3321,15,66000,TXG,286,2494,66000110015,2,ABB91,2018-10-30 23:20:00,10710302320,臺中市大甲區武曲里橫圳街198-2號,0,1,111,112,120,40,137,149,163,172,176,181,188,192,196,206,211,216,218,231,24.3569590833706,120.61439771707,2020-02-04 11:18:43,2018-10-30 23:20:00,2018-10-30
5079231,10710AB191B3308,10710AB191B3308,15,66000,TXG,230,2304,66000040008,2,AB191,2018-10-30 21:47:00,10710302147,臺中市西區藍興里三民路一段93之5號,0,1,111,114,120,50,137,152,163,172,176,181,188,192,196,201,211,215,218,231,0.0,0.0,2020-02-04 11:18:43,2018-10-30 21:47:00,2018-10-30
5108066,10710ABA95B3378,10710ABA95B3378,15,66000,TXG,236,2523,66000130011,2,ABA95,2018-10-31 13:06:00,10710311306,臺中市沙鹿區北勢里北勢東路北中東街,0,1,111,112,120,50,126,141,163,172,176,181,188,192,196,206,211,216,218,235,24.220057292229,120.579161332792,2020-02-04 11:18:43,2018-10-31 13:06:00,2018-10-31
5220979,10710AB993B3425,10710AB993B3425,15,66000,TXG,14,2145,66000230007,2,AB993,2018-10-31 18:04:00,10710311804,臺中市烏日區仁德里僑仁街信義街,0,1,111,114,120,50,126,141,163,172,176,181,188,192,196,206,211,216,218,231,24.1053112969359,120.640337104177,2020-02-04 11:18:43,2018-10-31 18:04:00,2018-10-31
5221573,10710AB795B3437,10710AB795B3437,15,66000,TXG,240,2082,66000180001,2,AB795,2018-10-31 19:26:00,10710311926,臺中市大雅區大雅里學府路227號,0,2,111,114,120,50,137,149,163,172,176,181,188,192,196,201,211,215,218,234,24.2261816031885,120.64846624411,2020-02-04 11:18:43,2018-10-31 19:26:00,2018-10-31
5108968,10710AB491B3411,10710AB491B3411,15,66000,TXG,13,2375,66000070007,2,AB491,2018-10-31 17:25:00,10710311725,臺中市南屯區文山里向上路五段近忠勇路口附近,0,2,111,114,120,50,137,149,163,172,176,181,188,192,196,197,210,216,218,231,24.1514047063111,120.609934102689,2020-02-04 11:18:43,2018-10-31 17:25:00,2018-10-31
5079892,10710AB793B3341,10710AB793B3341,15,66000,TXG,239,2561,66000170001,2,AB793,2018-10-31 07:50:00,10710310750,臺中市潭子區潭陽里潭興路二段389巷,0,2,111,112,120,50,126,141,163,172,176,181,188,192,196,201,210,215,217,230,0.0,0.0,2020-02-04 11:18:43,2018-10-31 07:50:00,2018-10-31