識別碼,案件編號,交通事故主表,縣市識別碼,縣市代碼,所屬縣市簡碼,鄉縣市區識別碼,村里識別碼,里代碼,事故類(A1、A2...An),處理單位代碼,案件時間(西元),案件時間(民國),發生地點,死亡人數,受傷人數(含2~30日內死亡),天氣識別碼,光線識別碼,道路類別識別碼,速限,道路型態識別碼,事故位置識別碼,路面鋪裝識別碼,路面狀態識別碼,路面缺陷識別碼,障礙物視距識別碼,視距識別碼,號誌種類識別碼,號誌動作識別碼,車道劃分設施-分向設施識別碼,快車道或一般車道間識別碼,快慢車道間識別碼,路面邊線識別碼,事故類型及型態識別碼,緯度,經度,本平台資料更新時間(yyyy-MM-dd HH:mm:ss),資料代表時間(yyyy-MM-dd HH:mm:ss),資料代表日期(yyyy-MM-dd)
5221545,10710ABC91B3434,10710ABC91B3434,15,66000,TXG,246,2228,66000270031,2,ABC91,2018-10-31 18:50:00,10710311850,臺中市太平區宜佳里宜昌路溪洲西路,0,2,111,114,120,50,127,141,163,172,176,181,188,190,193,206,211,216,218,234,24.1410841884714,120.71212427657,2020-02-04 11:18:43,2018-10-31 18:50:00,2018-10-31
5108085,10710AB793B3380,10710AB793B3380,15,66000,TXG,239,2566,66000170006,2,AB793,2018-10-31 13:42:00,10710311342,臺中市潭子區甘蔗里勝利路246號,0,1,111,112,120,50,137,149,163,172,176,181,188,192,196,205,209,216,217,231,24.2118421716871,120.700525306142,2020-02-04 11:18:43,2018-10-31 13:42:00,2018-10-31
5108994,10710ABB91B3417,10710ABB91B3417,15,66000,TXG,286,2501,66000110022,2,ABB91,2018-10-31 17:44:00,10710311744,臺中市大甲區孟春里經國路1855號,0,1,111,114,120,70,127,141,163,172,176,181,188,191,193,206,211,216,218,233,24.3804634481929,120.650848814653,2020-02-04 11:18:43,2018-10-31 17:44:00,2018-10-31
5221612,10710AB291B3443,10710AB291B3443,15,66000,TXG,231,2344,66000050002,2,AB291,2018-10-31 20:31:00,10710312031,臺中市北區文莊里中清路文化街附近,0,1,111,112,120,50,126,141,163,172,176,181,188,192,196,199,211,216,218,234,24.1521655868996,120.67722531529,2020-02-04 11:18:43,2018-10-31 20:31:00,2018-10-31
5108962,10710AB591B3410,10710AB591B3410,15,66000,TXG,233,2015,66000080016,2,AB591,2018-10-31 17:22:00,10710311722,臺中市北屯區松竹里崇德五路松順一街,0,1,109,113,120,50,127,141,163,171,176,181,188,192,196,206,211,216,218,233,24.1788725398629,120.68946114253,2020-02-04 11:18:43,2018-10-31 17:22:00,2018-10-31
5108723,10710AB794B3405,10710AB794B3405,15,66000,TXG,238,2041,66000160005,2,AB794,2018-10-31 16:41:00,10710311641,臺中市神岡區社口里012鄰民權一街97號,0,1,109,112,120,50,128,142,163,171,176,181,188,192,196,201,210,215,218,234,24.2487811841198,120.684692251951,2020-02-04 11:18:43,2018-10-31 16:41:00,2018-10-31
5079910,10710AB891B3343,10710AB891B3343,15,66000,TXG,247,2255,66000280014,2,AB891,2018-10-31 08:00:00,10710310800,臺中市大里區仁化里仁化路125巷,0,2,111,112,120,40,126,141,163,172,176,181,188,192,196,206,211,216,218,234,24.0961975304328,120.702600775262,2020-02-04 11:18:43,2018-10-31 08:00:00,2018-10-31
5221551,10710ABC91B3435,10710ABC91B3435,15,66000,TXG,246,2230,66000270033,2,ABC91,2018-10-31 19:02:00,10710311902,臺中市太平區光明里中山路二段456號,0,1,111,114,120,40,137,148,163,172,176,181,188,192,196,201,211,215,217,235,0.0,0.0,2020-02-04 11:18:43,2018-10-31 19:02:00,2018-10-31
5109001,10710AB793B3419,10710AB793B3419,15,66000,TXG,239,2570,66000170010,2,AB793,2018-10-31 17:48:00,10710311748,臺中市潭子區栗林里祥和路96號,0,1,109,114,120,50,137,149,163,171,176,181,188,189,193,204,209,216,218,230,24.229634643635,120.712271107545,2020-02-04 11:18:43,2018-10-31 17:48:00,2018-10-31
5221532,10710AB391B3429,10710AB391B3429,15,66000,TXG,229,2286,66000030012,2,AB391,2018-10-31 18:30:00,10710311830,臺中市南區樹義里文心南路大慶街一段,0,1,111,114,120,50,127,141,163,172,176,181,188,189,193,206,211,216,218,233,24.1138181235454,120.656554834193,2020-02-04 11:18:43,2018-10-31 18:30:00,2018-10-31
5079894,10710ABB91B3340,10710ABB91B3340,15,66000,TXG,286,2501,66000110022,2,ABB91,2018-10-31 07:50:00,10710310750,臺中市大甲區孟春里中山路二段129號,0,1,111,112,120,50,127,141,163,172,176,181,188,192,196,206,211,216,218,235,0.0,0.0,2020-02-04 11:18:43,2018-10-31 07:50:00,2018-10-31
5080531,10710AB491B3354,10710AB491B3354,15,66000,TXG,13,2375,66000070007,2,AB491,2018-10-31 09:10:00,10710310910,臺中市南屯區文山里忠勇路101號,0,2,111,112,120,50,137,148,163,172,176,181,188,192,196,201,211,215,218,234,24.1500690056772,120.615691948337,2020-02-04 11:18:43,2018-10-31 09:10:00,2018-10-31
5222292,10710AB891B3447,10710AB891B3447,15,66000,TXG,247,2268,66000280027,2,AB891,2018-10-31 22:10:00,10710312210,臺中市大里區仁德里成功二路光明路,0,1,111,114,120,50,127,141,163,172,176,181,188,192,196,206,211,216,218,234,24.0920834432334,120.703519385017,2020-02-04 11:18:43,2018-10-31 22:10:00,2018-10-31
5221598,10710AB591B3441,10710AB591B3441,15,66000,TXG,233,2016,66000080017,2,AB591,2018-10-31 20:08:00,10710312008,臺中市北屯區仁和里崇德八路梅川東路,0,1,111,114,120,50,126,141,163,171,176,181,188,191,193,206,211,216,218,234,24.1836431041971,120.682205340121,2020-02-04 11:18:43,2018-10-31 20:08:00,2018-10-31
5109010,10710ABC91B3423,10710ABC91B3423,15,66000,TXG,246,2224,66000270027,2,ABC91,2018-10-31 17:53:00,10710311753,臺中市太平區新興里樹德路樹德九街,0,1,111,114,120,50,127,141,163,172,176,181,188,189,193,206,211,216,218,234,24.1557749709952,120.712160250777,2020-02-04 11:18:43,2018-10-31 17:53:00,2018-10-31
5220987,10710AB491B3427,10710AB491B3427,15,66000,TXG,13,2376,66000070008,2,AB491,2018-10-31 18:10:00,10710311810,臺中市南屯區新生里永春路筏子東街,0,1,111,114,120,50,127,142,163,172,176,181,188,190,193,201,208,215,218,236,24.1399638152321,120.6208566974,2020-02-04 11:18:43,2018-10-31 18:10:00,2018-10-31
5108054,10710AB591B3376,10710AB591B3376,15,66000,TXG,233,2015,66000080016,2,AB591,2018-10-31 12:43:00,10710311243,臺中市北屯區松竹里崇德路松竹路,0,1,111,112,120,50,127,141,163,172,176,181,188,189,193,206,211,216,218,234,24.1856217777084,120.674740569563,2020-02-04 11:18:43,2018-10-31 12:43:00,2018-10-31
5079853,10710AB795B3330,10710AB795B3330,15,66000,TXG,240,2090,66000180010,2,AB795,2018-10-31 07:22:00,10710310722,臺中市大雅區二和里雅潭路四段545號旁附近,0,1,111,112,120,50,137,152,163,172,176,181,188,192,196,197,210,215,217,221,24.2208793162957,120.655342144471,2020-02-04 11:18:43,2018-10-31 07:22:00,2018-10-31
5108643,10710ABC91B3385,10710ABC91B3385,15,66000,TXG,246,2210,66000270011,2,ABC91,2018-10-31 14:31:00,10710311431,臺中市太平區新坪里太順路環中東路,0,1,109,112,120,50,127,141,163,171,176,181,188,189,193,201,211,216,218,234,24.1597223430135,120.717829618551,2020-02-04 11:18:43,2018-10-31 14:31:00,2018-10-31
5108022,10710ABB91B3372,10710ABB91B3372,15,66000,TXG,286,2501,66000110022,2,ABB91,2018-10-31 12:00:00,10710311200,臺中市大甲區孟春里順天路260號,0,1,110,112,120,50,126,141,163,172,176,181,188,192,196,206,211,216,218,235,24.3478082741069,120.625115222094,2020-02-04 11:18:43,2018-10-31 12:00:00,2018-10-31
5221626,10710AB891B3444,10710AB891B3444,15,66000,TXG,245,5912,66000260015,2,AB891,2018-10-31 21:10:00,10710312110,臺中市霧峰區舊正里中投西路一段6-A2墩柱附近,0,1,111,114,120,40,137,148,163,172,176,181,188,192,196,206,210,215,217,230,24.0403381201784,120.676230622155,2020-02-04 11:18:43,2018-10-31 21:10:00,2018-10-31
5222289,10710AB191B3446,10710AB191B3446,15,66000,TXG,230,2299,66000040003,2,AB191,2018-10-31 22:10:00,10710312210,臺中市西區三民里三民路一段159號,0,1,111,114,120,50,137,149,163,172,176,181,188,192,196,201,210,216,218,231,24.1360741593909,120.672974461554,2020-02-04 11:18:43,2018-10-31 22:10:00,2018-10-31
5107127,10710AB291B3365,10710AB291B3365,15,66000,TXG,231,2356,66000050014,2,AB291,2018-10-31 11:01:00,10710311101,臺中市北區頂厝里太原路二段248號,0,1,111,112,120,50,137,149,163,172,176,181,188,192,196,197,209,216,218,231,24.1654431182728,120.677162245031,2020-02-04 11:18:43,2018-10-31 11:01:00,2018-10-31
5107135,10710AB391B3366,10710AB391B3366,15,66000,TXG,229,2279,66000030005,2,AB391,2018-10-31 11:14:00,10710311114,臺中市南區積善里國光路365巷口附近,0,2,111,112,120,40,126,141,163,172,176,181,188,189,193,206,211,216,218,235,24.1176502925939,120.679390206125,2020-02-04 11:18:43,2018-10-31 11:14:00,2018-10-31
5107150,10710AB191B3368,10710AB191B3368,15,66000,TXG,227,2056,66000010004,2,AB191,2018-10-31 11:33:00,10710311133,臺中市中區公園里自由路二段8-1號,0,1,111,112,120,50,137,149,163,172,176,181,188,192,196,201,210,216,218,235,24.139548767567,120.680671578416,2020-02-04 11:18:43,2018-10-31 11:33:00,2018-10-31
5079873,10710AB491B3334,10710AB491B3334,15,66000,TXG,13,2432,66000070005,2,AB491,2018-10-31 07:40:00,10710310740,臺中市南屯區春社里同安南巷(G4938HC1133號電桿旁)附近,0,1,111,112,120,40,137,149,163,172,176,180,187,192,196,206,211,216,218,247,24.1323634170182,120.611305020835,2020-02-04 11:18:43,2018-10-31 07:40:00,2018-10-31
5108982,10710AB591B3414,10710AB591B3414,15,66000,TXG,233,2413,66000080041,2,AB591,2018-10-31 17:37:00,10710311737,臺中市北屯區三和里東光路三光北一街,0,1,111,113,120,50,127,141,163,172,176,181,188,189,193,206,211,216,218,236,24.1714912122115,120.701232486345,2020-02-04 11:18:43,2018-10-31 17:37:00,2018-10-31
5079856,10710AB591B3332,10710AB591B3332,15,66000,TXG,233,2395,66000080003,2,AB591,2018-10-31 07:24:00,10710310724,臺中市北屯區三光里南京東路三段三光北一街,0,1,111,112,120,50,127,141,163,172,176,181,188,189,193,206,211,216,218,234,24.1675527703309,120.699959894942,2020-02-04 11:18:43,2018-10-31 07:24:00,2018-10-31
5108006,10710AB691B3370,10710AB691B3370,15,66000,TXG,232,2324,66000060039,2,AB691,2018-10-31 11:41:00,10710311141,臺中市西屯區福雅里永福路福順路,0,1,111,112,120,50,127,142,163,172,176,181,188,190,193,204,209,216,217,230,24.1827239961773,120.619903665794,2020-02-04 11:18:43,2018-10-31 11:41:00,2018-10-31
5108689,10710AB191B3399,10710AB191B3399,15,66000,TXG,230,2556,66000040011,2,AB191,2018-10-31 15:50:00,10710311550,臺中市西區民龍里西屯路梅川東路,0,1,111,112,120,50,128,141,163,172,176,181,188,189,193,201,211,216,217,236,24.1509361734821,120.672318130725,2020-02-04 11:18:43,2018-10-31 15:50:00,2018-10-31
5222298,10710AB891B3449,10710AB891B3449,15,66000,TXG,247,2242,66000280006,2,AB891,2018-10-31 22:30:00,10710312230,臺中市大里區日新里日新路586號,0,2,111,114,120,50,126,141,163,172,176,181,188,192,196,206,211,216,218,234,24.1162237680162,120.692266972923,2020-02-04 11:18:43,2018-10-31 22:30:00,2018-10-31
5080524,10710AB994B3352,10710AB994B3352,15,66000,TXG,244,2430,66000240006,2,AB994,2018-10-31 09:04:00,10710310904,臺中市大肚區新興里沙田路二段自由路310巷,0,1,111,112,120,70,128,141,163,172,176,181,188,189,193,206,211,216,218,234,24.1425749404768,120.548459658977,2020-02-04 11:18:43,2018-10-31 09:04:00,2018-10-31
5081079,10710AB591B3355,10710AB591B3355,15,66000,TXG,233,2396,66000080004,2,AB591,2018-10-31 09:31:00,10710310931,臺中市北屯區平田里興安路旅順路,0,1,110,112,120,50,127,141,163,172,176,181,188,189,193,206,211,216,218,234,24.1735734466202,120.694473685386,2020-02-04 11:18:43,2018-10-31 09:31:00,2018-10-31
5108742,10710AB691B3409,10710AB691B3409,15,66000,TXG,232,2372,66000060020,2,AB691,2018-10-31 17:19:00,10710311719,臺中市西屯區協和里工業區十六路工業區十七路,0,2,111,114,120,50,126,141,163,172,176,181,188,190,193,206,211,216,218,234,24.1792591597293,120.592847473631,2020-02-04 11:18:43,2018-10-31 17:19:00,2018-10-31
5079832,10710AB993B3326,10710AB993B3326,15,66000,TXG,14,2147,66000230009,2,AB993,2018-10-31 06:43:00,10710310643,臺中市烏日區五光里環河路一段路燈12363附近,0,1,111,112,120,50,128,149,163,172,176,181,188,189,193,201,210,216,217,230,24.0930874223857,120.643751767299,2020-02-04 11:18:43,2018-10-31 06:43:00,2018-10-31
5107121,10710AB591B3364,10710AB591B3364,15,66000,TXG,233,2020,66000080021,2,AB591,2018-10-31 10:50:00,10710311050,臺中市北屯區同榮里環中路昌平路,0,1,111,112,120,50,127,141,163,172,176,181,188,189,193,206,211,216,218,234,24.2012377993548,120.676334038683,2020-02-04 11:18:43,2018-10-31 10:50:00,2018-10-31
5079852,10710AB793B3329,10710AB793B3329,15,66000,TXG,239,2569,66000170009,2,AB793,2018-10-31 07:22:00,10710310722,臺中市潭子區大豐里潭富路二段348號,0,2,111,112,120,40,127,141,163,172,176,181,188,189,193,205,211,216,217,233,24.223042522542,120.700439320421,2020-02-04 11:18:43,2018-10-31 07:22:00,2018-10-31
5108098,10710ABC91B3384,10710ABC91B3384,15,66000,TXG,246,2219,66000270022,2,ABC91,2018-10-31 14:05:00,10710311405,臺中市太平區成功里中興東路274號,0,2,111,112,120,50,126,141,163,172,176,181,188,192,196,206,211,216,218,234,24.1327226045479,120.724503829818,2020-02-04 11:18:43,2018-10-31 14:05:00,2018-10-31
5108702,10710AB691B3400,10710AB691B3400,15,66000,TXG,232,2314,66000060029,2,AB691,2018-10-31 16:10:00,10710311610,臺中市西屯區逢福里逢大路127號,0,1,111,112,120,50,137,147,163,172,176,181,188,192,196,201,210,215,218,234,24.1787912029769,120.65029024622,2020-02-04 11:18:43,2018-10-31 16:10:00,2018-10-31
5079854,10710ABC91B3331,10710ABC91B3331,15,66000,TXG,246,2201,66000270002,2,ABC91,2018-10-31 07:23:00,10710310723,臺中市太平區長億里長億路長億六街,0,2,111,112,120,50,126,141,163,172,176,181,188,189,193,206,211,216,218,231,24.1168877007965,120.718130199422,2020-02-04 11:18:43,2018-10-31 07:23:00,2018-10-31
5079820,10710AB491B3325,10710AB491B3325,15,66000,TXG,13,2432,66000070005,2,AB491,2018-10-31 05:41:00,10710310541,臺中市南屯區春社里同安西巷112號,0,1,111,114,120,40,126,145,163,172,176,181,188,192,196,206,211,216,218,243,24.1313926177419,120.608749954949,2020-02-04 11:18:43,2018-10-31 05:41:00,2018-10-31
5109004,10710AB996B3421,10710AB996B3421,15,66000,TXG,288,2183,66000250015,2,AB996,2018-10-31 17:49:00,10710311749,臺中市龍井區新東里新興路與新興路2巷口附近,0,1,111,114,120,50,128,141,163,172,176,181,188,191,193,206,211,216,218,234,24.1809631117221,120.592378111202,2020-02-04 11:18:43,2018-10-31 17:49:00,2018-10-31
5222300,10710AB691B3448,10710AB691B3448,15,66000,TXG,232,2001,66000060002,2,AB691,2018-10-31 22:30:00,10710312230,臺中市西屯區西墩里臺灣大道四段16巷362號,0,1,111,114,120,40,137,149,163,172,176,181,188,192,196,206,211,216,218,231,24.1767644805611,120.630147674,2020-02-04 11:18:43,2018-10-31 22:30:00,2018-10-31
5109015,10710ABB93B3424,10710ABB93B3424,15,66000,TXG,237,2560,66000150014,2,ABB93,2018-10-31 17:57:00,10710311757,臺中市后里區眉山里甲后路三段月眉西路,0,1,111,114,120,50,126,142,163,172,176,181,188,191,193,201,209,216,217,236,24.3160424859333,120.679984443065,2020-02-04 11:18:43,2018-10-31 17:57:00,2018-10-31
5108704,10710ABA95B3401,10710ABA95B3401,15,66000,TXG,236,2513,66000130001,2,ABA95,2018-10-31 16:15:00,10710311615,臺中市沙鹿區居仁里臺灣大道路與中山路口附近,0,1,109,112,120,40,127,141,163,171,176,181,188,189,193,197,210,212,218,236,0.0,0.0,2020-02-04 11:18:43,2018-10-31 16:15:00,2018-10-31
5079867,10710AB391B3333,10710AB391B3333,15,66000,TXG,229,2279,66000030005,2,AB391,2018-10-31 07:34:00,10710310734,臺中市南區積善里忠明南路上近國光路附近,0,2,111,112,120,50,127,142,163,172,176,181,188,192,196,206,211,216,218,234,0.0,0.0,2020-02-04 11:18:43,2018-10-31 07:34:00,2018-10-31
5108683,10710AB691B3396,10710AB691B3396,15,66000,TXG,232,2370,66000060018,2,AB691,2018-10-31 15:40:00,10710311540,臺中市西屯區永安里西屯路三段166-77號,0,1,111,112,120,50,137,147,163,172,176,181,188,192,196,200,210,215,218,236,24.1887593213321,120.61696029123,2020-02-04 11:18:43,2018-10-31 15:40:00,2018-10-31
5080529,10710ABC91B3353,10710ABC91B3353,15,66000,TXG,246,2200,66000270001,2,ABC91,2018-10-31 09:07:00,10710310907,臺中市太平區太平里太平路永平路二段,0,1,111,112,120,50,127,141,163,172,176,181,188,189,193,201,211,215,217,234,24.1283728079506,120.708384577562,2020-02-04 11:18:43,2018-10-31 09:07:00,2018-10-31
5107083,10710ABC91B3357,10710ABC91B3357,15,66000,TXG,246,2203,66000270004,2,ABC91,2018-10-31 09:50:00,10710310950,臺中市太平區中興里永平路二段永義路,0,1,111,112,120,50,126,141,163,172,176,181,188,189,193,206,211,216,218,236,24.1316777650265,120.713266955264,2020-02-04 11:18:43,2018-10-31 09:50:00,2018-10-31
5080513,10710AB891B3348,10710AB891B3348,15,66000,TXG,245,2188,66000260005,2,AB891,2018-10-31 08:53:00,10710310853,臺中市霧峰區中正里四德路132號,0,2,111,112,120,40,127,141,163,172,176,181,188,189,193,206,211,216,218,234,24.0656053425483,120.685403222723,2020-02-04 11:18:43,2018-10-31 08:53:00,2018-10-31
5221535,10710AB795B3433,10710AB795B3433,15,66000,TXG,240,2084,66000180003,2,AB795,2018-10-31 18:35:00,10710311835,臺中市大雅區六寶里中清路四段717號,0,3,111,115,120,50,137,149,163,172,176,181,188,192,196,199,210,215,217,230,24.2385553491623,120.632643342111,2020-02-04 11:18:43,2018-10-31 18:35:00,2018-10-31
5222320,10710AB691B3452,10710AB691B3452,15,66000,TXG,232,2005,66000060006,2,AB691,2018-10-31 23:50:00,10710312350,臺中市西屯區上石里河南路二段442號,0,1,109,114,120,40,137,147,163,171,176,181,188,192,196,200,210,215,218,234,24.1744964735507,120.660022407275,2020-02-04 11:18:43,2018-10-31 23:50:00,2018-10-31
5221581,10710AB795B3438,10710AB795B3438,15,66000,TXG,240,2084,66000180003,2,AB795,2018-10-31 19:40:00,10710311940,臺中市大雅區六寶里中清路四段81號,0,2,111,115,120,40,127,141,163,172,176,181,188,190,193,199,210,215,217,233,24.2361397233987,120.636552394785,2020-02-04 11:18:43,2018-10-31 19:40:00,2018-10-31
5080519,10710AB591B3350,10710AB591B3350,15,66000,TXG,233,2016,66000080017,2,AB591,2018-10-31 08:59:00,10710310859,臺中市北屯區仁和里梅川東路五段486號,0,1,111,112,120,40,137,147,163,172,176,181,188,192,196,205,211,215,218,230,24.1877569974278,120.682409781448,2020-02-04 11:18:43,2018-10-31 08:59:00,2018-10-31
5080484,10710AB793B3346,10710AB793B3346,15,66000,TXG,239,2081,66000170016,2,AB793,2018-10-31 08:31:00,10710310831,臺中市潭子區家福里頭張路二段34弄與頭張路二段89巷35弄口附近,0,2,111,112,120,50,127,141,163,172,176,181,188,192,196,206,211,216,218,233,0.0,0.0,2020-02-04 11:18:43,2018-10-31 08:31:00,2018-10-31
5079817,10710AB291B3323,10710AB291B3323,15,66000,TXG,231,2355,66000050013,2,AB291,2018-10-31 04:23:00,10710310423,臺中市北區建興里健行路永興街,0,2,111,114,120,50,127,142,163,172,176,181,188,189,193,201,210,215,218,234,24.1590837244153,120.682335017829,2020-02-04 11:18:43,2018-10-31 04:23:00,2018-10-31
5108003,10710AB691B3369,10710AB691B3369,15,66000,TXG,232,2367,66000060015,2,AB691,2018-10-31 11:37:00,10710311137,臺中市西屯區港尾里中清路二段1502號,0,1,111,112,120,50,137,149,163,172,176,181,188,192,196,201,210,216,218,230,24.1961980631515,120.65767776516,2020-02-04 11:18:43,2018-10-31 11:37:00,2018-10-31
5221531,10710AB795B3431,10710AB795B3431,15,66000,TXG,240,2278,66000180014,2,AB795,2018-10-31 18:30:00,10710311830,臺中市大雅區大楓里神林南路292巷,0,1,110,114,120,40,127,142,163,172,176,181,188,192,196,206,210,216,218,231,24.2277159511784,120.655460304075,2020-02-04 11:18:43,2018-10-31 18:30:00,2018-10-31
5108971,10710AB891B3413,10710AB891B3413,15,66000,TXG,247,2257,66000280016,2,AB891,2018-10-31 17:28:00,10710311728,臺中市大里區塗城里光正路216號,0,1,110,114,120,50,126,142,163,171,176,181,188,192,196,201,210,216,218,235,24.0923032896639,120.714770510586,2020-02-04 11:18:43,2018-10-31 17:28:00,2018-10-31
5108029,10710AB591B3373,10710AB591B3373,15,66000,TXG,233,2400,66000080008,2,AB591,2018-10-31 12:09:00,10710311209,臺中市北屯區水景里景賢二路景和東街,0,1,111,112,120,50,127,141,163,172,176,181,188,192,196,206,211,216,218,233,24.1680543570708,120.716728738399,2020-02-04 11:18:43,2018-10-31 12:09:00,2018-10-31
5080485,10710AB391B3347,10710AB391B3347,15,66000,TXG,228,2073,66000020013,2,AB391,2018-10-31 08:32:00,10710310832,臺中市東區合作里自強街6巷18號,0,2,111,112,120,40,127,141,163,172,176,181,188,192,196,206,211,216,218,235,0.0,0.0,2020-02-04 11:18:43,2018-10-31 08:32:00,2018-10-31
5079886,10710AB691B3337,10710AB691B3337,15,66000,TXG,232,2367,66000060015,2,AB691,2018-10-31 07:46:00,10710310746,臺中市西屯區港尾里中平路76區-237-22燈桿附近,0,1,111,112,120,40,137,148,163,172,176,181,188,192,196,201,210,215,218,227,24.1763489218589,120.661209917896,2020-02-04 11:18:43,2018-10-31 07:46:00,2018-10-31
5108671,10710AB491B3394,10710AB491B3394,15,66000,TXG,13,2326,66000070002,2,AB491,2018-10-31 15:29:00,10710311529,臺中市南屯區豐樂里黎明路一段近環中路四段附近,0,1,109,112,120,40,127,141,163,171,176,181,188,190,193,206,211,216,218,233,24.128901056224,120.633723391384,2020-02-04 11:18:43,2018-10-31 15:29:00,2018-10-31
5221561,10710ABA95B3436,10710ABA95B3436,15,66000,TXG,236,2529,66000130017,2,ABA95,2018-10-31 19:10:00,10710311910,臺中市沙鹿區公明里中清路六段近中航路一段口附近,0,1,110,114,120,60,126,141,163,172,176,181,188,192,196,197,210,215,217,234,24.2467435717592,120.607700215617,2020-02-04 11:18:43,2018-10-31 19:10:00,2018-10-31
5108018,10710ABC91B3371,10710ABC91B3371,15,66000,TXG,246,2205,66000270006,2,ABC91,2018-10-31 11:56:00,10710311156,臺中市太平區東平里中和街19號,0,1,111,112,120,50,137,149,163,172,176,181,188,192,196,201,211,216,217,230,0.0,0.0,2020-02-04 11:18:43,2018-10-31 11:56:00,2018-10-31
5107087,10710ABC91B3358,10710ABC91B3358,15,66000,TXG,246,2202,66000270003,2,ABC91,2018-10-31 09:58:00,10710310958,臺中市太平區中平里中平九街永成北路,0,2,111,112,120,50,127,141,163,172,176,181,188,191,193,206,211,216,218,233,24.1222295051508,120.721099429878,2020-02-04 11:18:43,2018-10-31 09:58:00,2018-10-31
5081090,10710AB993B3356,10710AB993B3356,15,66000,TXG,14,2140,66000230001,2,AB993,2018-10-31 09:43:00,10710310943,臺中市烏日區烏日里環中路六段往南屯匝道18845路燈旁附近,0,1,111,112,120,40,133,156,163,172,176,181,188,192,196,197,210,212,218,230,24.1130784471973,120.64395159877,2020-02-04 11:18:43,2018-10-31 09:43:00,2018-10-31
5108708,10710AB291B3403,10710AB291B3403,15,66000,TXG,231,2346,66000050004,2,AB291,2018-10-31 16:18:00,10710311618,臺中市北區新興里三民路三段精武路口附近,0,1,111,112,120,50,128,141,163,172,176,181,188,189,193,206,211,216,218,234,24.1461272907031,120.682632725348,2020-02-04 11:18:43,2018-10-31 16:18:00,2018-10-31
5079879,10710AB996B3336,10710AB996B3336,15,66000,TXG,288,0,66000250000,2,AB996,2018-10-31 07:43:00,10710310743,臺中市龍井區中興路東端附近,0,1,111,112,120,60,126,141,163,172,176,181,188,189,193,201,211,216,218,235,24.1901036410237,120.579825876156,2020-02-04 11:18:43,2018-10-31 07:43:00,2018-10-31
5079847,10710ABB93B3327,10710ABB93B3327,15,66000,TXG,237,2560,66000150014,2,ABB93,2018-10-31 07:18:00,10710310718,臺中市后里區眉山里月眉東路甲后路二段,0,1,111,113,120,50,127,141,163,172,176,181,188,190,193,197,210,215,217,230,24.3156496157009,120.682084097009,2020-02-04 11:18:43,2018-10-31 07:18:00,2018-10-31
5107143,10710AB691B3367,10710AB691B3367,15,66000,TXG,232,2006,66000060007,2,AB691,2018-10-31 11:25:00,10710311125,臺中市西屯區逢甲里西屯路二段281號,0,3,111,112,120,50,126,142,163,172,176,181,188,192,196,201,210,215,218,231,24.1758617792563,120.643860311466,2020-02-04 11:18:43,2018-10-31 11:25:00,2018-10-31
5108076,10710AB891B3379,10710AB891B3379,15,66000,TXG,247,2238,66000280002,2,AB891,2018-10-31 13:21:00,10710311321,臺中市大里區新里里爽文路602號,0,2,111,112,120,50,127,142,163,172,176,181,188,189,193,201,210,216,217,230,24.104054969374,120.67475582585,2020-02-04 11:18:43,2018-10-31 13:21:00,2018-10-31
5108669,10710AB591B3392,10710AB591B3392,15,66000,TXG,233,2401,66000080009,2,AB591,2018-10-31 15:20:00,10710311520,臺中市北屯區軍功里松竹路一段468-6號,0,1,109,112,120,50,137,149,163,171,176,181,188,192,196,197,210,216,218,235,24.1817479437351,120.72285033744,2020-02-04 11:18:43,2018-10-31 15:20:00,2018-10-31
5108666,10710AB891B3391,10710AB891B3391,15,66000,TXG,247,2259,66000280018,2,AB891,2018-10-31 15:18:00,10710311518,臺中市大里區金城里中興路一段376號,0,1,109,112,120,50,137,152,163,171,176,181,188,192,196,199,210,215,217,235,24.0912318209086,120.692148829136,2020-02-04 11:18:43,2018-10-31 15:18:00,2018-10-31
5108664,10710AB191B3389,10710AB191B3389,15,66000,TXG,230,2556,66000040011,2,AB191,2018-10-31 15:15:00,10710311515,臺中市西區民龍里公益路台灣大道二段311巷附近,0,1,109,112,120,50,127,141,163,171,176,181,188,190,193,206,211,216,218,234,24.1508023988505,120.663223633115,2020-02-04 11:18:43,2018-10-31 15:15:00,2018-10-31
5108739,10710AB795B3408,10710AB795B3408,15,66000,TXG,240,2093,66000180013,2,AB795,2018-10-31 17:15:00,10710311715,臺中市大雅區文雅里永和路中山北路,0,2,111,112,120,50,127,141,163,172,176,181,188,190,193,201,211,216,217,234,24.2219090673441,120.645405820586,2020-02-04 11:18:43,2018-10-31 17:15:00,2018-10-31
5108724,10710AB591B3406,10710AB591B3406,15,66000,TXG,233,2401,66000080009,2,AB591,2018-10-31 16:46:00,10710311646,臺中市北屯區軍功里軍功路一段409號,0,1,109,113,120,50,137,149,163,171,176,181,188,192,196,201,210,216,218,230,24.1703687792298,120.718575518609,2020-02-04 11:18:43,2018-10-31 16:46:00,2018-10-31