識別碼,案件編號,交通事故主表,縣市識別碼,縣市代碼,所屬縣市簡碼,鄉縣市區識別碼,村里識別碼,里代碼,事故類(A1、A2...An),處理單位代碼,案件時間(西元),案件時間(民國),發生地點,死亡人數,受傷人數(含2~30日內死亡),天氣識別碼,光線識別碼,道路類別識別碼,速限,道路型態識別碼,事故位置識別碼,路面鋪裝識別碼,路面狀態識別碼,路面缺陷識別碼,障礙物視距識別碼,視距識別碼,號誌種類識別碼,號誌動作識別碼,車道劃分設施-分向設施識別碼,快車道或一般車道間識別碼,快慢車道間識別碼,路面邊線識別碼,事故類型及型態識別碼,緯度,經度,本平台資料更新時間(yyyy-MM-dd HH:mm:ss),資料代表時間(yyyy-MM-dd HH:mm:ss),資料代表日期(yyyy-MM-dd)
9444041,10810AB793B2915,10810AB793B2915,15,66000,TXG,239,2570,66000170010,2,30623,2019-10-04 08:22:00,10810040822,臺中市潭子區栗林里中山路三段467號,0,2,111,112,120,60,137,148,163,172,176,181,188,192,196,197,210,215,217,231,24.2325992406278,120.708875174079,2020-09-10 09:38:13,2019-10-04 08:22:00,2019-10-04
9443876,10810ABA95B2343,10810ABA95B2343,15,66000,TXG,236,2523,66000130011,2,31046,2019-10-04 00:54:00,10810040054,臺中市沙鹿區北勢里鎮南路二段北勢二街10巷附近北勢二街10巷,0,2,111,114,120,50,127,141,163,172,176,181,188,191,193,206,211,216,218,235,0.0,0.0,2020-09-10 09:38:13,2019-10-04 00:54:00,2019-10-04
9444158,10810AB391B0506,10810AB391B0506,15,66000,TXG,229,2280,66000030006,2,30584,2019-10-04 10:21:00,10810041021,臺中市南區江川里建成路1727號,0,2,111,112,120,50,137,147,163,172,176,181,188,192,196,197,211,215,218,235,24.1263850658603,120.672486913413,2020-09-10 09:38:13,2019-10-04 10:21:00,2019-10-04
9444326,10810AB691B1076,10810AB691B1076,15,66000,TXG,232,2005,66000060006,2,30612,2019-10-04 13:40:00,10810041340,臺中市西屯區上石里青海路上石路,0,1,111,112,120,50,127,141,163,172,176,181,188,189,193,206,211,216,218,229,24.17007253878,120.645695541205,2020-09-10 09:38:13,2019-10-04 13:40:00,2019-10-04
9444749,10810AB591B0710,10810AB591B0710,15,66000,TXG,233,2024,66000080025,2,30602,2019-10-04 21:46:00,10810042146,臺中市北屯區新平里中清路二段1187號,0,2,111,114,120,50,128,141,163,172,176,181,188,189,193,206,211,216,218,235,24.192527277858,120.659988456848,2020-09-10 09:38:13,2019-10-04 21:46:00,2019-10-04
9444557,10810AB591B0708,10810AB591B0708,15,66000,TXG,233,0,66000080000,2,30602,2019-10-04 18:09:00,10810041809,臺中市北屯區環中東路近太順路附近近太順路,0,1,111,112,120,50,127,141,163,172,176,181,188,189,193,206,211,216,218,234,0.0,0.0,2020-09-10 09:38:13,2019-10-04 18:09:00,2019-10-04
9444584,10810ABA94B2390,10810ABA94B2390,15,66000,TXG,312,2541,66000140010,2,31045,2019-10-04 18:23:00,10810041823,臺中市梧棲區大庄里臺灣大道八段文明街,0,1,111,114,120,70,126,148,163,172,176,181,188,189,193,206,211,216,218,235,24.2425879461729,120.556636104986,2020-09-10 09:38:13,2019-10-04 18:23:00,2019-10-04
9444430,10810AB591B0713,10810AB591B0713,15,66000,TXG,233,2019,66000080020,2,30602,2019-10-04 16:18:00,10810041618,臺中市北屯區后庄里庄美街19號,0,1,111,112,120,40,127,141,163,172,176,181,188,192,196,206,211,216,218,229,0.0,0.0,2020-09-10 09:38:13,2019-10-04 16:18:00,2019-10-04
9444258,10810AB891B1431,10810AB891B1431,15,66000,TXG,245,2185,66000260002,2,31010,2019-10-04 12:18:00,10810041218,臺中市霧峰區吉峰里自強路328巷17號,0,1,111,112,120,30,134,149,163,172,176,181,184,192,196,206,211,216,218,235,0.0,0.0,2020-09-10 09:38:13,2019-10-04 12:18:00,2019-10-04
9443890,10810AB491B0594,10810AB491B0594,15,66000,TXG,13,2390,66000070022,2,30594,2019-10-04 05:00:00,10810040500,臺中市南屯區惠中里大進街近向上路附近近向上路,0,1,111,114,120,50,137,149,163,172,176,181,188,192,196,205,211,216,218,235,0.0,0.0,2020-09-10 09:38:13,2019-10-04 05:00:00,2019-10-04
9443913,10810AB891B1429,10810AB891B1429,15,66000,TXG,247,2263,66000280022,2,31010,2019-10-04 07:05:00,10810040705,臺中市大里區大明里大明路248號,0,1,111,112,120,50,137,152,163,172,176,181,188,192,196,201,210,215,217,219,24.1151946771958,120.683530213188,2020-09-10 09:38:13,2019-10-04 07:05:00,2019-10-04
9444788,10810A24NZB0026,10810A24NZB0026,15,66000,TXG,288,0,66000250000,2,28686,2019-10-04 23:10:00,10810042310,臺中市龍井區國道3號186.0公里100.0公尺北側側外側車道,0,1,111,115,116,110,137,147,163,172,176,181,188,192,196,197,209,216,217,231,24.3103126085936,120.616013265468,2020-09-10 09:38:13,2019-10-04 23:10:00,2019-10-04
9444704,10810ABA94B2391,10810ABA94B2391,15,66000,TXG,312,2539,66000140007,2,31045,2019-10-04 20:43:00,10810042043,臺中市梧棲區草湳里文昌路建國北街,0,1,111,114,120,50,127,141,163,172,176,181,188,192,196,197,208,215,218,234,24.2465502388401,120.534134239616,2020-09-10 09:38:13,2019-10-04 20:43:00,2019-10-04
9444493,10810ABA95B2347,10810ABA95B2347,15,66000,TXG,236,2513,66000130001,2,31046,2019-10-04 17:20:00,10810041720,臺中市沙鹿區居仁里臺灣大道路七段950號,0,2,111,112,120,40,137,148,163,172,176,181,188,192,196,197,210,212,217,230,0.0,0.0,2020-09-10 09:38:13,2019-10-04 17:20:00,2019-10-04
9444485,10810AB995B2055,10810AB995B2055,15,66000,TXG,288,2171,66000250003,2,31026,2019-10-04 17:15:00,10810041715,臺中市龍井區龍西里中央南路茄投路,0,2,111,113,120,50,126,141,163,172,176,181,188,189,193,206,211,216,218,234,24.1843737142035,120.520941506097,2020-09-10 09:38:13,2019-10-04 17:15:00,2019-10-04
9443943,10810AB793B2914,10810AB793B2914,15,66000,TXG,239,2571,66000170011,2,30623,2019-10-04 07:21:00,10810040721,臺中市潭子區嘉仁里嘉豐路219巷,0,2,111,112,120,40,126,141,163,172,176,181,188,192,196,206,211,216,218,234,0.0,0.0,2020-09-10 09:38:13,2019-10-04 07:21:00,2019-10-04
9444266,10810AB191B0060,10810AB191B0060,15,66000,TXG,230,2329,66000040012,2,30566,2019-10-04 12:21:00,10810041221,臺中市西區後龍里民權路229巷與民權路口附近與民權路口,0,1,111,112,120,50,127,141,163,172,176,181,188,189,193,206,211,216,218,234,24.1490203999352,120.669780945184,2020-09-10 09:38:13,2019-10-04 12:21:00,2019-10-04
9443950,10810AB291B0273,10810AB291B0273,15,66000,TXG,231,2364,66000050022,2,30575,2019-10-04 07:27:00,10810040727,臺中市北區明德里漢口南二街及太原二街路口附近及太原二街路口,0,1,111,112,120,50,127,141,163,172,176,181,188,192,196,206,211,216,218,233,0.0,0.0,2020-09-10 09:38:13,2019-10-04 07:27:00,2019-10-04
9444729,10810AB591B0707,10810AB591B0707,15,66000,TXG,233,2025,66000080026,2,30602,2019-10-04 21:12:00,10810042112,臺中市北屯區平安里北平路四段27號,0,1,111,114,120,50,127,141,163,172,176,181,188,192,196,201,211,215,218,234,0.0,0.0,2020-09-10 09:38:13,2019-10-04 21:12:00,2019-10-04
9444319,10810ABA95B2409,10810ABA95B2409,15,66000,TXG,236,2519,66000130007,2,31046,2019-10-04 13:33:00,10810041333,臺中市沙鹿區鹿峰里中山路星河路,0,2,111,112,120,40,128,141,163,172,176,181,188,189,193,206,211,216,218,233,24.2513072874812,120.566576224051,2020-09-10 09:38:13,2019-10-04 13:33:00,2019-10-04
9444426,10810AB391B0508,10810AB391B0508,15,66000,TXG,228,2069,66000020009,2,30584,2019-10-04 16:16:00,10810041616,臺中市東區東門里旱溪西路東福二街,0,1,111,112,120,50,126,141,163,172,176,181,188,192,196,206,211,216,218,235,24.1279571070009,120.700291628846,2020-09-10 09:38:13,2019-10-04 16:16:00,2019-10-04
9444231,10810AB691B1073,10810AB691B1073,15,66000,TXG,232,2004,66000060005,2,30612,2019-10-04 11:55:00,10810041155,臺中市西屯區惠來里市政北一路77號,0,1,111,112,120,50,126,142,163,172,176,181,188,192,196,199,210,215,218,235,0.0,0.0,2020-09-10 09:38:13,2019-10-04 11:55:00,2019-10-04
9444391,10810AB391B0510,10810AB391B0510,15,66000,TXG,229,2283,66000030009,2,30584,2019-10-04 15:30:00,10810041530,臺中市南區福平里復興路近五權南路口附近近五權南路口,0,1,111,112,120,50,127,141,163,172,176,181,188,189,193,206,211,216,218,230,0.0,0.0,2020-09-10 09:38:13,2019-10-04 15:30:00,2019-10-04
9444377,10810ABA94B2346,10810ABA94B2346,15,66000,TXG,312,2542,66000140011,2,31045,2019-10-04 15:00:00,10810041500,臺中市梧棲區大村里文昌路486巷文昌路486巷11弄附近文昌路486巷11弄,0,1,111,112,120,30,126,141,163,172,176,181,188,192,196,206,211,216,218,234,0.0,0.0,2020-09-10 09:38:13,2019-10-04 15:00:00,2019-10-04
9444435,10810AB793B2916,10810AB793B2916,15,66000,TXG,239,2561,66000170001,2,30623,2019-10-04 16:25:00,10810041625,臺中市潭子區潭陽里潭興路三段1號,0,2,111,112,120,60,127,141,163,172,176,181,188,189,193,206,211,216,218,234,0.0,0.0,2020-09-10 09:38:13,2019-10-04 16:25:00,2019-10-04
9444534,10810AB691B1083,10810AB691B1083,15,66000,TXG,232,2367,66000060015,2,30612,2019-10-04 17:51:00,10810041751,臺中市西屯區港尾里中清路三段227號,0,2,111,114,120,50,137,148,163,172,176,181,188,192,196,197,210,215,218,230,0.0,0.0,2020-09-10 09:38:13,2019-10-04 17:51:00,2019-10-04
9443957,10810ABB91B2686,10810ABB91B2686,15,66000,TXG,286,0,66000110000,2,31061,2019-10-04 07:30:00,10810040730,臺中市大甲區順帆路100-2號,0,1,111,112,120,50,128,142,163,172,176,181,188,191,193,201,210,216,217,235,0.0,0.0,2020-09-10 09:38:13,2019-10-04 07:30:00,2019-10-04
9444195,10810AB891B1437,10810AB891B1437,15,66000,TXG,247,2252,66000280011,2,31010,2019-10-04 11:24:00,10810041124,臺中市大里區新仁里甲堤路、內新橋附近、內新橋,0,1,111,112,120,50,127,141,163,172,176,181,188,189,193,206,211,216,218,247,0.0,0.0,2020-09-10 09:38:13,2019-10-04 11:24:00,2019-10-04
9444143,10810AB795B2913,10810AB795B2913,15,66000,TXG,240,2083,66000180002,2,30625,2019-10-04 10:04:00,10810041004,臺中市大雅區員林里大林路66巷與大林路66巷58弄口附近與大林路66巷58弄口,0,2,111,112,120,40,126,142,163,172,176,181,188,192,196,206,211,216,217,234,0.0,0.0,2020-09-10 09:38:13,2019-10-04 10:04:00,2019-10-04
9444484,10810ABA93B2354,10810ABA93B2354,15,66000,TXG,311,189,66000120006,2,31044,2019-10-04 17:15:00,10810041715,臺中市清水區西寧里中興街西寧路,0,1,111,113,120,50,127,141,163,172,176,181,188,191,193,206,211,216,218,233,24.271871763178,120.575251080434,2020-09-10 09:38:13,2019-10-04 17:15:00,2019-10-04
9444044,10810AB691B1070,10810AB691B1070,15,66000,TXG,232,2369,66000060017,2,30612,2019-10-04 08:25:00,10810040825,臺中市西屯區林厝里東大路一段197號,0,1,111,112,120,40,127,142,163,172,176,181,188,192,196,205,210,216,218,234,0.0,0.0,2020-09-10 09:38:13,2019-10-04 08:25:00,2019-10-04
9444768,10810AB691B1084,10810AB691B1084,15,66000,TXG,232,2309,66000060024,2,30612,2019-10-04 22:19:00,10810042219,臺中市西屯區西平里西安街星安停車場附近星安停車場,0,1,111,112,120,40,137,149,163,172,176,181,188,192,196,206,211,216,218,234,24.181585992072,120.642894344651,2020-09-10 09:38:13,2019-10-04 22:19:00,2019-10-04
9443899,10810AB691B1156,10810AB691B1156,15,66000,TXG,232,2001,66000060002,2,30612,2019-10-04 06:30:00,10810040630,臺中市西屯區西墩里黎明路三段6號,0,2,111,112,120,40,127,142,163,172,176,181,188,189,193,201,207,212,218,219,24.1713658538579,120.636776673575,2020-09-10 09:38:13,2019-10-04 06:30:00,2019-10-04
9444234,10810AB891B1441,10810AB891B1441,15,66000,TXG,245,2185,66000260002,2,31010,2019-10-04 11:57:00,10810041157,臺中市霧峰區吉峰里吉峰西路65號附近65號,0,1,111,112,120,30,127,141,163,172,176,181,188,192,196,206,211,216,218,233,0.0,0.0,2020-09-10 09:38:13,2019-10-04 11:57:00,2019-10-04
9444737,10810AB794B2919,10810AB794B2919,15,66000,TXG,238,2043,66000160007,2,30624,2019-10-04 21:23:00,10810042123,臺中市神岡區三角里大豐路四段承德路,0,2,111,112,120,60,128,141,163,172,176,181,188,189,193,197,208,215,217,233,24.2327720930549,120.694592613698,2020-09-10 09:38:13,2019-10-04 21:23:00,2019-10-04
9444221,10810AB795B2911,10810AB795B2911,15,66000,TXG,240,2085,66000180004,2,30625,2019-10-04 11:40:00,10810041140,臺中市大雅區秀山里秀山路秀山五路,0,1,111,112,120,50,127,141,163,172,176,181,188,192,196,206,211,216,218,233,24.228360934173,120.634698951213,2020-09-10 09:38:13,2019-10-04 11:40:00,2019-10-04
9444269,10810AB891B1430,10810AB891B1430,15,66000,TXG,247,2255,66000280014,2,31010,2019-10-04 12:23:00,10810041223,臺中市大里區仁化里仁化路456號,0,1,111,112,120,50,138,149,163,172,176,181,188,192,196,201,211,216,217,234,24.0959075594868,120.703914435041,2020-09-10 09:38:13,2019-10-04 12:23:00,2019-10-04
9444130,10810AB794B2995,10810AB794B2995,15,66000,TXG,238,2037,66000160001,2,30624,2019-10-04 09:50:00,10810040950,臺中市神岡區神岡里三民南路神岡路,0,1,111,112,120,40,127,142,163,172,176,181,188,189,193,206,211,216,218,235,24.2554479398944,120.655594496156,2020-09-10 09:38:13,2019-10-04 09:50:00,2019-10-04
9444684,10810AB793B2922,10810AB793B2922,15,66000,TXG,239,2079,66000170014,2,30623,2019-10-04 20:10:00,10810042010,臺中市潭子區頭家東里中山路一段大通街附近大通街,0,2,111,114,120,60,126,141,163,172,176,180,188,189,193,197,210,215,217,234,24.1920615954041,120.702562674232,2020-09-10 09:38:13,2019-10-04 20:10:00,2019-10-04
9444412,10810AB691B1079,10810AB691B1079,15,66000,TXG,232,2323,66000060038,2,30612,2019-10-04 16:05:00,10810041605,臺中市西屯區福林里臺灣大道四段00110路燈附近00110路燈,0,1,111,112,120,60,137,147,163,172,176,181,188,192,196,197,210,212,218,231,0.0,0.0,2020-09-10 09:38:13,2019-10-04 16:05:00,2019-10-04
9444339,10810ABC91B1883,10810ABC91B1883,15,66000,TXG,246,2225,66000270028,2,31077,2019-10-04 14:00:00,10810041400,臺中市太平區新高里建和路一段22號,0,2,111,112,120,50,137,149,163,172,176,181,188,192,196,201,211,216,218,234,0.0,0.0,2020-09-10 09:38:13,2019-10-04 14:00:00,2019-10-04
9444252,10810AB891B1434,10810AB891B1434,15,66000,TXG,247,2252,66000280011,2,31010,2019-10-04 12:15:00,10810041215,臺中市大里區新仁里新仁路一段5號,0,2,111,112,120,50,137,149,163,172,176,181,188,192,196,201,210,216,218,230,24.1108221119419,120.71058160736,2020-09-10 09:38:13,2019-10-04 12:15:00,2019-10-04
9444069,10810AB691B1072,10810AB691B1072,15,66000,TXG,232,2004,66000060005,2,30612,2019-10-04 08:47:00,10810040847,臺中市西屯區惠來里文心路三段13號,0,1,111,112,120,50,137,149,163,172,176,181,188,192,196,197,210,216,218,234,24.1633757557413,120.649850714083,2020-09-10 09:38:13,2019-10-04 08:47:00,2019-10-04
9444025,10810AB591B0705,10810AB591B0705,15,66000,TXG,233,2401,66000080009,2,30602,2019-10-04 08:10:00,10810040810,臺中市北屯區軍功里松竹路旱溪東路,0,1,111,112,120,50,128,141,163,172,176,181,188,189,193,206,211,216,218,234,24.1823780857326,120.7118842828,2020-09-10 09:38:13,2019-10-04 08:10:00,2019-10-04
9444795,10810AB591B0711,10810AB591B0711,15,66000,TXG,233,2019,66000080020,2,30602,2019-10-04 23:59:00,10810042359,臺中市北屯區后庄里后庄路與洲際五街附近與洲際五街,0,1,111,114,120,50,137,148,163,172,176,181,188,191,193,201,210,215,218,230,0.0,0.0,2020-09-10 09:38:13,2019-10-04 23:59:00,2019-10-04
9444070,10810AB795B2912,10810AB795B2912,15,66000,TXG,240,2083,66000180002,2,30625,2019-10-04 08:47:00,10810040847,臺中市大雅區員林里中清路四段雅秀路,0,1,111,112,120,50,126,141,163,172,175,181,188,189,193,197,210,215,217,231,24.229159400498,120.64240767491,2020-09-10 09:38:13,2019-10-04 08:47:00,2019-10-04
9444382,10810AB691B1077,10810AB691B1077,15,66000,TXG,232,2366,66000060014,2,30612,2019-10-04 15:09:00,10810041509,臺中市西屯區大鵬里中清西二街95號,0,1,111,112,120,50,126,142,163,172,176,181,188,191,193,206,211,216,218,234,24.1754586713094,120.665871240737,2020-09-10 09:38:13,2019-10-04 15:09:00,2019-10-04
9444502,10810ABB91B2689,10810ABB91B2689,15,66000,TXG,286,2488,66000110009,2,31061,2019-10-04 17:25:00,10810041725,臺中市大甲區中山里甲后路開元路,0,1,111,112,120,50,128,141,163,172,176,181,188,189,193,206,211,215,217,230,24.3457231769992,120.632330282013,2020-09-10 09:38:13,2019-10-04 17:25:00,2019-10-04
9444521,10810ABC91B1884,10810ABC91B1884,15,66000,TXG,246,2223,66000270026,2,31077,2019-10-04 17:40:00,10810041740,臺中市太平區建興里建興路129號,0,2,111,113,120,50,137,149,163,172,176,181,188,192,196,201,211,216,217,231,24.2161718555403,120.665857826949,2020-09-10 09:38:13,2019-10-04 17:40:00,2019-10-04
9443954,10810A2AZKB0014,10810A2AZKB0014,15,66000,TXG,232,0,66000060000,2,28839,2019-10-04 07:29:00,10810040729,臺中市西屯區中科路與科雅路路口附近,0,1,111,112,123,40,127,141,163,172,176,181,188,190,193,197,207,212,217,230,24.208308218076,120.619147831036,2020-09-10 09:38:13,2019-10-04 07:29:00,2019-10-04
9444217,10810AB691B1093,10810AB691B1093,15,66000,TXG,232,2008,66000060009,2,30612,2019-10-04 11:39:00,10810041139,臺中市西屯區何安里西屯路二段１０３－１號,0,1,111,112,120,50,126,142,163,172,176,181,188,192,196,201,211,215,218,234,0.0,0.0,2020-09-10 09:38:13,2019-10-04 11:39:00,2019-10-04
9445176,10810AB891B1438,10810AB891B1438,15,66000,TXG,247,2253,66000280012,2,31010,2019-10-05 12:42:00,10810051242,臺中市大里區大元里大里橋路北端附近北端,0,2,111,112,120,50,127,142,163,172,176,181,188,189,193,197,208,216,217,230,0.0,0.0,2020-09-10 09:38:13,2019-10-05 12:42:00,2019-10-05
9445540,10810AB391B0511,10810AB391B0511,15,66000,TXG,229,2288,66000030014,2,30584,2019-10-05 19:25:00,10810051925,臺中市南區西川里崇倫北街40巷大忠南街,0,1,111,114,120,50,126,141,163,172,176,181,188,192,196,205,211,215,218,234,24.1335031670715,120.655133127629,2020-09-10 09:38:13,2019-10-05 19:25:00,2019-10-05
9445631,10810AB491B0601,10810AB491B0601,15,66000,TXG,13,2382,66000070014,2,30594,2019-10-05 22:34:00,10810052234,臺中市南屯區鎮平里黎明路一段486號,0,1,111,114,120,50,126,141,163,172,176,181,188,192,196,201,210,215,218,234,0.0,0.0,2020-09-10 09:38:13,2019-10-05 22:34:00,2019-10-05
9444821,10810ABA95B2348,10810ABA95B2348,15,66000,TXG,236,2526,66000130014,2,31046,2019-10-05 03:30:00,10810050330,臺中市沙鹿區六路里臺灣大道路六段808號,0,2,111,114,120,40,137,148,163,172,176,181,188,192,196,197,210,212,217,241,0.0,0.0,2020-09-10 09:38:13,2019-10-05 03:30:00,2019-10-05
9445230,10810AB391B0513,10810AB391B0513,15,66000,TXG,228,2063,66000020003,2,30584,2019-10-05 13:55:00,10810051355,臺中市東區東橋里大智路與仁和路口附近與仁和路口,0,1,111,112,120,50,127,141,163,172,176,181,188,190,193,206,211,216,218,234,24.1263767537302,120.690319306663,2020-09-10 09:38:13,2019-10-05 13:55:00,2019-10-05
9445413,10810AB794B2929,10810AB794B2929,15,66000,TXG,238,2046,66000160010,2,30624,2019-10-05 17:08:00,10810051708,臺中市神岡區豐洲里國豐路一段(13871路燈)附近(13871路燈),0,1,111,114,120,50,137,149,163,171,176,181,188,192,196,201,211,216,218,235,0.0,0.0,2020-09-10 09:38:13,2019-10-05 17:08:00,2019-10-05
9445525,10810ABA95B2355,10810ABA95B2355,15,66000,TXG,236,2514,66000130002,2,31046,2019-10-05 19:08:00,10810051908,臺中市沙鹿區洛泉里日新街57之5號,0,1,111,112,120,40,126,141,163,172,176,181,188,192,196,206,211,216,218,229,0.0,0.0,2020-09-10 09:38:13,2019-10-05 19:08:00,2019-10-05
9445305,10810ABA93B2356,10810ABA93B2356,15,66000,TXG,311,2512,66000120032,2,31044,2019-10-05 15:15:00,10810051515,臺中市清水區吳厝里吳厝二街近清水休息站附近近清水休息站,0,2,111,112,120,40,134,149,163,172,176,181,188,192,196,206,211,216,218,228,24.2774524113667,120.61122663735,2020-09-10 09:38:13,2019-10-05 15:15:00,2019-10-05
9445434,10810AB994B2097,10810AB994B2097,15,66000,TXG,244,2431,66000240001,2,31025,2019-10-05 17:25:00,10810051725,臺中市大肚區王田里興和路265巷電桿G4437CD-8642旁附近電桿G4437CD-8642旁,0,2,111,113,120,40,134,149,163,172,176,181,188,192,196,206,211,216,218,229,0.0,0.0,2020-09-10 09:38:13,2019-10-05 17:25:00,2019-10-05
9444853,10810AB691B1086,10810AB691B1086,15,66000,TXG,232,2370,66000060018,2,30612,2019-10-05 06:49:00,10810050649,臺中市西屯區永安里安林路永安一巷,0,1,111,112,120,40,126,141,163,172,176,181,188,192,196,206,211,216,218,236,0.0,0.0,2020-09-10 09:38:13,2019-10-05 06:49:00,2019-10-05
9445136,10810AB795B2925,10810AB795B2925,15,66000,TXG,240,2091,66000180011,2,30625,2019-10-05 12:00:00,10810051200,臺中市大雅區四德里仁和路216號,0,2,111,112,120,40,126,141,163,172,176,181,188,192,196,206,211,216,217,234,0.0,0.0,2020-09-10 09:38:13,2019-10-05 12:00:00,2019-10-05
9444834,10810AB491B0599,10810AB491B0599,15,66000,TXG,13,2380,66000070012,2,30594,2019-10-05 06:14:00,10810050614,臺中市南屯區田心里向心路惠德街,0,1,111,112,120,50,127,141,163,172,176,181,188,189,193,206,211,216,218,233,24.1394786930051,120.644572314116,2020-09-10 09:38:13,2019-10-05 06:14:00,2019-10-05
9445577,10810ABC91B1891,10810ABC91B1891,15,66000,TXG,246,2209,66000270010,2,31077,2019-10-05 20:41:00,10810052041,臺中市太平區光華里大興路大興六街,0,1,111,114,120,50,126,141,163,172,176,181,188,192,196,201,210,216,217,234,24.154978507771,120.733546325438,2020-09-10 09:38:13,2019-10-05 20:41:00,2019-10-05
9445604,10810AB391B0512,10810AB391B0512,15,66000,TXG,229,2287,66000030013,2,30584,2019-10-05 21:20:00,10810052120,臺中市南區樹德里建國南路一段147號,0,1,111,114,120,50,126,142,163,172,176,180,188,192,196,206,211,215,218,234,24.121746981311,120.652927241392,2020-09-10 09:38:13,2019-10-05 21:20:00,2019-10-05
9445309,10810ABA95B2362,10810ABA95B2362,15,66000,TXG,236,2518,66000130006,2,31046,2019-10-05 15:20:00,10810051520,臺中市沙鹿區斗抵里太平路189號旁附近旁,0,1,111,112,120,30,138,149,163,172,176,181,188,192,196,206,211,216,218,236,24.1502405394714,120.678849559114,2020-09-10 09:38:13,2019-10-05 15:20:00,2019-10-05
9444953,10810AB995B2058,10810AB995B2058,15,66000,TXG,288,2177,66000250009,2,31026,2019-10-05 08:17:00,10810050817,臺中市龍井區忠和里中山二路二段359巷中山二路二段,0,1,111,112,120,40,127,141,163,172,176,181,188,192,196,206,211,216,218,233,24.2112421838626,120.535799161281,2020-09-10 09:38:13,2019-10-05 08:17:00,2019-10-05
9445570,10810ABB91B2691,10810ABB91B2691,15,66000,TXG,286,2483,66000110004,2,31061,2019-10-05 20:30:00,10810052030,臺中市大甲區孔門里新政路育德路,0,2,111,114,120,50,127,141,163,172,176,181,188,191,193,201,211,216,218,234,24.3489544428234,120.625232054441,2020-09-10 09:38:13,2019-10-05 20:30:00,2019-10-05
9445199,10810AB591B0715,10810AB591B0715,15,66000,TXG,233,2397,66000080005,2,30602,2019-10-05 13:11:00,10810051311,臺中市北屯區平和里崇德路二段瀋陽路二段,0,1,111,112,120,50,127,141,163,172,176,181,188,190,193,206,211,216,218,231,24.1733657349097,120.685526824423,2020-09-10 09:38:13,2019-10-05 13:11:00,2019-10-05
9445046,10810ABC91B1886,10810ABC91B1886,15,66000,TXG,246,2200,66000270001,2,31077,2019-10-05 10:16:00,10810051016,臺中市太平區太平里太平十九街8巷太平十七街,0,1,111,112,120,30,126,141,163,172,176,181,188,192,196,206,211,216,218,234,24.1233855012562,120.715137244913,2020-09-10 09:38:13,2019-10-05 10:16:00,2019-10-05
9445424,10810AB691B1087,10810AB691B1087,15,66000,TXG,232,2316,66000060031,2,30612,2019-10-05 17:16:00,10810051716,臺中市西屯區何成里臺灣大道二段881號,0,1,111,112,120,40,126,141,163,172,176,181,188,192,196,197,210,212,218,234,0.0,0.0,2020-09-10 09:38:13,2019-10-05 17:16:00,2019-10-05
9445521,10810AB793B2936,10810AB793B2936,15,66000,TXG,239,2566,66000170006,2,30623,2019-10-05 19:02:00,10810051902,臺中市潭子區甘蔗里勝利九街51號,0,2,111,112,120,50,126,141,163,172,176,181,187,192,196,201,211,216,218,234,24.2115928150463,120.699445452699,2020-09-10 09:38:13,2019-10-05 19:02:00,2019-10-05
9445243,10810AB691B0015,10810AB691B0015,15,66000,TXG,232,2367,66000060015,2,30612,2019-10-05 14:06:00,10810051406,臺中市西屯區港尾里中清路三段５０１號對向附近對向,0,2,111,112,120,50,137,147,163,172,176,181,188,192,196,197,210,215,218,231,24.2090256144164,120.650982292474,2020-09-10 09:38:13,2019-10-05 14:06:00,2019-10-05
9444937,10810AB191B0062,10810AB191B0062,15,66000,TXG,230,2302,66000040006,2,30566,2019-10-05 08:01:00,10810050801,臺中市西區平和里柳川西路四維街,0,1,111,112,120,50,128,141,163,172,176,181,188,189,193,206,211,216,218,234,24.1406379161904,120.672033453956,2020-09-10 09:38:13,2019-10-05 08:01:00,2019-10-05
9445415,10810AB793B2934,10810AB793B2934,15,66000,TXG,239,2567,66000170007,2,30623,2019-10-05 17:11:00,10810051711,臺中市潭子區東寶里雅潭路二段399巷距崇德路口約10公尺處附近距崇德路口約10公尺處,0,2,111,112,120,50,137,149,163,172,176,181,188,192,196,201,211,216,218,228,0.0,0.0,2020-09-10 09:38:13,2019-10-05 17:11:00,2019-10-05
9445092,10810ABD91B2825,10810ABD91B2825,15,66000,TXG,235,2471,66000100017,2,31087,2019-10-05 11:09:00,10810051109,臺中市東勢區慶福里東關路四段13.5K處附近13.5K處,0,1,111,112,120,50,134,149,163,172,176,181,188,192,196,205,210,216,217,231,24.1857333299207,120.840449429931,2020-09-10 09:38:13,2019-10-05 11:09:00,2019-10-05
9444994,10810AB291B0274,10810AB291B0274,15,66000,TXG,231,1997,66000050034,2,30575,2019-10-05 09:08:00,10810050908,臺中市北區立人里北平路北平一街附近北平一街,0,1,111,112,120,50,126,141,163,172,176,181,188,191,193,201,211,216,218,221,24.1716470133725,120.668856382951,2020-09-10 09:38:13,2019-10-05 09:08:00,2019-10-05
9445034,10810ABD91B2824,10810ABD91B2824,15,66000,TXG,235,2455,66000100001,2,31087,2019-10-05 09:52:00,10810050952,臺中市東勢區北興里東關路七段靠近豐勢路口附近靠近豐勢路口,0,1,111,112,120,60,126,141,163,172,176,181,188,192,196,206,211,216,218,234,0.0,0.0,2020-09-10 09:38:13,2019-10-05 09:52:00,2019-10-05
9445057,10810AB995B2059,10810AB995B2059,15,66000,TXG,288,2177,66000250009,2,31026,2019-10-05 10:25:00,10810051025,臺中市龍井區忠和里工業路188巷海尾路,0,1,111,112,120,40,127,141,163,172,176,181,188,192,196,206,211,216,218,233,0.0,0.0,2020-09-10 09:38:13,2019-10-05 10:25:00,2019-10-05