識別碼,案件編號,交通事故主表,縣市識別碼,縣市代碼,所屬縣市簡碼,鄉縣市區識別碼,村里識別碼,里代碼,事故類(A1、A2...An),處理單位代碼,案件時間(西元),案件時間(民國),發生地點,死亡人數,受傷人數(含2~30日內死亡),天氣識別碼,光線識別碼,道路類別識別碼,速限,道路型態識別碼,事故位置識別碼,路面鋪裝識別碼,路面狀態識別碼,路面缺陷識別碼,障礙物視距識別碼,視距識別碼,號誌種類識別碼,號誌動作識別碼,車道劃分設施-分向設施識別碼,快車道或一般車道間識別碼,快慢車道間識別碼,路面邊線識別碼,事故類型及型態識別碼,緯度,經度,本平台資料更新時間(yyyy-MM-dd HH:mm:ss),資料代表時間(yyyy-MM-dd HH:mm:ss),資料代表日期(yyyy-MM-dd)
9445432,10810ABA95B2358,10810ABA95B2358,15,66000,TXG,236,2520,66000130008,2,31046,2019-10-05 17:24:00,10810051724,臺中市沙鹿區鹿寮里光大路83號,0,1,111,114,120,50,137,147,163,172,176,181,188,192,196,205,211,216,217,235,24.244584160902,120.564223945458,2020-09-10 09:38:13,2019-10-05 17:24:00,2019-10-05
9445481,10810AB191B0143,10810AB191B0143,15,66000,TXG,230,2332,66000040015,2,30566,2019-10-05 18:20:00,10810051820,臺中市西區昇平里中美街與向上南路口附近與向上南路口,0,2,111,114,120,50,127,141,163,172,176,181,188,189,193,206,211,216,218,234,24.146036569087,120.66019881757,2020-09-10 09:38:13,2019-10-05 18:20:00,2019-10-05
9445503,10810AB793B2935,10810AB793B2935,15,66000,TXG,239,2567,66000170007,2,30623,2019-10-05 18:37:00,10810051837,臺中市潭子區東寶里雅潭路二段119號,0,1,111,112,120,50,137,148,163,172,176,181,188,192,196,197,210,215,217,235,0.0,0.0,2020-09-10 09:38:13,2019-10-05 18:37:00,2019-10-05
9445440,10810AB994B2070,10810AB994B2070,15,66000,TXG,244,2165,66000240014,2,31025,2019-10-05 17:31:00,10810051731,臺中市大肚區頂街里沙田路三段124號,0,2,111,114,120,50,126,141,163,172,176,181,188,192,196,206,211,216,218,234,0.0,0.0,2020-09-10 09:38:13,2019-10-05 17:31:00,2019-10-05
9445560,10810AB591B0731,10810AB591B0731,15,66000,TXG,233,2407,66000080035,2,30602,2019-10-05 20:12:00,10810052012,臺中市北屯區平心里文心路崇德路,0,1,111,114,120,50,127,141,163,172,176,181,188,189,193,206,211,216,218,235,24.1720181553222,120.685524793407,2020-09-10 09:38:13,2019-10-05 20:12:00,2019-10-05
9444831,10810AB591B0724,10810AB591B0724,15,66000,TXG,233,2402,66000080010,2,30602,2019-10-05 06:05:00,10810050605,臺中市北屯區和平里環中東路軍福十六路,0,1,111,113,120,50,127,141,163,172,176,181,188,190,193,206,211,216,218,234,24.1749569523863,120.721047133043,2020-09-10 09:38:13,2019-10-05 06:05:00,2019-10-05
9445223,10810ABA94B2392,10810ABA94B2392,15,66000,TXG,312,2543,66000140012,2,31045,2019-10-05 13:47:00,10810051347,臺中市梧棲區興農里中央路一段440-17號,0,2,111,112,120,30,127,141,163,172,176,181,188,192,196,206,211,216,218,233,0.0,0.0,2020-09-10 09:38:13,2019-10-05 13:47:00,2019-10-05
9445110,10810AB794B2926,10810AB794B2926,15,66000,TXG,238,2038,66000160002,2,30624,2019-10-05 11:27:00,10810051127,臺中市神岡區庄前里庄前路神林路90巷口附近神林路90巷口,0,1,111,112,120,30,127,141,163,172,176,181,188,192,196,206,211,216,218,233,0.0,0.0,2020-09-10 09:38:13,2019-10-05 11:27:00,2019-10-05
9445384,10810AB691B1089,10810AB691B1089,15,66000,TXG,232,2315,66000060030,2,30612,2019-10-05 16:39:00,10810051639,臺中市西屯區何明里太原路華美西街一段224巷口附近224巷口,0,1,111,112,120,50,126,141,163,172,176,181,188,192,196,206,211,216,218,231,0.0,0.0,2020-09-10 09:38:13,2019-10-05 16:39:00,2019-10-05
9445375,10810AB191B0066,10810AB191B0066,15,66000,TXG,230,0,66000040000,2,30566,2019-10-05 16:29:00,10810051629,臺中市西區英才路525號,0,1,111,112,120,50,137,147,163,172,176,181,188,192,196,201,210,215,218,235,0.0,0.0,2020-09-10 09:38:13,2019-10-05 16:29:00,2019-10-05
9445062,10810ABA95B2415,10810ABA95B2415,15,66000,TXG,236,2521,66000130009,2,31046,2019-10-05 10:30:00,10810051030,臺中市沙鹿區竹林里三民路33號,0,1,111,112,120,60,137,147,163,172,176,181,188,192,196,197,210,215,217,236,24.3458923538385,120.620747504263,2020-09-10 09:38:13,2019-10-05 10:30:00,2019-10-05
9444806,10810AB591B0709,10810AB591B0709,15,66000,TXG,233,2397,66000080005,2,30602,2019-10-05 01:00:00,10810050100,臺中市北屯區平和里文心路梅川西路,0,1,111,114,120,50,127,141,163,172,176,181,188,189,193,206,211,216,218,235,24.1730365558789,120.679403272825,2020-09-10 09:38:13,2019-10-05 01:00:00,2019-10-05
9445619,10810ABA93B2357,10810ABA93B2357,15,66000,TXG,311,186,66000120003,2,31044,2019-10-05 22:04:00,10810052204,臺中市清水區清水里學園街新興路,0,1,111,114,120,50,127,141,163,172,176,181,188,191,193,206,211,216,218,233,24.2659661757141,120.57564644409,2020-09-10 09:38:13,2019-10-05 22:04:00,2019-10-05
9444881,10810AB591B0712,10810AB591B0712,15,66000,TXG,233,2014,66000080015,2,30602,2019-10-05 07:20:00,10810050720,臺中市北屯區民德里東山路二段近下民興巷附近近下民興巷,0,1,111,112,120,50,134,149,163,172,176,181,188,192,196,197,211,216,218,236,0.0,0.0,2020-09-10 09:38:13,2019-10-05 07:20:00,2019-10-05
9445001,10810ABB91B2696,10810ABB91B2696,15,66000,TXG,286,2495,66000110016,2,31061,2019-10-05 09:15:00,10810050915,臺中市大甲區文武里育英路44巷育英路,0,1,111,112,120,50,126,142,163,172,176,181,188,192,196,201,211,215,218,230,24.3516572501462,120.626562313418,2020-09-10 09:38:13,2019-10-05 09:15:00,2019-10-05
9445652,10810ABA93B2359,10810ABA93B2359,15,66000,TXG,311,217,66000120017,2,31044,2019-10-05 23:26:00,10810052326,臺中市清水區中社里鎮政路鰲峰路,0,5,111,114,120,50,127,141,163,172,176,181,188,191,193,206,211,216,218,233,24.267294415647,120.561057745258,2020-09-10 09:38:13,2019-10-05 23:26:00,2019-10-05
9445157,10810AB993B2061,10810AB993B2061,15,66000,TXG,14,2142,66000230003,2,31024,2019-10-05 12:20:00,10810051220,臺中市烏日區三和里台74線快速公路下高鐵東051A30路燈附近下高鐵東051A30路燈,0,1,111,112,120,40,133,147,163,172,176,181,188,192,196,206,211,216,217,231,0.0,0.0,2020-09-10 09:38:13,2019-10-05 12:20:00,2019-10-05
9445084,10810AB591B0717,10810AB591B0717,15,66000,TXG,233,2407,66000080035,2,30602,2019-10-05 10:57:00,10810051057,臺中市北屯區平心里安順東八街38號,0,1,111,112,120,50,137,149,163,172,176,181,188,192,196,201,211,216,218,234,24.1737401331123,120.689083084882,2020-09-10 09:38:13,2019-10-05 10:57:00,2019-10-05
9445479,10810AB793B2931,10810AB793B2931,15,66000,TXG,239,2078,66000170013,2,30623,2019-10-05 18:20:00,10810051820,臺中市潭子區聚興里潭興路一段34號,0,1,111,114,120,50,137,149,163,172,176,181,188,192,196,205,210,216,217,234,24.2039579112319,120.724930319424,2020-09-10 09:38:13,2019-10-05 18:20:00,2019-10-05
9444997,10810AB993B2080,10810AB993B2080,15,66000,TXG,14,2142,66000230003,2,31024,2019-10-05 09:10:00,10810050910,臺中市烏日區三和里三榮路一段三榮五路,0,1,111,112,120,50,127,142,163,172,176,181,188,192,196,197,211,216,218,235,24.1062037027823,120.606240555237,2020-09-10 09:38:13,2019-10-05 09:10:00,2019-10-05
9445462,10810ABC91B1890,10810ABC91B1890,15,66000,TXG,246,2201,66000270002,2,31077,2019-10-05 18:00:00,10810051800,臺中市太平區長億里長億路(路燈13323號)旁附近(路燈13323號)旁,0,1,111,114,120,50,137,147,163,172,176,181,188,192,196,201,210,215,218,230,0.0,0.0,2020-09-10 09:38:13,2019-10-05 18:00:00,2019-10-05
9445067,10810AB795B2928,10810AB795B2928,15,66000,TXG,240,2092,66000180012,2,30625,2019-10-05 10:38:00,10810051038,臺中市大雅區上雅里神林南路與神林南路21巷口附近與神林南路21巷口,0,1,111,112,120,40,127,142,163,172,176,181,188,192,196,201,211,216,217,234,0.0,0.0,2020-09-10 09:38:13,2019-10-05 10:38:00,2019-10-05
9445595,10810AB591B0732,10810AB591B0732,15,66000,TXG,233,2397,66000080005,2,30602,2019-10-05 21:12:00,10810052112,臺中市北屯區平和里文心路四段257號,0,1,111,114,120,50,137,149,163,172,176,181,188,192,196,197,210,216,218,235,24.1732289731145,120.678270373825,2020-09-10 09:38:13,2019-10-05 21:12:00,2019-10-05
9445363,10810ABA95B2410,10810ABA95B2410,15,66000,TXG,236,2523,66000130011,2,31046,2019-10-05 16:18:00,10810051618,臺中市沙鹿區北勢里北勢二街10巷北勢五街,0,1,111,112,120,40,127,141,163,172,176,181,188,192,196,206,211,216,218,233,24.230572038801,120.568683905001,2020-09-10 09:38:13,2019-10-05 16:18:00,2019-10-05
9445571,10810AB993B2066,10810AB993B2066,15,66000,TXG,14,2142,66000230003,2,31024,2019-10-05 20:30:00,10810052030,臺中市烏日區三和里高鐵東路與高鐵路三段口附近與高鐵路三段口,0,1,111,114,120,50,126,142,163,172,176,180,187,191,193,197,211,214,218,239,24.1191816406749,120.616863066955,2020-09-10 09:38:13,2019-10-05 20:30:00,2019-10-05
9445251,10810ABA94B2393,10810ABA94B2393,15,66000,TXG,312,2596,66000140008,2,31045,2019-10-05 14:12:00,10810051412,臺中市梧棲區南簡里中央路二段253號,0,1,111,112,120,50,137,149,163,172,176,181,188,192,196,201,210,216,217,234,24.209973389228,120.524146147388,2020-09-10 09:38:13,2019-10-05 14:12:00,2019-10-05
9445537,10810AB793B2932,10810AB793B2932,15,66000,TXG,239,2561,66000170001,2,30623,2019-10-05 19:22:00,10810051922,臺中市潭子區潭陽里中山路二段167號,0,1,111,114,120,60,137,147,163,172,176,181,188,192,196,197,210,215,217,231,24.1060027658296,120.626480754811,2020-09-10 09:38:13,2019-10-05 19:22:00,2019-10-05
9445548,10810AB691B1099,10810AB691B1099,15,66000,TXG,232,2371,66000060019,2,30612,2019-10-05 19:45:00,10810051945,臺中市西屯區福安里福科路福誠路,0,1,111,114,120,50,126,141,163,172,176,181,188,192,196,198,210,215,218,234,24.181681581946,120.626038153161,2020-09-10 09:38:13,2019-10-05 19:45:00,2019-10-05
9445335,10810AB691B1088,10810AB691B1088,15,66000,TXG,232,2315,66000060030,2,30612,2019-10-05 15:54:00,10810051554,臺中市西屯區何明里太原路一段203號,0,2,111,112,120,50,127,141,163,172,176,181,188,189,193,206,211,216,218,234,0.0,0.0,2020-09-10 09:38:13,2019-10-05 15:54:00,2019-10-05
9445404,10810ABA95B2352,10810ABA95B2352,15,66000,TXG,236,2529,66000130017,2,31046,2019-10-05 16:58:00,10810051658,臺中市沙鹿區公明里中清路六段451巷與中清路六段口附近與中清路六段口,0,1,111,112,120,40,126,153,163,172,176,181,188,189,193,197,210,215,217,244,24.2484725995834,120.603552330802,2020-09-10 09:38:13,2019-10-05 16:58:00,2019-10-05
9445149,10810AB591B0714,10810AB591B0714,15,66000,TXG,233,2406,66000080034,2,30602,2019-10-05 12:10:00,10810051210,臺中市北屯區北京里進化北路4-1號,0,1,111,112,120,50,137,149,163,172,176,181,188,192,196,201,211,216,218,234,0.0,0.0,2020-09-10 09:38:13,2019-10-05 12:10:00,2019-10-05
9445010,10810AB993B2062,10810AB993B2062,15,66000,TXG,14,2140,66000230001,2,31024,2019-10-05 09:30:00,10810050930,臺中市烏日區烏日里中山路二段五光路,0,1,111,112,120,50,128,142,163,172,176,181,188,190,193,201,210,215,217,221,24.1061339668812,120.625705763457,2020-09-10 09:38:13,2019-10-05 09:30:00,2019-10-05
9445121,10810ABC91B1887,10810ABC91B1887,15,66000,TXG,246,2225,66000270028,2,31077,2019-10-05 11:37:00,10810051137,臺中市太平區新高里中山路四段21號,0,1,111,112,120,50,137,149,163,172,176,181,188,192,196,201,210,216,218,234,24.1496283358604,120.713301485489,2020-09-10 09:38:13,2019-10-05 11:37:00,2019-10-05
9445347,10810AB191B0063,10810AB191B0063,15,66000,TXG,230,2332,66000040015,2,30566,2019-10-05 16:00:00,10810051600,臺中市西區昇平里福人街118巷近民生路附近近民生路,0,1,111,112,120,30,137,149,163,172,176,181,188,192,196,206,211,216,218,235,0.0,0.0,2020-09-10 09:38:13,2019-10-05 16:00:00,2019-10-05
9444817,10810AB391B0509,10810AB391B0509,15,66000,TXG,228,2072,66000020012,2,30584,2019-10-05 02:21:00,10810050221,臺中市東區東勢里精武路進化路,0,2,111,114,120,50,128,142,163,172,176,181,188,192,196,199,208,216,218,235,24.1478947516533,120.694814716316,2020-09-10 09:38:13,2019-10-05 02:21:00,2019-10-05
9445509,10810AB691B1105,10810AB691B1105,15,66000,TXG,232,2002,66000060003,2,30612,2019-10-05 18:42:00,10810051842,臺中市西屯區潮洋里市政路慢車道燈桿06462號附近慢車道燈桿06462號,0,1,111,113,120,40,137,149,163,172,176,181,188,192,196,206,211,216,218,231,24.1558957835585,120.645271802557,2020-09-10 09:38:13,2019-10-05 18:42:00,2019-10-05
9445007,10810AB993B2060,10810AB993B2060,15,66000,TXG,14,2144,66000230006,2,31024,2019-10-05 09:20:00,10810050920,臺中市烏日區九德里中華路474巷與興華街口附近與興華街口,0,5,111,112,120,40,127,141,163,172,176,181,188,192,196,206,211,216,218,234,24.1104229138139,120.635031378682,2020-09-10 09:38:13,2019-10-05 09:20:00,2019-10-05
9445331,10810AB491B0600,10810AB491B0600,15,66000,TXG,13,2389,66000070021,2,30594,2019-10-05 15:46:00,10810051546,臺中市南屯區大業里大墩路696號,0,1,111,112,120,50,137,149,163,172,176,181,188,192,196,201,208,216,218,234,0.0,0.0,2020-09-10 09:38:13,2019-10-05 15:46:00,2019-10-05
9445487,10810AB591B0716,10810AB591B0716,15,66000,TXG,233,2395,66000080003,2,30602,2019-10-05 18:25:00,10810051825,臺中市北屯區三光里東山路一段43號,0,1,111,114,120,50,137,149,163,172,176,177,188,192,196,201,210,216,218,236,0.0,0.0,2020-09-10 09:38:13,2019-10-05 18:25:00,2019-10-05
9445175,10810ABC91B1888,10810ABC91B1888,15,66000,TXG,246,2228,66000270031,2,31077,2019-10-05 12:40:00,10810051240,臺中市太平區宜佳里新平路二段23號,0,1,111,112,120,50,126,142,163,172,176,181,188,192,196,201,211,216,218,235,24.1367499441208,120.715403498459,2020-09-10 09:38:13,2019-10-05 12:40:00,2019-10-05
9444981,10810AB793B2923,10810AB793B2923,15,66000,TXG,239,2562,66000170002,2,30623,2019-10-05 08:56:00,10810050856,臺中市潭子區潭秀里潭子街三段134號,0,1,111,112,120,50,137,149,163,172,176,181,188,192,196,201,208,216,217,234,24.2155496533124,120.705468585377,2020-09-10 09:38:13,2019-10-05 08:56:00,2019-10-05
9445291,10810ABA95B0030,10810ABA95B0030,15,66000,TXG,236,2531,66000130019,2,31046,2019-10-05 15:05:00,10810051505,臺中市沙鹿區西勢里中清路七段沙鹿交流道機慢車道入口往清水方向附近沙鹿交流道機慢車道入口往清水方向,0,4,111,112,120,60,137,148,163,172,176,181,188,192,196,197,210,212,217,234,24.2501401833815,120.597428273121,2020-09-10 09:38:13,2019-10-05 15:05:00,2019-10-05
9445004,10810AB891B1450,10810AB891B1450,15,66000,TXG,245,2191,66000260008,2,31010,2019-10-05 09:17:00,10810050917,臺中市霧峰區本堂里福新路福新橋頭附近福新橋頭,0,1,111,112,120,40,127,141,163,172,176,181,188,189,193,206,211,216,218,234,0.0,0.0,2020-09-10 09:38:13,2019-10-05 09:17:00,2019-10-05
9444918,10810AB795B2927,10810AB795B2927,15,66000,TXG,240,2083,66000180002,2,30625,2019-10-05 07:50:00,10810050750,臺中市大雅區員林里神林路一段156號,0,1,111,112,120,50,126,142,163,172,176,181,188,192,196,201,211,216,217,236,24.2347201815961,120.65485561979,2020-09-10 09:38:13,2019-10-05 07:50:00,2019-10-05
9444871,10810ABA94B2351,10810ABA94B2351,15,66000,TXG,312,2539,66000140007,2,31045,2019-10-05 07:15:00,10810050715,臺中市梧棲區草湳里臺灣大道九段與臺灣大道九段116巷口附近與臺灣大道九段116巷口,0,2,111,112,120,40,126,158,163,172,176,181,188,190,193,206,211,216,218,221,0.0,0.0,2020-09-10 09:38:13,2019-10-05 07:15:00,2019-10-05
9444980,10810AB191B0109,10810AB191B0109,15,66000,TXG,230,2338,66000040021,2,30566,2019-10-05 08:56:00,10810050856,臺中市西區中興里美村路一段140號,0,1,111,112,120,50,127,141,163,172,176,181,188,189,193,206,211,216,218,233,0.0,0.0,2020-09-10 09:38:13,2019-10-05 08:56:00,2019-10-05
9445563,10810AB993B2065,10810AB993B2065,15,66000,TXG,14,2142,66000230003,2,31024,2019-10-05 20:19:00,10810052019,臺中市烏日區三和里高鐵三路站區二路,0,1,111,114,120,50,127,141,163,172,176,181,188,190,193,206,211,216,218,241,24.1139887546345,120.61563187239,2020-09-10 09:38:13,2019-10-05 20:19:00,2019-10-05
9445210,10810ABC91B1889,10810ABC91B1889,15,66000,TXG,246,2200,66000270001,2,31077,2019-10-05 13:34:00,10810051334,臺中市太平區太平里永豐路291巷永豐路,0,1,111,112,120,40,126,141,163,172,176,180,187,191,193,206,211,216,218,236,24.1143664832282,120.703877733899,2020-09-10 09:38:13,2019-10-05 13:34:00,2019-10-05
9445397,10810AB795B2930,10810AB795B2930,15,66000,TXG,240,2090,66000180010,2,30625,2019-10-05 16:50:00,10810051650,臺中市大雅區二和里學府路126號,0,2,111,112,120,50,137,149,163,172,176,181,188,192,196,201,210,215,217,235,24.2198343069192,120.650331237609,2020-09-10 09:38:13,2019-10-05 16:50:00,2019-10-05
9445562,10810AB995B2064,10810AB995B2064,15,66000,TXG,288,2178,66000250010,2,31026,2019-10-05 20:15:00,10810052015,臺中市龍井區山腳里中山二路一段龍山街,0,1,111,114,120,50,126,141,163,172,176,181,188,191,193,206,211,216,218,231,24.2090201185598,120.548224658464,2020-09-10 09:38:13,2019-10-05 20:15:00,2019-10-05
9445592,10810AB793B2933,10810AB793B2933,15,66000,TXG,239,2565,66000170005,2,30623,2019-10-05 21:05:00,10810052105,臺中市潭子區頭家里中山路一段環中路一段,0,1,111,114,120,50,128,141,163,172,176,181,188,189,193,206,211,216,218,234,24.2007324514711,120.703400460252,2020-09-10 09:38:13,2019-10-05 21:05:00,2019-10-05
9445474,10810ABA93B2353,10810ABA93B2353,15,66000,TXG,311,1985,66000120026,2,31044,2019-10-05 18:18:00,10810051818,臺中市清水區田寮里中華路705號,0,1,111,114,120,70,137,148,163,172,176,181,188,192,196,197,210,215,217,230,24.2797208027902,120.577639298811,2020-09-10 09:38:13,2019-10-05 18:18:00,2019-10-05
9445087,10810AB795B2924,10810AB795B2924,15,66000,TXG,240,2091,66000180011,2,30625,2019-10-05 11:00:00,10810051100,臺中市大雅區四德里中清路三段938號,0,1,111,112,120,50,127,141,163,172,176,181,188,189,193,197,211,216,217,235,0.0,0.0,2020-09-10 09:38:13,2019-10-05 11:00:00,2019-10-05
9445609,10810AB691B1090,10810AB691B1090,15,66000,TXG,232,2004,66000060005,2,30612,2019-10-05 21:30:00,10810052130,臺中市西屯區惠來里惠來路新光三越附近新光三越,0,1,111,112,120,50,137,149,163,172,176,181,188,192,196,205,210,216,218,230,0.0,0.0,2020-09-10 09:38:13,2019-10-05 21:30:00,2019-10-05
9445167,10810ABA93B2360,10810ABA93B2360,15,66000,TXG,311,2511,66000120031,2,31044,2019-10-05 12:28:00,10810051228,臺中市清水區海風里海甲路清風幹34號電桿前附近清風幹34號電桿前,0,1,111,112,120,40,134,149,163,172,176,181,188,192,196,206,211,216,218,236,24.3070133784532,120.610933527215,2020-09-10 09:38:13,2019-10-05 12:28:00,2019-10-05
9445561,10810AB191B0064,10810AB191B0064,15,66000,TXG,230,2339,66000040022,2,30566,2019-10-05 20:15:00,10810052015,臺中市西區公平里精誠路大業路,0,2,111,114,120,50,137,147,163,172,176,181,188,190,193,201,210,215,218,234,24.1535591188046,120.655122671714,2020-09-10 09:38:13,2019-10-05 20:15:00,2019-10-05
9445649,10810AB996B2067,10810AB996B2067,15,66000,TXG,288,2183,66000250015,2,31027,2019-10-05 23:19:00,10810052319,臺中市龍井區新東里新興路25巷3弄8號,0,2,111,114,120,40,126,142,163,172,176,181,188,192,196,206,211,216,218,235,0.0,0.0,2020-09-10 09:38:13,2019-10-05 23:19:00,2019-10-05
9444815,10810AB891B1433,10810AB891B1433,15,66000,TXG,247,2266,66000280025,2,31010,2019-10-05 02:14:00,10810050214,臺中市大里區中新里環中東路六段橋柱P67附近橋柱P67,0,1,111,114,120,40,137,149,163,172,176,181,188,192,196,197,210,216,217,236,24.1069948114462,120.694222107176,2020-09-10 09:38:13,2019-10-05 02:14:00,2019-10-05
9445949,10810AB291B0275,10810AB291B0275,15,66000,TXG,231,2348,66000050006,2,30575,2019-10-06 13:02:00,10810061302,臺中市北區樂英里水源街84號,0,1,111,112,120,40,126,141,163,172,176,181,188,192,196,206,211,216,218,235,24.1497316769524,120.691238986356,2020-09-10 09:38:13,2019-10-06 13:02:00,2019-10-06
9445966,10810AB993B2072,10810AB993B2072,15,66000,TXG,14,2140,66000230001,2,31024,2019-10-06 13:23:00,10810061323,臺中市烏日區烏日里三民街208號,0,2,111,112,120,50,137,147,163,172,176,181,188,192,196,201,210,215,218,234,24.1075830951055,120.62228812447,2020-09-10 09:38:13,2019-10-06 13:23:00,2019-10-06
9445684,10810AB793B2961,10810AB793B2961,15,66000,TXG,239,2078,66000170013,2,30623,2019-10-06 02:06:00,10810060206,臺中市潭子區聚興里潭興路一段165巷300號,0,1,111,114,120,40,137,149,163,172,176,177,188,189,193,205,210,216,217,233,0.0,0.0,2020-09-10 09:38:13,2019-10-06 02:06:00,2019-10-06
9446233,10810ABA95B2367,10810ABA95B2367,15,66000,TXG,236,2528,66000130016,2,31046,2019-10-06 19:13:00,10810061913,臺中市沙鹿區埔子里臺灣大道路六段399號旁附近旁,0,1,111,114,120,40,137,148,163,172,176,181,188,192,196,197,210,212,217,231,0.0,0.0,2020-09-10 09:38:13,2019-10-06 19:13:00,2019-10-06
9446218,10810AB491B0605,10810AB491B0605,15,66000,TXG,13,2376,66000070008,2,30594,2019-10-06 18:55:00,10810061855,臺中市南屯區新生里環中路四段2號,0,1,111,114,120,40,127,141,163,172,176,181,188,190,193,206,211,216,218,231,0.0,0.0,2020-09-10 09:38:13,2019-10-06 18:55:00,2019-10-06
9445882,10810ABC91B1892,10810ABC91B1892,15,66000,TXG,246,2203,66000270004,2,31077,2019-10-06 11:30:00,10810061130,臺中市太平區中興里新平路一段35巷9號,0,1,111,112,120,30,137,149,163,172,176,181,188,192,196,206,211,216,218,235,0.0,0.0,2020-09-10 09:38:13,2019-10-06 11:30:00,2019-10-06
9445729,10810AB191B0065,10810AB191B0065,15,66000,TXG,230,2299,66000040003,2,30566,2019-10-06 07:38:00,10810060738,臺中市西區三民里三民路四維街,0,1,111,112,120,50,127,141,163,172,176,181,188,190,193,206,211,216,218,234,24.1380462830929,120.674996998209,2020-09-10 09:38:13,2019-10-06 07:38:00,2019-10-06
9446209,10810ABA93B2364,10810ABA93B2364,15,66000,TXG,311,193,66000120010,2,31044,2019-10-06 18:44:00,10810061844,臺中市清水區南社里中華路南社路,0,2,111,115,120,40,127,141,163,172,176,181,188,189,193,206,211,216,218,233,24.2627878200797,120.56218834059,2020-09-10 09:38:13,2019-10-06 18:44:00,2019-10-06
9445737,10810ABA95B2414,10810ABA95B2414,15,66000,TXG,236,2533,66000130021,2,31046,2019-10-06 08:01:00,10810060801,臺中市沙鹿區三鹿里向上路六段龍井交流道機車道往台中港方向附近龍井交流道機車道往台中港方向,0,1,111,112,120,40,134,148,163,172,176,181,188,192,196,201,211,216,218,236,24.2002582208737,120.570345757381,2020-09-10 09:38:13,2019-10-06 08:01:00,2019-10-06
9446290,10810AB191B0070,10810AB191B0070,15,66000,TXG,230,2338,66000040021,2,30566,2019-10-06 21:13:00,10810062113,臺中市西區中興里美村路一段263號,0,1,111,114,120,50,126,149,163,172,176,181,188,192,196,201,210,216,218,234,0.0,0.0,2020-09-10 09:38:13,2019-10-06 21:13:00,2019-10-06
9445739,10810ABB93B2692,10810ABB93B2692,15,66000,TXG,237,2560,66000150014,2,31062,2019-10-06 08:07:00,10810060807,臺中市后里區眉山里甲后路二段公安路,0,1,111,112,120,50,127,142,163,172,176,181,188,190,193,201,211,215,217,229,24.313844003616,120.692540153232,2020-09-10 09:38:13,2019-10-06 08:07:00,2019-10-06
9446232,10810ABC91B1894,10810ABC91B1894,15,66000,TXG,246,2215,66000270017,2,31077,2019-10-06 19:12:00,10810061912,臺中市太平區光隆里光興路890巷光興路,0,1,111,114,120,50,127,141,163,172,176,181,188,190,193,206,211,216,218,235,24.1092961704031,120.729807942275,2020-09-10 09:38:13,2019-10-06 19:12:00,2019-10-06
9446113,10810ABC91B1893,10810ABC91B1893,15,66000,TXG,246,2228,66000270031,2,31077,2019-10-06 16:46:00,10810061646,臺中市太平區宜佳里溪洲西路124號,0,1,111,112,120,50,126,142,163,172,176,181,188,192,196,201,211,215,218,234,0.0,0.0,2020-09-10 09:38:13,2019-10-06 16:46:00,2019-10-06
9445998,10810ABA95B2366,10810ABA95B2366,15,66000,TXG,236,2514,66000130002,2,31046,2019-10-06 13:59:00,10810061359,臺中市沙鹿區洛泉里光華路與日新街口附近與日新街口,0,1,111,112,120,40,127,141,163,172,176,181,188,191,193,197,211,216,217,234,24.2365622116839,120.564186462994,2020-09-10 09:38:13,2019-10-06 13:59:00,2019-10-06
9446305,10810AB391B0531,10810AB391B0531,15,66000,TXG,229,2286,66000030012,2,30584,2019-10-06 21:49:00,10810062149,臺中市南區樹義里文心南路建國南路,0,1,111,114,120,50,127,141,163,172,176,181,188,190,193,206,211,216,218,234,24.1202248295642,120.650451104252,2020-09-10 09:38:13,2019-10-06 21:49:00,2019-10-06
9446257,10810ABA95B2416,10810ABA95B2416,15,66000,TXG,236,2529,66000130017,2,31046,2019-10-06 20:00:00,10810062000,臺中市沙鹿區公明里中清路五段與信義路口附近與信義路口,0,1,111,114,120,70,126,141,163,172,176,181,188,189,193,206,211,216,218,234,24.2423559735482,120.621041914253,2020-09-10 09:38:13,2019-10-06 20:00:00,2019-10-06
9446154,10810AB793B2941,10810AB793B2941,15,66000,TXG,239,2081,66000170016,2,30623,2019-10-06 17:36:00,10810061736,臺中市潭子區家福里頭張路一段123號,0,3,111,113,120,50,137,147,163,172,176,181,188,192,196,201,210,215,218,234,24.1945398166448,120.698827572644,2020-09-10 09:38:13,2019-10-06 17:36:00,2019-10-06
9445967,10810AB591B0745,10810AB591B0745,15,66000,TXG,233,2030,66000080031,2,30602,2019-10-06 13:23:00,10810061323,臺中市北屯區大德里中清路二段340號,0,1,111,112,120,40,137,148,163,172,176,181,188,192,196,197,210,215,218,227,24.1791583862308,120.668433801544,2020-09-10 09:38:13,2019-10-06 13:23:00,2019-10-06
9445973,10810AB793B2939,10810AB793B2939,15,66000,TXG,239,2561,66000170001,2,30623,2019-10-06 13:30:00,10810061330,臺中市潭子區潭陽里中山路二段157號對面(北上車道)附近對面(北上車道),0,2,111,112,120,40,137,148,163,172,176,181,188,192,196,197,210,215,217,227,24.2078324111532,120.705095995523,2020-09-10 09:38:13,2019-10-06 13:30:00,2019-10-06
9445768,10810AB591B0721,10810AB591B0721,15,66000,TXG,233,2026,66000080027,2,30602,2019-10-06 08:53:00,10810060853,臺中市北屯區平順里旅順路二段157號,0,2,111,112,120,50,126,141,163,172,176,181,188,192,196,206,211,216,218,235,0.0,0.0,2020-09-10 09:38:13,2019-10-06 08:53:00,2019-10-06
9445836,10810AB793B2938,10810AB793B2938,15,66000,TXG,239,2563,66000170003,2,30623,2019-10-06 10:35:00,10810061035,臺中市潭子區潭北里人和路84號,0,2,111,112,120,50,137,149,163,172,176,181,188,192,196,205,211,216,217,234,24.217394487854,120.707647109746,2020-09-10 09:38:13,2019-10-06 10:35:00,2019-10-06