識別碼,案件編號,交通事故主表,縣市識別碼,縣市代碼,所屬縣市簡碼,鄉縣市區識別碼,村里識別碼,里代碼,事故類(A1、A2...An),處理單位代碼,案件時間(西元),案件時間(民國),發生地點,死亡人數,受傷人數(含2~30日內死亡),天氣識別碼,光線識別碼,道路類別識別碼,速限,道路型態識別碼,事故位置識別碼,路面鋪裝識別碼,路面狀態識別碼,路面缺陷識別碼,障礙物視距識別碼,視距識別碼,號誌種類識別碼,號誌動作識別碼,車道劃分設施-分向設施識別碼,快車道或一般車道間識別碼,快慢車道間識別碼,路面邊線識別碼,事故類型及型態識別碼,緯度,經度,本平台資料更新時間(yyyy-MM-dd HH:mm:ss),資料代表時間(yyyy-MM-dd HH:mm:ss),資料代表日期(yyyy-MM-dd)
9445981,10810AB891B1453,10810AB891B1453,15,66000,TXG,247,2238,66000280002,2,31010,2019-10-06 13:35:00,10810061335,臺中市大里區新里里國光路三興街,0,3,111,112,120,50,127,141,163,172,176,181,188,189,193,206,211,216,218,231,24.1025925007744,120.681772667358,2020-09-10 09:38:13,2019-10-06 13:35:00,2019-10-06
9445663,10810AB491B0602,10810AB491B0602,15,66000,TXG,13,2376,66000070008,2,30594,2019-10-06 00:17:00,10810060017,臺中市南屯區新生里環中路四段2號,0,1,111,114,120,40,127,141,163,172,176,181,188,189,193,197,210,216,218,231,0.0,0.0,2020-09-10 09:38:13,2019-10-06 00:17:00,2019-10-06
9446118,10810AB691B1096,10810AB691B1096,15,66000,TXG,232,2313,66000060028,2,30612,2019-10-06 16:51:00,10810061651,臺中市西屯區上德里漢口路寧夏路,0,1,111,112,120,40,127,141,163,172,176,181,188,189,193,206,211,216,218,234,24.1653382256039,120.662151713135,2020-09-10 09:38:13,2019-10-06 16:51:00,2019-10-06
9446294,10810AB891B1440,10810AB891B1440,15,66000,TXG,247,2255,66000280014,2,31010,2019-10-06 21:25:00,10810062125,臺中市大里區仁化里中興路一段與北湖街口附近與北湖街口,0,2,111,114,120,50,127,141,163,172,176,181,188,189,193,206,211,216,218,235,24.0927876721426,120.690171647596,2020-09-10 09:38:13,2019-10-06 21:25:00,2019-10-06
9445915,10810AB191B0067,10810AB191B0067,15,66000,TXG,227,2056,66000010004,2,30566,2019-10-06 12:22:00,10810061222,臺中市中區公園里公園路21-6號,0,2,111,112,120,50,137,149,163,172,176,181,188,192,196,201,210,215,218,234,0.0,0.0,2020-09-10 09:38:13,2019-10-06 12:22:00,2019-10-06
9445982,10810AB591B0722,10810AB591B0722,15,66000,TXG,233,2402,66000080010,2,30602,2019-10-06 13:37:00,10810061337,臺中市北屯區和平里東山路一段459之16號,0,1,111,112,120,50,137,149,163,172,176,180,188,192,196,201,210,216,218,230,0.0,0.0,2020-09-10 09:38:13,2019-10-06 13:37:00,2019-10-06
9446274,10810ABA95B2365,10810ABA95B2365,15,66000,TXG,236,2515,66000130003,2,31046,2019-10-06 20:35:00,10810062035,臺中市沙鹿區沙鹿里沙田路161號附近附近附近,0,2,110,114,120,50,137,147,163,172,176,181,186,192,196,199,210,215,218,234,24.2368842366985,120.559490871003,2020-09-10 09:38:13,2019-10-06 20:35:00,2019-10-06
9445832,10810AB995B2069,10810AB995B2069,15,66000,TXG,288,2178,66000250010,2,31026,2019-10-06 10:30:00,10810061030,臺中市龍井區山腳里中山二路一段(中山幹11)旁附近(中山幹11)旁,0,1,111,112,120,50,137,149,163,172,176,181,188,192,196,200,211,216,217,238,24.2091664910369,120.547490328382,2020-09-10 09:38:13,2019-10-06 10:30:00,2019-10-06
9446039,10810AB591B0723,10810AB591B0723,15,66000,TXG,233,2030,66000080031,2,30602,2019-10-06 14:57:00,10810061457,臺中市北屯區大德里雷中街18巷15-1號,0,2,111,112,120,30,127,141,163,172,176,181,188,192,196,206,211,216,218,233,24.1822865204079,120.669167675561,2020-09-10 09:38:13,2019-10-06 14:57:00,2019-10-06
9445891,10810AB691B1095,10810AB691B1095,15,66000,TXG,232,2320,66000060035,2,30612,2019-10-06 11:45:00,10810061145,臺中市西屯區福恩里工業區一路58巷1號,0,2,111,112,120,30,127,141,163,172,176,181,188,192,196,206,211,216,218,235,24.1796771013458,120.614770418467,2020-09-10 09:38:13,2019-10-06 11:45:00,2019-10-06
9445778,10810ABA95B2361,10810ABA95B2361,15,66000,TXG,236,2523,66000130011,2,31046,2019-10-06 09:13:00,10810060913,臺中市沙鹿區北勢里北勢東路572號,0,1,111,112,120,50,126,141,163,172,176,181,188,192,196,206,211,216,218,234,0.0,0.0,2020-09-10 09:38:13,2019-10-06 09:13:00,2019-10-06
9446300,10810AB891B1445,10810AB891B1445,15,66000,TXG,247,2268,66000280027,2,31010,2019-10-06 21:35:00,10810062135,臺中市大里區仁德里成功二路、至善路附近、至善路,0,1,111,114,120,50,127,141,163,172,176,181,188,189,193,206,211,215,217,235,24.093117703594,120.70369029567,2020-09-10 09:38:13,2019-10-06 21:35:00,2019-10-06
9446264,10810AB691B1100,10810AB691B1100,15,66000,TXG,232,2320,66000060035,2,30612,2019-10-06 20:14:00,10810062014,臺中市西屯區福恩里臺灣大道四段1047號,0,1,111,114,120,40,137,148,163,172,176,181,188,192,196,205,210,212,218,235,24.1832208928569,120.614694873734,2020-09-10 09:38:13,2019-10-06 20:14:00,2019-10-06
9446006,10810ABA94B2363,10810ABA94B2363,15,66000,TXG,312,2540,66000140009,2,31045,2019-10-06 14:10:00,10810061410,臺中市梧棲區福德里大智路一段仁愛路,0,1,111,112,120,50,127,141,163,172,176,181,188,190,193,206,211,216,218,232,0.0,0.0,2020-09-10 09:38:13,2019-10-06 14:10:00,2019-10-06
9445913,10810AB993B2071,10810AB993B2071,15,66000,TXG,14,2143,66000230004,2,31024,2019-10-06 12:15:00,10810061215,臺中市烏日區榮泉里中山路三段1311號,0,1,111,112,120,70,137,148,163,172,176,181,188,192,196,197,210,215,217,235,24.111693875705,120.584259429383,2020-09-10 09:38:13,2019-10-06 12:15:00,2019-10-06
9445935,10810AB793B2940,10810AB793B2940,15,66000,TXG,239,2570,66000170010,2,30623,2019-10-06 12:50:00,10810061250,臺中市潭子區栗林里祥和路90巷口附近口,0,2,111,112,120,50,126,141,163,172,176,181,188,192,196,206,211,216,218,234,24.2296210461684,120.712417785298,2020-09-10 09:38:13,2019-10-06 12:50:00,2019-10-06
9446298,10810AB191B0076,10810AB191B0076,15,66000,TXG,230,2330,66000040013,2,30566,2019-10-06 21:32:00,10810062132,臺中市西區安龍里五權路自立街附近自立街,0,2,111,114,120,40,127,141,163,172,176,181,188,189,193,206,211,216,218,235,24.1425779437806,120.668216248546,2020-09-10 09:38:13,2019-10-06 21:32:00,2019-10-06
9446050,10810AB591B0725,10810AB591B0725,15,66000,TXG,233,2401,66000080009,2,30602,2019-10-06 15:09:00,10810061509,臺中市北屯區軍功里松竹路一段建功巷,0,1,111,112,120,30,126,141,163,172,176,181,188,189,193,206,211,216,218,233,0.0,0.0,2020-09-10 09:38:13,2019-10-06 15:09:00,2019-10-06
9445951,10810AB793B2937,10810AB793B2937,15,66000,TXG,239,2567,66000170007,2,30623,2019-10-06 13:08:00,10810061308,臺中市潭子區東寶里雅豐街107號,0,1,111,112,120,40,126,141,163,172,176,181,188,192,196,206,211,216,218,234,24.2188365339886,120.693702027945,2020-09-10 09:38:13,2019-10-06 13:08:00,2019-10-06
9446245,10810ABB93B2693,10810ABB93B2693,15,66000,TXG,237,2549,66000150004,2,31062,2019-10-06 19:33:00,10810061933,臺中市后里區后里里三豐路四段后科路二段,0,1,111,114,120,50,127,141,163,172,176,181,188,190,193,197,211,216,218,230,24.3213174409406,120.725170591844,2020-09-10 09:38:13,2019-10-06 19:33:00,2019-10-06
9446115,10810AB591B0726,10810AB591B0726,15,66000,TXG,233,2399,66000080007,2,30602,2019-10-06 16:50:00,10810061650,臺中市北屯區舊社里北屯路428號,0,1,111,112,120,50,137,149,163,172,176,181,188,192,196,197,210,216,218,235,24.1787481389566,120.700607826539,2020-09-10 09:38:13,2019-10-06 16:50:00,2019-10-06
9446186,10810AB993B2074,10810AB993B2074,15,66000,TXG,14,2142,66000230003,2,31024,2019-10-06 18:15:00,10810061815,臺中市烏日區三和里學田路平交道前附近平交道前,0,2,111,114,120,50,137,149,163,172,176,181,188,191,193,201,211,216,217,231,24.1096218402902,120.607272344105,2020-09-10 09:38:13,2019-10-06 18:15:00,2019-10-06
9445686,10810AB491B0603,10810AB491B0603,15,66000,TXG,13,2376,66000070008,2,30594,2019-10-06 02:11:00,10810060211,臺中市南屯區新生里環中路四段91-1號,0,1,111,114,120,40,127,141,163,172,176,181,188,190,193,206,211,216,218,234,0.0,0.0,2020-09-10 09:38:13,2019-10-06 02:11:00,2019-10-06
9446138,10810AB691B1101,10810AB691B1101,15,66000,TXG,232,2370,66000060018,2,30612,2019-10-06 17:16:00,10810061716,臺中市西屯區永安里福雅路227號,0,1,111,113,120,50,126,141,163,172,176,181,188,192,196,206,211,216,218,234,24.1893355258926,120.621085676699,2020-09-10 09:38:13,2019-10-06 17:16:00,2019-10-06
9446042,10810AB891B1444,10810AB891B1444,15,66000,TXG,247,2253,66000280012,2,31010,2019-10-06 15:00:00,10810061500,臺中市大里區大元里大元路、中興路二段附近、中興路二段,0,2,111,112,120,50,127,141,163,172,176,181,188,189,193,206,211,216,217,234,24.095483149508,120.68723973221,2020-09-10 09:38:13,2019-10-06 15:00:00,2019-10-06
9445831,10810AB891B1451,10810AB891B1451,15,66000,TXG,247,2268,66000280027,2,31010,2019-10-06 10:30:00,10810061030,臺中市大里區仁德里慈德路仁福街,0,4,111,112,120,50,127,141,163,172,176,181,188,192,196,206,211,216,218,234,24.0958502743984,120.698737077916,2020-09-10 09:38:13,2019-10-06 10:30:00,2019-10-06
9446325,10810ABA95B2417,10810ABA95B2417,15,66000,TXG,236,2525,66000130013,2,31046,2019-10-06 22:40:00,10810062240,臺中市沙鹿區晉江里晉文路301弄弘光科大停車場前附近弘光科大停車場前,0,2,111,114,120,30,134,149,163,172,176,181,188,192,196,206,211,216,218,229,0.0,0.0,2020-09-10 09:38:13,2019-10-06 22:40:00,2019-10-06
9445703,10810AB994B2068,10810AB994B2068,15,66000,TXG,244,2165,66000240014,2,31025,2019-10-06 06:27:00,10810060627,臺中市大肚區頂街里自由路325號,0,2,111,112,120,40,127,141,163,172,176,181,188,189,193,206,211,216,218,234,24.1522287205545,120.548752446279,2020-09-10 09:38:13,2019-10-06 06:27:00,2019-10-06
9445795,10810AB891B1452,10810AB891B1452,15,66000,TXG,245,2191,66000260008,2,31010,2019-10-06 09:35:00,10810060935,臺中市霧峰區本堂里中正路蘭生街,0,3,111,112,120,50,126,141,163,172,176,181,188,192,196,206,211,216,218,231,24.056173860014,120.697525804652,2020-09-10 09:38:13,2019-10-06 09:35:00,2019-10-06
9446092,10810AB996B2073,10810AB996B2073,15,66000,TXG,288,0,66000250000,2,31027,2019-10-06 16:20:00,10810061620,臺中市龍井區中沙路瑞井幹27前附近瑞井幹27前,0,1,111,112,120,50,134,149,163,169,176,181,182,192,196,200,211,216,217,236,24.1841659313789,120.57444193239,2020-09-10 09:38:13,2019-10-06 16:20:00,2019-10-06
9445937,10810AB691B1094,10810AB691B1094,15,66000,TXG,232,2309,66000060024,2,30612,2019-10-06 12:53:00,10810061253,臺中市西屯區西平里福星路逢甲路,0,2,111,112,120,50,127,141,163,172,176,181,188,190,193,206,211,216,218,234,24.1788138670403,120.645097616562,2020-09-10 09:38:13,2019-10-06 12:53:00,2019-10-06
9445813,10810ABC91B0031,10810ABC91B0031,15,66000,TXG,246,2212,66000270013,2,31077,2019-10-06 10:09:00,10810061009,臺中市太平區新福里旱溪西路二段171號,0,1,111,112,120,50,126,148,163,172,176,181,188,192,196,201,211,215,218,247,24.1529050372946,120.701217967901,2020-09-10 09:38:13,2019-10-06 10:09:00,2019-10-06
9447239,10810AB993B2081,10810AB993B2081,15,66000,TXG,14,2145,66000230007,2,31024,2019-10-07 20:09:00,10810072009,臺中市烏日區仁德里中山路一段369巷與中山路一段口附近與中山路一段口,0,1,111,114,120,60,126,141,163,172,176,180,187,192,196,197,211,216,217,235,24.1080659211565,120.63916408767,2020-09-10 09:38:13,2019-10-07 20:09:00,2019-10-07
9447195,10810AB691B1117,10810AB691B1117,15,66000,TXG,232,2005,66000060006,2,30612,2019-10-07 19:10:00,10810071910,臺中市西屯區上石里西屯路二段273-2號,0,1,111,114,120,50,126,142,163,172,176,181,188,192,196,205,210,215,218,247,0.0,0.0,2020-09-10 09:38:13,2019-10-07 19:10:00,2019-10-07
9446850,10810AB591B0729,10810AB591B0729,15,66000,TXG,233,2025,66000080026,2,30602,2019-10-07 13:30:00,10810071330,臺中市北屯區平安里北平路四段文昌東六街,0,2,111,112,120,50,127,141,163,172,176,181,188,192,196,206,211,216,218,233,24.1707751089951,120.686380329169,2020-09-10 09:38:13,2019-10-07 13:30:00,2019-10-07
9446899,10810AB591B0727,10810AB591B0727,15,66000,TXG,233,2016,66000080017,2,30602,2019-10-07 14:34:00,10810071434,臺中市北屯區仁和里崇德十路二段56號,0,1,111,112,120,50,127,141,163,172,176,181,188,192,196,206,211,216,218,234,0.0,0.0,2020-09-10 09:38:13,2019-10-07 14:34:00,2019-10-07
9446383,10810AB591B0733,10810AB591B0733,15,66000,TXG,233,2028,66000080029,2,30602,2019-10-07 06:22:00,10810070622,臺中市北屯區松安里松安街興安路,0,1,111,112,120,50,127,141,163,172,176,181,188,189,193,206,211,216,218,236,24.1812847059915,120.695043702839,2020-09-10 09:38:13,2019-10-07 06:22:00,2019-10-07
9447139,10810AB691B1107,10810AB691B1107,15,66000,TXG,232,2002,66000060003,2,30612,2019-10-07 18:11:00,10810071811,臺中市西屯區潮洋里環中路二段1502號,0,1,111,114,120,1,138,160,166,172,176,181,188,189,193,197,211,216,218,235,24.1741623433646,120.63359573548,2020-09-10 09:38:13,2019-10-07 18:11:00,2019-10-07
9447320,10810ABA95B2432,10810ABA95B2432,15,66000,TXG,236,2521,66000130009,2,31046,2019-10-07 22:46:00,10810072246,臺中市沙鹿區竹林里中山路32之8號,0,1,111,114,120,50,137,147,163,172,176,181,188,192,196,200,211,215,218,235,0.0,0.0,2020-09-10 09:38:13,2019-10-07 22:46:00,2019-10-07
9446918,10810AB794B2948,10810AB794B2948,15,66000,TXG,238,2041,66000160005,2,30624,2019-10-07 15:01:00,10810071501,臺中市神岡區社口里中山路530號,0,1,111,112,120,50,126,142,163,172,176,181,188,189,193,199,210,216,217,230,24.2465228479863,120.684627808771,2020-09-10 09:38:13,2019-10-07 15:01:00,2019-10-07
9446732,10810AB191B0144,10810AB191B0144,15,66000,TXG,230,2297,66000040001,2,30566,2019-10-07 11:26:00,10810071126,臺中市西區民生里居仁街與綠川西街口附近與綠川西街口,0,1,111,112,120,50,127,141,163,172,176,181,188,191,193,206,211,216,218,233,24.1357722149965,120.680738019114,2020-09-10 09:38:13,2019-10-07 11:26:00,2019-10-07
9446781,10810AB795B2952,10810AB795B2952,15,66000,TXG,240,2083,66000180002,2,30625,2019-10-07 12:17:00,10810071217,臺中市大雅區員林里神林路一段231巷58號,0,1,111,112,120,40,126,142,163,172,176,181,188,192,196,206,211,216,218,235,24.2371098367226,120.65516023626,2020-09-10 09:38:13,2019-10-07 12:17:00,2019-10-07
9446589,10810AB795B2945,10810AB795B2945,15,66000,TXG,240,2087,66000180006,2,30625,2019-10-07 09:00:00,10810070900,臺中市大雅區橫山里永和路中和三路,0,1,111,112,120,50,127,141,163,172,176,181,188,189,193,206,211,216,218,230,24.2160873046425,120.636087759858,2020-09-10 09:38:13,2019-10-07 09:00:00,2019-10-07
9446350,10810AB691B1102,10810AB691B1102,15,66000,TXG,232,2313,66000060028,2,30612,2019-10-07 00:22:00,10810070022,臺中市西屯區上德里智惠街107號,0,2,111,114,120,40,126,142,163,172,176,181,188,192,196,201,210,215,218,234,24.1697468229512,120.644152750102,2020-09-10 09:38:13,2019-10-07 00:22:00,2019-10-07
9446546,10810AB793B2944,10810AB793B2944,15,66000,TXG,239,2080,66000170015,2,30623,2019-10-07 08:27:00,10810070827,臺中市潭子區家興里中山路一段3-15號,0,1,111,112,120,60,137,147,163,172,176,181,188,192,196,197,210,215,217,235,0.0,0.0,2020-09-10 09:38:13,2019-10-07 08:27:00,2019-10-07
9446723,10810ABA93B2369,10810ABA93B2369,15,66000,TXG,311,189,66000120006,2,31044,2019-10-07 11:15:00,10810071115,臺中市清水區西寧里中興街西寧路,0,1,111,112,120,50,127,141,163,172,176,181,188,191,193,201,211,216,218,233,24.271871763178,120.575251080434,2020-09-10 09:38:13,2019-10-07 11:15:00,2019-10-07
9447052,10810AB391B0514,10810AB391B0514,15,66000,TXG,228,2076,66000020016,2,30584,2019-10-07 17:04:00,10810071704,臺中市東區東信里十甲東路東英三街,0,1,111,112,120,50,126,142,163,172,176,181,188,192,196,201,211,215,218,236,24.1356498724428,120.705915379294,2020-09-10 09:38:13,2019-10-07 17:04:00,2019-10-07
9447258,10810ABA95B2431,10810ABA95B2431,15,66000,TXG,236,2516,66000130004,2,31046,2019-10-07 20:30:00,10810072030,臺中市沙鹿區美仁里中正街37號,0,1,111,115,120,50,137,149,163,172,176,181,188,192,196,205,211,216,218,235,24.2362126865045,120.560000397065,2020-09-10 09:38:13,2019-10-07 20:30:00,2019-10-07
9446702,10810ABA95B2368,10810ABA95B2368,15,66000,TXG,236,2526,66000130014,2,31046,2019-10-07 10:55:00,10810071055,臺中市沙鹿區六路里臺灣大道路六段1018號,0,1,111,112,120,40,138,162,163,172,176,181,188,189,193,206,211,216,218,234,0.0,0.0,2020-09-10 09:38:13,2019-10-07 10:55:00,2019-10-07
9446660,10810AB191B0072,10810AB191B0072,15,66000,TXG,230,2336,66000040019,2,30566,2019-10-07 10:09:00,10810071009,臺中市西區忠誠里忠明路與華美西街口附近與華美西街口,0,1,111,112,120,50,127,141,163,172,176,181,188,190,193,206,211,216,218,234,24.1611965771853,120.662788968822,2020-09-10 09:38:13,2019-10-07 10:09:00,2019-10-07
9447205,10810ABB93B2737,10810ABB93B2737,15,66000,TXG,237,2560,66000150014,2,31062,2019-10-07 19:16:00,10810071916,臺中市后里區眉山里月眉北路安眉路,0,2,111,114,120,50,126,142,163,172,176,181,188,192,196,201,211,216,217,234,24.3228408657189,120.703261090827,2020-09-10 09:38:13,2019-10-07 19:16:00,2019-10-07
9446791,10810AB995B2077,10810AB995B2077,15,66000,TXG,288,2175,66000250007,2,31026,2019-10-07 12:30:00,10810071230,臺中市龍井區龍津里三港路326巷三港路,0,1,111,112,120,40,127,141,163,172,176,181,188,192,196,206,211,216,218,234,24.205446458781,120.514726216198,2020-09-10 09:38:13,2019-10-07 12:30:00,2019-10-07
9446498,10810AB995B2076,10810AB995B2076,15,66000,TXG,288,2177,66000250009,2,31026,2019-10-07 07:55:00,10810070755,臺中市龍井區忠和里海尾路306巷海尾路,0,1,111,112,120,50,127,141,163,172,176,181,188,192,196,206,211,216,218,233,24.2189667660095,120.51341169679,2020-09-10 09:38:13,2019-10-07 07:55:00,2019-10-07
9447273,10810AB491B0611,10810AB491B0611,15,66000,TXG,13,2375,66000070007,2,30594,2019-10-07 21:08:00,10810072108,臺中市南屯區文山里忠勇路文山三街,0,2,111,114,120,50,127,141,163,172,176,181,188,190,193,206,211,216,218,234,24.145296052972,120.614852738711,2020-09-10 09:38:13,2019-10-07 21:08:00,2019-10-07
9447038,10810ABA94B2455,10810ABA94B2455,15,66000,TXG,312,2595,66000140001,2,31045,2019-10-07 16:51:00,10810071651,臺中市梧棲區頂寮里大仁路二段158號,0,2,111,112,120,50,137,149,163,172,176,181,188,192,196,197,210,216,218,221,24.2619796537846,120.538828509468,2020-09-10 09:38:13,2019-10-07 16:51:00,2019-10-07
9446363,10810AB794B2942,10810AB794B2942,15,66000,TXG,238,2042,66000160006,2,30624,2019-10-07 01:45:00,10810070145,臺中市神岡區社南里中山路社南街,0,1,111,114,120,50,127,141,163,172,176,181,188,189,193,206,211,216,218,245,24.2470214231587,120.687074966097,2020-09-10 09:38:13,2019-10-07 01:45:00,2019-10-07
9446493,10810AB794B2943,10810AB794B2943,15,66000,TXG,238,2039,66000160003,2,30624,2019-10-07 07:53:00,10810070753,臺中市神岡區北庄里中山路1025號,0,1,111,112,120,50,134,148,163,172,176,181,188,192,196,201,211,215,218,235,24.2558038153176,120.671839865671,2020-09-10 09:38:13,2019-10-07 07:53:00,2019-10-07
9447242,10810AB391B0515,10810AB391B0515,15,66000,TXG,228,2070,66000020010,2,30584,2019-10-07 20:10:00,10810072010,臺中市東區十甲里旱溪街二聖街,0,1,111,114,120,50,127,141,163,172,176,181,188,189,193,206,211,216,218,234,24.1403999229747,120.704366370193,2020-09-10 09:38:13,2019-10-07 20:10:00,2019-10-07
9446920,10810AB795B2950,10810AB795B2950,15,66000,TXG,240,2083,66000180002,2,30625,2019-10-07 15:05:00,10810071505,臺中市大雅區員林里神林路一段429號,0,2,111,112,120,50,137,149,163,172,176,181,188,192,196,201,211,216,217,234,24.2427515423411,120.657995901277,2020-09-10 09:38:13,2019-10-07 15:05:00,2019-10-07
9446548,10810AB591B0753,10810AB591B0753,15,66000,TXG,233,2406,66000080034,2,30602,2019-10-07 08:30:00,10810070830,臺中市北屯區北京里進化北路30號,0,2,111,112,120,50,137,147,163,172,176,181,188,192,196,198,210,215,218,235,24.163163184988,120.690108234913,2020-09-10 09:38:13,2019-10-07 08:30:00,2019-10-07
9446736,10810AB793B2947,10810AB793B2947,15,66000,TXG,239,2567,66000170007,2,30623,2019-10-07 11:30:00,10810071130,臺中市潭子區東寶里雅潭路二段152巷,0,1,111,112,120,50,126,141,163,172,176,181,188,191,193,206,211,216,218,234,24.2159542794208,120.693960295528,2020-09-10 09:38:13,2019-10-07 11:30:00,2019-10-07
9446646,10810AB891B1525,10810AB891B1525,15,66000,TXG,245,2188,66000260005,2,31010,2019-10-07 09:59:00,10810070959,臺中市霧峰區中正里中正路四德路,0,1,111,112,120,50,127,141,163,172,176,181,188,189,193,206,211,216,218,235,24.0644599214829,120.698673004891,2020-09-10 09:38:13,2019-10-07 09:59:00,2019-10-07
9446444,10810AB996B2075,10810AB996B2075,15,66000,TXG,244,0,66000240000,2,31027,2019-10-07 07:31:00,10810070731,臺中市大肚區中蔗路向上路五段,0,1,111,112,120,50,126,142,163,172,176,181,188,190,193,201,211,216,217,231,24.1683368277966,120.582540943494,2020-09-10 09:38:13,2019-10-07 07:31:00,2019-10-07
9447166,10810AB995B2079,10810AB995B2079,15,66000,TXG,288,2169,66000250001,2,31026,2019-10-07 18:30:00,10810071830,臺中市龍井區竹坑里沙田路四段中華路一段,0,1,111,114,120,50,128,141,163,172,176,181,188,189,193,206,211,216,218,230,24.1729963959092,120.542991072446,2020-09-10 09:38:13,2019-10-07 18:30:00,2019-10-07
9446682,10810AB9Y1B2088,10810AB9Y1B2088,15,66000,TXG,14,0,66000230000,2,31041,2019-10-07 10:35:00,10810071035,臺中市烏日區中山路三段機車專用道往市區附近機車專用道往市區,0,1,111,112,120,40,134,152,163,172,176,181,188,192,196,206,211,216,217,236,24.1136992232448,120.591101393165,2020-09-10 09:38:13,2019-10-07 10:35:00,2019-10-07
9446927,10810AB891B1446,10810AB891B1446,15,66000,TXG,245,2193,66000260011,2,31010,2019-10-07 15:10:00,10810071510,臺中市霧峰區南柳里柳豐六街、柳豐路附近、柳豐路,0,1,111,112,120,40,126,141,163,172,176,181,188,192,196,206,211,216,218,234,24.0448281580241,120.68825040449,2020-09-10 09:38:13,2019-10-07 15:10:00,2019-10-07
9446993,10810AB191B0074,10810AB191B0074,15,66000,TXG,230,2336,66000040019,2,30566,2019-10-07 16:12:00,10810071612,臺中市西區忠誠里忠明南路精誠五街,0,1,111,112,120,50,126,141,163,172,176,181,188,192,196,206,211,216,218,234,24.1549407647827,120.658188110069,2020-09-10 09:38:13,2019-10-07 16:12:00,2019-10-07
9447133,10810ABA95B2457,10810ABA95B2457,15,66000,TXG,236,2524,66000130012,2,31046,2019-10-07 18:09:00,10810071809,臺中市沙鹿區福興里福至路100巷福至路,0,2,111,113,120,50,127,141,163,172,176,181,188,192,196,206,211,216,218,234,24.2250244024989,120.563851943095,2020-09-10 09:38:13,2019-10-07 18:09:00,2019-10-07
9447299,10810AB691B1122,10810AB691B1122,15,66000,TXG,232,2309,66000060024,2,30612,2019-10-07 22:02:00,10810072202,臺中市西屯區西平里福星北路公車站(僑光科技大學)附近公車站(僑光科技大學),0,2,111,114,120,40,126,141,163,172,176,181,188,192,196,205,210,215,218,230,0.0,0.0,2020-09-10 09:38:13,2019-10-07 22:02:00,2019-10-07
9446978,10810AB191B0142,10810AB191B0142,15,66000,TXG,230,2340,66000040023,2,30566,2019-10-07 15:59:00,10810071559,臺中市西區公德里大忠街與精誠二十一街口附近與精誠二十一街口,0,1,111,112,120,50,127,141,163,172,176,181,188,189,193,206,211,216,218,234,24.1477819553679,120.656774939926,2020-09-10 09:38:13,2019-10-07 15:59:00,2019-10-07
9447263,10810AB891B1449,10810AB891B1449,15,66000,TXG,247,2264,66000280023,2,31010,2019-10-07 20:50:00,10810072050,臺中市大里區永隆里東明路、永大街附近、永大街,0,1,111,112,120,50,137,149,163,172,176,181,188,189,193,201,211,216,217,231,24.112068047644,120.678050815442,2020-09-10 09:38:13,2019-10-07 20:50:00,2019-10-07
9446949,10810AB591B0736,10810AB591B0736,15,66000,TXG,233,2400,66000080008,2,30602,2019-10-07 15:33:00,10810071533,臺中市北屯區水景里景和街187號,0,1,111,112,120,50,127,141,163,172,176,181,188,191,193,206,211,216,218,236,24.1696278374586,120.708287921278,2020-09-10 09:38:13,2019-10-07 15:33:00,2019-10-07
9446932,10810AB993B2093,10810AB993B2093,15,66000,TXG,14,2142,66000230003,2,31024,2019-10-07 15:15:00,10810071515,臺中市烏日區三和里高鐵一路高鐵二路附近附近附近,0,1,111,112,120,50,126,142,163,172,176,181,188,192,196,206,211,216,218,236,24.1104955617396,120.611600197399,2020-09-10 09:38:13,2019-10-07 15:15:00,2019-10-07
9447222,10810ABC91B1902,10810ABC91B1902,15,66000,TXG,246,2200,66000270001,2,31077,2019-10-07 19:36:00,10810071936,臺中市太平區太平里太平路407號,0,2,111,114,120,50,126,142,163,172,176,181,188,192,196,201,211,216,217,221,24.1243891932505,120.716404762557,2020-09-10 09:38:13,2019-10-07 19:36:00,2019-10-07
9446352,10810ABC91B1896,10810ABC91B1896,15,66000,TXG,246,2217,66000270020,2,31077,2019-10-07 00:24:00,10810070024,臺中市太平區永成里長億路長億二街,0,1,111,114,120,50,127,141,163,172,176,181,188,191,193,200,209,215,218,236,24.1186278859165,120.720141652617,2020-09-10 09:38:13,2019-10-07 00:24:00,2019-10-07
9447092,10810AB691B1112,10810AB691B1112,15,66000,TXG,232,2321,66000060036,2,30612,2019-10-07 17:31:00,10810071731,臺中市西屯區福聯里福科路196巷福科路,0,1,111,114,120,50,126,141,163,172,176,181,188,192,196,205,210,216,218,230,0.0,0.0,2020-09-10 09:38:13,2019-10-07 17:31:00,2019-10-07
9446499,10810AB591B0728,10810AB591B0728,15,66000,TXG,233,2406,66000080034,2,30602,2019-10-07 07:55:00,10810070755,臺中市北屯區北京里進化北路北屯路,0,1,111,112,120,50,127,141,163,172,176,181,188,190,193,206,211,216,218,231,24.1625741040284,120.692313439768,2020-09-10 09:38:13,2019-10-07 07:55:00,2019-10-07