識別碼,案件編號,交通事故主表,縣市識別碼,縣市代碼,所屬縣市簡碼,鄉縣市區識別碼,村里識別碼,里代碼,事故類(A1、A2...An),處理單位代碼,案件時間(西元),案件時間(民國),發生地點,死亡人數,受傷人數(含2~30日內死亡),天氣識別碼,光線識別碼,道路類別識別碼,速限,道路型態識別碼,事故位置識別碼,路面鋪裝識別碼,路面狀態識別碼,路面缺陷識別碼,障礙物視距識別碼,視距識別碼,號誌種類識別碼,號誌動作識別碼,車道劃分設施-分向設施識別碼,快車道或一般車道間識別碼,快慢車道間識別碼,路面邊線識別碼,事故類型及型態識別碼,緯度,經度,本平台資料更新時間(yyyy-MM-dd HH:mm:ss),資料代表時間(yyyy-MM-dd HH:mm:ss),資料代表日期(yyyy-MM-dd)
9447841,10810AB191B0081,10810AB191B0081,15,66000,TXG,230,2556,66000040011,2,30566,2019-10-08 14:28:00,10810081428,臺中市西區民龍里民權路318號,0,1,111,112,120,50,127,141,163,172,176,181,188,189,193,206,211,216,218,235,24.1490204057747,120.670040813696,2020-09-10 09:38:13,2019-10-08 14:28:00,2019-10-08
9447791,10810AB691B1116,10810AB691B1116,15,66000,TXG,232,2312,66000060027,2,30612,2019-10-08 13:07:00,10810081307,臺中市西屯區上安里上安路上仁街附近上仁街,0,1,111,112,120,50,127,158,163,172,176,181,188,189,193,206,211,216,218,219,24.170509986087,120.640936243839,2020-09-10 09:38:13,2019-10-08 13:07:00,2019-10-08
9447383,10810AB794B2954,10810AB794B2954,15,66000,TXG,238,2042,66000160006,2,30624,2019-10-08 06:58:00,10810080658,臺中市神岡區社南里中山路601-2號,0,1,111,112,120,50,126,142,163,172,176,181,188,192,196,201,211,216,218,234,0.0,0.0,2020-09-10 09:38:13,2019-10-08 06:58:00,2019-10-08
9448256,10810AB691B1125,10810AB691B1125,15,66000,TXG,232,2373,66000060021,2,30612,2019-10-08 21:38:00,10810082138,臺中市西屯區何仁里永昌街6號,0,1,111,114,120,40,134,149,163,172,176,177,188,192,196,206,211,216,218,246,24.1683522363995,120.657928744506,2020-09-10 09:38:13,2019-10-08 21:38:00,2019-10-08
9448190,10810AB191B0146,10810AB191B0146,15,66000,TXG,230,2336,66000040019,2,30566,2019-10-08 19:42:00,10810081942,臺中市西區忠誠里忠明南路與精誠七街口附近與精誠七街口,0,2,111,114,120,50,126,142,163,172,176,181,188,191,193,197,210,215,218,231,24.1541143207424,120.657803538481,2020-09-10 09:38:13,2019-10-08 19:42:00,2019-10-08
9447455,10810AB793B2957,10810AB793B2957,15,66000,TXG,239,2571,66000170011,2,30623,2019-10-08 07:42:00,10810080742,臺中市潭子區嘉仁里福潭路507巷58號,0,1,111,112,120,40,127,141,163,172,176,181,188,192,196,206,211,216,218,233,24.2139737059615,120.710967141948,2020-09-10 09:38:13,2019-10-08 07:42:00,2019-10-08
9447929,10810ABB91B2701,10810ABB91B2701,15,66000,TXG,286,2485,66000110006,2,31061,2019-10-08 16:00:00,10810081600,臺中市大甲區庄美里經國路新政路,0,1,111,112,120,50,127,141,163,172,176,181,188,189,193,206,211,216,218,235,24.3516097609725,120.61769757304,2020-09-10 09:38:13,2019-10-08 16:00:00,2019-10-08
9447802,10810AB891B1455,10810AB891B1455,15,66000,TXG,245,2193,66000260011,2,31010,2019-10-08 13:21:00,10810081321,臺中市霧峰區南柳里柳豐路與柳豐六街口附近與柳豐六街口,0,1,111,112,120,50,126,142,163,172,176,181,188,192,196,206,211,216,217,234,24.0448281580241,120.68825040449,2020-09-10 09:38:13,2019-10-08 13:21:00,2019-10-08
9447890,10810AB794B3070,10810AB794B3070,15,66000,TXG,238,2047,66000160011,2,30624,2019-10-08 15:29:00,10810081529,臺中市神岡區神洲里堤南路212號,0,1,111,112,120,30,137,149,163,172,176,181,188,192,196,206,211,216,218,236,0.0,0.0,2020-09-10 09:38:13,2019-10-08 15:29:00,2019-10-08
9448162,10810AB591B0739,10810AB591B0739,15,66000,TXG,233,2401,66000080009,2,30602,2019-10-08 19:13:00,10810081913,臺中市北屯區軍功里軍功路二段490號,0,2,111,115,120,50,126,141,163,172,176,181,188,190,193,206,211,216,218,221,0.0,0.0,2020-09-10 09:38:13,2019-10-08 19:13:00,2019-10-08
9447506,10810ABD91B2851,10810ABD91B2851,15,66000,TXG,235,2455,66000100001,2,31087,2019-10-08 08:09:00,10810080809,臺中市東勢區北興里豐勢路605號,0,1,111,112,120,50,137,149,163,172,176,181,188,192,196,201,210,216,217,229,24.2605047808215,120.826076729684,2020-09-10 09:38:13,2019-10-08 08:09:00,2019-10-08
9447936,10810ABB91B2703,10810ABB91B2703,15,66000,TXG,286,2498,66000110019,2,31061,2019-10-08 16:12:00,10810081612,臺中市大甲區江南里東西八路一段南北二路,0,1,111,112,120,50,127,141,163,172,176,181,188,191,193,206,211,216,218,233,24.3652268430717,120.630141353514,2020-09-10 09:38:13,2019-10-08 16:12:00,2019-10-08
9447640,10810AB391B0517,10810AB391B0517,15,66000,TXG,229,2282,66000030008,2,30584,2019-10-08 10:10:00,10810081010,臺中市南區福興里南平路與福新街口附近與福新街口,0,1,111,112,120,50,127,142,163,172,176,181,188,189,193,197,208,215,218,230,24.1250716925989,120.667823266851,2020-09-10 09:38:13,2019-10-08 10:10:00,2019-10-08
9447911,10810ABA95B2376,10810ABA95B2376,15,66000,TXG,236,2521,66000130009,2,31046,2019-10-08 15:43:00,10810081543,臺中市沙鹿區竹林里臺灣大道路七段391號,0,1,111,112,120,40,137,148,163,172,176,181,188,192,196,199,210,214,217,234,0.0,0.0,2020-09-10 09:38:13,2019-10-08 15:43:00,2019-10-08
9447937,10810AB391B0518,10810AB391B0518,15,66000,TXG,229,2291,66000030017,2,30584,2019-10-08 16:12:00,10810081612,臺中市南區福順里忠明南路近南陽街附近近南陽街,0,1,111,112,120,50,137,147,163,172,176,181,188,192,196,199,208,215,218,231,0.0,0.0,2020-09-10 09:38:13,2019-10-08 16:12:00,2019-10-08
9447833,10810ABC91B1907,10810ABC91B1907,15,66000,TXG,246,2209,66000270010,2,31077,2019-10-08 14:10:00,10810081410,臺中市太平區光華里長安東路長安路,0,1,111,112,120,50,127,141,163,172,176,181,188,189,193,206,211,216,218,234,24.156917491589,120.733695547384,2020-09-10 09:38:13,2019-10-08 14:10:00,2019-10-08
9447875,10810AB491B0612,10810AB491B0612,15,66000,TXG,13,2390,66000070022,2,30594,2019-10-08 15:13:00,10810081513,臺中市南屯區惠中里惠文路536號,0,1,111,112,120,40,137,148,163,172,176,181,188,192,196,201,210,215,218,231,24.1481509504575,120.643831107104,2020-09-10 09:38:13,2019-10-08 15:13:00,2019-10-08
9447862,10810ABB93B2720,10810ABB93B2720,15,66000,TXG,237,2551,66000150006,2,31062,2019-10-08 14:50:00,10810081450,臺中市后里區墩東里復興街59巷復興街,0,2,111,112,120,50,127,142,163,172,176,181,188,192,196,201,211,216,217,234,24.307628593398398,120.720400659584,2020-09-10 09:38:13,2019-10-08 14:50:00,2019-10-08
9448203,10810AB793B2964,10810AB793B2964,15,66000,TXG,239,2564,66000170004,2,30623,2019-10-08 20:04:00,10810082004,臺中市潭子區福仁里中山路二段106號,0,1,111,114,120,60,126,141,163,172,176,181,188,192,196,206,211,216,218,235,24.3779277970562,120.653270976214,2020-09-10 09:38:13,2019-10-08 20:04:00,2019-10-08
9448217,10810AB491B0614,10810AB491B0614,15,66000,TXG,13,2432,66000070005,2,30594,2019-10-08 20:30:00,10810082030,臺中市南屯區春社里永春路35號,0,2,111,114,120,50,137,148,163,172,176,181,188,192,196,201,210,215,218,235,0.0,0.0,2020-09-10 09:38:13,2019-10-08 20:30:00,2019-10-08
9447371,10810ABA93B2377,10810ABA93B2377,15,66000,TXG,311,1983,66000120024,2,31044,2019-10-08 06:31:00,10810080631,臺中市清水區菁埔里中華北路近臨海路附近近臨海路,0,1,111,112,120,70,127,147,163,172,176,181,188,189,193,197,208,215,217,231,0.0,0.0,2020-09-10 09:38:13,2019-10-08 06:31:00,2019-10-08
9447601,10810AB795B2955,10810AB795B2955,15,66000,TXG,240,2087,66000180006,2,30625,2019-10-08 09:28:00,10810080928,臺中市大雅區橫山里通山路99號中華電信基地台處附近中華電信基地台處,0,1,111,112,120,50,126,142,163,172,176,181,188,192,196,201,211,216,217,231,0.0,0.0,2020-09-10 09:38:13,2019-10-08 09:28:00,2019-10-08
9447883,10810AB996B2090,10810AB996B2090,15,66000,TXG,288,2183,66000250015,2,31027,2019-10-08 15:24:00,10810081524,臺中市龍井區新東里臺灣大道五段53號,0,1,111,112,120,40,126,142,163,172,176,181,188,192,196,206,211,212,217,247,24.1836585818944,120.591132039465,2020-09-10 09:38:13,2019-10-08 15:24:00,2019-10-08
9447396,10810AB995B2083,10810AB995B2083,15,66000,TXG,288,2179,66000250011,2,31026,2019-10-08 07:08:00,10810080708,臺中市龍井區龍泉里沙田路四段253號,0,1,111,112,120,50,137,147,163,172,176,181,188,189,193,199,210,215,218,236,24.1931576222699,120.546057063812,2020-09-10 09:38:13,2019-10-08 07:08:00,2019-10-08
9448209,10810AB591B0740,10810AB591B0740,15,66000,TXG,233,2016,66000080017,2,30602,2019-10-08 20:18:00,10810082018,臺中市北屯區仁和里崇德路三段319號,0,1,111,114,120,50,128,141,163,172,176,181,188,190,193,206,211,216,218,230,24.1887399130668,120.686060787778,2020-09-10 09:38:13,2019-10-08 20:18:00,2019-10-08
9447854,10810AB691B1115,10810AB691B1115,15,66000,TXG,232,2321,66000060036,2,30612,2019-10-08 14:37:00,10810081437,臺中市西屯區福聯里臺灣大道四段第一醫療大樓附近第一醫療大樓,0,1,111,112,120,1,137,160,163,172,176,181,188,192,196,197,210,212,218,235,24.1804940834387,120.620702381232,2020-09-10 09:38:13,2019-10-08 14:37:00,2019-10-08
9448181,10810AB691B1120,10810AB691B1120,15,66000,TXG,232,2371,66000060019,2,30612,2019-10-08 19:32:00,10810081932,臺中市西屯區福安里福科路福裕路,0,1,111,114,120,50,127,141,163,172,176,181,188,190,193,206,211,216,218,230,24.1813046476942,120.627105145447,2020-09-10 09:38:13,2019-10-08 19:32:00,2019-10-08
9448114,10810AB794B2965,10810AB794B2965,15,66000,TXG,238,2045,66000160009,2,30624,2019-10-08 18:31:00,10810081831,臺中市神岡區大社里大洲路大漢街,0,1,111,114,120,50,126,142,163,172,176,181,188,189,193,201,211,216,217,235,24.2541620999878,120.696642811968,2020-09-10 09:38:13,2019-10-08 18:31:00,2019-10-08
9447624,10810AB191B0078,10810AB191B0078,15,66000,TXG,227,2053,66000010001,2,30566,2019-10-08 09:52:00,10810080952,臺中市中區繼光里綠川東街成功路,0,2,111,112,120,50,127,141,163,172,176,181,188,189,193,206,211,216,218,230,24.1391872013453,120.684757761955,2020-09-10 09:38:13,2019-10-08 09:52:00,2019-10-08
9447944,10810AB891B1461,10810AB891B1461,15,66000,TXG,247,2255,66000280014,2,31010,2019-10-08 16:18:00,10810081618,臺中市大里區仁化里成功二路203號,0,1,111,112,120,40,128,141,163,172,176,181,188,192,196,206,211,216,217,233,0.0,0.0,2020-09-10 09:38:13,2019-10-08 16:18:00,2019-10-08
9448068,10810AB691B1118,10810AB691B1118,15,66000,TXG,232,2006,66000060007,2,30612,2019-10-08 18:05:00,10810081805,臺中市西屯區逢甲里西屯路二段272-13號,0,1,111,114,120,50,126,141,163,172,176,181,188,192,196,206,211,216,218,234,0.0,0.0,2020-09-10 09:38:13,2019-10-08 18:05:00,2019-10-08
9447957,10810ABB93B2702,10810ABB93B2702,15,66000,TXG,243,2122,66000210006,2,31062,2019-10-08 16:39:00,10810081639,臺中市外埔區大東里甲東路甲東路202巷口附近202巷口,0,1,111,112,120,50,126,141,163,172,176,181,188,191,193,201,210,215,217,230,0.0,0.0,2020-09-10 09:38:13,2019-10-08 16:39:00,2019-10-08
9447797,10810ABA93B2375,10810ABA93B2375,15,66000,TXG,311,0,66000120000,2,31044,2019-10-08 13:15:00,10810081315,臺中市清水區八德路港都路,0,1,111,112,120,50,127,141,163,172,176,181,188,192,196,200,210,216,218,233,24.2695361015272,120.535468667796,2020-09-10 09:38:13,2019-10-08 13:15:00,2019-10-08
9447906,10810AB591B0734,10810AB591B0734,15,66000,TXG,233,2400,66000080008,2,30602,2019-10-08 15:40:00,10810081540,臺中市北屯區水景里景賢路257號,0,1,111,112,120,50,137,147,163,172,176,181,188,192,196,201,210,215,218,234,0.0,0.0,2020-09-10 09:38:13,2019-10-08 15:40:00,2019-10-08
9448225,10810AB691B1121,10810AB691B1121,15,66000,TXG,232,2307,66000060022,2,30612,2019-10-08 20:41:00,10810082041,臺中市西屯區何德里西屯路何厝街,0,3,111,114,120,50,127,141,163,172,176,181,188,192,196,206,211,216,218,234,24.1650615272718,120.657491413295,2020-09-10 09:38:13,2019-10-08 20:41:00,2019-10-08
9448018,10810ABA94B2384,10810ABA94B2384,15,66000,TXG,312,2541,66000140010,2,31045,2019-10-08 17:28:00,10810081728,臺中市梧棲區大庄里中華路一段近台灣大道八段附近近台灣大道八段,0,1,111,113,120,50,137,146,163,172,176,181,188,192,196,206,211,216,217,234,0.0,0.0,2020-09-10 09:38:13,2019-10-08 17:28:00,2019-10-08
9447444,10810ABA93B2373,10810ABA93B2373,15,66000,TXG,311,192,66000120009,2,31044,2019-10-08 07:35:00,10810080735,臺中市清水區西社里中清路中華路,0,1,111,112,120,50,128,142,163,172,176,181,188,189,193,197,210,216,217,230,24.2699737012734,120.567455795522,2020-09-10 09:38:13,2019-10-08 07:35:00,2019-10-08
9447712,10810AB591B0755,10810AB591B0755,15,66000,TXG,233,2407,66000080035,2,30602,2019-10-08 11:40:00,10810081140,臺中市北屯區平心里文心路四段613號,0,3,111,112,120,50,127,142,163,172,176,181,188,190,193,197,208,216,218,235,24.1721737555401,120.685853724857,2020-09-10 09:38:13,2019-10-08 11:40:00,2019-10-08
9447960,10810AB795B2962,10810AB795B2962,15,66000,TXG,240,2093,66000180013,2,30625,2019-10-08 16:40:00,10810081640,臺中市大雅區文雅里中山北路451巷19弄,0,2,111,112,120,50,127,141,163,172,176,181,188,192,196,206,211,216,218,234,0.0,0.0,2020-09-10 09:38:13,2019-10-08 16:40:00,2019-10-08
9447534,10810AB891B1538,10810AB891B1538,15,66000,TXG,247,2253,66000280012,2,31010,2019-10-08 08:27:00,10810080827,臺中市大里區大元里中投公路南向5.6公里處附近南向5.6公里處,0,1,111,112,120,70,137,149,163,172,176,181,188,192,196,198,210,216,217,231,0.0,0.0,2020-09-10 09:38:13,2019-10-08 08:27:00,2019-10-08
9447938,10810AB793B2974,10810AB793B2974,15,66000,TXG,239,2569,66000170009,2,30623,2019-10-08 16:14:00,10810081614,臺中市潭子區大豐里潭富路二段1號,0,1,111,112,120,50,126,149,163,172,176,181,188,192,196,205,210,216,217,233,0.0,0.0,2020-09-10 09:38:13,2019-10-08 16:14:00,2019-10-08
9447605,10810ABA95B2411,10810ABA95B2411,15,66000,TXG,236,2513,66000130001,2,31046,2019-10-08 09:32:00,10810080932,臺中市沙鹿區居仁里中山路286號,0,1,111,112,120,50,126,141,163,172,176,181,188,192,196,206,211,216,218,235,24.2733142662881,120.577339953315,2020-09-10 09:38:13,2019-10-08 09:32:00,2019-10-08
9448910,10810ABC91B1912,10810ABC91B1912,15,66000,TXG,246,2226,66000270029,2,31077,2019-10-09 16:00:00,10810091600,臺中市太平區新吉里祥順路二段中山路三段,0,1,111,112,120,50,127,141,163,172,176,181,188,190,193,206,211,216,218,230,0.0,0.0,2020-09-10 09:38:13,2019-10-09 16:00:00,2019-10-09
9448478,10810AB191B0086,10810AB191B0086,15,66000,TXG,230,2337,66000040020,2,30566,2019-10-09 08:16:00,10810090816,臺中市西區公益里向上路一段268號,0,2,111,112,120,50,137,149,163,172,176,181,188,192,196,201,210,216,218,234,24.1467021606084,120.658044296355,2020-09-10 09:38:13,2019-10-09 08:16:00,2019-10-09
9449242,10810ABC91B1913,10810ABC91B1913,15,66000,TXG,246,2230,66000270033,2,31077,2019-10-09 20:35:00,10810092035,臺中市太平區光明里中山路二段近259巷口附近近259巷口,0,1,111,114,120,50,137,147,163,172,176,181,188,192,196,201,211,215,217,234,0.0,0.0,2020-09-10 09:38:13,2019-10-09 20:35:00,2019-10-09
9449093,10810AB891B1460,10810AB891B1460,15,66000,TXG,247,2254,66000280013,2,31010,2019-10-09 18:10:00,10810091810,臺中市大里區夏田里國中路爽文路附近爽文路,0,1,111,114,120,50,139,149,163,172,176,181,188,189,193,201,210,216,217,235,24.0940342526147,120.677528892698,2020-09-10 09:38:13,2019-10-09 18:10:00,2019-10-09
9448711,10810ABC91B1911,10810ABC91B1911,15,66000,TXG,246,2233,66000270036,2,31077,2019-10-09 12:15:00,10810091215,臺中市太平區勤益里中山路一段322巷61之1弄11號,0,1,111,112,120,30,127,141,163,172,176,181,188,192,196,206,211,216,218,234,0.0,0.0,2020-09-10 09:38:13,2019-10-09 12:15:00,2019-10-09
9449261,10810AB591B0769,10810AB591B0769,15,66000,TXG,233,2399,66000080007,2,30602,2019-10-09 21:04:00,10810092104,臺中市北屯區舊社里北屯路428號,0,1,111,114,120,50,127,149,163,172,176,181,188,189,193,197,210,216,218,230,24.1787481389566,120.700607826539,2020-09-10 09:38:13,2019-10-09 21:04:00,2019-10-09
9449094,10810AB891B1456,10810AB891B1456,15,66000,TXG,247,2262,66000280021,2,31010,2019-10-09 18:10:00,10810091810,臺中市大里區國光里勝利二路與德芳南一街口附近與德芳南一街口,0,2,111,114,120,50,126,142,163,172,176,181,188,192,196,201,211,215,218,235,24.1004462511296,120.686882735966,2020-09-10 09:38:13,2019-10-09 18:10:00,2019-10-09
9448819,10810ABA94B2440,10810ABA94B2440,15,66000,TXG,312,2545,66000140014,2,31045,2019-10-09 14:12:00,10810091412,臺中市梧棲區永安里臨港路三段與向上路九段口附近與向上路九段口,0,1,111,112,120,70,127,141,163,172,176,181,188,189,193,206,211,216,218,234,24.2274285191886,120.513392300533,2020-09-10 09:38:13,2019-10-09 14:12:00,2019-10-09
9448812,10810AB691B1127,10810AB691B1127,15,66000,TXG,232,2317,66000060032,2,30612,2019-10-09 14:03:00,10810091403,臺中市西屯區何福里太原路一段277號,0,1,111,112,120,50,128,142,163,172,176,181,188,189,193,201,211,215,218,231,0.0,0.0,2020-09-10 09:38:13,2019-10-09 14:03:00,2019-10-09
9448833,10810AB191B0100,10810AB191B0100,15,66000,TXG,230,2331,66000040014,2,30566,2019-10-09 14:35:00,10810091435,臺中市西區吉龍里五權西三街1號,0,1,111,112,120,50,137,149,163,172,176,181,188,192,196,201,208,216,218,235,24.1398536974752,120.663106090166,2020-09-10 09:38:13,2019-10-09 14:35:00,2019-10-09
9449319,10810AB691B1175,10810AB691B1175,15,66000,TXG,232,2370,66000060018,2,30612,2019-10-09 22:48:00,10810092248,臺中市西屯區永安里西屯路福裕路,0,3,111,114,120,40,137,148,163,172,176,181,188,192,196,205,210,215,218,227,24.1840854398983,120.627877905348,2020-09-10 09:38:13,2019-10-09 22:48:00,2019-10-09
9448967,10810AB691B1136,10810AB691B1136,15,66000,TXG,232,2314,66000060029,2,30612,2019-10-09 16:46:00,10810091646,臺中市西屯區逢福里河南路二段路燈042號前附近路燈042號前,0,1,111,112,120,40,126,141,163,172,176,181,188,192,196,206,211,216,218,234,0.0,0.0,2020-09-10 09:38:13,2019-10-09 16:46:00,2019-10-09
9448728,10810AB891B1459,10810AB891B1459,15,66000,TXG,245,2185,66000260002,2,31010,2019-10-09 12:30:00,10810091230,臺中市霧峰區吉峰里錦州路49號,0,1,111,112,120,50,137,149,163,172,176,181,188,192,196,201,211,216,217,230,0.0,0.0,2020-09-10 09:38:13,2019-10-09 12:30:00,2019-10-09
9449061,10810AB591B0746,10810AB591B0746,15,66000,TXG,233,2406,66000080034,2,30602,2019-10-09 17:55:00,10810091755,臺中市北屯區北京里太原路興安路,0,1,111,114,120,50,126,141,163,172,176,181,188,189,193,206,211,216,218,230,24.164952347193,120.691357897641,2020-09-10 09:38:13,2019-10-09 17:55:00,2019-10-09
9449239,10810AB795B2973,10810AB795B2973,15,66000,TXG,240,2089,66000180008,2,30625,2019-10-09 20:34:00,10810092034,臺中市大雅區西寶里昌平路三段707號,0,3,111,114,120,50,137,147,163,172,176,181,188,192,196,201,211,215,218,234,24.2142445575006,120.669198208429,2020-09-10 09:38:13,2019-10-09 20:34:00,2019-10-09
9448437,10810AB591B0756,10810AB591B0756,15,66000,TXG,233,2397,66000080005,2,30602,2019-10-09 07:50:00,10810090750,臺中市北屯區平和里綏遠路二段安順二街,0,2,111,112,120,40,127,141,163,172,176,181,188,192,196,206,211,216,218,233,24.1743532724444,120.681851543831,2020-09-10 09:38:13,2019-10-09 07:50:00,2019-10-09
9449324,10810AB191B0005,10810AB191B0005,15,66000,TXG,230,2334,66000040017,2,30566,2019-10-09 22:54:00,10810092254,臺中市西區公正里東興路向上路附近向上路,0,2,111,114,120,50,127,141,163,172,176,181,188,190,193,206,211,216,218,234,24.1467247490937,120.653004989979,2020-09-10 09:38:13,2019-10-09 22:54:00,2019-10-09
9448916,10810AB795B2971,10810AB795B2971,15,66000,TXG,240,2088,66000180007,2,30625,2019-10-09 16:09:00,10810091609,臺中市大雅區三和里春亭街（春亭一街1號旁）附近（春亭一街1號旁）,0,1,111,112,120,40,126,142,163,172,176,181,188,192,196,201,211,216,218,231,0.0,0.0,2020-09-10 09:38:13,2019-10-09 16:09:00,2019-10-09
9448814,10810ABC91B1909,10810ABC91B1909,15,66000,TXG,246,2200,66000270001,2,31077,2019-10-09 14:06:00,10810091406,臺中市太平區太平里永豐路131巷永豐路,0,1,111,112,120,30,126,141,163,172,176,181,188,192,196,206,211,216,218,234,24.1221843147404,120.710298737943,2020-09-10 09:38:13,2019-10-09 14:06:00,2019-10-09
9448366,10810AB391B0520,10810AB391B0520,15,66000,TXG,228,2066,66000020006,2,30584,2019-10-09 07:11:00,10810090711,臺中市東區泉源里忠孝路進德路,0,1,111,112,120,50,128,141,163,172,176,181,188,189,193,206,211,216,218,234,24.133267154059,120.693241130964,2020-09-10 09:38:13,2019-10-09 07:11:00,2019-10-09
9448983,10810AB795B2972,10810AB795B2972,15,66000,TXG,240,2092,66000180012,2,30625,2019-10-09 17:02:00,10810091702,臺中市大雅區上雅里雅環路二段276號,0,1,111,112,120,40,127,142,163,172,176,181,188,192,196,201,211,216,217,231,24.2292714046703,120.649237731509,2020-09-10 09:38:13,2019-10-09 17:02:00,2019-10-09
9449092,10810AB793B2978,10810AB793B2978,15,66000,TXG,239,2564,66000170004,2,30623,2019-10-09 18:10:00,10810091810,臺中市潭子區福仁里中山路二段合作街,0,1,111,114,120,60,137,149,163,172,176,181,188,192,196,197,210,216,217,231,24.204673787713,120.7045660845,2020-09-10 09:38:13,2019-10-09 18:10:00,2019-10-09
9449301,10810AB191B0090,10810AB191B0090,15,66000,TXG,230,2298,66000040002,2,30566,2019-10-09 22:10:00,10810092210,臺中市西區利民里建國北路(陸橋)附近(陸橋),0,2,111,112,120,50,131,147,163,172,176,181,188,192,196,197,211,216,218,235,0.0,0.0,2020-09-10 09:38:13,2019-10-09 22:10:00,2019-10-09
9448510,10810AB591B0741,10810AB591B0741,15,66000,TXG,233,2015,66000080016,2,30602,2019-10-09 08:35:00,10810090835,臺中市北屯區松竹里崇德路崇德六路,0,1,111,112,120,50,127,142,163,172,176,181,188,190,193,201,211,215,218,235,24.1802278747919,120.686014102163,2020-09-10 09:38:13,2019-10-09 08:35:00,2019-10-09
9449007,10810ABA94B2397,10810ABA94B2397,15,66000,TXG,312,2542,66000140011,2,31045,2019-10-09 17:17:00,10810091717,臺中市梧棲區大村里港埠路一段近中央路一段623巷附近近中央路一段623巷,0,2,111,112,120,40,127,141,163,172,176,181,188,189,193,206,211,216,218,231,0.0,0.0,2020-09-10 09:38:13,2019-10-09 17:17:00,2019-10-09
9448629,10810ABB91B2705,10810ABB91B2705,15,66000,TXG,286,2491,66000110012,2,31061,2019-10-09 10:45:00,10810091045,臺中市大甲區義和里中山路一段義和三街,0,2,111,112,120,70,127,142,163,172,176,181,188,189,193,206,211,216,218,235,24.3354957330861,120.616005622734,2020-09-10 09:38:13,2019-10-09 10:45:00,2019-10-09
9448710,10810ABA94B2472,10810ABA94B2472,15,66000,TXG,312,2543,66000140012,2,31045,2019-10-09 12:12:00,10810091212,臺中市梧棲區興農里港埠路一段北上橋柱P316前附近北上橋柱P316前,0,1,111,112,120,60,126,141,163,172,176,181,188,189,193,206,211,216,218,233,0.0,0.0,2020-09-10 09:38:13,2019-10-09 12:12:00,2019-10-09
9448936,10810AB591B0748,10810AB591B0748,15,66000,TXG,233,2020,66000080021,2,30602,2019-10-09 16:24:00,10810091624,臺中市北屯區同榮里台74線快速公路15-93燈桿前附近15-93燈桿前,0,1,111,113,120,80,137,149,163,172,176,181,188,192,196,198,210,216,217,231,0.0,0.0,2020-09-10 09:38:13,2019-10-09 16:24:00,2019-10-09
9448689,10810AB391B0522,10810AB391B0522,15,66000,TXG,229,2287,66000030013,2,30584,2019-10-09 11:58:00,10810091158,臺中市南區樹德里建國北路中山醫附近中山醫,0,1,111,112,120,50,137,149,163,172,176,181,188,192,196,201,210,216,218,234,0.0,0.0,2020-09-10 09:38:13,2019-10-09 11:58:00,2019-10-09
9449206,10810A2AZKB0036,10810A2AZKB0036,15,66000,TXG,232,0,66000060000,2,28839,2019-10-09 19:45:00,10810091945,臺中市西屯區東大路與科園路口附近科園路R57路燈前,0,1,111,114,120,40,127,142,163,172,176,181,188,190,193,197,208,215,218,231,0.0,0.0,2020-09-10 09:38:13,2019-10-09 19:45:00,2019-10-09
9449317,10810AB691B1152,10810AB691B1152,15,66000,TXG,232,2004,66000060005,2,30612,2019-10-09 22:45:00,10810092245,臺中市西屯區惠來里市政路06462燈桿附近06462燈桿,0,1,111,112,120,40,137,148,163,172,176,181,188,192,196,201,210,215,218,236,24.1576576119839,120.640959031862,2020-09-10 09:38:13,2019-10-09 22:45:00,2019-10-09
9448612,10810ABA94B2471,10810ABA94B2471,15,66000,TXG,312,2541,66000140010,2,31045,2019-10-09 10:29:00,10810091029,臺中市梧棲區大庄里民和路一段信義街,0,2,111,112,120,50,126,141,163,172,176,181,188,189,193,206,211,216,218,234,24.2473221316461,120.548327612627,2020-09-10 09:38:13,2019-10-09 10:29:00,2019-10-09
9448551,10810AB291B0276,10810AB291B0276,15,66000,TXG,231,2359,66000050017,2,30575,2019-10-09 09:14:00,10810090914,臺中市北區育德里美德街大德街附近大德街,0,2,111,112,120,50,127,141,163,172,176,181,188,192,196,206,211,216,218,233,24.1581932133887,120.678818532019,2020-09-10 09:38:13,2019-10-09 09:14:00,2019-10-09
9449251,10810AB491B0615,10810AB491B0615,15,66000,TXG,13,2378,66000070010,2,30594,2019-10-09 20:49:00,10810092049,臺中市南屯區三厝里向上路五權西路二段,0,3,111,114,120,50,127,141,163,172,176,181,188,190,193,206,211,216,218,230,24.1454663722528,120.632422901199,2020-09-10 09:38:13,2019-10-09 20:49:00,2019-10-09
9448952,10810ABA94B2441,10810ABA94B2441,15,66000,TXG,312,2544,66000140013,2,31045,2019-10-09 16:36:00,10810091636,臺中市梧棲區永寧里中央路一段永寧國小南側路口附近永寧國小南側路口,0,1,111,112,120,50,127,141,163,172,176,181,188,189,193,206,211,216,218,233,0.0,0.0,2020-09-10 09:38:13,2019-10-09 16:36:00,2019-10-09
9449258,10810AB691B1130,10810AB691B1130,15,66000,TXG,232,2372,66000060020,2,30612,2019-10-09 20:58:00,10810092058,臺中市西屯區協和里水尾巷燈桿39區0752-04附近燈桿39區0752-04,0,1,111,114,120,40,137,149,163,172,176,181,188,192,196,206,211,216,218,244,24.1682283177958,120.615435788712,2020-09-10 09:38:13,2019-10-09 20:58:00,2019-10-09