識別碼,案件編號,交通事故主表,縣市識別碼,縣市代碼,所屬縣市簡碼,鄉縣市區識別碼,村里識別碼,里代碼,事故類(A1、A2...An),處理單位代碼,案件時間(西元),案件時間(民國),發生地點,死亡人數,受傷人數(含2~30日內死亡),天氣識別碼,光線識別碼,道路類別識別碼,速限,道路型態識別碼,事故位置識別碼,路面鋪裝識別碼,路面狀態識別碼,路面缺陷識別碼,障礙物視距識別碼,視距識別碼,號誌種類識別碼,號誌動作識別碼,車道劃分設施-分向設施識別碼,快車道或一般車道間識別碼,快慢車道間識別碼,路面邊線識別碼,事故類型及型態識別碼,緯度,經度,本平台資料更新時間(yyyy-MM-dd HH:mm:ss),資料代表時間(yyyy-MM-dd HH:mm:ss),資料代表日期(yyyy-MM-dd)
9449557,10810ABA93B2398,10810ABA93B2398,15,66000,TXG,311,186,66000120003,2,31044,2019-10-10 10:04:00,10810101004,臺中市清水區清水里鎮北街12-1號,0,2,111,112,120,50,137,149,163,172,176,181,188,192,196,205,211,216,218,229,0.0,0.0,2020-09-10 09:38:13,2019-10-10 10:04:00,2019-10-10
9449537,10810AB795B2975,10810AB795B2975,15,66000,TXG,240,2090,66000180010,2,30625,2019-10-10 09:45:00,10810100945,臺中市大雅區二和里雅潭路四段雅環路一段,0,1,111,112,120,50,127,141,163,172,176,181,188,189,193,205,210,215,217,235,24.2211526189154,120.653530671021,2020-09-10 09:38:13,2019-10-10 09:45:00,2019-10-10
9449787,10810ABA94B2399,10810ABA94B2399,15,66000,TXG,312,2541,66000140010,2,31045,2019-10-10 14:28:00,10810101428,臺中市梧棲區大庄里臺灣大道八段近文明街附近近文明街,0,1,111,112,120,70,126,141,163,171,176,181,188,189,193,206,211,216,217,234,0.0,0.0,2020-09-10 09:38:13,2019-10-10 14:28:00,2019-10-10
9450113,10810AB591B0763,10810AB591B0763,15,66000,TXG,233,2395,66000080003,2,30602,2019-10-10 20:42:00,10810102042,臺中市北屯區三光里北屯路234號,0,1,111,114,120,50,137,147,163,172,176,181,188,192,196,197,210,215,218,231,0.0,0.0,2020-09-10 09:38:13,2019-10-10 20:42:00,2019-10-10
9450157,10810ABA95B2463,10810ABA95B2463,15,66000,TXG,236,2528,66000130016,2,31046,2019-10-10 22:10:00,10810102210,臺中市沙鹿區埔子里臺灣大道路六段鎮南路一段,0,1,111,114,120,40,127,141,163,172,176,181,188,190,193,206,211,216,218,230,0.0,0.0,2020-09-10 09:38:13,2019-10-10 22:10:00,2019-10-10
9450183,10810AB795B2985,10810AB795B2985,15,66000,TXG,240,2429,66000180009,2,30625,2019-10-10 23:03:00,10810102303,臺中市大雅區上楓里民生路三段民豐街,0,2,111,114,120,50,137,149,163,172,176,181,188,192,196,197,210,216,217,231,24.2326577754269,120.662132793766,2020-09-10 09:38:13,2019-10-10 23:03:00,2019-10-10
9450099,10810ABA94B2413,10810ABA94B2413,15,66000,TXG,312,2595,66000140001,2,31045,2019-10-10 20:22:00,10810102022,臺中市梧棲區頂寮里臨港路四段(33G3969CC48)路燈前附近(33G3969CC48)路燈前,0,2,111,115,120,40,137,148,163,172,176,181,188,192,196,206,211,216,218,231,0.0,0.0,2020-09-10 09:38:13,2019-10-10 20:22:00,2019-10-10
9449832,10810ABB91B2711,10810ABB91B2711,15,66000,TXG,286,2506,66000110027,2,31061,2019-10-10 15:15:00,10810101515,臺中市大甲區銅安里順帆路156-1號附近附近156-1號附近,0,1,111,112,120,50,127,149,163,172,176,181,188,192,196,201,210,216,217,234,0.0,0.0,2020-09-10 09:38:13,2019-10-10 15:15:00,2019-10-10
9449580,10810ABB91B2707,10810ABB91B2707,15,66000,TXG,286,2505,66000110026,2,31061,2019-10-10 10:30:00,10810101030,臺中市大甲區西岐里如意路46號,0,1,111,112,120,50,127,141,163,172,176,181,188,192,196,206,211,216,218,233,24.4164708286093,120.619902712195,2020-09-10 09:38:13,2019-10-10 10:30:00,2019-10-10
9449701,10810AB891B1478,10810AB891B1478,15,66000,TXG,247,2259,66000280018,2,31010,2019-10-10 12:34:00,10810101234,臺中市大里區金城里中興路一段塗城路附近塗城路,0,1,111,112,120,50,137,149,163,172,176,181,188,189,193,199,210,215,217,234,24.0906049540598,120.692972616928,2020-09-10 09:38:13,2019-10-10 12:34:00,2019-10-10
9450179,10810AB691B1144,10810AB691B1144,15,66000,TXG,232,2309,66000060024,2,30612,2019-10-10 22:56:00,10810102256,臺中市西屯區西平里逢甲路91號,0,1,111,114,120,30,137,149,163,172,176,181,188,192,196,206,211,216,218,247,0.0,0.0,2020-09-10 09:38:13,2019-10-10 22:56:00,2019-10-10
9449808,10810AB591B0751,10810AB591B0751,15,66000,TXG,233,2024,66000080025,2,30602,2019-10-10 14:51:00,10810101451,臺中市北屯區新平里中平路577號,0,1,111,112,120,50,127,141,163,172,176,181,188,192,196,206,211,216,218,235,24.1847423118111,120.66366326192,2020-09-10 09:38:13,2019-10-10 14:51:00,2019-10-10
9450191,10810AB191B0097,10810AB191B0097,15,66000,TXG,230,2329,66000040012,2,30566,2019-10-10 23:41:00,10810102341,臺中市西區後龍里民權路229巷民生北路,0,1,111,114,120,50,127,141,163,172,176,181,188,192,196,206,211,216,218,233,24.14902032558,120.668197931087,2020-09-10 09:38:13,2019-10-10 23:41:00,2019-10-10
9450102,10810ABD91B2827,10810ABD91B2827,15,66000,TXG,241,2100,66000190006,2,31087,2019-10-10 20:27:00,10810102027,臺中市新社區大南里中和街三段大南坡與橫屏巷口附近附近大南坡與橫屏巷口附近,0,1,111,114,120,50,137,149,163,172,176,181,188,192,196,204,211,216,218,234,0.0,0.0,2020-09-10 09:38:13,2019-10-10 20:27:00,2019-10-10
9450039,10810AB691B1139,10810AB691B1139,15,66000,TXG,232,2324,66000060039,2,30612,2019-10-10 18:40:00,10810101840,臺中市西屯區福雅里永福路60號,0,1,111,113,120,50,137,148,163,172,176,181,188,192,196,204,210,215,218,234,0.0,0.0,2020-09-10 09:38:13,2019-10-10 18:40:00,2019-10-10
9450046,10810AB691B1163,10810AB691B1163,15,66000,TXG,232,2367,66000060015,2,30612,2019-10-10 18:47:00,10810101847,臺中市西屯區港尾里環中路一段中清路180巷附近中清路180巷,0,1,111,114,120,50,126,141,163,172,176,181,188,189,193,205,210,215,218,231,0.0,0.0,2020-09-10 09:38:13,2019-10-10 18:47:00,2019-10-10
9450071,10810ABD91B2829,10810ABD91B2829,15,66000,TXG,235,2471,66000100017,2,31087,2019-10-10 19:36:00,10810101936,臺中市東勢區慶福里東關路四段天福橋前附近天福橋前,0,1,111,114,120,50,126,142,163,172,176,181,188,191,193,204,209,216,217,234,0.0,0.0,2020-09-10 09:38:13,2019-10-10 19:36:00,2019-10-10
9449669,10810AB191B0023,10810AB191B0023,15,66000,TXG,230,0,66000040000,2,30566,2019-10-10 12:05:00,10810101205,臺中市西區向上路一段近英才路附近近英才路,0,1,111,112,120,50,137,149,163,172,176,181,188,192,196,201,210,216,218,231,0.0,0.0,2020-09-10 09:38:13,2019-10-10 12:05:00,2019-10-10
9450076,10810AB591B0764,10810AB591B0764,15,66000,TXG,233,2399,66000080007,2,30602,2019-10-10 19:41:00,10810101941,臺中市北屯區舊社里松竹路與旱溪西路口附近與旱溪西路口,0,1,111,114,120,50,127,141,163,172,176,181,188,189,193,206,211,216,218,234,24.1823679087061,120.710829702267,2020-09-10 09:38:13,2019-10-10 19:41:00,2019-10-10
9449550,10810AB691B1132,10810AB691B1132,15,66000,TXG,232,2312,66000060027,2,30612,2019-10-10 09:57:00,10810100957,臺中市西屯區上安里臺灣大道三段520號,0,1,111,112,120,50,137,148,163,172,176,181,188,192,196,197,210,212,218,231,24.16824320133,120.640605094182,2020-09-10 09:38:13,2019-10-10 09:57:00,2019-10-10
9449474,10810AB391B0523,10810AB391B0523,15,66000,TXG,228,2067,66000020007,2,30584,2019-10-10 08:40:00,10810100840,臺中市東區旱溪里自由路東光路,0,1,111,112,120,50,128,141,163,172,176,181,188,189,193,206,211,216,218,234,24.1427018688921,120.69687158891401,2020-09-10 09:38:13,2019-10-10 08:40:00,2019-10-10
9449595,10810AB691B1133,10810AB691B1133,15,66000,TXG,232,2009,66000060010,2,30612,2019-10-10 10:45:00,10810101045,臺中市西屯區何厝里何厝街15巷何厝街,0,1,111,112,120,50,127,141,163,172,176,181,188,192,196,201,211,216,218,231,0.0,0.0,2020-09-10 09:38:13,2019-10-10 10:45:00,2019-10-10
9449797,10810AB191B0092,10810AB191B0092,15,66000,TXG,230,0,66000040000,2,30566,2019-10-10 14:39:00,10810101439,臺中市西區柳川西路五權西一街,0,1,111,112,120,50,126,141,163,172,176,181,188,192,196,206,211,216,218,234,24.1337106811771,120.664186729939,2020-09-10 09:38:13,2019-10-10 14:39:00,2019-10-10
9449637,10810AB191B0102,10810AB191B0102,15,66000,TXG,230,2331,66000040014,2,30566,2019-10-10 11:29:00,10810101129,臺中市西區吉龍里美村路五權五街,0,1,111,112,120,50,127,141,163,172,176,181,188,190,193,206,211,216,218,235,24.1365515618784,120.66169257649901,2020-09-10 09:38:13,2019-10-10 11:29:00,2019-10-10
9449879,10810ABC91B1914,10810ABC91B1914,15,66000,TXG,246,2225,66000270028,2,31077,2019-10-10 16:04:00,10810101604,臺中市太平區新高里樹德路太順路,0,1,111,112,120,50,127,141,163,172,176,181,188,189,193,206,211,216,218,234,24.1606760672926,120.71346415506,2020-09-10 09:38:13,2019-10-10 16:04:00,2019-10-10
9450054,10810AB591B0762,10810AB591B0762,15,66000,TXG,233,2395,66000080003,2,30602,2019-10-10 18:57:00,10810101857,臺中市北屯區三光里北屯路279-2號,0,1,111,114,120,50,137,147,163,172,176,181,188,189,193,197,208,215,218,234,0.0,0.0,2020-09-10 09:38:13,2019-10-10 18:57:00,2019-10-10
9450056,10810AB794B2983,10810AB794B2983,15,66000,TXG,238,2038,66000160002,2,30624,2019-10-10 19:01:00,10810101901,臺中市神岡區庄前里庄前路49號,0,1,111,114,120,30,126,142,163,172,176,181,188,192,196,206,211,216,217,229,24.2489348773207,120.665248845151,2020-09-10 09:38:13,2019-10-10 19:01:00,2019-10-10
9449640,10810ABB93B2709,10810ABB93B2709,15,66000,TXG,237,2548,66000150003,2,31062,2019-10-10 11:32:00,10810101132,臺中市后里區義里里甲后路一段中興街,0,2,111,112,120,50,127,141,163,172,176,181,188,191,193,206,211,216,218,234,24.3090750414448,120.725819253094,2020-09-10 09:38:13,2019-10-10 11:32:00,2019-10-10
9449359,10810AB891B1473,10810AB891B1473,15,66000,TXG,247,2264,66000280023,2,31010,2019-10-10 00:21:00,10810100021,臺中市大里區永隆里大明路、永隆路附近、永隆路,0,1,111,114,120,50,127,142,163,172,176,181,188,191,193,201,211,216,217,234,24.1149301302866,120.676191923887,2020-09-10 09:38:13,2019-10-10 00:21:00,2019-10-10
9449410,10810AB391B0524,10810AB391B0524,15,66000,TXG,228,2071,66000020011,2,30584,2019-10-10 07:05:00,10810100705,臺中市東區東南里十甲路71號,0,1,111,112,120,50,126,141,163,172,176,181,188,192,196,206,211,216,218,236,24.1446883859939,120.698063785322,2020-09-10 09:38:13,2019-10-10 07:05:00,2019-10-10
9449940,10810AB291B0279,10810AB291B0279,15,66000,TXG,231,2364,66000050022,2,30575,2019-10-10 17:00:00,10810101700,臺中市北區明德里太原路忠明七街口附近忠明七街口,0,1,111,112,120,50,127,141,163,172,176,181,188,189,193,206,211,216,218,234,24.1649031843541,120.669241865739,2020-09-10 09:38:13,2019-10-10 17:00:00,2019-10-10
9449984,10810AB591B0759,10810AB591B0759,15,66000,TXG,233,2016,66000080017,2,30602,2019-10-10 17:37:00,10810101737,臺中市北屯區仁和里崇德路三段319號,0,2,111,114,120,40,128,141,163,172,176,181,188,190,193,206,211,216,218,234,24.1887399130668,120.686060787778,2020-09-10 09:38:13,2019-10-10 17:37:00,2019-10-10
9449906,10810ABD91B2834,10810ABD91B2834,15,66000,TXG,235,2459,66000100005,2,31087,2019-10-10 16:32:00,10810101632,臺中市東勢區延平里豐勢路598巷,0,1,111,112,120,50,127,141,163,172,176,181,188,189,193,206,210,216,217,233,24.2603696926623,120.826362139549,2020-09-10 09:38:13,2019-10-10 16:32:00,2019-10-10
9450010,10810ABA93B2402,10810ABA93B2402,15,66000,TXG,311,225,66000120019,2,31044,2019-10-10 18:05:00,10810101805,臺中市清水區高南里三順路(近美堤街)附近(近美堤街),0,1,111,114,120,50,128,142,163,172,176,181,188,191,193,197,210,215,218,230,0.0,0.0,2020-09-10 09:38:13,2019-10-10 18:05:00,2019-10-10
9450164,10810AB891B1467,10810AB891B1467,15,66000,TXG,247,2267,66000280026,2,31010,2019-10-10 22:20:00,10810102220,臺中市大里區立德里立新街341號,0,2,111,114,120,50,137,149,163,172,176,181,188,192,196,205,211,215,218,234,24.1051497074185,120.699873907026,2020-09-10 09:38:13,2019-10-10 22:20:00,2019-10-10
9450009,10810ABA94B2412,10810ABA94B2412,15,66000,TXG,312,2539,66000140007,2,31045,2019-10-10 18:05:00,10810101805,臺中市梧棲區草湳里臺灣大道九段梧南路,0,2,111,114,120,40,127,141,163,172,176,181,188,189,193,206,211,216,218,233,24.2529454533697,120.528312262236,2020-09-10 09:38:13,2019-10-10 18:05:00,2019-10-10
9450067,10810AB995B2095,10810AB995B2095,15,66000,TXG,288,2175,66000250007,2,31026,2019-10-10 19:26:00,10810101926,臺中市龍井區龍津里中華路二段中圳路,0,1,111,114,120,70,127,141,163,172,176,181,188,189,193,206,211,216,218,234,24.1999112049018,120.537516019232,2020-09-10 09:38:13,2019-10-10 19:26:00,2019-10-10
9449581,10810AB795B2976,10810AB795B2976,15,66000,TXG,240,2090,66000180010,2,30625,2019-10-10 10:32:00,10810101032,臺中市大雅區二和里神林南路197巷,0,1,111,112,120,50,127,141,163,172,176,181,188,189,193,206,210,216,217,234,24.2251614573528,120.657091647188,2020-09-10 09:38:13,2019-10-10 10:32:00,2019-10-10
9449877,10810AB795B2979,10810AB795B2979,15,66000,TXG,240,2083,66000180002,2,30625,2019-10-10 16:00:00,10810101600,臺中市大雅區員林里民生路二段神林路,0,1,111,112,120,50,127,141,163,172,176,181,188,189,193,205,210,215,217,235,24.2293843955355,120.654346372893,2020-09-10 09:38:13,2019-10-10 16:00:00,2019-10-10
9449794,10810AB591B0752,10810AB591B0752,15,66000,TXG,233,2413,66000080041,2,30602,2019-10-10 14:33:00,10810101433,臺中市北屯區三和里東山路旱溪西路,0,2,111,112,120,50,127,142,163,172,176,181,188,190,193,206,211,216,218,229,24.1694777936766,120.704813181637,2020-09-10 09:38:13,2019-10-10 14:33:00,2019-10-10
9449920,10810AB795B2982,10810AB795B2982,15,66000,TXG,240,2084,66000180003,2,30625,2019-10-10 16:40:00,10810101640,臺中市大雅區六寶里中清路四段和平新路,0,2,111,112,120,50,128,142,163,172,176,181,188,189,193,197,210,216,217,234,24.2409575501062,120.630183511466,2020-09-10 09:38:13,2019-10-10 16:40:00,2019-10-10
9450423,10810AB691B1143,10810AB691B1143,15,66000,TXG,232,2320,66000060035,2,30612,2019-10-11 10:40:00,10810111040,臺中市西屯區福恩里臺灣大道四段39區0912-86燈桿附近39區0912-86燈桿,0,2,111,112,120,40,137,148,163,172,176,181,188,192,196,197,210,212,218,231,24.1826740897726,120.615804159326,2020-09-10 09:38:13,2019-10-11 10:40:00,2019-10-11
9450702,10810ABC91B1921,10810ABC91B1921,15,66000,TXG,246,2225,66000270028,2,31077,2019-10-11 15:45:00,10810111545,臺中市太平區新高里立行街47號,0,1,111,112,120,10,137,149,163,172,176,181,188,192,196,205,211,216,217,235,0.0,0.0,2020-09-10 09:38:13,2019-10-11 15:45:00,2019-10-11
9450917,10810AB591B0777,10810AB591B0777,15,66000,TXG,233,2024,66000080025,2,30602,2019-10-11 19:28:00,10810111928,臺中市北屯區新平里大鵬路經貿路,0,2,111,114,120,50,127,141,163,172,176,181,188,190,193,206,211,216,218,234,24.1780975667168,120.658713537886,2020-09-10 09:38:13,2019-10-11 19:28:00,2019-10-11
9450400,10810AB191B0096,10810AB191B0096,15,66000,TXG,230,2306,66000040010,2,30566,2019-10-11 10:21:00,10810111021,臺中市西區和龍里五權路成功路,0,1,111,112,120,50,127,141,163,172,176,181,188,189,193,206,211,216,218,234,24.148323374488,120.674280666428,2020-09-10 09:38:13,2019-10-11 10:21:00,2019-10-11
9450814,10810ABA95B2418,10810ABA95B2418,15,66000,TXG,236,2514,66000130002,2,31046,2019-10-11 17:34:00,10810111734,臺中市沙鹿區洛泉里中山路近光華路陸橋往西附近近光華路陸橋往西,0,1,111,113,120,50,137,147,163,172,176,181,188,192,196,205,211,215,218,234,0.0,0.0,2020-09-10 09:38:13,2019-10-11 17:34:00,2019-10-11
9451046,10810AB691B1151,10810AB691B1151,15,66000,TXG,232,2321,66000060036,2,30612,2019-10-11 23:27:00,10810112327,臺中市西屯區福聯里東大路一段35號,0,2,111,114,120,50,137,149,163,172,176,181,188,192,196,200,211,216,218,230,0.0,0.0,2020-09-10 09:38:13,2019-10-11 23:27:00,2019-10-11
9451000,10810AB691B1148,10810AB691B1148,15,66000,TXG,232,2370,66000060018,2,30612,2019-10-11 21:47:00,10810112147,臺中市西屯區永安里西屯路三段路燈03577號前附近路燈03577號前,0,1,111,114,120,50,137,148,163,172,176,181,188,192,196,204,210,215,218,231,0.0,0.0,2020-09-10 09:38:13,2019-10-11 21:47:00,2019-10-11
9450777,10810AB591B0772,10810AB591B0772,15,66000,TXG,233,2400,66000080008,2,30602,2019-10-11 16:58:00,10810111658,臺中市北屯區水景里景賢三路景和東街,0,2,111,112,120,50,127,141,163,172,176,181,188,192,196,206,211,216,218,233,24.1680872897388,120.715842362886,2020-09-10 09:38:13,2019-10-11 16:58:00,2019-10-11
9450909,10810AB891B1470,10810AB891B1470,15,66000,TXG,245,2194,66000260012,2,31010,2019-10-11 19:06:00,10810111906,臺中市霧峰區四德里中投東路二段與四德路口附近與四德路口,0,1,111,114,120,40,127,141,163,172,176,181,188,189,193,206,211,216,218,234,24.0597137827477,120.662990905343,2020-09-10 09:38:13,2019-10-11 19:06:00,2019-10-11
9450471,10810AB191B0103,10810AB191B0103,15,66000,TXG,230,2333,66000040016,2,30566,2019-10-11 11:20:00,10810111120,臺中市西區忠明里美村路一段84號,0,2,111,112,120,50,137,149,163,172,176,181,188,192,196,201,210,216,218,231,24.1523338655305,120.661691777878,2020-09-10 09:38:13,2019-10-11 11:20:00,2019-10-11
9450264,10810ABC91B1918,10810ABC91B1918,15,66000,TXG,246,2221,66000270024,2,31077,2019-10-11 07:18:00,10810110718,臺中市太平區中政里永平南路102號,0,2,111,112,120,50,137,149,163,172,176,181,188,192,196,201,211,216,218,235,24.1285808575055,120.722538692702,2020-09-10 09:38:13,2019-10-11 07:18:00,2019-10-11
9450372,10810ABB93B2712,10810ABB93B2712,15,66000,TXG,237,2551,66000150006,2,31062,2019-10-11 09:50:00,10810110950,臺中市后里區墩東里三豐路三段文明路,0,1,111,112,120,50,126,141,163,172,176,181,188,189,193,206,211,216,218,235,24.3062340751705,120.721858531047,2020-09-10 09:38:13,2019-10-11 09:50:00,2019-10-11
9450747,10810AB793B2991,10810AB793B2991,15,66000,TXG,239,2567,66000170007,2,30623,2019-10-11 16:34:00,10810111634,臺中市潭子區東寶里雅潭路二段401號,0,1,111,112,120,40,128,141,163,172,176,181,188,189,193,206,211,216,218,233,24.2160589498413,120.685957707924,2020-09-10 09:38:13,2019-10-11 16:34:00,2019-10-11
9450984,10810ABC91B1922,10810ABC91B1922,15,66000,TXG,246,2209,66000270010,2,31077,2019-10-11 21:16:00,10810112116,臺中市太平區光華里大興路189號,0,1,111,114,120,50,126,149,163,172,176,181,188,189,193,201,211,216,217,231,0.0,0.0,2020-09-10 09:38:13,2019-10-11 21:16:00,2019-10-11
9450724,10810AB391B0528,10810AB391B0528,15,66000,TXG,228,2076,66000020016,2,30584,2019-10-11 16:10:00,10810111610,臺中市東區東信里振興路441號,0,1,111,112,120,50,126,141,163,172,176,181,188,192,196,206,211,216,218,234,0.0,0.0,2020-09-10 09:38:13,2019-10-11 16:10:00,2019-10-11
9450552,10810AB891B1469,10810AB891B1469,15,66000,TXG,247,2259,66000280018,2,31010,2019-10-11 12:44:00,10810111244,臺中市大里區金城里塗城路667號,0,2,111,112,120,50,137,149,163,172,176,181,188,192,196,201,211,216,217,230,24.0887195575078,120.701452243427,2020-09-10 09:38:13,2019-10-11 12:44:00,2019-10-11
9450466,10810AB891B1466,10810AB891B1466,15,66000,TXG,245,2197,66000260018,2,31010,2019-10-11 11:15:00,10810111115,臺中市霧峰區丁台里中投東路一段與丁台路附近與丁台路,0,1,111,112,120,50,127,141,163,172,176,181,188,189,193,206,211,216,218,234,24.0431773453,120.671292795324,2020-09-10 09:38:13,2019-10-11 11:15:00,2019-10-11
9450827,10810AB191B0107,10810AB191B0107,15,66000,TXG,230,2338,66000040021,2,30566,2019-10-11 17:45:00,10810111745,臺中市西區中興里美村路一段588巷公正路156巷口附近公正路156巷口,0,2,111,112,120,50,127,141,163,172,176,181,188,192,196,206,211,216,218,233,0.0,0.0,2020-09-10 09:38:13,2019-10-11 17:45:00,2019-10-11
9450491,10810AB591B0766,10810AB591B0766,15,66000,TXG,233,2400,66000080008,2,30602,2019-10-11 11:36:00,10810111136,臺中市北屯區水景里東山路水景街,0,1,111,112,120,50,127,141,163,172,176,181,188,189,193,206,211,216,218,234,24.1722018971375,120.711355773196,2020-09-10 09:38:13,2019-10-11 11:36:00,2019-10-11
9450680,10810AB191B0106,10810AB191B0106,15,66000,TXG,230,2339,66000040022,2,30566,2019-10-11 15:25:00,10810111525,臺中市西區公平里東興路三段8號,0,1,111,112,120,50,137,149,163,172,176,181,188,192,196,201,210,216,218,235,24.1459551768423,120.653003899982,2020-09-10 09:38:13,2019-10-11 15:25:00,2019-10-11
9450823,10810AB391B0530,10810AB391B0530,15,66000,TXG,229,2285,66000030011,2,30584,2019-10-11 17:42:00,10810111742,臺中市南區永興里工學一街172號,0,1,110,113,120,40,137,149,163,172,176,181,188,192,196,205,210,216,218,234,24.1160391895608,120.665675789923,2020-09-10 09:38:13,2019-10-11 17:42:00,2019-10-11
9450301,10810AB291B0298,10810AB291B0298,15,66000,TXG,231,2363,66000050021,2,30575,2019-10-11 08:21:00,10810110821,臺中市北區健行里民權路德化街,0,2,111,112,120,50,127,141,163,172,176,179,186,189,193,206,211,216,218,235,24.1616060081919,120.670504094354,2020-09-10 09:38:13,2019-10-11 08:21:00,2019-10-11
9450894,10810AB691B1155,10810AB691B1155,15,66000,TXG,232,2368,66000060016,2,30612,2019-10-11 18:40:00,10810111840,臺中市西屯區廣福里環中路二段700號,0,1,111,114,120,40,137,148,163,172,176,181,188,192,196,197,210,212,218,236,24.1946238570103,120.644004299097,2020-09-10 09:38:13,2019-10-11 18:40:00,2019-10-11
9450576,10810AB993B2096,10810AB993B2096,15,66000,TXG,14,2146,66000230008,2,31024,2019-10-11 13:21:00,10810111321,臺中市烏日區前竹里光明路12264號路燈前附近12264號路燈前,0,1,111,112,120,40,137,148,163,172,176,180,188,192,196,205,211,215,218,236,24.0990220199669,120.647465352432,2020-09-10 09:38:13,2019-10-11 13:21:00,2019-10-11
9450878,10810AB391B0529,10810AB391B0529,15,66000,TXG,228,2061,66000020001,2,30584,2019-10-11 18:26:00,10810111826,臺中市東區新庄里復興路復興東路,0,1,111,114,120,50,126,141,163,172,176,181,188,190,193,206,211,216,218,235,24.1383037086161,120.689775167886,2020-09-10 09:38:13,2019-10-11 18:26:00,2019-10-11
9450751,10810AB591B0774,10810AB591B0774,15,66000,TXG,233,2022,66000080023,2,30602,2019-10-11 16:38:00,10810111638,臺中市北屯區水湳里文心路四段67號,0,1,111,113,120,50,137,149,163,172,176,181,188,192,196,197,210,216,218,231,0.0,0.0,2020-09-10 09:38:13,2019-10-11 16:38:00,2019-10-11
9450874,10810AB191B0105,10810AB191B0105,15,66000,TXG,230,2297,66000040001,2,30566,2019-10-11 18:22:00,10810111822,臺中市西區民生里林森路16號,0,3,111,114,120,50,126,147,163,172,176,181,188,192,196,201,210,215,218,228,0.0,0.0,2020-09-10 09:38:13,2019-10-11 18:22:00,2019-10-11
9450727,10810AB391B0535,10810AB391B0535,15,66000,TXG,229,2281,66000030007,2,30584,2019-10-11 16:10:00,10810111610,臺中市南區新榮里學府路135巷學府路,0,1,111,112,120,50,126,141,163,172,176,181,188,192,196,206,211,216,218,234,24.1285924788753,120.674266597303,2020-09-10 09:38:13,2019-10-11 16:10:00,2019-10-11
9450405,10810AB793B2988,10810AB793B2988,15,66000,TXG,239,2561,66000170001,2,30623,2019-10-11 10:24:00,10810111024,臺中市潭子區潭陽里潭興路三段40號,0,1,111,112,120,50,127,142,163,172,176,181,188,189,193,201,210,215,218,231,24.2115740434787,120.704067306576,2020-09-10 09:38:13,2019-10-11 10:24:00,2019-10-11
9451039,10810ABA94B2420,10810ABA94B2420,15,66000,TXG,312,2596,66000140008,2,31045,2019-10-11 23:16:00,10810112316,臺中市梧棲區南簡里中央路二段大仁路一段,0,3,111,114,120,50,127,141,163,172,176,181,188,191,193,206,211,216,218,233,24.260441441923,120.54285851442,2020-09-10 09:38:13,2019-10-11 23:16:00,2019-10-11
9450454,10810AB191B0099,10810AB191B0099,15,66000,TXG,230,2299,66000040003,2,30566,2019-10-11 11:05:00,10810111105,臺中市西區三民里三民路一段近林森路附近近林森路,0,2,111,112,120,50,137,149,163,172,176,181,188,192,196,201,210,216,218,231,0.0,0.0,2020-09-10 09:38:13,2019-10-11 11:05:00,2019-10-11
9450646,10810AB591B0767,10810AB591B0767,15,66000,TXG,233,2402,66000080010,2,30602,2019-10-11 14:53:00,10810111453,臺中市北屯區和平里環中東路和祥街,0,2,111,112,120,50,127,141,163,172,176,181,188,189,193,206,211,216,218,235,24.1800333036075,120.721543599098,2020-09-10 09:38:13,2019-10-11 14:53:00,2019-10-11
9450804,10810ABC91B1923,10810ABC91B1923,15,66000,TXG,246,2222,66000270025,2,31077,2019-10-11 17:22:00,10810111722,臺中市太平區平安里太平路太平五街,0,1,111,114,120,50,126,142,163,172,176,181,188,192,196,201,211,216,217,234,24.1203038677344,120.72097079672,2020-09-10 09:38:13,2019-10-11 17:22:00,2019-10-11
9450465,10810A24WZB0067,10810A24WZB0067,15,66000,TXG,232,0,66000060000,2,28719,2019-10-11 11:14:00,10810111114,臺中市西屯區國道1號177.0公里400.0公尺南側側外側車道,0,3,111,112,116,110,137,147,163,172,176,181,188,192,196,197,209,216,217,231,24.3188887962641,120.705222222988,2020-09-10 09:38:13,2019-10-11 11:14:00,2019-10-11
9450274,10810AB191B0095,10810AB191B0095,15,66000,TXG,227,2054,66000010002,2,30566,2019-10-11 07:43:00,10810110743,臺中市中區大墩里三民路中山路,0,1,111,112,120,50,127,142,163,172,176,181,188,189,193,201,208,216,218,231,24.1416795921456,120.678772763221,2020-09-10 09:38:13,2019-10-11 07:43:00,2019-10-11
9450986,10810AB691B1154,10810AB691B1154,15,66000,TXG,232,2007,66000060008,2,30612,2019-10-11 21:21:00,10810112121,臺中市西屯區鵬程里逢大路113號,0,1,111,114,120,50,137,148,163,172,176,181,188,192,196,201,210,215,218,234,24.1776314674463,120.650331962694,2020-09-10 09:38:13,2019-10-11 21:21:00,2019-10-11
9450845,10810ABA93B2419,10810ABA93B2419,15,66000,TXG,311,0,66000120000,2,31044,2019-10-11 18:00:00,10810111800,臺中市清水區臨港路五段182巷臨港路五段,0,2,111,114,120,40,126,141,163,172,176,181,188,192,196,206,211,216,218,230,0.0,0.0,2020-09-10 09:38:13,2019-10-11 18:00:00,2019-10-11