識別碼,案件編號,交通事故主表,縣市識別碼,縣市代碼,所屬縣市簡碼,鄉縣市區識別碼,村里識別碼,里代碼,事故類(A1、A2...An),處理單位代碼,案件時間(西元),案件時間(民國),發生地點,死亡人數,受傷人數(含2~30日內死亡),天氣識別碼,光線識別碼,道路類別識別碼,速限,道路型態識別碼,事故位置識別碼,路面鋪裝識別碼,路面狀態識別碼,路面缺陷識別碼,障礙物視距識別碼,視距識別碼,號誌種類識別碼,號誌動作識別碼,車道劃分設施-分向設施識別碼,快車道或一般車道間識別碼,快慢車道間識別碼,路面邊線識別碼,事故類型及型態識別碼,緯度,經度,本平台資料更新時間(yyyy-MM-dd HH:mm:ss),資料代表時間(yyyy-MM-dd HH:mm:ss),資料代表日期(yyyy-MM-dd)
9451838,10810AB691B1162,10810AB691B1162,15,66000,TXG,232,2002,66000060003,2,30612,2019-10-12 22:03:00,10810122203,臺中市西屯區潮洋里黎明路二段840號,0,1,111,114,120,50,137,148,163,172,176,181,188,192,196,201,211,215,218,235,24.1618517193554,120.63376054796,2020-09-10 09:38:13,2019-10-12 22:03:00,2019-10-12
9451495,10810AB691B1157,10810AB691B1157,15,66000,TXG,232,2002,66000060003,2,30612,2019-10-12 14:49:00,10810121449,臺中市西屯區潮洋里朝馬路虹揚橋27區0151-33燈桿附近虹揚橋27區0151-33燈桿,0,2,111,112,120,50,137,149,163,172,176,181,188,192,196,197,210,216,218,236,24.1716484340927,120.628753046469,2020-09-10 09:38:13,2019-10-12 14:49:00,2019-10-12
9451878,10810ABA95B2592,10810ABA95B2592,15,66000,TXG,236,2525,66000130013,2,31046,2019-10-12 23:23:00,10810122323,臺中市沙鹿區晉江里北勢東路507號,0,2,111,114,120,40,127,141,163,172,176,181,188,191,193,206,211,216,218,233,0.0,0.0,2020-09-10 09:38:13,2019-10-12 23:23:00,2019-10-12
9451291,10810AB891B1472,10810AB891B1472,15,66000,TXG,247,2259,66000280018,2,31010,2019-10-12 11:08:00,10810121108,臺中市大里區金城里中興路一段298-1號,0,2,110,112,120,50,134,149,163,172,176,181,188,192,196,197,210,215,217,230,0.0,0.0,2020-09-10 09:38:13,2019-10-12 11:08:00,2019-10-12
9451764,10810AB191B0119,10810AB191B0119,15,66000,TXG,230,2330,66000040013,2,30566,2019-10-12 20:00:00,10810122000,臺中市西區安龍里自立街與梅川西路口附近與梅川西路口,0,1,111,114,120,50,127,141,163,172,176,181,188,192,196,206,211,216,218,233,24.1428250944326,120.667945688746,2020-09-10 09:38:13,2019-10-12 20:00:00,2019-10-12
9451865,10810AB591B0782,10810AB591B0782,15,66000,TXG,233,2015,66000080016,2,30602,2019-10-12 22:47:00,10810122247,臺中市北屯區松竹里崇德路二段崇德五路,0,2,111,114,120,50,137,149,163,172,176,181,188,192,196,206,211,216,218,231,24.1790985863643,120.685934035676,2020-09-10 09:38:13,2019-10-12 22:47:00,2019-10-12
9451511,10810AB691B1158,10810AB691B1158,15,66000,TXG,232,2371,66000060019,2,30612,2019-10-12 15:00:00,10810121500,臺中市西屯區福安里安和路近福安路55巷附近近福安路55巷,0,1,111,112,120,50,138,149,163,172,176,181,188,192,196,201,208,216,218,234,0.0,0.0,2020-09-10 09:38:13,2019-10-12 15:00:00,2019-10-12
9451404,10810AB793B2996,10810AB793B2996,15,66000,TXG,239,2563,66000170003,2,30623,2019-10-12 13:08:00,10810121308,臺中市潭子區潭北里人和路222號,0,1,111,112,120,50,126,141,163,172,176,181,188,192,196,206,211,216,218,236,24.2200666782869,120.708237363006,2020-09-10 09:38:13,2019-10-12 13:08:00,2019-10-12
9451584,10810AB691B0025,10810AB691B0025,15,66000,TXG,232,0,66000060000,2,30612,2019-10-12 16:31:00,10810121631,臺中市西屯區臺灣大道四段1060巷臺灣大道四段,0,1,111,112,120,30,137,149,163,172,176,181,188,192,196,206,211,216,218,235,0.0,0.0,2020-09-10 09:38:13,2019-10-12 16:31:00,2019-10-12
9451885,10810AB591B0783,10810AB591B0783,15,66000,TXG,233,2394,66000080001,2,30602,2019-10-12 23:44:00,10810122344,臺中市北屯區北興里南京東路三段36號,0,1,111,114,120,50,126,141,163,172,176,181,188,192,196,201,211,216,218,231,24.1627243716974,120.699167044161,2020-09-10 09:38:13,2019-10-12 23:44:00,2019-10-12
9451795,10810AB9Y1B2120,10810AB9Y1B2120,15,66000,TXG,14,2143,66000230004,2,31041,2019-10-12 20:50:00,10810122050,臺中市烏日區榮泉里五光路三段大肚、王田交流道附近大肚、王田交流道,0,2,111,114,120,70,137,152,163,172,176,181,188,192,196,206,209,215,217,236,0.0,0.0,2020-09-10 09:38:13,2019-10-12 20:50:00,2019-10-12
9451783,10810AB191B0116,10810AB191B0116,15,66000,TXG,227,2057,66000010005,2,30566,2019-10-12 20:24:00,10810122024,臺中市中區光復里公園路市府路,0,1,111,114,120,50,126,142,163,172,176,181,188,191,193,201,210,216,218,235,24.1429446625594,120.683615100387,2020-09-10 09:38:13,2019-10-12 20:24:00,2019-10-12
9451378,10810AB891B1477,10810AB891B1477,15,66000,TXG,247,2248,66000280007,2,31010,2019-10-12 12:39:00,10810121239,臺中市大里區西榮里西榮路(東明路)口附近(東明路)口,0,2,111,112,120,50,127,141,163,172,176,181,188,189,193,201,210,216,217,233,24.1132905925572,120.686160217713,2020-09-10 09:38:13,2019-10-12 12:39:00,2019-10-12
9451796,10810AB591B0807,10810AB591B0807,15,66000,TXG,233,2412,66000080040,2,30602,2019-10-12 20:51:00,10810122051,臺中市北屯區平昌里昌平路一段文心路四段,0,2,111,114,120,50,127,149,163,172,176,181,188,189,193,200,207,216,218,234,24.171607302876,120.69094368365501,2020-09-10 09:38:13,2019-10-12 20:51:00,2019-10-12
9451874,10810ABC91B1926,10810ABC91B1926,15,66000,TXG,246,2231,66000270034,2,31077,2019-10-12 23:07:00,10810122307,臺中市太平區豐年里大源路大源一街,0,1,111,114,120,50,127,149,163,172,176,181,188,192,196,201,211,216,217,234,24.1449159613276,120.725378814698,2020-09-10 09:38:13,2019-10-12 23:07:00,2019-10-12
9451130,10810ABA95B2434,10810ABA95B2434,15,66000,TXG,236,2521,66000130009,2,31046,2019-10-12 07:43:00,10810120743,臺中市沙鹿區竹林里三民路七賢南路,0,1,111,112,120,40,126,141,163,172,176,181,188,189,193,206,211,216,218,234,24.2415814123877,120.571122905327,2020-09-10 09:38:13,2019-10-12 07:43:00,2019-10-12
9451411,10810AB691B1166,10810AB691B1166,15,66000,TXG,232,2006,66000060007,2,30612,2019-10-12 13:15:00,10810121315,臺中市西屯區逢甲里文華路51號,0,1,111,112,120,40,137,149,163,172,176,181,188,192,196,201,210,215,218,234,24.1773237542416,120.646605069045,2020-09-10 09:38:13,2019-10-12 13:15:00,2019-10-12
9451337,10810AB591B0791,10810AB591B0791,15,66000,TXG,233,2396,66000080004,2,30602,2019-10-12 12:06:00,10810121206,臺中市北屯區平田里文心路四段845號,0,1,111,112,120,50,137,149,163,172,176,181,188,192,196,197,210,216,218,234,24.1714209719649,120.692542584216,2020-09-10 09:38:13,2019-10-12 12:06:00,2019-10-12
9451791,10810AB795B3005,10810AB795B3005,15,66000,TXG,240,2084,66000180003,2,30625,2019-10-12 20:44:00,10810122044,臺中市大雅區六寶里中清路四段906號,0,1,111,114,120,50,137,149,163,172,176,181,188,189,193,197,210,216,217,236,24.2408507135764,120.630424262659,2020-09-10 09:38:13,2019-10-12 20:44:00,2019-10-12
9451661,10810AB691B1159,10810AB691B1159,15,66000,TXG,232,2003,66000060004,2,30612,2019-10-12 18:03:00,10810121803,臺中市西屯區龍潭里台74線快速公路往南屯10-14燈桿附近往南屯10-14燈桿,0,1,111,114,120,80,137,147,163,172,176,181,188,192,196,197,210,216,218,231,0.0,0.0,2020-09-10 09:38:13,2019-10-12 18:03:00,2019-10-12
9451340,10810AB795B3000,10810AB795B3000,15,66000,TXG,240,2092,66000180012,2,30625,2019-10-12 12:06:00,10810121206,臺中市大雅區上雅里雅環路一段268巷口附近268巷口,0,1,111,112,120,40,127,141,163,172,176,181,188,189,193,206,211,216,218,234,0.0,0.0,2020-09-10 09:38:13,2019-10-12 12:06:00,2019-10-12
9451236,10810AB591B0786,10810AB591B0786,15,66000,TXG,233,2022,66000080023,2,30602,2019-10-12 10:12:00,10810121012,臺中市北屯區水湳里大連北街瀋陽北路,0,1,111,112,120,50,127,141,163,172,176,181,188,191,193,206,211,216,218,230,24.1780030873195,120.672592860314,2020-09-10 09:38:13,2019-10-12 10:12:00,2019-10-12
9451140,10810AB191B0112,10810AB191B0112,15,66000,TXG,230,2299,66000040003,2,30566,2019-10-12 08:02:00,10810120802,臺中市西區三民里自治街1之2號,0,1,111,112,120,50,137,149,163,172,176,181,188,190,193,201,211,216,218,235,0.0,0.0,2020-09-10 09:38:13,2019-10-12 08:02:00,2019-10-12
9451563,10810ABA93B2428,10810ABA93B2428,15,66000,TXG,311,216,66000120015,2,31044,2019-10-12 16:02:00,10810121602,臺中市清水區海濱里海濱路405-33號,0,2,111,112,120,30,127,141,163,172,176,181,188,191,193,206,211,216,218,233,0.0,0.0,2020-09-10 09:38:13,2019-10-12 16:02:00,2019-10-12
9451313,10810AB795B2998,10810AB795B2998,15,66000,TXG,240,2087,66000180006,2,30625,2019-10-12 11:36:00,10810121136,臺中市大雅區橫山里中山路大同巷口附近口,0,1,111,112,120,50,137,152,163,172,176,181,188,189,193,201,210,215,217,236,0.0,0.0,2020-09-10 09:38:13,2019-10-12 11:36:00,2019-10-12
9451819,10810ABB93B2724,10810ABB93B2724,15,66000,TXG,243,2119,66000210003,2,31062,2019-10-12 21:35:00,10810122135,臺中市外埔區三崁里三環路二崁路,0,2,111,115,120,60,127,141,163,172,176,181,188,189,193,206,211,216,218,234,0.0,0.0,2020-09-10 09:38:13,2019-10-12 21:35:00,2019-10-12
9451429,10810AB793B2993,10810AB793B2993,15,66000,TXG,239,2561,66000170001,2,30623,2019-10-12 13:32:00,10810121332,臺中市潭子區潭陽里興華一路360巷11號,0,1,111,112,120,50,137,147,163,172,176,181,188,192,196,201,211,215,218,235,0.0,0.0,2020-09-10 09:38:13,2019-10-12 13:32:00,2019-10-12
9451683,10810AB191B0117,10810AB191B0117,15,66000,TXG,230,2336,66000040019,2,30566,2019-10-12 18:17:00,10810121817,臺中市西區忠誠里大隆路與精誠路附近與精誠路,0,1,111,114,120,50,127,141,163,172,176,181,188,189,193,206,211,216,218,234,24.1547883982508,120.655619153586,2020-09-10 09:38:13,2019-10-12 18:17:00,2019-10-12
9451701,10810AB591B0026,10810AB591B0026,15,66000,TXG,233,2408,66000080036,2,30602,2019-10-12 18:37:00,10810121837,臺中市北屯區平福里熱河路大連路,0,2,111,113,120,40,127,141,163,172,176,181,188,189,193,206,211,216,218,231,24.175634317971,120.688189577052,2020-09-10 09:38:13,2019-10-12 18:37:00,2019-10-12
9451293,10810AB591B0796,10810AB591B0796,15,66000,TXG,233,2027,66000080028,2,30602,2019-10-12 11:14:00,10810121114,臺中市北屯區平德里文心路近綏遠路附近近綏遠路,0,2,111,112,120,50,137,149,163,172,176,181,188,192,196,201,211,216,218,234,0.0,0.0,2020-09-10 09:38:13,2019-10-12 11:14:00,2019-10-12
9451876,10810ABC91B0032,10810ABC91B0032,15,66000,TXG,246,2231,66000270034,2,31077,2019-10-12 23:11:00,10810122311,臺中市太平區豐年里大源十九街大源十七街,0,1,111,114,120,30,127,141,163,172,176,181,188,192,196,201,211,216,218,233,0.0,0.0,2020-09-10 09:38:13,2019-10-12 23:11:00,2019-10-12
9451273,10810AB191B0134,10810AB191B0134,15,66000,TXG,230,2340,66000040023,2,30566,2019-10-12 10:53:00,10810121053,臺中市西區公德里大忠街與華美西街口附近與華美西街口,0,1,111,112,120,50,126,141,163,172,176,181,188,192,196,206,211,216,218,235,24.1496170888732,120.656781307519,2020-09-10 09:38:13,2019-10-12 10:53:00,2019-10-12
9451596,10810ABC91B1978,10810ABC91B1978,15,66000,TXG,246,2203,66000270004,2,31077,2019-10-12 16:44:00,10810121644,臺中市太平區中興里中興路60號,0,1,111,112,120,50,137,149,163,172,176,181,188,192,196,201,210,216,217,235,24.1280698134878,120.716892481436,2020-09-10 09:38:13,2019-10-12 16:44:00,2019-10-12
9451089,10810AB191B0111,10810AB191B0111,15,66000,TXG,227,2055,66000010003,2,30566,2019-10-12 06:11:00,10810120611,臺中市中區綠川里建國路192號,0,1,111,112,120,50,137,149,163,172,176,181,188,192,196,197,210,216,218,231,24.1380934774947,120.685476963607,2020-09-10 09:38:13,2019-10-12 06:11:00,2019-10-12
9451648,10810AB591B0781,10810AB591B0781,15,66000,TXG,233,2411,66000080039,2,30602,2019-10-12 17:43:00,10810121743,臺中市北屯區平興里興安路二段近柳陽西街口附近近柳陽西街口,0,1,111,114,120,50,127,147,163,172,176,181,188,189,193,201,210,215,218,234,0.0,0.0,2020-09-10 09:38:13,2019-10-12 17:43:00,2019-10-12
9451560,10810ABB93B2726,10810ABB93B2726,15,66000,TXG,237,2550,66000150005,2,31062,2019-10-12 16:00:00,10810121600,臺中市后里區厚里里成功路211巷33號,0,2,111,112,120,40,126,141,163,172,176,181,188,192,196,206,211,216,218,234,24.3116701349577,120.718544704265,2020-09-10 09:38:13,2019-10-12 16:00:00,2019-10-12
9451524,10810ABA95B2465,10810ABA95B2465,15,66000,TXG,236,2526,66000130014,2,31046,2019-10-12 15:15:00,10810121515,臺中市沙鹿區六路里鎮南路一段近南陽路口附近近南陽路口,0,1,111,112,120,50,127,141,163,172,176,181,188,190,193,206,211,216,218,230,0.0,0.0,2020-09-10 09:38:13,2019-10-12 15:15:00,2019-10-12
9451072,10810AB191B0110,10810AB191B0110,15,66000,TXG,230,2334,66000040017,2,30566,2019-10-12 03:05:00,10810120305,臺中市西區公正里大墩路向上路,0,1,111,114,120,50,127,141,163,172,176,181,188,189,193,201,211,216,218,234,0.0,0.0,2020-09-10 09:38:13,2019-10-12 03:05:00,2019-10-12
9451249,10810AB591B0775,10810AB591B0775,15,66000,TXG,233,2572,66000080002,2,30602,2019-10-12 10:30:00,10810121030,臺中市北屯區北屯里北屯路太原路,0,1,111,112,120,50,127,141,163,172,176,181,188,189,193,206,211,216,218,231,24.1649253584478,120.694163369431,2020-09-10 09:38:13,2019-10-12 10:30:00,2019-10-12
9451464,10810AB191B0118,10810AB191B0118,15,66000,TXG,230,0,66000040000,2,30566,2019-10-12 14:14:00,10810121414,臺中市西區公益路155巷向上路一段,0,1,111,112,120,50,127,141,163,172,176,181,188,189,193,201,211,216,218,233,24.1467044357112,120.66429642633,2020-09-10 09:38:13,2019-10-12 14:14:00,2019-10-12
9451329,10810AB191B0135,10810AB191B0135,15,66000,TXG,230,2334,66000040017,2,30566,2019-10-12 12:00:00,10810121200,臺中市西區公正里東興路三段與大墩十一街口附近與大墩十一街口,0,1,111,112,120,50,127,142,163,172,176,181,188,189,193,201,208,216,218,236,24.1488253825153,120.653010159955,2020-09-10 09:38:13,2019-10-12 12:00:00,2019-10-12
9451306,10810AB591B0787,10810AB591B0787,15,66000,TXG,233,2409,66000080037,2,30602,2019-10-12 11:30:00,10810121130,臺中市北屯區松和里崇德六路179號,0,2,111,112,120,50,127,141,163,172,176,181,188,190,193,206,211,216,218,234,24.180393949272,120.689680492661,2020-09-10 09:38:13,2019-10-12 11:30:00,2019-10-12
9451204,10810AB891B1471,10810AB891B1471,15,66000,TXG,247,2248,66000280007,2,31010,2019-10-12 09:32:00,10810120932,臺中市大里區西榮里德芳路一段88巷52號旁附近52號旁,0,2,111,112,120,40,127,141,163,172,176,181,188,192,196,206,211,216,218,233,24.1114873780181,120.6887603405,2020-09-10 09:38:13,2019-10-12 09:32:00,2019-10-12
9451316,10810AB591B0780,10810AB591B0780,15,66000,TXG,233,2395,66000080003,2,30602,2019-10-12 11:42:00,10810121142,臺中市北屯區三光里北屯路240巷4號,0,1,111,112,120,40,137,149,163,172,176,181,188,192,196,206,211,216,218,236,0.0,0.0,2020-09-10 09:38:13,2019-10-12 11:42:00,2019-10-12
9451675,10810AB591B0806,10810AB591B0806,15,66000,TXG,233,2401,66000080009,2,30602,2019-10-12 18:11:00,10810121811,臺中市北屯區軍功里建功巷29-1號,0,2,111,114,120,50,137,149,163,172,176,181,187,192,196,206,211,216,218,232,0.0,0.0,2020-09-10 09:38:13,2019-10-12 18:11:00,2019-10-12
9451601,10810ABB93B2751,10810ABB93B2751,15,66000,TXG,237,2558,66000150012,2,31062,2019-10-12 16:50:00,10810121650,臺中市后里區聯合里三重路三重二路,0,1,111,113,120,40,127,141,163,172,176,181,185,192,196,206,211,216,217,234,24.2965582264614,120.692362010636,2020-09-10 09:38:13,2019-10-12 16:50:00,2019-10-12
9451093,10810AB891B1482,10810AB891B1482,15,66000,TXG,245,2197,66000260018,2,31010,2019-10-12 06:24:00,10810120624,臺中市霧峰區丁台里四德南路丁台路,0,1,111,112,120,30,128,141,163,172,176,181,188,191,193,206,211,216,218,234,24.0491858435085,120.675674674005,2020-09-10 09:38:13,2019-10-12 06:24:00,2019-10-12
9451667,10810ABB93B2752,10810ABB93B2752,15,66000,TXG,237,2557,66000150011,2,31062,2019-10-12 18:07:00,10810121807,臺中市后里區舊社里舊社路(01934號燈桿)附近(01934號燈桿),0,2,111,115,120,40,137,149,163,172,176,181,188,192,196,205,211,216,217,221,24.291092683686,120.693005854391,2020-09-10 09:38:13,2019-10-12 18:07:00,2019-10-12
9451421,10810AB795B3001,10810AB795B3001,15,66000,TXG,240,2090,66000180010,2,30625,2019-10-12 13:24:00,10810121324,臺中市大雅區二和里雅環路一段154巷與仁和路口附近與仁和路口,0,2,111,112,120,40,126,141,163,172,176,181,188,192,196,206,211,216,218,234,0.0,0.0,2020-09-10 09:38:13,2019-10-12 13:24:00,2019-10-12
9451700,10810AB993B2110,10810AB993B2110,15,66000,TXG,14,2144,66000230006,2,31024,2019-10-12 18:37:00,10810121837,臺中市烏日區九德里中華路167號,0,1,110,114,120,50,126,142,163,172,176,181,188,192,196,201,211,215,218,230,24.1122495097828,120.641069118687,2020-09-10 09:38:13,2019-10-12 18:37:00,2019-10-12
9451311,10810ABB91B2715,10810ABB91B2715,15,66000,TXG,286,2499,66000110020,2,31061,2019-10-12 11:35:00,10810121135,臺中市大甲區頂店里成功路59號,0,1,111,112,120,50,137,147,163,172,176,181,188,192,196,201,211,215,217,231,24.1398561282596,120.683995279174,2020-09-10 09:38:13,2019-10-12 11:35:00,2019-10-12
9451262,10810ABA95B2421,10810ABA95B2421,15,66000,TXG,236,2520,66000130008,2,31046,2019-10-12 10:46:00,10810121046,臺中市沙鹿區鹿寮里成功東街99號,0,1,111,112,120,50,137,149,163,172,176,181,188,192,196,204,210,216,217,234,24.2418576576595,120.56419360714,2020-09-10 09:38:13,2019-10-12 10:46:00,2019-10-12
9451547,10810AB793B2994,10810AB793B2994,15,66000,TXG,239,2561,66000170001,2,30623,2019-10-12 15:42:00,10810121542,臺中市潭子區潭陽里福潭路500號,0,1,111,112,120,50,137,149,163,172,176,181,188,192,196,201,210,215,217,236,24.2109511866259,120.710450005583,2020-09-10 09:38:13,2019-10-12 15:42:00,2019-10-12
9451552,10810ABA95B2475,10810ABA95B2475,15,66000,TXG,236,2532,66000130020,2,31046,2019-10-12 15:45:00,10810121545,臺中市沙鹿區興安里斗潭路471號,0,1,111,112,120,50,127,141,163,172,176,181,188,192,196,206,211,216,218,233,24.2320854332104,120.557400542974,2020-09-10 09:38:13,2019-10-12 15:45:00,2019-10-12
9451458,10810AB591B0779,10810AB591B0779,15,66000,TXG,233,2029,66000080030,2,30602,2019-10-12 14:08:00,10810121408,臺中市北屯區松茂里松竹北路105號,0,1,111,112,120,50,137,148,163,172,176,181,188,192,196,201,211,215,218,235,0.0,0.0,2020-09-10 09:38:13,2019-10-12 14:08:00,2019-10-12
9451884,10810AB691B1160,10810AB691B1160,15,66000,TXG,232,2002,66000060003,2,30612,2019-10-12 23:41:00,10810122341,臺中市西屯區潮洋里河南路市政南一路,0,1,111,114,120,40,127,141,163,172,176,181,188,189,193,206,211,216,218,234,24.1582287712898,120.636243867955,2020-09-10 09:38:13,2019-10-12 23:41:00,2019-10-12
9451347,10810ABB91B2713,10810ABB91B2713,15,66000,TXG,286,2495,66000110016,2,31061,2019-10-12 12:10:00,10810121210,臺中市大甲區文武里德興路育德路,0,1,111,112,120,50,127,141,163,172,176,181,188,191,193,206,211,216,218,233,24.3498279501242,120.62582981942,2020-09-10 09:38:13,2019-10-12 12:10:00,2019-10-12
9451763,10810AB795B3003,10810AB795B3003,15,66000,TXG,240,2091,66000180011,2,30625,2019-10-12 20:00:00,10810122000,臺中市大雅區四德里雅環路一段學府路,0,3,111,114,120,40,126,141,163,172,176,181,188,189,193,201,211,215,217,236,24.2164228969212,120.650927185535,2020-09-10 09:38:13,2019-10-12 20:00:00,2019-10-12
9452458,10810A2AZKB0041,10810A2AZKB0041,15,66000,TXG,232,0,66000060000,2,28839,2019-10-13 19:07:00,10810131907,臺中市西屯區東大路一段(機車專用道)與科園路口(南向北)附近,0,1,111,114,120,40,137,151,163,172,176,181,188,190,193,197,208,212,217,231,0.0,0.0,2020-09-10 09:38:13,2019-10-13 19:07:00,2019-10-13
9452191,10810AB591B0789,10810AB591B0789,15,66000,TXG,233,2407,66000080035,2,30602,2019-10-13 13:12:00,10810131312,臺中市北屯區平心里文心路四段熱河路二段MRT側,0,1,111,112,120,50,127,142,163,172,176,181,188,190,193,201,211,215,218,234,24.1719719002776,120.687695616311,2020-09-10 09:38:13,2019-10-13 13:12:00,2019-10-13
9452583,10810AB491B0631,10810AB491B0631,15,66000,TXG,13,2393,66000070025,2,30594,2019-10-13 23:38:00,10810132338,臺中市南屯區三義里黎明路二段500號,0,1,111,114,120,40,137,147,163,172,176,181,188,192,196,201,211,215,218,234,24.1532949094029,120.634892431765,2020-09-10 09:38:13,2019-10-13 23:38:00,2019-10-13
9452118,10810AB891B1481,10810AB891B1481,15,66000,TXG,247,2260,66000280019,2,31010,2019-10-13 11:38:00,10810131138,臺中市大里區東湖里東南路(中興路一段)口附近(中興路一段)口,0,1,111,112,120,50,127,141,163,172,176,181,188,189,193,201,210,216,217,235,24.080500763295,120.69824213642,2020-09-10 09:38:13,2019-10-13 11:38:00,2019-10-13
9452443,10810AB591B0794,10810AB591B0794,15,66000,TXG,233,2397,66000080005,2,30602,2019-10-13 18:46:00,10810131846,臺中市北屯區平和里山西路瀋陽路,0,1,111,114,120,50,127,141,163,172,176,181,188,189,193,206,211,216,218,235,24.1743867199693,120.676317825133,2020-09-10 09:38:13,2019-10-13 18:46:00,2019-10-13
9452535,10810AB191B0121,10810AB191B0121,15,66000,TXG,230,2303,66000040007,2,30566,2019-10-13 21:59:00,10810132159,臺中市西區公民里貴和街與柳川東路口附近與柳川東路口,0,1,111,114,120,50,127,141,163,172,176,181,188,189,193,206,211,216,218,245,24.137712430433,120.669013196523,2020-09-10 09:38:13,2019-10-13 21:59:00,2019-10-13
9451955,10810AB995B2099,10810AB995B2099,15,66000,TXG,288,2169,66000250001,2,31026,2019-10-13 07:27:00,10810130727,臺中市龍井區竹坑里中華路一段89號,0,1,111,112,120,70,137,153,163,172,176,181,188,192,196,199,210,215,217,230,24.1801115331478,120.543675855585,2020-09-10 09:38:13,2019-10-13 07:27:00,2019-10-13
9452397,10810AB491B0623,10810AB491B0623,15,66000,TXG,13,2390,66000070022,2,30594,2019-10-13 17:55:00,10810131755,臺中市南屯區惠中里大墩十一街文心路,0,1,111,114,120,40,127,142,163,172,176,181,188,190,193,201,211,215,218,235,24.1488177449571,120.646616633681,2020-09-10 09:38:13,2019-10-13 17:55:00,2019-10-13
9452162,10810AB793B3006,10810AB793B3006,15,66000,TXG,239,2079,66000170014,2,30623,2019-10-13 12:30:00,10810131230,臺中市潭子區頭家東里中興路100號,0,1,111,112,120,50,137,149,163,172,176,181,188,192,196,201,211,216,217,235,24.1908208969264,120.702848029028,2020-09-10 09:38:13,2019-10-13 12:30:00,2019-10-13
9452382,10810AB391B0538,10810AB391B0538,15,66000,TXG,229,2289,66000030015,2,30584,2019-10-13 17:36:00,10810131736,臺中市南區長春里復興路三段民生路,0,1,111,113,120,50,126,141,163,172,176,181,188,189,193,206,211,216,218,234,24.1335161398763,120.680829281568,2020-09-10 09:38:13,2019-10-13 17:36:00,2019-10-13
9452067,10810ABA95B2437,10810ABA95B2437,15,66000,TXG,236,2518,66000130006,2,31046,2019-10-13 10:33:00,10810131033,臺中市沙鹿區斗抵里天仁北街與天仁街口附近與天仁街口,0,2,111,112,120,40,126,141,163,172,176,181,188,192,196,205,211,215,218,234,24.22343087143,120.554454610593,2020-09-10 09:38:13,2019-10-13 10:33:00,2019-10-13
9452069,10810AB793B3007,10810AB793B3007,15,66000,TXG,239,2565,66000170005,2,30623,2019-10-13 10:34:00,10810131034,臺中市潭子區頭家里得天街1號,0,2,111,112,120,40,127,141,163,172,176,181,188,189,193,206,211,216,218,234,24.19448358613,120.701205749209,2020-09-10 09:38:13,2019-10-13 10:34:00,2019-10-13
9452280,10810AB996B0016,10810AB996B0016,15,66000,TXG,288,2184,66000250016,2,31027,2019-10-13 14:56:00,10810131456,臺中市龍井區東海里藝術街與藝術街141巷口附近與藝術街141巷口,0,1,111,112,120,40,127,141,163,172,176,181,188,192,196,206,211,216,218,234,0.0,0.0,2020-09-10 09:38:13,2019-10-13 14:56:00,2019-10-13
9452022,10810AB891B1516,10810AB891B1516,15,66000,TXG,247,2263,66000280022,2,31010,2019-10-13 09:31:00,10810130931,臺中市大里區大明里大明路、東興路附近、東興路,0,1,111,112,120,50,128,141,163,172,176,181,188,191,193,206,211,215,218,234,24.115038281861,120.680266561104,2020-09-10 09:38:13,2019-10-13 09:31:00,2019-10-13
9452071,10810ABA95B2546,10810ABA95B2546,15,66000,TXG,236,2523,66000130011,2,31046,2019-10-13 10:35:00,10810131035,臺中市沙鹿區北勢里鎮南路二段福成路,0,2,111,112,120,50,127,141,163,172,176,181,188,189,193,206,211,216,218,233,24.2235938467777,120.568709977096,2020-09-10 09:38:13,2019-10-13 10:35:00,2019-10-13
9451983,10810AB291B0280,10810AB291B0280,15,66000,TXG,231,1996,66000050033,2,30575,2019-10-13 08:20:00,10810130820,臺中市北區明新里中清路與太原北路口附近與太原北路口,0,1,111,112,120,50,127,141,163,172,176,181,188,189,193,206,211,216,218,234,24.1651526671247,120.673784744835,2020-09-10 09:38:13,2019-10-13 08:20:00,2019-10-13
9452390,10810ABA95B2448,10810ABA95B2448,15,66000,TXG,236,2532,66000130020,2,31046,2019-10-13 17:50:00,10810131750,臺中市沙鹿區興安里興安路大同街,0,2,111,115,120,50,126,141,163,172,176,181,188,192,196,206,211,216,218,234,24.2326040378079,120.556834516639,2020-09-10 09:38:13,2019-10-13 17:50:00,2019-10-13
9452013,10810AB391B0534,10810AB391B0534,15,66000,TXG,229,0,66000030000,2,30584,2019-10-13 09:24:00,10810130924,臺中市南區建成路500號,0,1,111,112,120,40,137,148,163,172,176,181,188,192,196,197,210,215,218,230,24.1343336137229,120.695595008962,2020-09-10 09:38:13,2019-10-13 09:24:00,2019-10-13
9451919,10810ABC91B1927,10810ABC91B1927,15,66000,TXG,246,2217,66000270020,2,31077,2019-10-13 03:29:00,10810130329,臺中市太平區永成里長億六街永成北路,0,1,111,114,120,50,127,141,163,172,176,181,188,191,193,201,211,216,218,233,24.1188060113039,120.716196494761,2020-09-10 09:38:13,2019-10-13 03:29:00,2019-10-13
9451926,10810AB691B1164,10810AB691B1164,15,66000,TXG,232,2010,66000060011,2,30612,2019-10-13 04:51:00,10810130451,臺中市西屯區大河里長安路二段11巷3號旁附近旁,0,1,111,113,120,50,134,149,163,172,176,181,188,192,196,201,211,216,218,235,0.0,0.0,2020-09-10 09:38:13,2019-10-13 04:51:00,2019-10-13