識別碼,案件編號,交通事故主表,縣市識別碼,縣市代碼,所屬縣市簡碼,鄉縣市區識別碼,村里識別碼,里代碼,事故類(A1、A2...An),處理單位代碼,案件時間(西元),案件時間(民國),發生地點,死亡人數,受傷人數(含2~30日內死亡),天氣識別碼,光線識別碼,道路類別識別碼,速限,道路型態識別碼,事故位置識別碼,路面鋪裝識別碼,路面狀態識別碼,路面缺陷識別碼,障礙物視距識別碼,視距識別碼,號誌種類識別碼,號誌動作識別碼,車道劃分設施-分向設施識別碼,快車道或一般車道間識別碼,快慢車道間識別碼,路面邊線識別碼,事故類型及型態識別碼,緯度,經度,本平台資料更新時間(yyyy-MM-dd HH:mm:ss),資料代表時間(yyyy-MM-dd HH:mm:ss),資料代表日期(yyyy-MM-dd)
9453062,10810AB891B1493,10810AB891B1493,15,66000,TXG,247,2262,66000280021,2,31010,2019-10-14 13:41:00,10810141341,臺中市大里區國光里國光路二段東榮路,0,1,111,112,120,50,127,142,163,172,176,181,188,190,193,197,210,216,217,230,24.1093414204726,120.679877715978,2020-09-10 09:38:13,2019-10-14 13:41:00,2019-10-14
9453019,10810A2AZKB0042,10810A2AZKB0042,15,66000,TXG,232,0,66000060000,2,28839,2019-10-14 12:34:00,10810141234,臺中市西屯區東大路慢車道附近R08路燈旁,0,1,111,112,120,40,137,160,163,172,176,181,188,192,196,197,210,212,217,234,0.0,0.0,2020-09-10 09:38:13,2019-10-14 12:34:00,2019-10-14
9453186,10810ABA95B2443,10810ABA95B2443,15,66000,TXG,236,0,66000130000,2,31046,2019-10-14 16:12:00,10810141612,臺中市沙鹿區清泉路,0,2,111,112,120,40,126,141,163,172,176,181,188,192,196,206,211,216,218,234,0.0,0.0,2020-09-10 09:38:13,2019-10-14 16:12:00,2019-10-14
9453009,10810AB691B1167,10810AB691B1167,15,66000,TXG,232,2368,66000060016,2,30612,2019-10-14 12:24:00,10810141224,臺中市西屯區廣福里廣福路349號,0,1,111,112,120,40,137,147,163,172,176,181,188,192,196,206,211,216,218,235,24.2031945553906,120.644504515858,2020-09-10 09:38:13,2019-10-14 12:24:00,2019-10-14
9453487,10810AB691B1176,10810AB691B1176,15,66000,TXG,232,2372,66000060020,2,30612,2019-10-14 20:40:00,10810142040,臺中市西屯區協和里工業區一路工業區三路,0,2,111,114,120,40,126,141,163,172,176,181,188,189,193,201,210,215,218,234,24.1705621717965,120.61081478558,2020-09-10 09:38:13,2019-10-14 20:40:00,2019-10-14
9453374,10810ABB93B2728,10810ABB93B2728,15,66000,TXG,237,2560,66000150014,2,31062,2019-10-14 18:42:00,10810141842,臺中市后里區眉山里甲后路二段后大幹79號附近后大幹79號,0,1,111,114,120,50,137,149,163,172,176,181,188,192,196,197,210,215,217,231,24.3128730206735,120.698393037431,2020-09-10 09:38:13,2019-10-14 18:42:00,2019-10-14
9452734,10810AB391B0539,10810AB391B0539,15,66000,TXG,229,2247,66000030004,2,30584,2019-10-14 08:04:00,10810140804,臺中市南區德義里仁義街73號,0,2,111,112,120,50,127,141,163,172,176,181,188,192,196,206,211,216,218,234,24.1256431856376,120.675903817151,2020-09-10 09:38:13,2019-10-14 08:04:00,2019-10-14
9453410,10810AB291B0283,10810AB291B0283,15,66000,TXG,231,2359,66000050017,2,30575,2019-10-14 19:13:00,10810141913,臺中市北區育德里大德街近育德路附近近育德路,0,1,111,114,120,50,128,141,163,172,176,181,188,189,193,201,211,216,218,247,0.0,0.0,2020-09-10 09:38:13,2019-10-14 19:13:00,2019-10-14
9453218,10810AB191B0126,10810AB191B0126,15,66000,TXG,227,2055,66000010003,2,30566,2019-10-14 16:39:00,10810141639,臺中市中區綠川里建國路民權路附近民權路,0,1,111,112,120,50,127,141,163,172,176,181,188,189,193,206,211,216,218,235,24.1358915108422,120.68222629486,2020-09-10 09:38:13,2019-10-14 16:39:00,2019-10-14
9453056,10810AB891B1485,10810AB891B1485,15,66000,TXG,247,2255,66000280014,2,31010,2019-10-14 13:30:00,10810141330,臺中市大里區仁化里仁化路678號,0,2,111,112,120,50,127,141,163,172,176,181,188,189,193,205,210,215,217,234,24.0962815998467,120.69557219707,2020-09-10 09:38:13,2019-10-14 13:30:00,2019-10-14
9453529,10810AB291B0339,10810AB291B0339,15,66000,TXG,231,1987,66000050024,2,30575,2019-10-14 21:45:00,10810142145,臺中市北區賴明里中清路一段690號,0,2,111,114,120,40,137,148,163,172,176,181,188,192,196,197,210,216,218,235,24.1687805722859,120.672704272797,2020-09-10 09:38:13,2019-10-14 21:45:00,2019-10-14
9453296,10810AB996B2105,10810AB996B2105,15,66000,TXG,288,2181,66000250013,2,31027,2019-10-14 17:42:00,10810141742,臺中市龍井區新庄里新興路遊園南路,0,2,111,114,120,50,127,141,163,172,176,181,188,189,193,206,211,216,218,234,24.182022243523,120.584122655283,2020-09-10 09:38:13,2019-10-14 17:42:00,2019-10-14
9453545,10810AB491B0624,10810AB491B0624,15,66000,TXG,13,2432,66000070005,2,30594,2019-10-14 22:25:00,10810142225,臺中市南屯區春社里中台路望高寮夜景公園前附近望高寮夜景公園前,0,1,111,114,120,50,134,149,163,172,176,181,188,192,196,205,211,216,217,236,0.0,0.0,2020-09-10 09:38:13,2019-10-14 22:25:00,2019-10-14
9453534,10810AB291B0289,10810AB291B0289,15,66000,TXG,231,1996,66000050033,2,30575,2019-10-14 21:54:00,10810142154,臺中市北區明新里中清路一段465號,0,1,111,114,120,50,137,147,163,172,176,181,188,192,196,199,210,215,218,231,24.1660869538741,120.67347446993,2020-09-10 09:38:13,2019-10-14 21:54:00,2019-10-14
9453125,10810AB591B0804,10810AB591B0804,15,66000,TXG,233,2027,66000080028,2,30602,2019-10-14 14:55:00,10810141455,臺中市北屯區平德里河北路二段16號,0,1,111,112,120,40,137,148,163,172,176,181,188,192,196,206,211,216,218,247,24.1692256175353,120.683071642538,2020-09-10 09:38:13,2019-10-14 14:55:00,2019-10-14
9453554,10810AB891B1619,10810AB891B1619,15,66000,TXG,247,2257,66000280016,2,31010,2019-10-14 22:42:00,10810142242,臺中市大里區塗城里塗城路美群路,0,3,111,114,120,50,127,142,163,172,176,181,188,189,193,201,211,216,217,231,24.0866961195615,120.708807132903,2020-09-10 09:38:13,2019-10-14 22:42:00,2019-10-14
9453050,10810ABC91B0004,10810ABC91B0004,15,66000,TXG,246,2225,66000270028,2,31077,2019-10-14 13:13:00,10810141313,臺中市太平區新高里中山路四段46號,0,1,111,112,120,50,137,148,163,172,176,181,188,192,196,201,210,215,217,231,24.149907080656,120.711673427467,2020-09-10 09:38:13,2019-10-14 13:13:00,2019-10-14
9453028,10810ABC91B1930,10810ABC91B1930,15,66000,TXG,246,2233,66000270036,2,31077,2019-10-14 12:54:00,10810141254,臺中市太平區勤益里中山路一段328號,0,1,111,112,120,50,137,149,163,172,176,181,188,192,196,201,211,216,217,231,24.1948169636875,120.702681691764,2020-09-10 09:38:13,2019-10-14 12:54:00,2019-10-14
9453006,10810AB794B3050,10810AB794B3050,15,66000,TXG,238,2045,66000160009,2,30624,2019-10-14 12:20:00,10810141220,臺中市神岡區大社里豐社路豐社一街,0,1,111,112,120,30,126,141,163,172,176,181,188,192,196,206,211,216,218,234,24.2510375646186,120.698836867138,2020-09-10 09:38:13,2019-10-14 12:20:00,2019-10-14
9453215,10810AB691B1173,10810AB691B1173,15,66000,TXG,232,0,66000060000,2,30612,2019-10-14 16:38:00,10810141638,臺中市西屯區臺灣大道三段文心路二段,0,1,111,112,120,40,127,141,163,172,176,181,188,189,193,206,211,216,218,234,24.1626283255756,120.649491677749,2020-09-10 09:38:13,2019-10-14 16:38:00,2019-10-14
9453074,10810AB993B2104,10810AB993B2104,15,66000,TXG,14,2141,66000230002,2,31024,2019-10-14 13:49:00,10810141349,臺中市烏日區湖日里台74線快速公路北上1.2K處附近北上1.2K處,0,1,111,112,120,80,137,148,163,172,176,181,188,192,196,197,209,215,217,231,0.0,0.0,2020-09-10 09:38:13,2019-10-14 13:49:00,2019-10-14
9453322,10810ABC91B1932,10810ABC91B1932,15,66000,TXG,246,2231,66000270034,2,31077,2019-10-14 17:58:00,10810141758,臺中市太平區豐年里大源十九街20號,0,1,111,114,120,50,127,142,163,172,176,181,188,192,196,201,211,216,218,234,24.1417936987584,120.725591224314,2020-09-10 09:38:13,2019-10-14 17:58:00,2019-10-14
9453259,10810AB691B1171,10810AB691B1171,15,66000,TXG,232,0,66000060000,2,30612,2019-10-14 17:16:00,10810141716,臺中市西屯區成都路河南東二街附近河南東二街,0,1,111,112,120,50,127,141,163,172,176,181,188,189,193,206,211,216,218,219,24.1698614652477,120.665023370741,2020-09-10 09:38:13,2019-10-14 17:16:00,2019-10-14
9453343,10810AB291B0284,10810AB291B0284,15,66000,TXG,231,2357,66000050015,2,30575,2019-10-14 18:14:00,10810141814,臺中市北區賴厝里中清路一段與漢口路四段口附近與漢口路四段口,0,2,111,114,120,50,127,141,163,172,176,181,188,190,193,206,211,216,218,235,24.166907700961,120.67331689759,2020-09-10 09:38:13,2019-10-14 18:14:00,2019-10-14
9452853,10810AB191B0177,10810AB191B0177,15,66000,TXG,227,2055,66000010003,2,30566,2019-10-14 09:50:00,10810140950,臺中市中區綠川里建國路近中山路附近近中山路,0,1,111,112,120,50,137,149,163,172,176,181,188,192,196,197,210,216,218,235,0.0,0.0,2020-09-10 09:38:13,2019-10-14 09:50:00,2019-10-14
9452920,10810ABC91B1937,10810ABC91B1937,15,66000,TXG,246,2231,66000270034,2,31077,2019-10-14 10:52:00,10810141052,臺中市太平區豐年里大源路20之18號,0,1,111,112,120,50,137,149,163,172,176,181,188,192,196,201,210,216,217,230,0.0,0.0,2020-09-10 09:38:13,2019-10-14 10:52:00,2019-10-14
9453100,10810AB191B0124,10810AB191B0124,15,66000,TXG,230,2556,66000040011,2,30566,2019-10-14 14:30:00,10810141430,臺中市西區民龍里西屯路一段167巷與博館二街附近與博館二街,0,2,111,112,120,50,127,141,163,172,176,181,188,192,196,206,211,216,218,234,0.0,0.0,2020-09-10 09:38:13,2019-10-14 14:30:00,2019-10-14
9453180,10810ABB93B2725,10810ABB93B2725,15,66000,TXG,243,0,66000210000,2,31062,2019-10-14 16:00:00,10810141600,臺中市外埔區甲東路33巷口附近口,0,1,111,112,120,40,126,141,163,172,176,181,188,192,196,206,211,216,218,234,0.0,0.0,2020-09-10 09:38:13,2019-10-14 16:00:00,2019-10-14
9453039,10810AB891B1492,10810AB891B1492,15,66000,TXG,245,2192,66000260010,2,31010,2019-10-14 13:00:00,10810141300,臺中市霧峰區北柳里四德路376巷68號,0,1,111,112,120,40,136,149,163,172,176,181,188,192,196,206,211,216,217,230,0.0,0.0,2020-09-10 09:38:13,2019-10-14 13:00:00,2019-10-14
9453273,10810AB793B3016,10810AB793B3016,15,66000,TXG,239,2566,66000170006,2,30623,2019-10-14 17:24:00,10810141724,臺中市潭子區甘蔗里勝利路280號,0,1,111,112,120,50,126,141,163,172,176,181,188,192,196,206,211,216,218,221,0.0,0.0,2020-09-10 09:38:13,2019-10-14 17:24:00,2019-10-14
9453107,10810AB691B1180,10810AB691B1180,15,66000,TXG,232,2323,66000060038,2,30612,2019-10-14 14:40:00,10810141440,臺中市西屯區福林里臺灣大道四段1727號,0,4,111,112,120,40,137,148,163,172,176,181,188,192,196,206,211,216,218,234,0.0,0.0,2020-09-10 09:38:13,2019-10-14 14:40:00,2019-10-14
9453005,10810AB996B2102,10810AB996B2102,15,66000,TXG,288,2183,66000250015,2,31027,2019-10-14 12:18:00,10810141218,臺中市龍井區新東里新興路24-5號,0,1,111,112,120,50,126,142,163,172,176,181,188,192,196,206,211,216,218,221,0.0,0.0,2020-09-10 09:38:13,2019-10-14 12:18:00,2019-10-14
9452817,10810AB591B0799,10810AB591B0799,15,66000,TXG,233,2413,66000080041,2,30602,2019-10-14 09:23:00,10810140923,臺中市北屯區三和里東光路710號,0,1,111,112,120,50,127,141,163,172,176,181,188,189,193,198,208,215,218,230,0.0,0.0,2020-09-10 09:38:13,2019-10-14 09:23:00,2019-10-14
9452729,10810AB891B1490,10810AB891B1490,15,66000,TXG,247,2256,66000280015,2,31010,2019-10-14 08:00:00,10810140800,臺中市大里區健民里健民路133號,0,1,111,112,120,50,137,147,163,172,176,181,188,192,196,201,210,215,217,230,24.092944900658,120.729458548388,2020-09-10 09:38:13,2019-10-14 08:00:00,2019-10-14
9453295,10810AB691B1168,10810AB691B1168,15,66000,TXG,232,2309,66000060024,2,30612,2019-10-14 17:41:00,10810141741,臺中市西屯區西平里西安街277巷25弄6-1號,0,2,111,112,120,40,127,141,163,172,176,181,188,192,196,206,211,216,218,234,0.0,0.0,2020-09-10 09:38:13,2019-10-14 17:41:00,2019-10-14
9453304,10810AB691B1169,10810AB691B1169,15,66000,TXG,232,2004,66000060005,2,30612,2019-10-14 17:48:00,10810141748,臺中市西屯區惠來里臺灣大道三段文心路二段,0,1,111,112,120,40,127,141,163,172,176,181,188,190,193,197,210,212,218,234,24.1626283255756,120.649491677749,2020-09-10 09:38:13,2019-10-14 17:48:00,2019-10-14
9453354,10810AB996B2106,10810AB996B2106,15,66000,TXG,288,2184,66000250016,2,31027,2019-10-14 18:23:00,10810141823,臺中市龍井區東海里國際街256巷與遠東街207巷口附近與遠東街207巷口,0,2,111,114,120,40,127,141,163,172,176,181,188,192,196,206,211,216,218,233,0.0,0.0,2020-09-10 09:38:13,2019-10-14 18:23:00,2019-10-14
9453373,10810ABA93B2444,10810ABA93B2444,15,66000,TXG,311,1986,66000120027,2,31044,2019-10-14 18:41:00,10810141841,臺中市清水區橋頭里011鄰高美路107巷49之18號,0,1,110,115,120,30,137,149,163,172,176,181,188,192,196,206,211,216,218,229,0.0,0.0,2020-09-10 09:38:13,2019-10-14 18:41:00,2019-10-14
9453774,10810ABA94B2453,10810ABA94B2453,15,66000,TXG,312,2545,66000140014,2,31045,2019-10-15 08:29:00,10810150829,臺中市梧棲區永安里港埠路一段近向上路九段口附近近向上路九段口,0,1,111,112,120,60,127,142,163,172,176,181,188,189,193,206,211,216,218,231,0.0,0.0,2020-09-10 09:38:13,2019-10-15 08:29:00,2019-10-15
9454005,10810AB191B0180,10810AB191B0180,15,66000,TXG,230,0,66000040000,2,30566,2019-10-15 12:51:00,10810151251,臺中市西區柳川西路二段47號,0,1,111,112,120,50,137,149,163,172,176,181,188,192,196,201,211,216,218,234,0.0,0.0,2020-09-10 09:38:13,2019-10-15 12:51:00,2019-10-15
9453594,10810AB691B1201,10810AB691B1201,15,66000,TXG,232,2309,66000060024,2,30612,2019-10-15 06:15:00,10810150615,臺中市西屯區西平里福星北路公車站(僑光科技大學)附近公車站(僑光科技大學),0,1,111,112,120,50,126,147,163,172,176,181,188,192,196,204,210,215,218,235,0.0,0.0,2020-09-10 09:38:13,2019-10-15 06:15:00,2019-10-15
9453927,10810AB795B3021,10810AB795B3021,15,66000,TXG,240,2091,66000180011,2,30625,2019-10-15 10:54:00,10810151054,臺中市大雅區四德里中清路三段735號,0,1,111,112,120,50,127,141,163,172,176,181,188,189,193,197,210,215,217,231,0.0,0.0,2020-09-10 09:38:13,2019-10-15 10:54:00,2019-10-15
9454151,10810ABB91B2732,10810ABB91B2732,15,66000,TXG,287,2130,66000220003,2,31061,2019-10-15 16:40:00,10810151640,臺中市大安區中庄里西濱公路南安路,0,1,111,112,120,50,127,141,163,172,176,181,188,189,193,197,211,216,218,234,0.0,0.0,2020-09-10 09:38:13,2019-10-15 16:40:00,2019-10-15
9454415,10810AB795B3039,10810AB795B3039,15,66000,TXG,240,2087,66000180006,2,30625,2019-10-15 21:16:00,10810152116,臺中市大雅區橫山里通山路99號,0,3,111,115,120,50,126,142,163,172,176,181,188,192,196,201,211,216,217,234,0.0,0.0,2020-09-10 09:38:13,2019-10-15 21:16:00,2019-10-15
9453656,10810ABB91B2730,10810ABB91B2730,15,66000,TXG,286,2491,66000110012,2,31061,2019-10-15 07:30:00,10810150730,臺中市大甲區義和里中山路一段75號,0,1,111,112,120,70,126,141,163,172,176,181,188,192,196,206,211,216,218,234,0.0,0.0,2020-09-10 09:38:13,2019-10-15 07:30:00,2019-10-15
9454474,10810AB691B1200,10810AB691B1200,15,66000,TXG,232,2367,66000060015,2,30612,2019-10-15 23:01:00,10810152301,臺中市西屯區港尾里經貿路與經貿五路(口)附近與經貿五路(口),0,1,111,114,120,50,137,148,163,172,176,181,188,192,196,206,210,215,218,231,24.1902559788673,120.657524839401,2020-09-10 09:38:13,2019-10-15 23:01:00,2019-10-15
9453979,10810AB891B1491,10810AB891B1491,15,66000,TXG,247,2258,66000280017,2,31010,2019-10-15 12:10:00,10810151210,臺中市大里區瑞城里塗城路501號,0,3,111,112,120,50,137,149,163,172,176,181,188,192,196,201,211,216,217,234,24.0874269266295,120.706226650041,2020-09-10 09:38:13,2019-10-15 12:10:00,2019-10-15
9454399,10810AB291B0291,10810AB291B0291,15,66000,TXG,231,2363,66000050021,2,30575,2019-10-15 20:58:00,10810152058,臺中市北區健行里中清路一段331號,0,1,111,114,120,50,137,147,163,172,176,181,188,192,196,197,210,215,218,231,24.1612639243688,120.67505790498,2020-09-10 09:38:13,2019-10-15 20:58:00,2019-10-15
9454336,10810AB591B0817,10810AB591B0817,15,66000,TXG,233,2402,66000080010,2,30602,2019-10-15 19:15:00,10810151915,臺中市北屯區和平里東山路一段377之33號,0,1,111,114,120,50,137,149,163,172,176,181,188,192,196,201,210,216,218,234,0.0,0.0,2020-09-10 09:38:13,2019-10-15 19:15:00,2019-10-15
9454015,10810AB591B0805,10810AB591B0805,15,66000,TXG,233,2028,66000080029,2,30602,2019-10-15 13:20:00,10810151320,臺中市北屯區松安里興安路二段167巷32號,0,2,111,112,120,50,127,141,163,172,176,181,188,192,196,206,211,216,218,233,24.1786548139911,120.694989347325,2020-09-10 09:38:13,2019-10-15 13:20:00,2019-10-15
9454266,10810AB291B0306,10810AB291B0306,15,66000,TXG,231,2352,66000050010,2,30575,2019-10-15 18:03:00,10810151803,臺中市北區金華里雙十路興進路附近興進路,0,1,111,114,120,50,127,158,163,172,176,181,188,189,193,205,211,216,218,221,24.1565846910209,120.690356496143,2020-09-10 09:38:13,2019-10-15 18:03:00,2019-10-15
9453890,10810AB591B0810,10810AB591B0810,15,66000,TXG,233,2402,66000080010,2,30602,2019-10-15 10:09:00,10810151009,臺中市北屯區和平里東山路一段406號,0,2,111,112,120,50,137,149,163,172,176,181,188,192,196,201,210,216,218,231,24.1772768077121,120.734901979405,2020-09-10 09:38:13,2019-10-15 10:09:00,2019-10-15
9453960,10810AB891B1504,10810AB891B1504,15,66000,TXG,247,2238,66000280002,2,31010,2019-10-15 11:46:00,10810151146,臺中市大里區新里里大里路497號,0,1,111,112,120,50,126,142,163,172,176,181,188,191,193,201,211,215,217,231,24.0962476093762,120.66619438057,2020-09-10 09:38:13,2019-10-15 11:46:00,2019-10-15
9453798,10810AB793B3020,10810AB793B3020,15,66000,TXG,239,2571,66000170011,2,30623,2019-10-15 08:48:00,10810150848,臺中市潭子區嘉仁里福潭路601號,0,1,111,112,120,50,137,147,163,172,176,181,188,192,196,201,210,215,218,235,24.2154800400118,120.708780600196,2020-09-10 09:38:13,2019-10-15 08:48:00,2019-10-15
9453799,10810AB591B0812,10810AB591B0812,15,66000,TXG,233,2403,66000080011,2,30602,2019-10-15 08:49:00,10810150849,臺中市北屯區東山里東山路二段77-11號,0,1,111,112,120,50,126,141,163,172,176,181,188,189,193,206,211,216,218,234,0.0,0.0,2020-09-10 09:38:13,2019-10-15 08:49:00,2019-10-15
9454391,10810AB795B3025,10810AB795B3025,15,66000,TXG,240,2082,66000180001,2,30625,2019-10-15 20:48:00,10810152048,臺中市大雅區大雅里中清路三段1188號,0,1,111,114,120,50,137,149,163,172,176,181,188,192,196,197,210,215,217,231,0.0,0.0,2020-09-10 09:38:13,2019-10-15 20:48:00,2019-10-15
9453639,10810AB291B0285,10810AB291B0285,15,66000,TXG,231,2362,66000050020,2,30575,2019-10-15 07:22:00,10810150722,臺中市北區錦祥里北屯路近雙十路二段100巷附近近雙十路二段100巷,0,2,111,112,120,50,137,149,163,172,176,181,188,192,196,197,210,216,218,231,0.0,0.0,2020-09-10 09:38:13,2019-10-15 07:22:00,2019-10-15
9453735,10810AB995B2113,10810AB995B2113,15,66000,TXG,288,2173,66000250005,2,31026,2019-10-15 08:01:00,10810150801,臺中市龍井區福田里臨港東路二段155巷80弄,0,3,111,112,120,50,127,141,163,172,176,181,188,192,196,206,211,216,218,233,0.0,0.0,2020-09-10 09:38:13,2019-10-15 08:01:00,2019-10-15
9454443,10810ABA95B2452,10810ABA95B2452,15,66000,TXG,236,2525,66000130013,2,31046,2019-10-15 21:56:00,10810152156,臺中市沙鹿區晉江里晉文路301巷電桿晉江幹82分7號附近附近電桿晉江幹82分7號附近,0,2,111,114,120,30,137,149,163,172,176,181,188,192,196,206,211,216,218,235,0.0,0.0,2020-09-10 09:38:13,2019-10-15 21:56:00,2019-10-15
9454198,10810ABB91B2734,10810ABB91B2734,15,66000,TXG,286,2488,66000110009,2,31061,2019-10-15 17:20:00,10810151720,臺中市大甲區中山里甲后路五段245號,0,1,111,112,120,50,137,152,163,172,176,181,188,192,196,201,210,216,217,228,24.3444783934351,120.634346383135,2020-09-10 09:38:13,2019-10-15 17:20:00,2019-10-15
9454188,10810AB794B3024,10810AB794B3024,15,66000,TXG,238,2049,66000160013,2,30624,2019-10-15 17:15:00,10810151715,臺中市神岡區圳前里崎溝路和睦路一段212巷(崎溝橋前)附近212巷(崎溝橋前),0,1,111,112,120,50,127,141,163,172,176,180,188,192,196,201,211,216,217,235,0.0,0.0,2020-09-10 09:38:13,2019-10-15 17:15:00,2019-10-15
9453908,10810AB891B1518,10810AB891B1518,15,66000,TXG,245,2197,66000260018,2,31010,2019-10-15 10:25:00,10810151025,臺中市霧峰區丁台里中投西路一段、丁台路附近、丁台路,0,1,111,112,120,40,127,141,163,172,176,181,188,189,193,206,210,215,217,234,24.0428552760411,120.671001652699,2020-09-10 09:38:13,2019-10-15 10:25:00,2019-10-15
9453986,10810AB891B1629,10810AB891B1629,15,66000,TXG,245,2185,66000260002,2,31010,2019-10-15 12:19:00,10810151219,臺中市霧峰區吉峰里吉峰路184號,0,2,111,112,120,40,127,141,163,172,176,181,188,192,196,206,211,216,218,231,0.0,0.0,2020-09-10 09:38:13,2019-10-15 12:19:00,2019-10-15
9453655,10810AB795B3018,10810AB795B3018,15,66000,TXG,240,2083,66000180002,2,30625,2019-10-15 07:30:00,10810150730,臺中市大雅區員林里大林路181號,0,3,111,112,120,50,137,149,163,172,176,181,188,192,196,201,211,216,217,231,0.0,0.0,2020-09-10 09:38:13,2019-10-15 07:30:00,2019-10-15
9454031,10810ABC91B1955,10810ABC91B1955,15,66000,TXG,246,2205,66000270006,2,31077,2019-10-15 13:43:00,10810151343,臺中市太平區東平里東平路642號,0,1,111,112,120,50,137,149,163,172,176,181,188,192,196,206,211,216,217,235,0.0,0.0,2020-09-10 09:38:13,2019-10-15 13:43:00,2019-10-15
9454313,10810AB891B1497,10810AB891B1497,15,66000,TXG,245,2185,66000260002,2,31010,2019-10-15 18:45:00,10810151845,臺中市霧峰區吉峰里民生路221之8號,0,3,111,114,120,40,137,149,163,172,176,181,188,192,196,205,211,216,217,231,0.0,0.0,2020-09-10 09:38:13,2019-10-15 18:45:00,2019-10-15
9454097,10810AB591B0809,10810AB591B0809,15,66000,TXG,233,2400,66000080008,2,30602,2019-10-15 15:52:00,10810151552,臺中市北屯區水景里東山路一段156-12號,0,1,111,112,120,50,137,147,163,172,176,181,188,189,193,201,210,215,218,231,0.0,0.0,2020-09-10 09:38:13,2019-10-15 15:52:00,2019-10-15
9454401,10810ABB91B2735,10810ABB91B2735,15,66000,TXG,286,2503,66000110024,2,31061,2019-10-15 21:03:00,10810152103,臺中市大甲區日南里黎明路幼九路,0,1,111,114,120,50,127,141,163,172,176,181,188,189,193,206,211,216,218,233,24.3931962867654,120.65578965291,2020-09-10 09:38:13,2019-10-15 21:03:00,2019-10-15
9453584,10810A24WZB0070,10810A24WZB0070,15,66000,TXG,237,0,66000150000,2,28719,2019-10-15 03:30:00,10810150330,臺中市后里區國道1號163.0公里300.0公尺北側側外側車道,0,2,111,115,116,100,137,147,163,172,176,181,188,192,196,197,209,216,217,231,24.4147435240142,120.774385538695,2020-09-10 09:38:13,2019-10-15 03:30:00,2019-10-15
9453628,10810AB891B1627,10810AB891B1627,15,66000,TXG,245,2193,66000260011,2,31010,2019-10-15 07:15:00,10810150715,臺中市霧峰區南柳里新厝路160號,0,1,111,112,120,40,134,149,163,172,176,181,188,192,196,206,211,216,217,235,24.0617608428301,120.681842137542,2020-09-10 09:38:13,2019-10-15 07:15:00,2019-10-15
9453789,10810AB691B1177,10810AB691B1177,15,66000,TXG,232,2010,66000060011,2,30612,2019-10-15 08:37:00,10810150837,臺中市西屯區大河里河南路二段74巷與長安路二段11巷口附近與長安路二段11巷口,0,1,111,112,120,40,126,141,163,172,176,179,186,192,196,206,211,216,218,234,0.0,0.0,2020-09-10 09:38:13,2019-10-15 08:37:00,2019-10-15
9454315,10810AB691B1185,10810AB691B1185,15,66000,TXG,232,2372,66000060020,2,30612,2019-10-15 18:47:00,10810151847,臺中市西屯區協和里安和路62-1號,0,1,111,114,120,50,137,148,163,172,176,181,188,189,193,201,210,215,218,231,0.0,0.0,2020-09-10 09:38:13,2019-10-15 18:47:00,2019-10-15
9454084,10810AB891B1496,10810AB891B1496,15,66000,TXG,245,2196,66000260017,2,31010,2019-10-15 15:25:00,10810151525,臺中市霧峰區六股里中正路六股路,0,1,111,112,120,70,127,141,163,172,176,181,188,189,193,206,211,216,218,234,24.0379026446973,120.693174094524,2020-09-10 09:38:13,2019-10-15 15:25:00,2019-10-15
9453957,10810ABA93B2446,10810ABA93B2446,15,66000,TXG,311,190,66000120007,2,31044,2019-10-15 11:40:00,10810151140,臺中市清水區北寧里中山路224號,0,1,111,112,120,50,137,148,163,172,176,181,188,192,196,197,210,215,218,230,24.1419003310572,120.678517160192,2020-09-10 09:38:13,2019-10-15 11:40:00,2019-10-15
9454453,10810AB191B0133,10810AB191B0133,15,66000,TXG,227,2054,66000010002,2,30566,2019-10-15 22:17:00,10810152217,臺中市中區大墩里三民路三段27號,0,1,111,114,120,50,126,141,163,172,176,181,188,192,196,198,211,216,218,235,24.145331285978,120.681950668903,2020-09-10 09:38:13,2019-10-15 22:17:00,2019-10-15
9454191,10810AB993B2119,10810AB993B2119,15,66000,TXG,14,2142,66000230003,2,31024,2019-10-15 17:17:00,10810151717,臺中市烏日區三和里三榮路一段高鐵路一段,0,1,111,112,120,50,127,158,163,172,176,181,188,190,193,206,211,216,218,220,24.1071248737386,120.602067578176,2020-09-10 09:38:13,2019-10-15 17:17:00,2019-10-15
9453687,10810AB891B1517,10810AB891B1517,15,66000,TXG,245,5912,66000260015,2,31010,2019-10-15 07:44:00,10810150744,臺中市霧峰區舊正里北岸路36巷25號,0,2,111,112,120,40,127,149,163,172,176,181,188,192,196,206,211,216,217,233,24.0163886761722,120.684991001732,2020-09-10 09:38:13,2019-10-15 07:44:00,2019-10-15
9453748,10810ABC91B1935,10810ABC91B1935,15,66000,TXG,246,2236,66000270039,2,31077,2019-10-15 08:08:00,10810150808,臺中市太平區永隆里光興路355號,0,1,111,112,120,40,137,148,163,172,176,181,188,192,196,201,211,215,218,245,24.1017861482095,120.728898301854,2020-09-10 09:38:13,2019-10-15 08:08:00,2019-10-15
9454406,10810AB891B1498,10810AB891B1498,15,66000,TXG,247,2252,66000280011,2,31010,2019-10-15 21:06:00,10810152106,臺中市大里區新仁里新仁路一段與新仁七街口附近與新仁七街口,0,2,111,112,120,50,127,142,163,172,176,181,188,189,193,206,211,216,217,234,24.1111940725987,120.703644218789,2020-09-10 09:38:13,2019-10-15 21:06:00,2019-10-15