識別碼,案件編號,交通事故主表,縣市識別碼,縣市代碼,所屬縣市簡碼,鄉縣市區識別碼,村里識別碼,里代碼,事故類(A1、A2...An),處理單位代碼,案件時間(西元),案件時間(民國),發生地點,死亡人數,受傷人數(含2~30日內死亡),天氣識別碼,光線識別碼,道路類別識別碼,速限,道路型態識別碼,事故位置識別碼,路面鋪裝識別碼,路面狀態識別碼,路面缺陷識別碼,障礙物視距識別碼,視距識別碼,號誌種類識別碼,號誌動作識別碼,車道劃分設施-分向設施識別碼,快車道或一般車道間識別碼,快慢車道間識別碼,路面邊線識別碼,事故類型及型態識別碼,緯度,經度,本平台資料更新時間(yyyy-MM-dd HH:mm:ss),資料代表時間(yyyy-MM-dd HH:mm:ss),資料代表日期(yyyy-MM-dd)
9454254,10810AB891B1506,10810AB891B1506,15,66000,TXG,247,2239,66000280003,2,31010,2019-10-15 17:54:00,10810151754,臺中市大里區樹王里中投東路東興路附近東興路,0,1,111,114,120,40,137,149,163,172,176,181,188,189,193,197,211,212,217,230,0.0,0.0,2020-09-10 09:38:13,2019-10-15 17:54:00,2019-10-15
9453688,10810AB691B1179,10810AB691B1179,15,66000,TXG,232,2316,66000060031,2,30612,2019-10-15 07:44:00,10810150744,臺中市西屯區何成里文心路三段107號,0,2,111,112,120,50,137,147,163,172,176,181,188,192,196,201,210,215,218,234,0.0,0.0,2020-09-10 09:38:13,2019-10-15 07:44:00,2019-10-15
9453608,10810AB691B1186,10810AB691B1186,15,66000,TXG,232,2372,66000060020,2,30612,2019-10-15 06:50:00,10810150650,臺中市西屯區協和里工業區三路8號,0,2,111,112,120,50,137,149,163,172,176,181,188,192,196,205,210,216,218,230,0.0,0.0,2020-09-10 09:38:13,2019-10-15 06:50:00,2019-10-15
9454440,10810AB491B0628,10810AB491B0628,15,66000,TXG,13,2326,66000070002,2,30594,2019-10-15 21:50:00,10810152150,臺中市南屯區豐樂里文心南六路近豐富路附近近豐富路,0,1,110,114,120,50,127,142,163,172,176,181,188,189,193,205,211,215,218,236,0.0,0.0,2020-09-10 09:38:13,2019-10-15 21:50:00,2019-10-15
9453965,10810AB591B0813,10810AB591B0813,15,66000,TXG,233,2401,66000080009,2,30602,2019-10-15 11:59:00,10810151159,臺中市北屯區軍功里軍功路二段167號,0,1,111,112,120,50,137,147,163,172,176,181,188,192,196,201,210,215,218,221,24.179545978368,120.719580839975,2020-09-10 09:38:13,2019-10-15 11:59:00,2019-10-15
9454204,10810ABB91B2731,10810ABB91B2731,15,66000,TXG,286,2503,66000110024,2,31061,2019-10-15 17:23:00,10810151723,臺中市大甲區日南里幼獅路幼二路,0,1,111,112,120,50,126,142,163,172,176,181,188,189,193,201,211,216,218,231,24.4071263735571,120.647852461547,2020-09-10 09:38:13,2019-10-15 17:23:00,2019-10-15
9454078,10810AB891B1505,10810AB891B1505,15,66000,TXG,245,2185,66000260002,2,31010,2019-10-15 15:18:00,10810151518,臺中市霧峰區吉峰里吉峰東路73巷,0,2,111,113,120,30,134,149,163,172,176,181,188,192,196,206,211,216,218,234,0.0,0.0,2020-09-10 09:38:13,2019-10-15 15:18:00,2019-10-15
9454032,10810AB191B0183,10810AB191B0183,15,66000,TXG,230,2556,66000040011,2,30566,2019-10-15 13:47:00,10810151347,臺中市西區民龍里西屯路一段196號,0,1,111,112,120,40,127,149,163,172,176,179,186,192,196,201,211,216,218,229,24.1529479306809,120.670826539563,2020-09-10 09:38:13,2019-10-15 13:47:00,2019-10-15
9453971,10810AB794B3027,10810AB794B3027,15,66000,TXG,238,2043,66000160007,2,30624,2019-10-15 12:04:00,10810151204,臺中市神岡區三角里大豐路四段365號,0,1,111,112,120,50,126,141,163,172,176,181,188,192,196,200,211,215,218,234,24.2390521021585,120.695529404293,2020-09-10 09:38:13,2019-10-15 12:04:00,2019-10-15
9454053,10810AB691B1181,10810AB691B1181,15,66000,TXG,232,2005,66000060006,2,30612,2019-10-15 14:30:00,10810151430,臺中市西屯區上石里至善路101巷,0,1,111,112,120,50,127,141,163,172,176,181,188,192,196,206,211,216,218,234,24.1752750609668,120.642358313426,2020-09-10 09:38:13,2019-10-15 14:30:00,2019-10-15
9454124,10810AB291B0288,10810AB291B0288,15,66000,TXG,231,2343,66000050001,2,30575,2019-10-15 16:16:00,10810151616,臺中市北區光大里公園路與光大街口附近與光大街口,0,1,111,112,120,40,127,141,163,172,176,181,188,189,193,206,211,216,218,236,24.1505234438533,120.677547885756,2020-09-10 09:38:13,2019-10-15 16:16:00,2019-10-15
9454145,10810AB691B1184,10810AB691B1184,15,66000,TXG,232,2367,66000060015,2,30612,2019-10-15 16:38:00,10810151638,臺中市西屯區港尾里中清路三段336號,0,1,111,112,120,50,126,147,163,172,176,181,188,190,193,197,210,215,218,234,24.2047197456238,120.652877339763,2020-09-10 09:38:13,2019-10-15 16:38:00,2019-10-15
9454014,10810AB191B0129,10810AB191B0129,15,66000,TXG,230,2333,66000040016,2,30566,2019-10-15 13:20:00,10810151320,臺中市西區忠明里健行路博館路,0,1,111,112,120,40,127,141,163,172,176,181,188,189,193,206,211,216,218,231,24.1575888560464,120.663884185327,2020-09-10 09:38:13,2019-10-15 13:20:00,2019-10-15
9454350,10810AB795B3026,10810AB795B3026,15,66000,TXG,240,2094,66000180015,2,30625,2019-10-15 19:32:00,10810151932,臺中市大雅區雅楓里民生路三段60號,0,1,111,114,120,50,126,141,163,172,176,181,188,192,196,201,210,216,217,235,24.2306505764224,120.657628871258,2020-09-10 09:38:13,2019-10-15 19:32:00,2019-10-15
9454025,10810AB995B2115,10810AB995B2115,15,66000,TXG,288,2177,66000250009,2,31026,2019-10-15 13:36:00,10810151336,臺中市龍井區忠和里工業路166號,0,1,111,112,120,50,137,149,163,172,176,181,188,192,196,205,211,216,217,230,0.0,0.0,2020-09-10 09:38:13,2019-10-15 13:36:00,2019-10-15
9453666,10810ABA93B2480,10810ABA93B2480,15,66000,TXG,311,216,66000120015,2,31044,2019-10-15 07:35:00,10810150735,臺中市清水區海濱里港埠路四段P154號橋墩往北附近P154號橋墩往北,0,1,111,113,120,60,137,148,163,172,176,181,188,192,196,197,210,215,218,230,24.2802794366974,120.548613513442,2020-09-10 09:38:13,2019-10-15 07:35:00,2019-10-15
9454027,10810AB996B2117,10810AB996B2117,15,66000,TXG,288,2184,66000250016,2,31027,2019-10-15 13:39:00,10810151339,臺中市龍井區東海里遊園北路178巷口附近口,0,3,111,112,120,50,126,141,163,172,176,181,188,192,196,206,211,216,218,230,24.1891103908564,120.586835200306,2020-09-10 09:38:13,2019-10-15 13:39:00,2019-10-15
9453746,10810AB891B1499,10810AB891B1499,15,66000,TXG,245,2195,66000260013,2,31010,2019-10-15 08:07:00,10810150807,臺中市霧峰區五福里中投公路南下5.2公里附近南下5.2公里,0,1,111,112,120,70,137,147,163,172,176,181,188,192,196,197,210,216,217,231,0.0,0.0,2020-09-10 09:38:13,2019-10-15 08:07:00,2019-10-15
9453863,10810ABB93B2729,10810ABB93B2729,15,66000,TXG,237,2554,66000150009,2,31062,2019-10-15 09:41:00,10810150941,臺中市后里區墩北里文化路與文化路52巷口附近與文化路52巷口,0,2,111,112,120,40,127,141,163,172,176,181,188,192,196,206,211,216,218,233,0.0,0.0,2020-09-10 09:38:13,2019-10-15 09:41:00,2019-10-15
9453703,10810AB793B3022,10810AB793B3022,15,66000,TXG,239,2561,66000170001,2,30623,2019-10-15 07:49:00,10810150749,臺中市潭子區潭陽里潭子街二段66號,0,1,111,112,120,50,137,149,163,172,176,181,188,192,196,205,209,216,217,230,24.2126442278569,120.706984985056,2020-09-10 09:38:13,2019-10-15 07:49:00,2019-10-15
9454083,10810AB993B2124,10810AB993B2124,15,66000,TXG,14,2151,66000230014,2,31024,2019-10-15 15:24:00,10810151524,臺中市烏日區北里里環中路八段路燈11395附近路燈11395,0,1,111,112,120,60,137,148,163,172,176,181,188,192,196,205,210,215,218,231,0.0,0.0,2020-09-10 09:38:13,2019-10-15 15:24:00,2019-10-15
9454213,10810ABB91B2733,10810ABB91B2733,15,66000,TXG,286,2494,66000110015,2,31061,2019-10-15 17:28:00,10810151728,臺中市大甲區武曲里文曲路東安路,0,1,111,112,120,50,127,141,163,172,176,181,188,189,193,206,211,216,218,234,24.3341413104636,120.597737224716,2020-09-10 09:38:13,2019-10-15 17:28:00,2019-10-15
9453889,10810AB591B0811,10810AB591B0811,15,66000,TXG,233,2017,66000080018,2,30602,2019-10-15 10:07:00,10810151007,臺中市北屯區仁美里昌平東六路與豐美二街口附近與豐美二街口,0,1,111,112,120,50,137,147,163,172,176,181,188,191,193,201,210,215,218,230,24.1941724673806,120.690546732786,2020-09-10 09:38:13,2019-10-15 10:07:00,2019-10-15
9454090,10810ABC91B1944,10810ABC91B1944,15,66000,TXG,246,2212,66000270013,2,31077,2019-10-15 15:37:00,10810151537,臺中市太平區新福里中山路四段96巷2弄25號,0,2,111,112,120,30,137,149,163,172,176,181,188,192,196,206,211,216,218,228,0.0,0.0,2020-09-10 09:38:13,2019-10-15 15:37:00,2019-10-15
9454109,10810AB491B0627,10810AB491B0627,15,66000,TXG,13,2376,66000070008,2,30594,2019-10-15 16:00:00,10810151600,臺中市南屯區新生里五權西路二段與環中路口附近與環中路口,0,1,111,112,120,50,127,142,163,172,176,181,188,190,193,197,208,216,218,231,24.1496490458033,120.623494623418,2020-09-10 09:38:13,2019-10-15 16:00:00,2019-10-15
9453749,10810ABC91B1936,10810ABC91B1936,15,66000,TXG,246,2212,66000270013,2,31077,2019-10-15 08:08:00,10810150808,臺中市太平區新福里中山路四段186號,0,1,111,112,120,50,137,147,163,172,176,181,188,192,196,201,210,215,218,231,24.1481306059101,120.702801378477,2020-09-10 09:38:13,2019-10-15 08:08:00,2019-10-15
9454286,10810AB291B0290,10810AB291B0290,15,66000,TXG,231,2358,66000050016,2,30575,2019-10-15 18:20:00,10810151820,臺中市北區賴村里健行路508號,0,2,111,114,120,50,137,147,163,172,176,181,188,192,196,201,211,216,218,235,24.1591425551252,120.679442257774,2020-09-10 09:38:13,2019-10-15 18:20:00,2019-10-15
9453684,10810AB795B3019,10810AB795B3019,15,66000,TXG,240,2089,66000180008,2,30625,2019-10-15 07:42:00,10810150742,臺中市大雅區西寶里昌平路四段前村東路,0,2,111,112,120,50,127,141,163,172,176,181,188,189,193,204,211,215,217,231,24.2243207267593,120.66993384381,2020-09-10 09:38:13,2019-10-15 07:42:00,2019-10-15
9453983,10810AB891B1501,10810AB891B1501,15,66000,TXG,247,2258,66000280017,2,31010,2019-10-15 12:15:00,10810151215,臺中市大里區瑞城里中興路一段134號附近134號,0,1,111,112,120,50,137,153,163,172,176,181,188,192,196,197,210,215,217,235,24.0895625099148,120.694300646067,2020-09-10 09:38:13,2019-10-15 12:15:00,2019-10-15
9453931,10810AB891B1500,10810AB891B1500,15,66000,TXG,245,2194,66000260012,2,31010,2019-10-15 11:02:00,10810151102,臺中市霧峰區四德里中投東路二段256號附近256號,0,2,111,112,120,30,138,162,163,172,176,181,188,192,196,206,211,216,218,235,24.0727824625727,120.663193159938,2020-09-10 09:38:13,2019-10-15 11:02:00,2019-10-15
9454211,10810AB795B3023,10810AB795B3023,15,66000,TXG,240,2087,66000180006,2,30625,2019-10-15 17:27:00,10810151727,臺中市大雅區橫山里通山路32-5號,0,1,111,112,120,40,134,149,163,172,176,181,188,192,196,206,211,216,218,235,0.0,0.0,2020-09-10 09:38:13,2019-10-15 17:27:00,2019-10-15
9454423,10810ABA93B2454,10810ABA93B2454,15,66000,TXG,311,2510,66000120030,2,31044,2019-10-15 21:26:00,10810152126,臺中市清水區楊厝里楊厝二街石碴幹95附近石碴幹95,0,1,111,114,120,30,137,149,163,172,176,181,188,192,196,206,211,216,218,236,24.2864585555979,120.606940490643,2020-09-10 09:38:13,2019-10-15 21:26:00,2019-10-15
9454281,10810A2AZKB0050,10810A2AZKB0050,15,66000,TXG,232,0,66000060000,2,28839,2019-10-15 18:16:00,10810151816,臺中市西屯區科園南路附近R10路燈前,0,1,111,114,120,50,137,149,163,172,176,181,188,192,196,201,210,216,217,230,0.0,0.0,2020-09-10 09:38:13,2019-10-15 18:16:00,2019-10-15
9453982,10810ABA95B2574,10810ABA95B2574,15,66000,TXG,236,2523,66000130011,2,31046,2019-10-15 12:13:00,10810151213,臺中市沙鹿區北勢里北勢東路北英路,0,2,111,112,120,50,126,141,163,172,176,181,188,192,196,206,211,216,218,235,24.2274022977597,120.574784315217,2020-09-10 09:38:13,2019-10-15 12:13:00,2019-10-15
9453756,10810AB996B2112,10810AB996B2112,15,66000,TXG,288,2183,66000250015,2,31027,2019-10-15 08:13:00,10810150813,臺中市龍井區新東里臺灣大道五段89號,0,2,111,112,120,40,137,148,163,172,176,181,188,192,196,197,210,212,217,230,24.1840450394488,120.590229023251,2020-09-10 09:38:13,2019-10-15 08:13:00,2019-10-15
9454116,10810ABA93B2451,10810ABA93B2451,15,66000,TXG,311,0,66000120000,2,31044,2019-10-15 16:07:00,10810151607,臺中市清水區西濱快速道路P215北上附近P215北上,0,1,111,112,120,80,137,147,163,172,176,181,188,192,196,197,210,216,217,231,0.0,0.0,2020-09-10 09:38:13,2019-10-15 16:07:00,2019-10-15
9453728,10810AB995B2114,10810AB995B2114,15,66000,TXG,288,2175,66000250007,2,31026,2019-10-15 07:59:00,10810150759,臺中市龍井區龍津里中圳路路燈72區402363附近路燈72區402363,0,1,111,112,120,50,137,149,163,172,176,181,188,192,196,201,211,216,217,231,0.0,0.0,2020-09-10 09:38:13,2019-10-15 07:59:00,2019-10-15
9453917,10810AB691B1183,10810AB691B1183,15,66000,TXG,232,2310,66000060025,2,30612,2019-10-15 10:42:00,10810151042,臺中市西屯區何南里大墩二十街大墩路,0,1,111,112,120,50,127,141,163,172,176,181,188,189,193,205,210,216,218,231,24.1596855175728,120.652450636443,2020-09-10 09:38:13,2019-10-15 10:42:00,2019-10-15
9453922,10810AB891B1503,10810AB891B1503,15,66000,TXG,247,2238,66000280002,2,31010,2019-10-15 10:46:00,10810151046,臺中市大里區新里里大里路493號,0,2,111,112,120,40,126,141,163,172,176,181,188,192,196,206,211,216,218,234,0.0,0.0,2020-09-10 09:38:13,2019-10-15 10:46:00,2019-10-15
9454323,10810AB291B0340,10810AB291B0340,15,66000,TXG,231,2343,66000050001,2,30575,2019-10-15 18:59:00,10810151859,臺中市北區光大里五權路公園路附近公園路,0,1,111,114,120,50,137,149,163,172,176,181,188,192,196,201,210,216,218,230,24.1512163210007,120.677314176942,2020-09-10 09:38:13,2019-10-15 18:59:00,2019-10-15
9453970,10810AB191B0128,10810AB191B0128,15,66000,TXG,230,0,66000040000,2,30566,2019-10-15 12:03:00,10810151203,臺中市西區南屯路五權西四街,0,1,111,112,120,50,128,141,163,172,176,181,188,189,193,206,211,216,218,233,24.1321741295563,120.662624315496,2020-09-10 09:38:13,2019-10-15 12:03:00,2019-10-15
9454185,10810AB191B0131,10810AB191B0131,15,66000,TXG,230,2556,66000040011,2,30566,2019-10-15 17:13:00,10810151713,臺中市西區民龍里英才路公正路附近公正路,0,2,111,112,120,50,127,141,163,172,176,181,188,189,193,206,211,216,218,235,24.1490202317229,120.665283492283,2020-09-10 09:38:13,2019-10-15 17:13:00,2019-10-15
9454197,10810AB591B0814,10810AB591B0814,15,66000,TXG,233,2406,66000080034,2,30602,2019-10-15 17:20:00,10810151720,臺中市北屯區北京里太原路三段300號,0,1,111,112,120,50,137,147,163,172,176,181,188,192,196,205,211,215,218,234,24.1649473752399,120.691769377706,2020-09-10 09:38:13,2019-10-15 17:20:00,2019-10-15
9454304,10810AB994B2118,10810AB994B2118,15,66000,TXG,244,2158,66000240007,2,31025,2019-10-15 18:30:00,10810151830,臺中市大肚區大東里自由路華南路,0,1,111,114,120,70,127,141,163,172,176,181,188,190,193,206,211,216,218,234,24.1520668445768,120.548896474808,2020-09-10 09:38:13,2019-10-15 18:30:00,2019-10-15
9454371,10810AB993B2122,10810AB993B2122,15,66000,TXG,14,2141,66000230002,2,31024,2019-10-15 20:10:00,10810152010,臺中市烏日區湖日里環河路三段與臺74線平面道路口附近與臺74線平面道路口,0,1,111,112,120,50,128,141,163,172,176,181,188,189,193,206,211,216,218,234,0.0,0.0,2020-09-10 09:38:13,2019-10-15 20:10:00,2019-10-15
9454383,10810AB591B0815,10810AB591B0815,15,66000,TXG,233,2411,66000080039,2,30602,2019-10-15 20:30:00,10810152030,臺中市北屯區平興里興安路二段66號,0,1,111,114,120,50,137,148,163,172,176,181,188,192,196,201,211,215,218,230,24.1766060017944,120.69480050448,2020-09-10 09:38:13,2019-10-15 20:30:00,2019-10-15
9453865,10810ABA94B2519,10810ABA94B2519,15,66000,TXG,312,2596,66000140008,2,31045,2019-10-15 09:43:00,10810150943,臺中市梧棲區南簡里長春路100巷長春路,0,2,111,112,120,50,127,141,163,172,176,181,188,191,193,206,211,216,218,234,24.2569349099211,120.560116634849,2020-09-10 09:38:13,2019-10-15 09:43:00,2019-10-15
9453899,10810ABA93B2450,10810ABA93B2450,15,66000,TXG,311,1986,66000120027,2,31044,2019-10-15 10:16:00,10810151016,臺中市清水區橋頭里019鄰中華路近五權路口附近近五權路口,0,1,111,112,120,70,137,147,163,172,176,181,188,189,193,205,210,215,217,231,0.0,0.0,2020-09-10 09:38:13,2019-10-15 10:16:00,2019-10-15
9454182,10810AB795B3028,10810AB795B3028,15,66000,TXG,240,2278,66000180014,2,30625,2019-10-15 17:10:00,10810151710,臺中市大雅區大楓里前村路德勝路,0,1,111,112,120,40,127,141,163,172,176,181,188,189,193,206,211,216,218,235,24.2292900230548,120.665701260368,2020-09-10 09:38:13,2019-10-15 17:10:00,2019-10-15
9454220,10810ABD91B2833,10810ABD91B2833,15,66000,TXG,241,2103,66000190009,2,31087,2019-10-15 17:30:00,10810151730,臺中市新社區協成里協中街189號(東興所)附近(東興所),0,2,111,114,120,50,126,141,163,172,176,181,188,192,196,206,211,216,218,235,24.1942283785953,120.806547568152,2020-09-10 09:38:13,2019-10-15 17:30:00,2019-10-15
9453766,10810AB691B1182,10810AB691B1182,15,66000,TXG,232,2310,66000060025,2,30612,2019-10-15 08:19:00,10810150819,臺中市西屯區何南里東興路精明路,0,1,111,112,120,50,127,141,163,172,176,181,188,189,193,205,210,216,218,234,24.1581011725322,120.655355337929,2020-09-10 09:38:13,2019-10-15 08:19:00,2019-10-15
9454465,10810AB996B2121,10810AB996B2121,15,66000,TXG,244,2166,66000240015,2,31027,2019-10-15 22:36:00,10810152236,臺中市大肚區瑞井里遊園路一段華南路,0,1,111,114,120,50,128,141,163,172,176,181,188,190,193,206,211,216,218,236,24.1557632861519,120.57234625496,2020-09-10 09:38:13,2019-10-15 22:36:00,2019-10-15
9453934,10810AB996B2116,10810AB996B2116,15,66000,TXG,288,0,66000250000,2,31027,2019-10-15 11:06:00,10810151106,臺中市龍井區遊園南路270巷與新興路129巷口附近與新興路129巷口,0,3,111,112,120,40,126,142,163,172,176,181,188,192,196,206,211,216,218,230,0.0,0.0,2020-09-10 09:38:13,2019-10-15 11:06:00,2019-10-15
9454070,10810AB491B0626,10810AB491B0626,15,66000,TXG,13,2327,66000070003,2,30594,2019-10-15 15:00:00,10810151500,臺中市南屯區楓樹里黎明路一段95號,0,1,111,112,120,40,126,148,163,172,176,181,188,189,193,205,211,214,218,236,24.1142159034173,120.625977865654,2020-09-10 09:38:13,2019-10-15 15:00:00,2019-10-15
9453710,10810AB891B1502,10810AB891B1502,15,66000,TXG,247,2238,66000280002,2,31010,2019-10-15 07:51:00,10810150751,臺中市大里區新里里中投西路三段669號,0,1,111,112,120,40,137,149,163,172,176,181,188,192,196,197,211,215,217,230,0.0,0.0,2020-09-10 09:38:13,2019-10-15 07:51:00,2019-10-15
9455049,10810AB291B0303,10810AB291B0303,15,66000,TXG,231,1995,66000050032,2,30575,2019-10-16 15:16:00,10810161516,臺中市北區賴旺里北平路二段與北平路二段64巷口附近與北平路二段64巷口,0,2,111,112,120,50,127,141,163,172,176,179,188,192,196,206,211,216,218,235,0.0,0.0,2020-09-10 09:38:13,2019-10-16 15:16:00,2019-10-16
9454711,10810AB891B1531,10810AB891B1531,15,66000,TXG,247,2255,66000280014,2,31010,2019-10-16 08:37:00,10810160837,臺中市大里區仁化里仁愛路與成功二路附近與成功二路,0,2,111,112,120,30,128,141,163,172,176,181,188,192,196,206,211,216,218,233,24.0977172729154,120.703992691894,2020-09-10 09:38:13,2019-10-16 08:37:00,2019-10-16
9455435,10810AB891B1529,10810AB891B1529,15,66000,TXG,247,2253,66000280012,2,31010,2019-10-16 22:20:00,10810162220,臺中市大里區大元里大里橋路路燈20003前附近路燈20003前,0,3,111,114,120,40,137,148,163,172,176,181,188,192,196,197,208,216,217,235,0.0,0.0,2020-09-10 09:38:13,2019-10-16 22:20:00,2019-10-16
9455083,10810AB491B0630,10810AB491B0630,15,66000,TXG,13,2376,66000070008,2,30594,2019-10-16 15:50:00,10810161550,臺中市南屯區新生里五權西路二段與環中路口附近與環中路口,0,1,111,112,120,50,127,141,163,172,176,181,188,190,193,206,211,216,218,234,24.1496490458033,120.623494623418,2020-09-10 09:38:13,2019-10-16 15:50:00,2019-10-16
9455031,10810ABC91B1948,10810ABC91B1948,15,66000,TXG,246,2202,66000270003,2,31077,2019-10-16 15:00:00,10810161500,臺中市太平區中平里中平九街128巷5號,0,1,111,112,120,50,137,149,163,172,176,181,188,192,196,201,211,216,218,236,0.0,0.0,2020-09-10 09:38:13,2019-10-16 15:00:00,2019-10-16
9454834,10810AB291B0296,10810AB291B0296,15,66000,TXG,231,1990,66000050027,2,30575,2019-10-16 10:56:00,10810161056,臺中市北區六合里臺灣大道一段680號,0,1,111,112,120,50,137,149,163,172,176,181,188,192,196,206,211,216,218,244,24.1464348564346,120.674938262689,2020-09-10 09:38:13,2019-10-16 10:56:00,2019-10-16
9454638,10810ABB93B2736,10810ABB93B2736,15,66000,TXG,237,2551,66000150006,2,31062,2019-10-16 07:50:00,10810160750,臺中市后里區墩東里三豐路三段931號,0,2,111,112,120,40,127,141,163,172,176,181,188,192,196,206,211,216,218,233,0.0,0.0,2020-09-10 09:38:13,2019-10-16 07:50:00,2019-10-16
9454540,10810AB994B2127,10810AB994B2127,15,66000,TXG,244,2155,66000240003,2,31025,2019-10-16 06:50:00,10810160650,臺中市大肚區福山里沙田路一段405號,0,1,111,112,120,40,137,153,163,172,176,181,188,192,196,197,210,215,217,235,0.0,0.0,2020-09-10 09:38:13,2019-10-16 06:50:00,2019-10-16
9455103,10810AB891B1510,10810AB891B1510,15,66000,TXG,247,2250,66000280009,2,31010,2019-10-16 16:12:00,10810161612,臺中市大里區東昇里鐵路街266巷15號,0,1,111,112,120,40,137,149,163,172,176,181,188,192,196,206,211,216,217,245,0.0,0.0,2020-09-10 09:38:13,2019-10-16 16:12:00,2019-10-16
9454781,10810AB891B1624,10810AB891B1624,15,66000,TXG,245,2186,66000260003,2,31010,2019-10-16 09:49:00,10810160949,臺中市霧峰區甲寅里民生路與僑榮路口附近與僑榮路口,0,2,111,112,120,50,126,141,163,172,176,181,188,189,193,206,211,216,218,231,24.0700417735267,120.702625899596,2020-09-10 09:38:13,2019-10-16 09:49:00,2019-10-16
9455011,10810AB291B0299,10810AB291B0299,15,66000,TXG,231,0,66000050000,2,30575,2019-10-16 14:42:00,10810161442,臺中市北區進化路與國泰街附近與國泰街,0,1,111,112,120,50,126,141,163,172,176,181,188,190,193,206,211,216,218,233,24.1598783700523,120.694342046006,2020-09-10 09:38:13,2019-10-16 14:42:00,2019-10-16
9454947,10810AB691B1194,10810AB691B1194,15,66000,TXG,232,2366,66000060014,2,30612,2019-10-16 13:05:00,10810161305,臺中市西屯區大鵬里長安路二段64號,0,1,111,112,120,50,137,149,163,172,176,181,188,192,196,205,211,216,218,236,24.1734559995478,120.664232048141,2020-09-10 09:38:13,2019-10-16 13:05:00,2019-10-16
9455068,10810AB691B1192,10810AB691B1192,15,66000,TXG,232,2003,66000060004,2,30612,2019-10-16 15:36:00,10810161536,臺中市西屯區龍潭里臺灣大道四段5巷涵洞附近涵洞,0,1,111,112,120,30,134,149,163,172,176,181,188,192,196,206,211,216,218,230,0.0,0.0,2020-09-10 09:38:13,2019-10-16 15:36:00,2019-10-16
9455172,10810AB793B3036,10810AB793B3036,15,66000,TXG,239,2569,66000170009,2,30623,2019-10-16 17:28:00,10810161728,臺中市潭子區大豐里潭富路三段崇德路五段,0,1,111,112,120,30,127,141,163,172,176,181,188,189,193,206,211,216,218,221,0.0,0.0,2020-09-10 09:38:13,2019-10-16 17:28:00,2019-10-16
9454865,10810ABA94B2564,10810ABA94B2564,15,66000,TXG,312,2545,66000140014,2,31045,2019-10-16 11:45:00,10810161145,臺中市梧棲區永安里港埠路一段往向上路八段引道口附近往向上路八段引道口,0,1,111,112,120,40,128,141,163,172,176,181,188,189,193,206,211,216,218,234,0.0,0.0,2020-09-10 09:38:13,2019-10-16 11:45:00,2019-10-16
9455299,10810AB993B2166,10810AB993B2166,15,66000,TXG,14,2148,66000230010,2,31024,2019-10-16 18:40:00,10810161840,臺中市烏日區光明里環河路一段11857號燈桿前附近11857號燈桿前,0,1,111,114,120,60,137,147,163,172,176,181,188,189,193,197,209,212,218,230,24.0928982102177,120.645532309407,2020-09-10 09:38:13,2019-10-16 18:40:00,2019-10-16
9455361,10810AB691B1288,10810AB691B1288,15,66000,TXG,232,0,66000060000,2,30612,2019-10-16 20:00:00,10810162000,臺中市西屯區工業區二十四路11號,0,1,111,114,120,50,137,149,163,172,176,181,188,192,196,205,211,216,218,231,0.0,0.0,2020-09-10 09:38:13,2019-10-16 20:00:00,2019-10-16
9455421,10810AB291B0318,10810AB291B0318,15,66000,TXG,231,2356,66000050014,2,30575,2019-10-16 21:55:00,10810162155,臺中市北區頂厝里崇德路一段及北興街路口附近及北興街路口,0,1,111,114,120,50,137,147,163,172,176,181,188,189,193,197,210,215,218,235,0.0,0.0,2020-09-10 09:38:13,2019-10-16 21:55:00,2019-10-16
9455101,10810AB993B2136,10810AB993B2136,15,66000,TXG,14,0,66000230000,2,31024,2019-10-16 16:10:00,10810161610,臺中市烏日區溪南路一段680巷1號,0,2,111,112,120,50,128,142,163,172,176,181,188,189,193,201,210,216,217,234,0.0,0.0,2020-09-10 09:38:13,2019-10-16 16:10:00,2019-10-16
9455428,10810ABA95B2473,10810ABA95B2473,15,66000,TXG,236,2528,66000130016,2,31046,2019-10-16 22:07:00,10810162207,臺中市沙鹿區埔子里屏西路與保成路口附近與保成路口,0,2,111,114,120,50,127,141,163,172,176,181,188,189,193,197,207,215,218,235,24.2134424122582,120.570581419411,2020-09-10 09:38:13,2019-10-16 22:07:00,2019-10-16
9454690,10810AB291B0293,10810AB291B0293,15,66000,TXG,231,1999,66000050036,2,30575,2019-10-16 08:27:00,10810160827,臺中市北區賴福里進化北路416號,0,2,111,112,120,50,126,142,163,172,176,181,188,192,196,197,210,215,218,231,0.0,0.0,2020-09-10 09:38:13,2019-10-16 08:27:00,2019-10-16
9454746,10810ABC91B1946,10810ABC91B1946,15,66000,TXG,246,2231,66000270034,2,31077,2019-10-16 09:08:00,10810160908,臺中市太平區豐年里大源路10巷39號,0,1,111,112,120,30,137,149,163,172,176,181,188,192,196,206,211,216,218,229,0.0,0.0,2020-09-10 09:38:13,2019-10-16 09:08:00,2019-10-16
9455296,10810AB891B1509,10810AB891B1509,15,66000,TXG,245,2191,66000260008,2,31010,2019-10-16 18:40:00,10810161840,臺中市霧峰區本堂里中正路738-4號,0,2,111,112,120,50,127,142,163,172,176,181,188,192,196,201,208,215,218,230,0.0,0.0,2020-09-10 09:38:13,2019-10-16 18:40:00,2019-10-16
9454643,10810AB993B2125,10810AB993B2125,15,66000,TXG,14,2151,66000230014,2,31024,2019-10-16 07:52:00,10810160752,臺中市烏日區北里里溪南路三段345巷口附近口,0,1,111,112,120,40,128,141,163,172,176,181,188,192,196,206,211,216,217,233,24.049323306819,120.651376335993,2020-09-10 09:38:13,2019-10-16 07:52:00,2019-10-16