識別碼,案件編號,交通事故主表,縣市識別碼,縣市代碼,所屬縣市簡碼,鄉縣市區識別碼,村里識別碼,里代碼,事故類(A1、A2...An),處理單位代碼,案件時間(西元),案件時間(民國),發生地點,死亡人數,受傷人數(含2~30日內死亡),天氣識別碼,光線識別碼,道路類別識別碼,速限,道路型態識別碼,事故位置識別碼,路面鋪裝識別碼,路面狀態識別碼,路面缺陷識別碼,障礙物視距識別碼,視距識別碼,號誌種類識別碼,號誌動作識別碼,車道劃分設施-分向設施識別碼,快車道或一般車道間識別碼,快慢車道間識別碼,路面邊線識別碼,事故類型及型態識別碼,緯度,經度,本平台資料更新時間(yyyy-MM-dd HH:mm:ss),資料代表時間(yyyy-MM-dd HH:mm:ss),資料代表日期(yyyy-MM-dd)
9454550,10810AB996B2123,10810AB996B2123,15,66000,TXG,288,2184,66000250016,2,31027,2019-10-16 06:58:00,10810160658,臺中市龍井區東海里遊園北路與遊園北路24巷口附近與遊園北路24巷口,0,3,111,112,120,40,126,141,163,172,176,181,188,192,196,206,211,216,218,234,0.0,0.0,2020-09-10 09:38:13,2019-10-16 06:58:00,2019-10-16
9455331,10810A2AZKB0059,10810A2AZKB0059,15,66000,TXG,232,0,66000060000,2,28839,2019-10-16 19:15:00,10810161915,臺中市西屯區東大路R26路燈附近附近,0,1,110,114,120,40,137,151,163,172,176,181,188,192,196,197,208,212,217,231,0.0,0.0,2020-09-10 09:38:13,2019-10-16 19:15:00,2019-10-16
9454777,10810AB691B0012,10810AB691B0012,15,66000,TXG,232,2316,66000060031,2,30612,2019-10-16 09:45:00,10810160945,臺中市西屯區何成里大隆路大容西街,0,2,111,112,120,50,127,141,163,172,176,181,188,189,193,201,211,215,218,230,24.158179945948,120.649479734708,2020-09-10 09:38:13,2019-10-16 09:45:00,2019-10-16
9454973,10810AB891B1532,10810AB891B1532,15,66000,TXG,247,2258,66000280017,2,31010,2019-10-16 13:41:00,10810161341,臺中市大里區瑞城里美群路與美群路62巷附近與美群路62巷,0,3,111,112,120,50,126,141,163,172,176,181,188,189,193,206,211,216,218,235,0.0,0.0,2020-09-10 09:38:13,2019-10-16 13:41:00,2019-10-16
9454944,10810ABC91B1957,10810ABC91B1957,15,66000,TXG,246,2219,66000270022,2,31077,2019-10-16 13:02:00,10810161302,臺中市太平區成功里成功東路280巷成功路,0,1,111,112,120,30,127,141,163,172,176,181,188,192,196,206,211,216,218,233,24.1298447042376,120.723842217011,2020-09-10 09:38:13,2019-10-16 13:02:00,2019-10-16
9455284,10810AB591B0823,10810AB591B0823,15,66000,TXG,233,2027,66000080028,2,30602,2019-10-16 18:33:00,10810161833,臺中市北屯區平德里天津路三段89號對面附近對面,0,2,111,114,120,40,137,153,163,172,176,181,188,192,196,205,211,215,218,235,24.1696481100012,120.681939963199,2020-09-10 09:38:13,2019-10-16 18:33:00,2019-10-16
9455064,10810AB891B1507,10810AB891B1507,15,66000,TXG,247,2242,66000280006,2,31010,2019-10-16 15:35:00,10810161535,臺中市大里區日新里吉隆路9巷2號,0,1,111,112,120,40,126,141,163,172,176,181,188,192,196,206,211,216,218,232,24.118365813913,120.690225899336,2020-09-10 09:38:13,2019-10-16 15:35:00,2019-10-16
9455169,10810ABB93B2739,10810ABB93B2739,15,66000,TXG,237,2560,66000150014,2,31062,2019-10-16 17:23:00,10810161723,臺中市后里區眉山里甲后路二段安眉路,0,1,111,113,120,50,128,141,163,172,176,181,188,190,193,201,210,216,217,234,24.3150748572839,120.685609563485,2020-09-10 09:38:13,2019-10-16 17:23:00,2019-10-16
9454637,10810AB891B1626,10810AB891B1626,15,66000,TXG,247,2255,66000280014,2,31010,2019-10-16 07:50:00,10810160750,臺中市大里區仁化里善化路169號,0,3,111,112,120,50,126,141,163,172,176,181,188,192,196,206,211,216,218,235,24.0998414080728,120.701437918289,2020-09-10 09:38:13,2019-10-16 07:50:00,2019-10-16
9455255,10810AB591B0821,10810AB591B0821,15,66000,TXG,233,0,66000080000,2,30602,2019-10-16 18:20:00,10810161820,臺中市北屯區太原路三段1513號,0,1,111,114,120,40,137,148,163,172,176,181,188,192,196,197,210,212,218,245,0.0,0.0,2020-09-10 09:38:13,2019-10-16 18:20:00,2019-10-16
9455270,10810AB291B0304,10810AB291B0304,15,66000,TXG,231,1992,66000050029,2,30575,2019-10-16 18:27:00,10810161827,臺中市北區錦平里三民路三段與錦平街口附近與錦平街口,0,2,111,114,120,50,126,141,163,172,176,181,188,192,196,206,211,216,218,235,24.1515239762487,120.684782186974,2020-09-10 09:38:13,2019-10-16 18:27:00,2019-10-16
9455446,10810AB891B1513,10810AB891B1513,15,66000,TXG,247,2253,66000280012,2,31010,2019-10-16 22:50:00,10810162250,臺中市大里區大元里立元一橋往十九甲方向附近往十九甲方向,0,2,111,114,120,40,131,148,163,172,176,181,188,192,196,199,210,215,217,231,0.0,0.0,2020-09-10 09:38:13,2019-10-16 22:50:00,2019-10-16
9454864,10810ABA95B2459,10810ABA95B2459,15,66000,TXG,236,2527,66000130015,2,31046,2019-10-16 11:45:00,10810161145,臺中市沙鹿區南勢里南斗路13巷與鎮南路一段369巷口附近與鎮南路一段369巷口,0,2,111,112,120,50,127,141,167,172,176,181,188,192,196,206,211,216,218,235,0.0,0.0,2020-09-10 09:38:13,2019-10-16 11:45:00,2019-10-16
9455319,10810AB995B2132,10810AB995B2132,15,66000,TXG,288,2169,66000250001,2,31026,2019-10-16 19:00:00,10810161900,臺中市龍井區竹坑里中華路一段101巷中華路一段,0,1,111,114,120,70,127,141,163,172,176,181,188,191,193,206,211,216,218,233,24.1808501998722,120.543763468276,2020-09-10 09:38:13,2019-10-16 19:00:00,2019-10-16
9454922,10810AB996B2129,10810AB996B2129,15,66000,TXG,288,2181,66000250013,2,31027,2019-10-16 12:35:00,10810161235,臺中市龍井區新庄里新庄街一段與遊園南路100巷口附近與遊園南路100巷口,0,1,111,112,120,40,126,141,163,172,176,181,188,192,196,206,211,216,218,234,0.0,0.0,2020-09-10 09:38:13,2019-10-16 12:35:00,2019-10-16
9454624,10810ABC91B1979,10810ABC91B1979,15,66000,TXG,246,2209,66000270010,2,31077,2019-10-16 07:46:00,10810160746,臺中市太平區光華里環太東路456號,0,1,111,112,120,50,137,149,163,172,176,181,188,192,196,205,211,216,218,235,24.1572483517005,120.728897132494,2020-09-10 09:38:13,2019-10-16 07:46:00,2019-10-16
9454885,10810AB7V1B3032,10810AB7V1B3032,15,66000,TXG,239,2566,66000170006,2,31004,2019-10-16 11:57:00,10810161157,臺中市潭子區甘蔗里勝利路251號,0,2,111,112,120,50,137,149,163,172,176,181,188,192,196,201,210,216,217,231,24.2124768490472,120.700374068552,2020-09-10 09:38:13,2019-10-16 11:57:00,2019-10-16
9454738,10810AB795B3030,10810AB795B3030,15,66000,TXG,240,2091,66000180011,2,30625,2019-10-16 09:02:00,10810160902,臺中市大雅區四德里中山路253號前附近253號前,0,1,111,112,120,50,137,149,163,172,176,181,188,192,196,206,208,216,217,231,24.2128782859597,120.647226227639,2020-09-10 09:38:13,2019-10-16 09:02:00,2019-10-16
9454810,10810AB491B0633,10810AB491B0633,15,66000,TXG,13,2390,66000070022,2,30594,2019-10-16 10:16:00,10810161016,臺中市南屯區惠中里大墩十一街大正街,0,1,111,112,120,50,127,141,163,172,176,181,188,189,193,206,211,216,218,234,24.1488081657602,120.64544903455,2020-09-10 09:38:13,2019-10-16 10:16:00,2019-10-16
9455190,10810AB491B0635,10810AB491B0635,15,66000,TXG,13,2325,66000070001,2,30594,2019-10-16 17:40:00,10810161740,臺中市南屯區南屯里南屯路與黎明路口附近與黎明路口,0,1,111,113,120,50,127,141,163,172,176,181,188,189,193,206,211,216,217,234,24.1398336859783,120.638213953442,2020-09-10 09:38:13,2019-10-16 17:40:00,2019-10-16
9454627,10810ABA95B2456,10810ABA95B2456,15,66000,TXG,236,2526,66000130014,2,31046,2019-10-16 07:47:00,10810160747,臺中市沙鹿區六路里平等一街過洋路,0,1,111,112,120,30,127,141,163,172,176,181,188,192,196,206,211,216,218,233,24.2178554114065,120.57110950933,2020-09-10 09:38:13,2019-10-16 07:47:00,2019-10-16
9455073,10810AB891B1515,10810AB891B1515,15,66000,TXG,245,2186,66000260003,2,31010,2019-10-16 15:42:00,10810161542,臺中市霧峰區甲寅里德維街98號,0,3,111,112,120,30,127,141,163,172,176,181,188,192,196,206,211,216,218,234,24.0708393074795,120.700682587786,2020-09-10 09:38:13,2019-10-16 15:42:00,2019-10-16
9455314,10810AB794B3033,10810AB794B3033,15,66000,TXG,238,2049,66000160013,2,30624,2019-10-16 18:53:00,10810161853,臺中市神岡區圳前里神清路三民路,0,1,111,114,120,50,128,142,163,172,176,181,188,189,193,201,211,216,217,235,24.2643705073374,120.657015965753,2020-09-10 09:38:13,2019-10-16 18:53:00,2019-10-16
9455035,10810AB291B0324,10810AB291B0324,15,66000,TXG,231,1994,66000050031,2,30575,2019-10-16 15:05:00,10810161505,臺中市北區崇德里崇德路一段490號,0,1,111,112,120,50,137,147,163,172,176,181,188,192,196,197,210,215,218,236,24.1641651718816,120.685113154494,2020-09-10 09:38:13,2019-10-16 15:05:00,2019-10-16
9454571,10810AB491B0632,10810AB491B0632,15,66000,TXG,13,2384,66000070016,2,30594,2019-10-16 07:10:00,10810160710,臺中市南屯區文心里文心路大墩六街,0,1,111,112,120,50,128,141,163,172,176,181,188,190,193,197,208,216,218,235,24.1425907968883,120.646824862035,2020-09-10 09:38:13,2019-10-16 07:10:00,2019-10-16
9454809,10810AB291B0294,10810AB291B0294,15,66000,TXG,231,2357,66000050015,2,30575,2019-10-16 10:14:00,10810161014,臺中市北區賴厝里中清路一段518號,0,1,111,112,120,50,137,148,163,172,176,181,188,192,196,197,210,215,218,231,24.1656261745557,120.673739532293,2020-09-10 09:38:13,2019-10-16 10:14:00,2019-10-16
9455163,10810AB591B0820,10810AB591B0820,15,66000,TXG,233,2027,66000080028,2,30602,2019-10-16 17:15:00,10810161715,臺中市北屯區平德里崇德路二段天津路三段,0,1,111,112,120,50,127,141,163,172,176,181,188,189,193,206,211,216,218,234,24.169454717259,120.685242704475,2020-09-10 09:38:13,2019-10-16 17:15:00,2019-10-16
9455380,10810AB491B0636,10810AB491B0636,15,66000,TXG,13,2387,66000070019,2,30594,2019-10-16 20:25:00,10810162025,臺中市南屯區大誠里大墩路大墩二街,0,1,111,114,120,50,127,141,163,172,176,181,188,189,193,206,211,216,218,234,24.1388574853374,120.649936712067,2020-09-10 09:38:13,2019-10-16 20:25:00,2019-10-16
9455137,10810ABA95B2575,10810ABA95B2575,15,66000,TXG,236,2530,66000130018,2,31046,2019-10-16 16:53:00,10810161653,臺中市沙鹿區清泉里中清路六段東大路二段,0,2,111,112,120,40,126,141,163,172,176,181,188,189,193,206,211,216,218,233,24.2440560439513,120.615096914762,2020-09-10 09:38:13,2019-10-16 16:53:00,2019-10-16
9454673,10810ABA95B2458,10810ABA95B2458,15,66000,TXG,236,2523,66000130011,2,31046,2019-10-16 08:14:00,10810160814,臺中市沙鹿區北勢里鎮政路16號,0,2,111,112,120,50,137,149,163,172,176,181,188,192,196,201,211,216,217,231,24.2348423145276,120.566194976775,2020-09-10 09:38:13,2019-10-16 08:14:00,2019-10-16
9455060,10810AB591B0819,10810AB591B0819,15,66000,TXG,233,2022,66000080023,2,30602,2019-10-16 15:31:00,10810161531,臺中市北屯區水湳里文心路三段433號,0,1,111,112,120,50,127,141,163,172,176,181,188,189,193,197,208,216,218,230,0.0,0.0,2020-09-10 09:38:13,2019-10-16 15:31:00,2019-10-16
9455166,10810ABB93B2743,10810ABB93B2743,15,66000,TXG,237,2560,66000150014,2,31062,2019-10-16 17:19:00,10810161719,臺中市后里區眉山里甲后路二段633號,0,1,111,113,120,50,126,149,163,172,176,181,188,192,196,201,211,216,217,235,24.3147215862022,120.687638982617,2020-09-10 09:38:13,2019-10-16 17:19:00,2019-10-16
9455456,10810ABA93B2464,10810ABA93B2464,15,66000,TXG,311,185,66000120002,2,31044,2019-10-16 23:30:00,10810162330,臺中市清水區靈泉里新興路12-4號,0,1,111,114,120,50,137,147,163,172,176,181,188,192,196,201,210,215,218,231,0.0,0.0,2020-09-10 09:38:13,2019-10-16 23:30:00,2019-10-16
9455130,10810ABB91B2738,10810ABB91B2738,15,66000,TXG,286,2489,66000110010,2,31061,2019-10-16 16:40:00,10810161640,臺中市大甲區南陽里中山路一段606號,0,1,111,112,120,50,137,149,163,172,176,181,188,192,196,201,211,215,218,230,24.106304314905,120.633940544319,2020-09-10 09:38:13,2019-10-16 16:40:00,2019-10-16
9455075,10810AB691B1198,10810AB691B1198,15,66000,TXG,232,2372,66000060020,2,30612,2019-10-16 15:43:00,10810161543,臺中市西屯區協和里工業區三十八路46號,0,1,111,112,120,50,127,141,163,172,176,181,188,192,196,206,211,216,218,236,24.1766643034646,120.589689609098,2020-09-10 09:38:13,2019-10-16 15:43:00,2019-10-16
9454890,10810ABA95B2460,10810ABA95B2460,15,66000,TXG,236,2515,66000130003,2,31046,2019-10-16 12:02:00,10810161202,臺中市沙鹿區沙鹿里沙田路中正街,0,1,111,112,120,50,127,141,163,172,176,181,188,189,193,206,211,216,218,234,24.2364215034036,120.559342467299,2020-09-10 09:38:13,2019-10-16 12:02:00,2019-10-16
9454854,10810ABC91B1956,10810ABC91B1956,15,66000,TXG,246,2212,66000270013,2,31077,2019-10-16 11:30:00,10810161130,臺中市太平區新福里旱溪西路二段160號,0,1,111,112,120,40,126,141,163,172,176,181,188,192,196,206,211,216,218,235,24.1519235471759,120.700481203054,2020-09-10 09:38:13,2019-10-16 11:30:00,2019-10-16
9454898,10810AB891B1519,10810AB891B1519,15,66000,TXG,247,2253,66000280012,2,31010,2019-10-16 12:12:00,10810161212,臺中市大里區大元里國光路、中興路二段附近、中興路二段,0,2,111,112,120,50,126,141,163,172,176,181,188,192,196,197,210,215,217,234,24.0949372858803,120.687441970459,2020-09-10 09:38:13,2019-10-16 12:12:00,2019-10-16
9455228,10810AB591B0822,10810AB591B0822,15,66000,TXG,233,2024,66000080025,2,30602,2019-10-16 17:57:00,10810161757,臺中市北屯區新平里中平路敦化路二段,0,1,111,114,120,40,127,141,163,172,176,181,188,189,193,206,211,216,218,234,24.185377619583,120.663438166032,2020-09-10 09:38:13,2019-10-16 17:57:00,2019-10-16
9454592,10810AB291B0292,10810AB291B0292,15,66000,TXG,231,2347,66000050005,2,30575,2019-10-16 07:30:00,10810160730,臺中市北區新北里三民路三段116號,0,1,111,112,120,50,137,147,163,172,176,181,188,189,193,197,210,216,218,235,24.1500057073189,120.684257821898,2020-09-10 09:38:13,2019-10-16 07:30:00,2019-10-16
9454576,10810ABC91B1939,10810ABC91B1939,15,66000,TXG,246,2211,66000270012,2,31077,2019-10-16 07:15:00,10810160715,臺中市太平區新光里新光路34號,0,1,111,112,120,30,126,141,163,172,176,181,188,192,196,206,211,216,218,234,24.1560217977394,120.709177678896,2020-09-10 09:38:13,2019-10-16 07:15:00,2019-10-16
9454871,10810AB993B2131,10810AB993B2131,15,66000,TXG,14,0,66000230000,2,31024,2019-10-16 11:50:00,10810161150,臺中市烏日區環中路八段839巷12號,0,1,111,112,120,50,137,149,163,172,176,181,188,192,196,205,210,216,217,232,0.0,0.0,2020-09-10 09:38:13,2019-10-16 11:50:00,2019-10-16
9454594,10810ABA94B2484,10810ABA94B2484,15,66000,TXG,312,2538,66000140006,2,31045,2019-10-16 07:30:00,10810160730,臺中市梧棲區安仁里臺灣大道九段近文化路二段附近近文化路二段,0,1,111,112,120,60,127,142,163,172,176,181,188,189,193,197,210,214,217,230,0.0,0.0,2020-09-10 09:38:13,2019-10-16 07:30:00,2019-10-16
9455345,10810A2AZKB0057,10810A2AZKB0057,15,66000,TXG,232,0,66000060000,2,28839,2019-10-16 19:35:00,10810161935,臺中市西屯區東大路一段機車道(東大路R23路燈)附近,0,5,111,114,122,40,137,151,163,172,176,181,188,192,196,197,209,212,217,231,0.0,0.0,2020-09-10 09:38:13,2019-10-16 19:35:00,2019-10-16
9455135,10810AB291B0313,10810AB291B0313,15,66000,TXG,231,2362,66000050020,2,30575,2019-10-16 16:52:00,10810161652,臺中市北區錦祥里育樂街及育強街路口附近及育強街路口,0,1,111,112,120,50,137,149,163,172,176,181,188,192,196,206,211,216,218,234,0.0,0.0,2020-09-10 09:38:13,2019-10-16 16:52:00,2019-10-16
9454848,10810ABA95B2508,10810ABA95B2508,15,66000,TXG,236,2532,66000130020,2,31046,2019-10-16 11:23:00,10810161123,臺中市沙鹿區興安里沙田路117號,0,1,111,112,120,50,137,147,163,172,176,181,188,192,196,201,211,216,218,235,24.235277988302,120.55899304715,2020-09-10 09:38:13,2019-10-16 11:23:00,2019-10-16
9455226,10810AB891B1508,10810AB891B1508,15,66000,TXG,245,2185,66000260002,2,31010,2019-10-16 17:55:00,10810161755,臺中市霧峰區吉峰里民生路292-31號,0,2,111,114,120,30,126,141,163,172,176,181,188,192,196,206,211,216,218,234,0.0,0.0,2020-09-10 09:38:13,2019-10-16 17:55:00,2019-10-16
9454579,10810AB691B1187,10810AB691B1187,15,66000,TXG,232,2006,66000060007,2,30612,2019-10-16 07:16:00,10810160716,臺中市西屯區逢甲里西屯路二段275之2號,0,1,111,112,120,50,137,147,163,172,176,181,188,192,196,201,210,215,218,234,0.0,0.0,2020-09-10 09:38:13,2019-10-16 07:16:00,2019-10-16
9454977,10810AB691B1190,10810AB691B1190,15,66000,TXG,232,2002,66000060003,2,30612,2019-10-16 13:49:00,10810161349,臺中市西屯區潮洋里臺灣大道三段687號,0,1,111,112,120,40,137,148,163,172,176,181,188,192,196,197,210,216,218,231,24.1716764697652,120.635473534087,2020-09-10 09:38:13,2019-10-16 13:49:00,2019-10-16
9455433,10810AB993B2134,10810AB993B2134,15,66000,TXG,14,2146,66000230008,2,31024,2019-10-16 22:15:00,10810162215,臺中市烏日區前竹里光明路光德路,0,1,111,114,120,50,126,141,163,172,176,181,188,189,193,206,211,216,218,235,24.101879786115,120.647997619654,2020-09-10 09:38:13,2019-10-16 22:15:00,2019-10-16
9454905,10810AB691B1188,10810AB691B1188,15,66000,TXG,232,2009,66000060010,2,30612,2019-10-16 12:20:00,10810161220,臺中市西屯區何厝里西屯路重慶路,0,1,111,112,120,50,137,147,163,172,176,181,188,192,196,201,211,216,218,231,24.1655162021522,120.655957997809,2020-09-10 09:38:13,2019-10-16 12:20:00,2019-10-16
9454909,10810AB891B1625,10810AB891B1625,15,66000,TXG,245,5908,66000260016,2,31010,2019-10-16 12:24:00,10810161224,臺中市霧峰區峰谷里峰谷路496號,0,1,111,112,120,50,126,141,163,172,176,181,188,192,196,206,211,216,218,234,0.0,0.0,2020-09-10 09:38:13,2019-10-16 12:24:00,2019-10-16
9455403,10810AB793B3038,10810AB793B3038,15,66000,TXG,239,2564,66000170004,2,30623,2019-10-16 21:18:00,10810162118,臺中市潭子區福仁里中山路二段76號,0,2,111,114,120,60,137,147,163,172,176,181,188,192,196,197,210,215,217,231,24.2030493099751,120.704123102063,2020-09-10 09:38:13,2019-10-16 21:18:00,2019-10-16
9455272,10810AB793B3037,10810AB793B3037,15,66000,TXG,239,2077,66000170012,2,30623,2019-10-16 18:28:00,10810161828,臺中市潭子區新田里豐興路二段仁愛路一段,0,1,111,114,120,50,127,141,163,172,176,181,188,189,193,200,208,216,217,234,24.2179919702296,120.723690279775,2020-09-10 09:38:13,2019-10-16 18:28:00,2019-10-16
9454535,10810AB591B0816,10810AB591B0816,15,66000,TXG,233,2017,66000080018,2,30602,2019-10-16 06:45:00,10810160645,臺中市北屯區仁美里昌平路二段50-1號,0,1,111,112,120,50,137,148,163,172,176,181,188,192,196,201,211,215,218,235,0.0,0.0,2020-09-10 09:38:13,2019-10-16 06:45:00,2019-10-16
9454931,10810AB691B1191,10810AB691B1191,15,66000,TXG,232,2372,66000060020,2,30612,2019-10-16 12:45:00,10810161245,臺中市西屯區協和里工業區三路2號,0,1,111,112,120,50,138,149,163,172,176,181,188,192,196,201,210,215,218,235,0.0,0.0,2020-09-10 09:38:13,2019-10-16 12:45:00,2019-10-16
9455227,10810AB996B2138,10810AB996B2138,15,66000,TXG,288,2181,66000250013,2,31027,2019-10-16 17:56:00,10810161756,臺中市龍井區新庄里新庄街一段新仁路,0,1,111,114,120,40,126,141,163,172,176,181,188,192,196,206,211,216,218,234,24.1838196913049,120.579980825738,2020-09-10 09:38:13,2019-10-16 17:56:00,2019-10-16
9454502,10810AB291B0302,10810AB291B0302,15,66000,TXG,231,2344,66000050002,2,30575,2019-10-16 03:10:00,10810160310,臺中市北區文莊里中清路一段77號,0,2,111,114,120,50,137,148,163,172,176,181,188,192,196,199,210,215,218,231,24.1543612182889,120.677226328263,2020-09-10 09:38:13,2019-10-16 03:10:00,2019-10-16
9455045,10810ABA95B2461,10810ABA95B2461,15,66000,TXG,236,2523,66000130011,2,31046,2019-10-16 15:12:00,10810161512,臺中市沙鹿區北勢里北勢東路近自由路口附近近自由路口,0,1,111,112,120,50,137,147,163,172,176,181,188,192,196,197,210,215,218,235,0.0,0.0,2020-09-10 09:38:13,2019-10-16 15:12:00,2019-10-16
9454887,10810AB491B0634,10810AB491B0634,15,66000,TXG,13,2376,66000070008,2,30594,2019-10-16 11:58:00,10810161158,臺中市南屯區新生里環中路四段91-1號,0,1,111,112,120,60,127,141,163,172,176,181,188,190,193,206,211,216,218,234,0.0,0.0,2020-09-10 09:38:13,2019-10-16 11:58:00,2019-10-16
9455117,10810AB591B0824,10810AB591B0824,15,66000,TXG,233,2572,66000080002,2,30602,2019-10-16 16:25:00,10810161625,臺中市北屯區北屯里昌平路一段75號,0,3,111,112,120,50,137,147,163,172,176,181,188,192,196,201,210,215,218,234,24.1677285652437,120.693120548926,2020-09-10 09:38:13,2019-10-16 16:25:00,2019-10-16
9454759,10810AB591B0818,10810AB591B0818,15,66000,TXG,233,2017,66000080018,2,30602,2019-10-16 09:21:00,10810160921,臺中市北屯區仁美里豐樂路1之3號,0,1,111,112,120,50,127,141,163,172,176,181,188,190,193,206,211,216,218,234,24.1940764309891,120.682069672408,2020-09-10 09:38:13,2019-10-16 09:21:00,2019-10-16
9454609,10810ABA94B2486,10810ABA94B2486,15,66000,TXG,312,2542,66000140011,2,31045,2019-10-16 07:40:00,10810160740,臺中市梧棲區大村里文華街194巷近文昌路附近近文昌路,0,3,111,112,120,50,127,142,163,172,176,181,188,192,196,206,211,216,218,231,0.0,0.0,2020-09-10 09:38:13,2019-10-16 07:40:00,2019-10-16
9455028,10810AB691B1196,10810AB691B1196,15,66000,TXG,232,2000,66000060001,2,30612,2019-10-16 14:59:00,10810161459,臺中市西屯區西安里福星路烈美街,0,1,111,112,120,40,127,141,163,172,176,181,188,189,193,201,211,215,218,230,24.1822703860929,120.642524187328,2020-09-10 09:38:13,2019-10-16 14:59:00,2019-10-16
9454994,10810AB994B2130,10810AB994B2130,15,66000,TXG,244,2431,66000240001,2,31025,2019-10-16 14:15:00,10810161415,臺中市大肚區王田里沙田路一段320巷20之7號,0,1,111,112,120,40,136,149,163,172,176,181,188,192,196,206,211,216,218,232,0.0,0.0,2020-09-10 09:38:13,2019-10-16 14:15:00,2019-10-16
9455298,10810AB291B0305,10810AB291B0305,15,66000,TXG,231,1999,66000050036,2,30575,2019-10-16 18:40:00,10810161840,臺中市北區賴福里太原路二段(超商)前附近(超商)前,0,1,111,114,120,50,127,141,163,172,176,181,188,189,193,206,211,216,218,235,0.0,0.0,2020-09-10 09:38:13,2019-10-16 18:40:00,2019-10-16
9454789,10810AB291B0295,10810AB291B0295,15,66000,TXG,231,1992,66000050029,2,30575,2019-10-16 09:58:00,10810160958,臺中市北區錦平里三民路三段與太平路附近與太平路,0,1,111,112,120,50,127,142,163,172,176,181,188,190,193,206,211,216,218,234,24.1483043390617,120.683430560416,2020-09-10 09:38:13,2019-10-16 09:58:00,2019-10-16
9455175,10810AB891B1511,10810AB891B1511,15,66000,TXG,247,2258,66000280017,2,31010,2019-10-16 17:30:00,10810161730,臺中市大里區瑞城里中興路一段2巷203弄美群路166巷附近美群路166巷,0,1,111,114,120,40,137,149,163,172,176,181,188,192,196,206,211,216,218,234,0.0,0.0,2020-09-10 09:38:13,2019-10-16 17:30:00,2019-10-16
9454960,10810AB993B2137,10810AB993B2137,15,66000,TXG,14,2141,66000230002,2,31024,2019-10-16 13:25:00,10810161325,臺中市烏日區湖日里新興路461號,0,1,111,112,120,60,137,147,163,172,176,181,188,192,196,205,210,215,217,231,0.0,0.0,2020-09-10 09:38:13,2019-10-16 13:25:00,2019-10-16
9455292,10810AB291B0309,10810AB291B0309,15,66000,TXG,231,1994,66000050031,2,30575,2019-10-16 18:38:00,10810161838,臺中市北區崇德里太原路三段31號,0,1,111,114,120,50,137,149,163,172,176,181,188,192,196,206,211,216,218,236,24.1652888597658,120.686318919258,2020-09-10 09:38:13,2019-10-16 18:38:00,2019-10-16
9454775,10810A24NUB0076,10810A24NUB0076,15,66000,TXG,245,0,66000260000,2,28683,2019-10-16 09:45:00,10810160945,臺中市霧峰區國道3號208.0公里400.0公尺北側側中線車道,0,1,111,112,116,110,137,147,163,172,176,181,188,192,196,197,209,216,217,231,24.1615819588091,120.52872095696,2020-09-10 09:38:13,2019-10-16 09:45:00,2019-10-16
9454695,10810ABA94B2485,10810ABA94B2485,15,66000,TXG,312,2541,66000140010,2,31045,2019-10-16 08:30:00,10810160830,臺中市梧棲區大庄里臺灣大道八段333號,0,1,111,112,120,40,137,148,163,172,176,181,188,192,196,197,210,214,217,234,24.2446148101989,120.55044076997,2020-09-10 09:38:13,2019-10-16 08:30:00,2019-10-16
9455139,10810ABA95B2477,10810ABA95B2477,15,66000,TXG,236,2528,66000130016,2,31046,2019-10-16 16:55:00,10810161655,臺中市沙鹿區埔子里臺灣大道路六段鎮南路一段,0,1,111,112,120,40,126,141,163,172,176,181,188,189,193,206,211,216,218,234,0.0,0.0,2020-09-10 09:38:13,2019-10-16 16:55:00,2019-10-16
9454988,10810AB291B0301,10810AB291B0301,15,66000,TXG,231,2352,66000050010,2,30575,2019-10-16 14:03:00,10810161403,臺中市北區金華里雙十路二段40巷,0,1,111,112,120,50,126,141,163,172,176,181,188,192,196,201,210,216,218,234,24.1559023995729,120.690078472337,2020-09-10 09:38:13,2019-10-16 14:03:00,2019-10-16
9454954,10810ABD91B2857,10810ABD91B2857,15,66000,TXG,241,2103,66000190009,2,31087,2019-10-16 13:18:00,10810161318,臺中市新社區協成里華豐街51號,0,1,111,112,120,40,127,141,163,172,176,181,188,192,196,206,211,216,217,233,0.0,0.0,2020-09-10 09:38:13,2019-10-16 13:18:00,2019-10-16
9454771,10810AB191B0137,10810AB191B0137,15,66000,TXG,230,2338,66000040021,2,30566,2019-10-16 09:39:00,10810160939,臺中市西區中興里美村路一段279號,0,1,111,112,120,50,137,149,163,172,176,181,188,192,196,201,210,216,218,231,0.0,0.0,2020-09-10 09:38:13,2019-10-16 09:39:00,2019-10-16
9454647,10810AB691B1193,10810AB691B1193,15,66000,TXG,232,2368,66000060016,2,30612,2019-10-16 07:53:00,10810160753,臺中市西屯區廣福里中科路中科陸橋下附近中科陸橋下,0,1,111,112,120,1,137,160,163,172,176,181,188,192,196,197,211,216,218,236,24.1954083770362,120.653242291567,2020-09-10 09:38:13,2019-10-16 07:53:00,2019-10-16
9455257,10810AB891B1512,10810AB891B1512,15,66000,TXG,245,2185,66000260002,2,31010,2019-10-16 18:20:00,10810161820,臺中市霧峰區吉峰里民生路自強路附近自強路,0,2,111,114,120,50,137,149,163,172,176,181,188,189,193,201,211,216,217,231,24.0730955950322,120.706035637111,2020-09-10 09:38:13,2019-10-16 18:20:00,2019-10-16