識別碼,案件編號,交通事故主表,縣市識別碼,縣市代碼,所屬縣市簡碼,鄉縣市區識別碼,村里識別碼,里代碼,事故類(A1、A2...An),處理單位代碼,案件時間(西元),案件時間(民國),發生地點,死亡人數,受傷人數(含2~30日內死亡),天氣識別碼,光線識別碼,道路類別識別碼,速限,道路型態識別碼,事故位置識別碼,路面鋪裝識別碼,路面狀態識別碼,路面缺陷識別碼,障礙物視距識別碼,視距識別碼,號誌種類識別碼,號誌動作識別碼,車道劃分設施-分向設施識別碼,快車道或一般車道間識別碼,快慢車道間識別碼,路面邊線識別碼,事故類型及型態識別碼,緯度,經度,本平台資料更新時間(yyyy-MM-dd HH:mm:ss),資料代表時間(yyyy-MM-dd HH:mm:ss),資料代表日期(yyyy-MM-dd)
9456070,10810AB794B3045,10810AB794B3045,15,66000,TXG,238,2039,66000160003,2,30624,2019-10-17 16:23:00,10810171623,臺中市神岡區北庄里中山路901號,0,1,111,112,120,50,126,142,163,172,176,181,188,192,196,200,210,215,218,231,24.2533658309226,120.673532490273,2020-09-10 09:38:13,2019-10-17 16:23:00,2019-10-17
9456246,10810AB291B0335,10810AB291B0335,15,66000,TXG,231,2360,66000050018,2,30575,2019-10-17 18:32:00,10810171832,臺中市北區淡溝里西屯路一段科博館門口前附近科博館門口前,0,1,111,114,120,30,137,158,166,172,176,181,188,191,193,206,211,216,218,221,24.1510570503408,120.67223478271,2020-09-10 09:38:13,2019-10-17 18:32:00,2019-10-17
9455671,10810AB591B0828,10810AB591B0828,15,66000,TXG,233,2016,66000080017,2,30602,2019-10-17 08:37:00,10810170837,臺中市北屯區仁和里崇德路三段昌平路二段,0,1,111,112,120,50,128,141,163,172,176,181,188,189,193,206,211,216,218,234,24.1887411901031,120.686288489361,2020-09-10 09:38:13,2019-10-17 08:37:00,2019-10-17
9455868,10810ABB93B2744,10810ABB93B2744,15,66000,TXG,237,2559,66000150013,2,31062,2019-10-17 11:40:00,10810171140,臺中市后里區太平里三線路三線路,0,2,111,112,120,40,128,142,163,172,176,181,188,192,196,206,211,216,217,234,0.0,0.0,2020-09-10 09:38:13,2019-10-17 11:40:00,2019-10-17
9456016,10810AB291B0383,10810AB291B0383,15,66000,TXG,231,2363,66000050021,2,30575,2019-10-17 15:35:00,10810171535,臺中市北區健行里忠明路500號,0,1,111,112,120,30,126,142,163,172,176,181,188,192,196,197,210,215,218,236,0.0,0.0,2020-09-10 09:38:13,2019-10-17 15:35:00,2019-10-17
9456307,10810AB591B0835,10810AB591B0835,15,66000,TXG,233,2394,66000080001,2,30602,2019-10-17 19:47:00,10810171947,臺中市北屯區北興里北祥街南京東路,0,2,111,114,120,50,126,141,163,172,176,181,188,192,196,206,211,216,218,234,24.164012397793,120.699493176747,2020-09-10 09:38:13,2019-10-17 19:47:00,2019-10-17
9456230,10810AB891B1524,10810AB891B1524,15,66000,TXG,245,2185,66000260002,2,31010,2019-10-17 18:20:00,10810171820,臺中市霧峰區吉峰里民生路239之13號,0,1,111,112,120,40,137,149,163,172,176,181,188,192,196,205,211,216,217,235,0.0,0.0,2020-09-10 09:38:13,2019-10-17 18:20:00,2019-10-17
9456232,10810AB291B0315,10810AB291B0315,15,66000,TXG,231,2345,66000050003,2,30575,2019-10-17 18:20:00,10810171820,臺中市北區五常里五常街五順街附近五順街,0,2,111,112,120,50,127,141,163,172,176,181,188,192,196,201,211,216,218,233,24.1534775197546,120.680999580003,2020-09-10 09:38:13,2019-10-17 18:20:00,2019-10-17
9456071,10810AB891B1536,10810AB891B1536,15,66000,TXG,247,2255,66000280014,2,31010,2019-10-17 16:23:00,10810171623,臺中市大里區仁化里仁化路174號,0,1,111,112,120,50,137,149,163,172,176,181,188,192,196,205,211,215,217,236,24.0944577123661,120.716128554888,2020-09-10 09:38:13,2019-10-17 16:23:00,2019-10-17
9455736,10810ABA95B2466,10810ABA95B2466,15,66000,TXG,236,2523,66000130011,2,31046,2019-10-17 09:25:00,10810170925,臺中市沙鹿區北勢里東英路95號之3附近95號之3,0,2,111,112,120,50,137,149,163,172,176,181,188,192,196,201,211,216,217,231,24.2231861388505,120.57343619211,2020-09-10 09:38:13,2019-10-17 09:25:00,2019-10-17
9456226,10810AB591B0830,10810AB591B0830,15,66000,TXG,233,2400,66000080008,2,30602,2019-10-17 18:16:00,10810171816,臺中市北屯區水景里東山路一段154巷22弄8號,0,1,111,114,120,30,127,141,163,172,176,181,188,192,196,206,211,216,218,233,0.0,0.0,2020-09-10 09:38:13,2019-10-17 18:16:00,2019-10-17
9456259,10810AB191B0147,10810AB191B0147,15,66000,TXG,227,2060,66000010008,2,30566,2019-10-17 18:47:00,10810171847,臺中市中區中華里中華路一段51號,0,1,111,114,120,40,127,142,163,172,176,181,188,192,196,206,211,216,218,231,24.1433248379021,120.674561454533,2020-09-10 09:38:13,2019-10-17 18:47:00,2019-10-17
9455778,10810AB191B0182,10810AB191B0182,15,66000,TXG,230,2329,66000040012,2,30566,2019-10-17 10:11:00,10810171011,臺中市西區後龍里中山路與福龍街口附近與福龍街口,0,1,111,112,120,50,127,141,163,172,176,181,188,192,196,206,211,216,218,233,24.1464098361383,120.673334745667,2020-09-10 09:38:13,2019-10-17 10:11:00,2019-10-17
9456136,10810AB891B1527,10810AB891B1527,15,66000,TXG,245,0,66000260000,2,31010,2019-10-17 17:20:00,10810171720,臺中市霧峰區柳豐路267巷,0,3,111,112,120,30,126,142,163,172,176,181,188,192,196,206,211,216,217,235,0.0,0.0,2020-09-10 09:38:13,2019-10-17 17:20:00,2019-10-17
9456067,10810AB191B0156,10810AB191B0156,15,66000,TXG,230,0,66000040000,2,30566,2019-10-17 16:22:00,10810171622,臺中市西區柳川東路二段76巷柳川東路二段,0,1,111,112,120,30,126,141,163,172,176,181,188,192,196,206,211,216,218,234,24.1342300694612,120.665437316865,2020-09-10 09:38:13,2019-10-17 16:22:00,2019-10-17
9455582,10810ABA93B2469,10810ABA93B2469,15,66000,TXG,311,186,66000120003,2,31044,2019-10-17 07:40:00,10810170740,臺中市清水區清水里中山路鎮南街,0,1,111,112,120,50,127,142,163,172,176,181,188,189,193,197,210,215,218,233,24.2675303651382,120.574792895361,2020-09-10 09:38:13,2019-10-17 07:40:00,2019-10-17
9455678,10810ABA93B2468,10810ABA93B2468,15,66000,TXG,311,1983,66000120024,2,31044,2019-10-17 08:42:00,10810170842,臺中市清水區菁埔里中央北路3之19號,0,1,111,112,120,30,126,141,163,172,176,181,188,192,196,206,211,216,218,234,0.0,0.0,2020-09-10 09:38:13,2019-10-17 08:42:00,2019-10-17
9456120,10810AB794B3046,10810AB794B3046,15,66000,TXG,238,2046,66000160010,2,30624,2019-10-17 17:08:00,10810171708,臺中市神岡區豐洲里豐洲路382號,0,2,111,112,120,50,126,142,163,172,176,179,188,192,196,201,211,216,217,235,0.0,0.0,2020-09-10 09:38:13,2019-10-17 17:08:00,2019-10-17
9455692,10810ABA93B2470,10810ABA93B2470,15,66000,TXG,311,1986,66000120027,2,31044,2019-10-17 08:50:00,10810170850,臺中市清水區橋頭里中華路高美路,0,1,111,112,120,50,128,142,163,172,176,181,188,189,193,201,211,215,218,230,24.2783328740568,120.575474294296,2020-09-10 09:38:13,2019-10-17 08:50:00,2019-10-17
9455501,10810ABC91B1943,10810ABC91B1943,15,66000,TXG,246,2230,66000270033,2,31077,2019-10-17 06:42:00,10810170642,臺中市太平區光明里長安路長安東路,0,1,111,112,120,50,126,141,163,172,176,181,188,189,193,201,211,216,218,234,24.156917491589,120.733695547384,2020-09-10 09:38:13,2019-10-17 06:42:00,2019-10-17
9456367,10810AB591B0876,10810AB591B0876,15,66000,TXG,233,2022,66000080023,2,30602,2019-10-17 21:20:00,10810172120,臺中市北屯區水湳里中清路二段大連路一段,0,3,111,114,120,50,127,141,163,172,176,181,188,189,193,206,211,216,218,236,24.1750604492954,120.671088008471,2020-09-10 09:38:13,2019-10-17 21:20:00,2019-10-17
9455500,10810AB591B0825,10810AB591B0825,15,66000,TXG,233,2017,66000080018,2,30602,2019-10-17 06:42:00,10810170642,臺中市北屯區仁美里長生巷15之1號,0,2,111,113,120,50,126,142,163,172,176,181,188,192,196,197,210,216,217,235,0.0,0.0,2020-09-10 09:38:13,2019-10-17 06:42:00,2019-10-17
9456252,10810AB591B0832,10810AB591B0832,15,66000,TXG,233,2018,66000080019,2,30602,2019-10-17 18:40:00,10810171840,臺中市北屯區四民里四平路356-1號,0,2,111,114,120,50,137,147,163,172,176,181,188,192,196,205,211,215,218,221,0.0,0.0,2020-09-10 09:38:13,2019-10-17 18:40:00,2019-10-17
9455555,10810AB191B0157,10810AB191B0157,15,66000,TXG,230,2339,66000040022,2,30566,2019-10-17 07:30:00,10810170730,臺中市西區公平里忠明南路精誠十二街,0,1,111,112,120,40,127,141,163,172,176,181,188,189,193,206,211,216,218,236,24.1523643471365,120.657245185124,2020-09-10 09:38:13,2019-10-17 07:30:00,2019-10-17
9455561,10810AB996B2139,10810AB996B2139,15,66000,TXG,288,2183,66000250015,2,31027,2019-10-17 07:34:00,10810170734,臺中市龍井區新東里新興路與新興路22巷口附近與新興路22巷口,0,2,111,112,120,50,128,141,163,172,176,181,188,192,196,206,211,216,218,234,0.0,0.0,2020-09-10 09:38:13,2019-10-17 07:34:00,2019-10-17
9455874,10810AB891B0037,10810AB891B0037,15,66000,TXG,247,2253,66000280012,2,31010,2019-10-17 11:47:00,10810171147,臺中市大里區大元里中興路二段65巷中興路二段,0,4,111,112,120,50,127,141,163,172,176,181,188,189,193,206,211,216,218,231,24.1170642848845,120.689516656802,2020-09-10 09:38:13,2019-10-17 11:47:00,2019-10-17
9455933,10810AB995B2144,10810AB995B2144,15,66000,TXG,288,2169,66000250001,2,31026,2019-10-17 13:20:00,10810171320,臺中市龍井區竹坑里沙田路四段238號,0,1,111,112,120,50,126,141,163,172,176,181,188,192,196,206,211,216,218,234,24.1800570217723,120.544945889293,2020-09-10 09:38:13,2019-10-17 13:20:00,2019-10-17
9456413,10810AB391B0541,10810AB391B0541,15,66000,TXG,228,2067,66000020007,2,30584,2019-10-17 22:30:00,10810172230,臺中市東區旱溪里復興東路與建成路口附近與建成路口,0,1,111,114,120,50,127,141,163,172,176,181,188,189,193,206,211,216,218,236,24.1411416754647,120.695590177376,2020-09-10 09:38:13,2019-10-17 22:30:00,2019-10-17
9455587,10810AB993B2141,10810AB993B2141,15,66000,TXG,14,2151,66000230014,2,31024,2019-10-17 07:43:00,10810170743,臺中市烏日區北里里太明路70號,0,1,111,112,120,50,137,149,163,172,176,181,188,189,193,200,209,216,217,234,24.0588970040744,120.659277059595,2020-09-10 09:38:13,2019-10-17 07:43:00,2019-10-17
9455543,10810AB291B0307,10810AB291B0307,15,66000,TXG,231,1997,66000050034,2,30575,2019-10-17 07:25:00,10810170725,臺中市北區立人里北平路一段70號,0,1,111,112,120,50,137,149,163,172,176,181,188,192,196,201,211,216,218,235,24.171642661792,120.670716340249,2020-09-10 09:38:13,2019-10-17 07:25:00,2019-10-17
9456215,10810AB891B1521,10810AB891B1521,15,66000,TXG,245,2185,66000260002,2,31010,2019-10-17 18:10:00,10810171810,臺中市霧峰區吉峰里吉峰東路汙水處理廠旁附近汙水處理廠旁,0,2,111,114,120,40,134,149,163,172,176,181,182,192,196,206,211,216,217,228,24.0694127395499,120.719315831049,2020-09-10 09:38:13,2019-10-17 18:10:00,2019-10-17
9456100,10810AB891B1522,10810AB891B1522,15,66000,TXG,247,2253,66000280012,2,31010,2019-10-17 16:55:00,10810171655,臺中市大里區大元里國光路一段1-8號,0,1,111,112,120,40,127,141,163,172,176,181,188,189,193,206,211,216,218,234,0.0,0.0,2020-09-10 09:38:13,2019-10-17 16:55:00,2019-10-17
9455841,10810AB891B1514,10810AB891B1514,15,66000,TXG,245,2186,66000260003,2,31010,2019-10-17 11:10:00,10810171110,臺中市霧峰區甲寅里中正路草湖橋上附近草湖橋上,0,2,111,112,120,40,131,149,163,172,176,181,188,192,196,199,210,216,217,230,24.0754928436363,120.699836934603,2020-09-10 09:38:13,2019-10-17 11:10:00,2019-10-17
9456384,10810AB891B1535,10810AB891B1535,15,66000,TXG,247,2262,66000280021,2,31010,2019-10-17 21:45:00,10810172145,臺中市大里區國光里國光路二段與東榮路口附近與東榮路口,0,2,111,114,120,50,137,147,163,172,176,181,188,192,196,197,210,216,217,231,24.1093414204726,120.679877715978,2020-09-10 09:38:13,2019-10-17 21:45:00,2019-10-17
9455735,10810A2AZKB0063,10810A2AZKB0063,15,66000,TXG,240,0,66000180000,2,28839,2019-10-17 09:25:00,10810170925,臺中市大雅區中科路與科雅東路口附近,0,1,111,112,120,60,126,141,163,172,176,181,188,190,193,197,208,212,217,234,0.0,0.0,2020-09-10 09:38:13,2019-10-17 09:25:00,2019-10-17
9456249,10810AB891B1552,10810AB891B1552,15,66000,TXG,247,2240,66000280004,2,31010,2019-10-17 18:35:00,10810171835,臺中市大里區東興里永興路211號,0,1,111,112,120,50,137,149,163,172,176,181,188,192,196,201,210,215,218,231,24.1118018165183,120.681501513147,2020-09-10 09:38:13,2019-10-17 18:35:00,2019-10-17
9455987,10810AB996B2145,10810AB996B2145,15,66000,TXG,288,2181,66000250013,2,31027,2019-10-17 14:43:00,10810171443,臺中市龍井區新庄里遊園南路向上路六段,0,1,111,112,120,50,127,141,163,172,176,181,188,190,193,206,211,216,218,234,24.1759980279006,120.581825817112,2020-09-10 09:38:13,2019-10-17 14:43:00,2019-10-17
9456022,10810AB191B0209,10810AB191B0209,15,66000,TXG,230,0,66000040000,2,30566,2019-10-17 15:38:00,10810171538,臺中市西區公園路6號,0,1,111,112,120,50,128,141,163,172,176,181,188,189,193,206,211,216,218,234,24.1447578088468,120.681563843924,2020-09-10 09:38:13,2019-10-17 15:38:00,2019-10-17
9456354,10810AB691B1290,10810AB691B1290,15,66000,TXG,232,2008,66000060009,2,30612,2019-10-17 21:07:00,10810172107,臺中市西屯區何安里文心路三段16號,0,1,111,114,120,50,137,149,163,172,176,181,188,192,196,197,210,216,218,247,24.1645454024783,120.650953759917,2020-09-10 09:38:13,2019-10-17 21:07:00,2019-10-17
9456039,10810AB891B1483,10810AB891B1483,15,66000,TXG,245,5909,66000260014,2,31010,2019-10-17 15:55:00,10810171555,臺中市霧峰區萬豐里中正路238號,0,1,111,112,120,70,127,141,163,172,176,181,188,189,193,206,211,216,218,239,24.2518436713364,120.717041468783,2020-09-10 09:38:13,2019-10-17 15:55:00,2019-10-17
9455791,10810ABA95B2526,10810ABA95B2526,15,66000,TXG,236,2525,66000130013,2,31046,2019-10-17 10:18:00,10810171018,臺中市沙鹿區晉江里晉文路近晉文路39巷口附近近晉文路39巷口,0,2,111,112,120,50,126,141,163,172,176,181,188,192,196,206,211,216,218,229,0.0,0.0,2020-09-10 09:38:13,2019-10-17 10:18:00,2019-10-17
9455523,10810AB491B0639,10810AB491B0639,15,66000,TXG,13,2432,66000070005,2,30594,2019-10-17 07:07:00,10810170707,臺中市南屯區春社里永春路42-12號,0,2,111,112,120,40,137,152,163,172,176,181,188,192,196,201,210,215,218,231,0.0,0.0,2020-09-10 09:38:13,2019-10-17 07:07:00,2019-10-17
9456403,10810ABA95B2550,10810ABA95B2550,15,66000,TXG,236,2526,66000130014,2,31046,2019-10-17 22:10:00,10810172210,臺中市沙鹿區六路里南陽路過洋路,0,2,111,114,120,50,126,141,163,172,176,181,188,192,196,206,211,216,218,221,24.2163843049325,120.571273971775,2020-09-10 09:38:13,2019-10-17 22:10:00,2019-10-17
9455718,10810AB491B0638,10810AB491B0638,15,66000,TXG,13,2375,66000070007,2,30594,2019-10-17 09:03:00,10810170903,臺中市南屯區文山里向上路近嶺東路附近近嶺東路,0,1,111,112,120,50,127,142,163,172,176,181,188,190,193,197,208,212,218,230,0.0,0.0,2020-09-10 09:38:13,2019-10-17 09:03:00,2019-10-17
9456104,10810ABC91B1952,10810ABC91B1952,15,66000,TXG,246,2208,66000270009,2,31077,2019-10-17 16:58:00,10810171658,臺中市太平區坪林里中山路二段與中山路二段59巷附近與中山路二段59巷,0,1,111,113,120,50,126,141,163,172,176,181,188,192,196,206,211,216,218,234,0.0,0.0,2020-09-10 09:38:13,2019-10-17 16:58:00,2019-10-17
9455886,10810AB996B2143,10810AB996B2143,15,66000,TXG,288,2181,66000250013,2,31027,2019-10-17 12:00:00,10810171200,臺中市龍井區新庄里中興路與中興路東端口附近與中興路東端口,0,1,111,112,120,40,137,148,163,172,176,181,188,192,196,203,210,212,218,230,0.0,0.0,2020-09-10 09:38:13,2019-10-17 12:00:00,2019-10-17
9456244,10810AB891B1528,10810AB891B1528,15,66000,TXG,245,2186,66000260003,2,31010,2019-10-17 18:30:00,10810171830,臺中市霧峰區甲寅里錦州路與德維街98巷口附近與德維街98巷口,0,2,111,114,120,50,127,141,163,172,176,181,188,189,193,206,211,216,218,235,0.0,0.0,2020-09-10 09:38:13,2019-10-17 18:30:00,2019-10-17
9455549,10810ABA93B2467,10810ABA93B2467,15,66000,TXG,311,1986,66000120027,2,31044,2019-10-17 07:28:00,10810170728,臺中市清水區橋頭里橋江北街靠近78巷口附近靠近78巷口,0,1,111,112,120,50,137,149,163,172,176,181,188,192,196,201,211,216,217,230,0.0,0.0,2020-09-10 09:38:13,2019-10-17 07:28:00,2019-10-17
9456007,10810AB591B0837,10810AB591B0837,15,66000,TXG,233,2020,66000080021,2,30602,2019-10-17 15:13:00,10810171513,臺中市北屯區同榮里環中路一段榮德路,0,1,111,112,120,50,127,141,163,172,176,181,188,191,193,206,211,216,218,233,24.2012452723954,120.668377999747,2020-09-10 09:38:13,2019-10-17 15:13:00,2019-10-17
9456383,10810AB591B0831,10810AB591B0831,15,66000,TXG,233,2412,66000080040,2,30602,2019-10-17 21:43:00,10810172143,臺中市北屯區平昌里文心路文昌東十二街,0,1,111,114,120,50,126,142,163,172,176,181,188,192,196,197,210,216,218,231,24.1707358051728,120.696586672338,2020-09-10 09:38:13,2019-10-17 21:43:00,2019-10-17
9456077,10810AB795B3047,10810AB795B3047,15,66000,TXG,240,2429,66000180009,2,30625,2019-10-17 16:30:00,10810171630,臺中市大雅區上楓里民族街147北一巷5號附近147北一巷5號,0,1,111,112,120,40,126,141,163,172,176,181,188,192,196,206,211,216,218,234,0.0,0.0,2020-09-10 09:38:13,2019-10-17 16:30:00,2019-10-17
9456348,10810ABB91B2747,10810ABB91B2747,15,66000,TXG,286,2503,66000110024,2,31061,2019-10-17 21:00:00,10810172100,臺中市大甲區日南里青年路青二路,0,1,111,114,120,50,127,141,163,172,176,181,188,192,196,206,211,216,218,233,24.4054164065074,120.64402710312,2020-09-10 09:38:13,2019-10-17 21:00:00,2019-10-17
9456443,10810ABA94B2487,10810ABA94B2487,15,66000,TXG,312,2542,66000140011,2,31045,2019-10-17 23:50:00,10810172350,臺中市梧棲區大村里中央路一段近中央路一段623巷附近近中央路一段623巷,0,1,111,114,120,50,127,142,163,172,176,181,188,191,193,206,211,216,218,233,0.0,0.0,2020-09-10 09:38:13,2019-10-17 23:50:00,2019-10-17
9455889,10810AB491B0637,10810AB491B0637,15,66000,TXG,13,2380,66000070012,2,30594,2019-10-17 12:10:00,10810171210,臺中市南屯區田心里南屯路二段430巷南屯路二段,0,2,111,112,120,50,127,141,163,172,176,181,188,192,196,206,211,216,218,233,24.1379827094948,120.644833670348,2020-09-10 09:38:13,2019-10-17 12:10:00,2019-10-17
9455544,10810ABB91B2740,10810ABB91B2740,15,66000,TXG,286,2488,66000110009,2,31061,2019-10-17 07:25:00,10810170725,臺中市大甲區中山里開元路50號,0,2,111,112,120,50,134,149,163,172,176,181,188,192,196,201,211,216,217,234,0.0,0.0,2020-09-10 09:38:13,2019-10-17 07:25:00,2019-10-17
9455928,10810AB691B1202,10810AB691B1202,15,66000,TXG,232,2320,66000060035,2,30612,2019-10-17 13:11:00,10810171311,臺中市西屯區福恩里臺灣大道四段東海大學圍牆旁人行道附近東海大學圍牆旁人行道,0,2,111,112,123,1,138,160,164,172,176,181,188,192,196,206,211,216,218,229,24.1844966775848,120.612405423972,2020-09-10 09:38:13,2019-10-17 13:11:00,2019-10-17
9455625,10810AB994B2140,10810AB994B2140,15,66000,TXG,244,2164,66000240013,2,31025,2019-10-17 08:00:00,10810170800,臺中市大肚區山陽里沙田路三段734巷19-5號,0,1,111,112,120,40,136,149,163,172,176,181,188,192,196,206,211,216,218,220,0.0,0.0,2020-09-10 09:38:13,2019-10-17 08:00:00,2019-10-17
9456056,10810AB291B0314,10810AB291B0314,15,66000,TXG,231,2358,66000050016,2,30575,2019-10-17 16:13:00,10810171613,臺中市北區賴村里衛道路學士路附近學士路,0,2,111,112,120,40,127,141,163,172,176,181,188,192,196,201,211,215,218,233,24.1625181333921,120.680961598736,2020-09-10 09:38:13,2019-10-17 16:13:00,2019-10-17
9456028,10810AB995B2146,10810AB995B2146,15,66000,TXG,288,0,66000250000,2,31026,2019-10-17 15:45:00,10810171545,臺中市龍井區高園路238巷中山二路二段,0,2,111,112,120,50,127,141,163,172,176,181,188,192,196,206,211,216,218,230,0.0,0.0,2020-09-10 09:38:13,2019-10-17 15:45:00,2019-10-17
9455616,10810ABA94B2588,10810ABA94B2588,15,66000,TXG,312,2596,66000140008,2,31045,2019-10-17 07:55:00,10810170755,臺中市梧棲區南簡里民和路二段151巷民和路二段,0,1,111,112,120,50,127,141,163,172,176,181,188,189,193,206,211,216,218,234,0.0,0.0,2020-09-10 09:38:13,2019-10-17 07:55:00,2019-10-17
9455822,10810AB391B0544,10810AB391B0544,15,66000,TXG,228,2071,66000020011,2,30584,2019-10-17 10:50:00,10810171050,臺中市東區東南里旱溪西路一段與旱溪西路一段523巷口附近與旱溪西路一段523巷口,0,1,111,112,120,50,126,142,163,172,176,181,188,192,196,201,211,215,218,231,0.0,0.0,2020-09-10 09:38:13,2019-10-17 10:50:00,2019-10-17
9455813,10810AB191B0141,10810AB191B0141,15,66000,TXG,230,0,66000040000,2,30566,2019-10-17 10:35:00,10810171035,臺中市西區美村路南屯路,0,1,111,112,120,50,127,141,163,172,176,181,188,189,193,206,211,216,218,234,24.1321583286572,120.66170050137,2020-09-10 09:38:13,2019-10-17 10:35:00,2019-10-17
9456320,10810AB794B3049,10810AB794B3049,15,66000,TXG,238,2042,66000160006,2,30624,2019-10-17 20:09:00,10810172009,臺中市神岡區社南里中山路社口街,0,2,111,112,120,50,127,141,163,172,176,181,188,189,193,206,211,216,218,234,24.2496819267716,120.678363635978,2020-09-10 09:38:13,2019-10-17 20:09:00,2019-10-17
9455892,10810AB391B0545,10810AB391B0545,15,66000,TXG,229,2292,66000030018,2,30584,2019-10-17 12:13:00,10810171213,臺中市南區平和里永南街與五權南路334巷口附近與五權南路334巷口,0,1,111,112,120,50,126,142,163,172,176,181,188,192,196,201,211,216,218,221,0.0,0.0,2020-09-10 09:38:13,2019-10-17 12:13:00,2019-10-17
9456993,10810AB891B1825,10810AB891B1825,15,66000,TXG,247,2259,66000280018,2,31010,2019-10-18 14:50:00,10810181450,臺中市大里區金城里中興路一段塗城路,0,1,111,112,120,50,126,141,163,172,176,181,188,189,193,206,211,216,218,235,24.0906049540598,120.692972616928,2020-09-10 09:38:13,2019-10-18 14:50:00,2019-10-18
9457328,10810ABC91B1967,10810ABC91B1967,15,66000,TXG,246,2203,66000270004,2,31077,2019-10-18 18:48:00,10810181848,臺中市太平區中興里中興路106號,0,1,111,114,120,50,126,141,163,172,176,181,188,192,196,206,211,216,218,234,24.2534169092232,120.534542598252,2020-09-10 09:38:13,2019-10-18 18:48:00,2019-10-18
9457193,10810AB891B1541,10810AB891B1541,15,66000,TXG,247,2261,66000280020,2,31010,2019-10-18 17:25:00,10810181725,臺中市大里區西湖里大峰路616號,0,1,111,113,120,50,137,147,163,172,176,181,188,192,196,201,211,216,217,234,24.0878350913916,120.686947804973,2020-09-10 09:38:13,2019-10-18 17:25:00,2019-10-18
9456883,10810AB191B0164,10810AB191B0164,15,66000,TXG,230,2300,66000040004,2,30566,2019-10-18 12:53:00,10810181253,臺中市西區東昇里林森路115號,0,1,111,112,120,50,127,141,163,172,176,181,188,189,193,206,211,216,218,230,0.0,0.0,2020-09-10 09:38:13,2019-10-18 12:53:00,2019-10-18
9457100,10810AB691B1208,10810AB691B1208,15,66000,TXG,232,2004,66000060005,2,30612,2019-10-18 16:21:00,10810181621,臺中市西屯區惠來里臺灣大道三段00431燈桿前附近00431燈桿前,0,1,111,112,120,40,137,148,163,172,176,181,188,192,196,197,210,212,218,230,24.1703223591889,120.637833448437,2020-09-10 09:38:13,2019-10-18 16:21:00,2019-10-18
9456715,10810AB491B0642,10810AB491B0642,15,66000,TXG,13,2326,66000070002,2,30594,2019-10-18 09:40:00,10810180940,臺中市南屯區豐樂里文心南路文心南六路,0,1,111,112,120,50,127,141,163,172,176,181,188,190,193,206,211,216,218,234,24.1308046371892,120.646316697053,2020-09-10 09:38:13,2019-10-18 09:40:00,2019-10-18
9456627,10810AB795B3051,10810AB795B3051,15,66000,TXG,240,2084,66000180003,2,30625,2019-10-18 08:15:00,10810180815,臺中市大雅區六寶里月祥路仁愛路,0,1,111,112,120,40,126,141,163,172,176,181,188,191,193,201,211,216,217,234,24.2353261921823,120.624566421505,2020-09-10 09:38:13,2019-10-18 08:15:00,2019-10-18
9457151,10810AB591B0841,10810AB591B0841,15,66000,TXG,233,2400,66000080008,2,30602,2019-10-18 17:04:00,10810181704,臺中市北屯區水景里環中東路二段景賢路,0,2,111,112,120,50,126,141,163,172,176,181,188,189,193,206,211,216,218,234,24.1669712466463,120.720579051703,2020-09-10 09:38:13,2019-10-18 17:04:00,2019-10-18
9456797,10810AB191B0153,10810AB191B0153,15,66000,TXG,230,2331,66000040014,2,30566,2019-10-18 11:05:00,10810181105,臺中市西區吉龍里五權三街五權西四街,0,1,111,112,120,50,127,141,163,172,176,181,188,192,196,206,211,216,218,233,24.1379628754217,120.662615456373,2020-09-10 09:38:13,2019-10-18 11:05:00,2019-10-18
9457302,10810AB591B0842,10810AB591B0842,15,66000,TXG,233,2399,66000080007,2,30602,2019-10-18 18:30:00,10810181830,臺中市北屯區舊社里軍福十九路順興街,0,2,111,114,120,50,127,141,163,172,176,181,188,192,196,206,211,216,218,234,0.0,0.0,2020-09-10 09:38:13,2019-10-18 18:30:00,2019-10-18
9456533,10810AB993B2154,10810AB993B2154,15,66000,TXG,14,2142,66000230003,2,31024,2019-10-18 07:30:00,10810180730,臺中市烏日區三和里中山路三段268號,0,2,111,112,120,40,137,152,163,172,176,181,188,192,196,197,210,215,217,235,24.2301944930215,120.708628583713,2020-09-10 09:38:13,2019-10-18 07:30:00,2019-10-18
9457505,10810AB591B0845,10810AB591B0845,15,66000,TXG,233,2020,66000080021,2,30602,2019-10-18 22:28:00,10810182228,臺中市北屯區同榮里環中路榮德路,0,1,111,114,120,50,127,141,163,172,176,181,188,191,193,206,211,216,218,234,24.2012452723954,120.668377999747,2020-09-10 09:38:13,2019-10-18 22:28:00,2019-10-18
9456555,10810ABA94B2479,10810ABA94B2479,15,66000,TXG,312,2545,66000140014,2,31045,2019-10-18 07:41:00,10810180741,臺中市梧棲區永安里向上路八段與中央路一段口附近與中央路一段口,0,1,111,112,120,70,128,141,163,172,176,181,188,190,193,206,211,216,218,233,24.222068172042,120.528545636577,2020-09-10 09:38:13,2019-10-18 07:41:00,2019-10-18
9457295,10810AB691B0013,10810AB691B0013,15,66000,TXG,232,2002,66000060003,2,30612,2019-10-18 18:23:00,10810181823,臺中市西屯區潮洋里河南路三段06814燈桿附近06814燈桿,0,1,111,114,120,1,137,147,163,172,176,181,188,192,196,197,210,215,218,221,24.1604726335618,120.636223556329,2020-09-10 09:38:13,2019-10-18 18:23:00,2019-10-18