識別碼,案件編號,交通事故主表,縣市識別碼,縣市代碼,所屬縣市簡碼,鄉縣市區識別碼,村里識別碼,里代碼,事故類(A1、A2...An),處理單位代碼,案件時間(西元),案件時間(民國),發生地點,死亡人數,受傷人數(含2~30日內死亡),天氣識別碼,光線識別碼,道路類別識別碼,速限,道路型態識別碼,事故位置識別碼,路面鋪裝識別碼,路面狀態識別碼,路面缺陷識別碼,障礙物視距識別碼,視距識別碼,號誌種類識別碼,號誌動作識別碼,車道劃分設施-分向設施識別碼,快車道或一般車道間識別碼,快慢車道間識別碼,路面邊線識別碼,事故類型及型態識別碼,緯度,經度,本平台資料更新時間(yyyy-MM-dd HH:mm:ss),資料代表時間(yyyy-MM-dd HH:mm:ss),資料代表日期(yyyy-MM-dd)
9456918,10810AB793B3052,10810AB793B3052,15,66000,TXG,239,2568,66000170008,2,30623,2019-10-18 13:34:00,10810181334,臺中市潭子區大富里民族路二段218號,0,1,111,112,120,30,134,149,163,172,176,181,188,192,196,206,211,216,217,228,24.2225937798803,120.681149368194,2020-09-10 09:38:13,2019-10-18 13:34:00,2019-10-18
9456568,10810AB191B0151,10810AB191B0151,15,66000,TXG,227,2056,66000010004,2,30566,2019-10-18 07:45:00,10810180745,臺中市中區公園里自由路一段4巷民權路80巷附近民權路80巷,0,2,111,112,120,40,127,141,163,172,176,181,188,192,196,206,211,216,218,233,0.0,0.0,2020-09-10 09:38:13,2019-10-18 07:45:00,2019-10-18
9456898,10810AB491B0644,10810AB491B0644,15,66000,TXG,13,2390,66000070022,2,30594,2019-10-18 13:03:00,10810181303,臺中市南屯區惠中里河南路大墩七街,0,2,111,112,120,50,126,141,163,172,176,181,188,189,193,206,211,216,218,234,24.1444281338429,120.639320531022,2020-09-10 09:38:13,2019-10-18 13:03:00,2019-10-18
9456490,10810AB591B0844,10810AB591B0844,15,66000,TXG,233,2027,66000080028,2,30602,2019-10-18 06:52:00,10810180652,臺中市北屯區平德里崇德路上近北平路附近上近北平路,0,1,111,113,120,50,137,149,163,172,176,181,188,192,196,199,208,216,218,231,0.0,0.0,2020-09-10 09:38:13,2019-10-18 06:52:00,2019-10-18
9456741,10810AB291B0320,10810AB291B0320,15,66000,TXG,231,1997,66000050034,2,30575,2019-10-18 10:11:00,10810181011,臺中市北區立人里北平路一段陝西路口附近陝西路口,0,1,111,112,120,50,127,141,163,172,176,181,188,189,193,206,211,216,218,234,24.1716415039613,120.668260684299,2020-09-10 09:38:13,2019-10-18 10:11:00,2019-10-18
9456795,10810AB691B1216,10810AB691B1216,15,66000,TXG,232,2002,66000060003,2,30612,2019-10-18 11:03:00,10810181103,臺中市西屯區潮洋里黎明路二段845號,0,1,111,112,120,50,137,149,163,172,176,181,188,192,196,204,209,215,217,235,24.1665017501738,120.635111817843,2020-09-10 09:38:13,2019-10-18 11:03:00,2019-10-18
9456825,10810AB793B3054,10810AB793B3054,15,66000,TXG,239,2566,66000170006,2,30623,2019-10-18 11:53:00,10810181153,臺中市潭子區甘蔗里勝利路潭秀國中側門對面附近潭秀國中側門對面,0,2,111,112,120,50,137,147,163,172,176,181,188,192,196,201,210,216,217,234,24.2126327665637,120.70054768628,2020-09-10 09:38:13,2019-10-18 11:53:00,2019-10-18
9456792,10810AB996B2152,10810AB996B2152,15,66000,TXG,288,2183,66000250015,2,31027,2019-10-18 10:56:00,10810181056,臺中市龍井區新東里遊園南路173號,0,1,111,112,120,50,137,149,163,172,176,181,188,192,196,201,210,216,217,234,24.1823706651927,120.584254706202,2020-09-10 09:38:13,2019-10-18 10:56:00,2019-10-18
9457191,10810AB891B1545,10810AB891B1545,15,66000,TXG,247,2262,66000280021,2,31010,2019-10-18 17:22:00,10810181722,臺中市大里區國光里東榮路483號,0,1,111,112,120,50,127,149,163,172,176,181,188,189,193,205,211,216,217,234,24.110011778363,120.689977269513,2020-09-10 09:38:13,2019-10-18 17:22:00,2019-10-18
9457130,10810AB891B1558,10810AB891B1558,15,66000,TXG,245,2185,66000260002,2,31010,2019-10-18 16:48:00,10810181648,臺中市霧峰區吉峰里民生路220號,0,1,111,112,120,40,137,149,163,172,176,181,188,192,196,205,210,216,217,234,24.3062013345827,120.713724592665,2020-09-10 09:38:13,2019-10-18 16:48:00,2019-10-18
9456628,10810AB691B1206,10810AB691B1206,15,66000,TXG,232,2001,66000060002,2,30612,2019-10-18 08:16:00,10810180816,臺中市西屯區西墩里黎明路三段217號,0,1,111,112,120,50,137,149,163,172,176,181,188,192,196,204,209,215,217,230,24.1770763755635,120.637439644458,2020-09-10 09:38:13,2019-10-18 08:16:00,2019-10-18
9456469,10810AB291B0319,10810AB291B0319,15,66000,TXG,231,1991,66000050028,2,30575,2019-10-18 05:43:00,10810180543,臺中市北區大湖里大誠街148巷太平路141巷附近太平路141巷,0,1,111,112,120,50,127,141,163,172,176,181,188,192,196,206,211,216,218,233,0.0,0.0,2020-09-10 09:38:13,2019-10-18 05:43:00,2019-10-18
9456693,10810ABB91B2759,10810ABB91B2759,15,66000,TXG,286,2491,66000110012,2,31061,2019-10-18 09:10:00,10810180910,臺中市大甲區義和里中山路一段460號,0,1,111,112,120,70,126,141,163,172,176,181,188,192,196,206,211,216,218,234,24.3371119976428,120.617084244848,2020-09-10 09:38:13,2019-10-18 09:10:00,2019-10-18
9456569,10810AB591B0848,10810AB591B0848,15,66000,TXG,233,2024,66000080025,2,30602,2019-10-18 07:45:00,10810180745,臺中市北屯區新平里敦化路二段近中平路口附近近中平路口,0,1,111,112,120,50,137,149,163,172,176,181,188,192,196,205,211,216,218,234,0.0,0.0,2020-09-10 09:38:13,2019-10-18 07:45:00,2019-10-18
9456920,10810AB793B3068,10810AB793B3068,15,66000,TXG,239,2564,66000170004,2,30623,2019-10-18 13:35:00,10810181335,臺中市潭子區福仁里旱溪西路五段一段,0,1,111,112,120,30,126,141,163,172,176,181,188,192,196,206,211,216,217,234,0.0,0.0,2020-09-10 09:38:13,2019-10-18 13:35:00,2019-10-18
9457259,10810AB291B0338,10810AB291B0338,15,66000,TXG,231,1992,66000050029,2,30575,2019-10-18 18:04:00,10810181804,臺中市北區錦平里五權路五常街附近五常街,0,2,111,112,120,50,127,141,163,172,176,181,188,190,193,206,211,216,218,230,24.1527661575224,120.681326605838,2020-09-10 09:38:13,2019-10-18 18:04:00,2019-10-18
9456752,10810AB996B2151,10810AB996B2151,15,66000,TXG,288,2184,66000250016,2,31027,2019-10-18 10:20:00,10810181020,臺中市龍井區東海里遠東街60之3號,0,1,111,112,120,40,137,149,163,172,176,181,188,192,196,206,211,216,218,234,0.0,0.0,2020-09-10 09:38:13,2019-10-18 10:20:00,2019-10-18
9457207,10810ABA94B2497,10810ABA94B2497,15,66000,TXG,312,2545,66000140014,2,31045,2019-10-18 17:35:00,10810181735,臺中市梧棲區永安里向上路八段1023號,0,1,111,114,120,40,126,148,163,172,176,181,188,191,193,206,210,214,218,231,24.2223852137358,120.526810091054,2020-09-10 09:38:13,2019-10-18 17:35:00,2019-10-18
9456871,10810AB793B3055,10810AB793B3055,15,66000,TXG,239,2562,66000170002,2,30623,2019-10-18 12:39:00,10810181239,臺中市潭子區潭秀里中山路二段與潭子街口附近與潭子街口,0,1,111,112,120,50,127,141,163,172,176,181,188,189,193,206,211,216,218,234,24.2098527437179,120.705383984457,2020-09-10 09:38:13,2019-10-18 12:39:00,2019-10-18
9457527,10810AB191B0155,10810AB191B0155,15,66000,TXG,230,2335,66000040018,2,30566,2019-10-18 23:08:00,10810182308,臺中市西區土庫里五權西路一段101號,0,1,111,114,120,40,127,141,163,172,175,181,188,190,193,197,210,215,218,236,0.0,0.0,2020-09-10 09:38:13,2019-10-18 23:08:00,2019-10-18
9456759,10810AB691B1215,10810AB691B1215,15,66000,TXG,232,2366,66000060014,2,30612,2019-10-18 10:27:00,10810181027,臺中市西屯區大鵬里文心路三段243號,0,3,111,112,120,50,137,149,163,172,176,181,188,192,196,197,210,216,218,231,24.1723705505637,120.663211529079,2020-09-10 09:38:13,2019-10-18 10:27:00,2019-10-18
9457403,10810AB391B0549,10810AB391B0549,15,66000,TXG,229,0,66000030000,2,30584,2019-10-18 20:07:00,10810182007,臺中市南區忠孝路222巷,0,1,111,112,120,40,137,149,163,172,175,177,188,192,196,206,211,216,218,247,0.0,0.0,2020-09-10 09:38:13,2019-10-18 20:07:00,2019-10-18
9457322,10810AB391B0548,10810AB391B0548,15,66000,TXG,229,2287,66000030013,2,30584,2019-10-18 18:45:00,10810181845,臺中市南區樹德里文心南路建國南路,0,3,110,114,120,40,127,148,163,172,176,181,188,189,193,197,210,215,218,231,24.1202248295642,120.650451104252,2020-09-10 09:38:13,2019-10-18 18:45:00,2019-10-18
9457238,10810AB591B0843,10810AB591B0843,15,66000,TXG,233,2410,66000080038,2,30602,2019-10-18 17:52:00,10810181752,臺中市北屯區平陽里崇德路二段299號,0,1,111,114,120,50,127,158,163,172,176,181,188,189,193,206,211,216,218,227,0.0,0.0,2020-09-10 09:38:13,2019-10-18 17:52:00,2019-10-18
9457509,10810ABC91B1958,10810ABC91B1958,15,66000,TXG,246,2232,66000270035,2,31077,2019-10-18 22:31:00,10810182231,臺中市太平區大興里大興路大興十一街,0,1,111,114,120,50,126,141,163,172,176,181,188,192,196,206,211,216,218,234,24.1546313183145,120.733517901748,2020-09-10 09:38:13,2019-10-18 22:31:00,2019-10-18
9456546,10810AB491B0641,10810AB491B0641,15,66000,TXG,13,2391,66000070023,2,30594,2019-10-18 07:36:00,10810180736,臺中市南屯區寶山里忠勇路80-27號,0,1,111,112,120,50,137,152,163,172,176,181,188,192,196,201,210,215,218,234,0.0,0.0,2020-09-10 09:38:13,2019-10-18 07:36:00,2019-10-18
9457342,10810AB891B1546,10810AB891B1546,15,66000,TXG,247,2249,66000280008,2,31010,2019-10-18 18:58:00,10810181858,臺中市大里區內新里中興路二段446號,0,1,111,114,120,50,127,142,163,172,176,181,188,192,196,205,210,216,217,235,0.0,0.0,2020-09-10 09:38:13,2019-10-18 18:58:00,2019-10-18
9456755,10810AB591B0852,10810AB591B0852,15,66000,TXG,233,2402,66000080010,2,30602,2019-10-18 10:24:00,10810181024,臺中市北屯區和平里軍福九路和福路,0,1,111,112,120,50,126,141,163,172,176,181,188,192,196,206,211,216,218,234,24.1696078924368,120.723530911234,2020-09-10 09:38:13,2019-10-18 10:24:00,2019-10-18
9456822,10810AB793B3067,10810AB793B3067,15,66000,TXG,239,2565,66000170005,2,30623,2019-10-18 11:51:00,10810181151,臺中市潭子區頭家里頭張路一段139號,0,1,111,112,120,40,126,141,163,172,176,181,188,192,196,206,211,216,218,234,24.1945005441231,120.698447253532,2020-09-10 09:38:13,2019-10-18 11:51:00,2019-10-18
9457360,10810AB891B1542,10810AB891B1542,15,66000,TXG,247,2237,66000280001,2,31010,2019-10-18 19:20:00,10810181920,臺中市大里區大里里大里街與東里路8巷口附近與東里路8巷口,0,1,111,114,120,40,127,141,163,172,176,181,188,192,196,206,211,216,218,234,0.0,0.0,2020-09-10 09:38:13,2019-10-18 19:20:00,2019-10-18
9457074,10810AB191B0187,10810AB191B0187,15,66000,TXG,230,2303,66000040007,2,30566,2019-10-18 16:03:00,10810181603,臺中市西區公民里柳川西路二段與貴和街附近與貴和街,0,1,111,112,120,50,127,141,163,172,176,181,188,189,193,206,211,216,218,231,24.1380378873846,120.668641390044,2020-09-10 09:38:13,2019-10-18 16:03:00,2019-10-18
9456789,10810AB291B0322,10810AB291B0322,15,66000,TXG,231,2362,66000050020,2,30575,2019-10-18 10:53:00,10810181053,臺中市北區錦祥里北屯路與德化街口附近與德化街口,0,2,111,112,120,50,127,141,163,172,176,181,188,189,193,206,211,216,218,234,24.1614198441477,120.692266318862,2020-09-10 09:38:13,2019-10-18 10:53:00,2019-10-18
9456763,10810AB691B1220,10810AB691B1220,15,66000,TXG,232,2309,66000060024,2,30612,2019-10-18 10:30:00,10810181030,臺中市西屯區西平里福星北路194-1號,0,1,111,112,120,40,137,149,163,172,176,181,188,192,196,204,209,215,217,230,0.0,0.0,2020-09-10 09:38:13,2019-10-18 10:30:00,2019-10-18
9456729,10810ABC91B1953,10810ABC91B1953,15,66000,TXG,246,2206,66000270007,2,31077,2019-10-18 09:59:00,10810180959,臺中市太平區宜欣里新平路二段32號,0,2,111,112,120,50,137,149,163,172,176,181,188,192,196,204,209,216,217,234,24.1371046213637,120.715316220096,2020-09-10 09:38:13,2019-10-18 09:59:00,2019-10-18
9457195,10810AB996B2155,10810AB996B2155,15,66000,TXG,288,2183,66000250015,2,31027,2019-10-18 17:25:00,10810181725,臺中市龍井區新東里遊園南路297-14號,0,1,111,112,120,50,137,149,163,172,176,181,188,192,196,201,211,216,217,231,0.0,0.0,2020-09-10 09:38:13,2019-10-18 17:25:00,2019-10-18
9456532,10810AB591B0838,10810AB591B0838,15,66000,TXG,233,2015,66000080016,2,30602,2019-10-18 07:30:00,10810180730,臺中市北屯區松竹里熱河路三段81號,0,1,111,112,120,50,127,141,163,172,176,181,188,189,193,206,211,216,218,234,0.0,0.0,2020-09-10 09:38:13,2019-10-18 07:30:00,2019-10-18
9456461,10810AB591B0836,10810AB591B0836,15,66000,TXG,233,2017,66000080018,2,30602,2019-10-18 03:21:00,10810180321,臺中市北屯區仁美里昌平路崇德九路附近崇德九路,0,1,111,114,120,50,127,141,163,172,176,181,188,191,193,206,211,216,218,233,24.1868980346813,120.686933885884,2020-09-10 09:38:13,2019-10-18 03:21:00,2019-10-18
9456781,10810AB795B3053,10810AB795B3053,15,66000,TXG,240,2092,66000180012,2,30625,2019-10-18 10:48:00,10810181048,臺中市大雅區上雅里雅環路二段52巷33號,0,2,111,112,120,30,126,141,163,172,176,181,188,192,196,206,211,216,218,235,24.2253766700193,120.653421852836,2020-09-10 09:38:13,2019-10-18 10:48:00,2019-10-18
9457161,10810ABA93B2491,10810ABA93B2491,15,66000,TXG,311,214,66000120013,2,31044,2019-10-18 17:09:00,10810181709,臺中市清水區秀水里五權路五權一街,0,3,111,113,120,50,126,141,163,172,176,181,188,192,196,206,211,216,218,234,24.2771556173882,120.563084433279,2020-09-10 09:38:13,2019-10-18 17:09:00,2019-10-18
9456621,10810AB996B2150,10810AB996B2150,15,66000,TXG,288,2181,66000250013,2,31027,2019-10-18 08:12:00,10810180812,臺中市龍井區新庄里向上路六段新庄街二段,0,1,111,112,120,60,127,141,163,172,176,181,188,189,193,206,211,216,218,235,24.1772559673422,120.57703855078,2020-09-10 09:38:13,2019-10-18 08:12:00,2019-10-18
9457549,10810AB891B1549,10810AB891B1549,15,66000,TXG,247,2264,66000280023,2,31010,2019-10-18 23:56:00,10810182356,臺中市大里區永隆里大明路457號,0,2,111,114,120,50,127,142,163,172,176,181,188,191,193,201,210,216,217,230,24.1149325684445,120.676405067703,2020-09-10 09:38:13,2019-10-18 23:56:00,2019-10-18
9457335,10810ABA93B2490,10810ABA93B2490,15,66000,TXG,311,217,66000120017,2,31044,2019-10-18 18:51:00,10810181851,臺中市清水區中社里港埠路三段近橋柱P220附近近橋柱P220,0,2,111,114,120,40,137,148,163,172,176,181,188,192,196,197,210,215,217,230,24.267951652602,120.543826648976,2020-09-10 09:38:13,2019-10-18 18:51:00,2019-10-18
9457225,10810AB291B0372,10810AB291B0372,15,66000,TXG,231,2364,66000050022,2,30575,2019-10-18 17:47:00,10810181747,臺中市北區明德里華美街二段122號,0,1,111,114,120,50,127,141,163,172,176,181,188,189,193,201,211,216,218,234,0.0,0.0,2020-09-10 09:38:13,2019-10-18 17:47:00,2019-10-18
9457223,10810AB291B0282,10810AB291B0282,15,66000,TXG,231,2343,66000050001,2,30575,2019-10-18 17:46:00,10810181746,臺中市北區光大里太原路永興街附近永興街,0,1,111,113,120,40,127,141,163,172,176,181,188,189,193,206,211,216,218,230,24.165352377172,120.682386841668,2020-09-10 09:38:13,2019-10-18 17:46:00,2019-10-18
9456502,10810AB995B2149,10810AB995B2149,15,66000,TXG,288,2171,66000250003,2,31026,2019-10-18 07:07:00,10810180707,臺中市龍井區龍西里舊車路與舊車路3巷(口)附近與舊車路3巷(口),0,2,111,112,120,50,127,141,163,172,176,181,188,192,196,201,211,216,218,234,0.0,0.0,2020-09-10 09:38:13,2019-10-18 07:07:00,2019-10-18
9457264,10810AB691B1224,10810AB691B1224,15,66000,TXG,232,2323,66000060038,2,30612,2019-10-18 18:06:00,10810181806,臺中市西屯區福林里福科路01654燈桿附近01654燈桿,0,2,111,114,120,50,137,149,163,172,176,181,188,192,196,199,210,216,218,231,24.1844662259522,120.619375582406,2020-09-10 09:38:13,2019-10-18 18:06:00,2019-10-18
9457506,10810AB996B2160,10810AB996B2160,15,66000,TXG,288,2184,66000250016,2,31027,2019-10-18 22:29:00,10810182229,臺中市龍井區東海里藝術北街82號,0,1,111,114,120,40,134,149,163,172,176,181,188,192,196,206,211,216,218,229,24.1886945283202,120.592064018373,2020-09-10 09:38:13,2019-10-18 22:29:00,2019-10-18
9457005,10810AB691B1212,10810AB691B1212,15,66000,TXG,232,2323,66000060038,2,30612,2019-10-18 15:04:00,10810181504,臺中市西屯區福林里福雅路33號,0,1,111,112,120,50,137,147,163,172,176,181,188,192,196,197,210,215,218,231,24.1831804495615,120.61805342743,2020-09-10 09:38:13,2019-10-18 15:04:00,2019-10-18
9457334,10810AB291B0374,10810AB291B0374,15,66000,TXG,231,2360,66000050018,2,30575,2019-10-18 18:51:00,10810181851,臺中市北區淡溝里民權路美德街附近美德街,0,2,111,114,120,50,126,141,163,172,176,181,188,192,196,201,211,215,218,221,24.1584475104367,120.670506628894,2020-09-10 09:38:13,2019-10-18 18:51:00,2019-10-18
9456776,10810AB996B2153,10810AB996B2153,15,66000,TXG,244,0,66000240000,2,31027,2019-10-18 10:41:00,10810181041,臺中市大肚區太平路蔗南路,0,1,111,112,120,50,128,141,163,172,176,181,188,191,193,206,211,216,218,234,24.1721512258098,120.574911478626,2020-09-10 09:38:13,2019-10-18 10:41:00,2019-10-18
9456710,10810AB691B1222,10810AB691B1222,15,66000,TXG,232,0,66000060000,2,30612,2019-10-18 09:34:00,10810180934,臺中市西屯區華美西街二段325號,0,3,111,112,120,40,137,148,163,172,176,181,188,192,196,205,210,216,218,234,24.1708266035894,120.666589134628,2020-09-10 09:38:13,2019-10-18 09:34:00,2019-10-18
9456611,10810AB191B0150,10810AB191B0150,15,66000,TXG,230,2298,66000040002,2,30566,2019-10-18 08:02:00,10810180802,臺中市西區利民里建國北路三段自由路一段,0,2,111,112,120,50,128,141,163,172,176,181,188,190,193,206,211,216,218,235,0.0,0.0,2020-09-10 09:38:13,2019-10-18 08:02:00,2019-10-18
9457059,10810AB793B3056,10810AB793B3056,15,66000,TXG,239,2078,66000170013,2,30623,2019-10-18 15:55:00,10810181555,臺中市潭子區聚興里旱溪東路五段00662燈桿附近00662燈桿,0,1,111,112,120,40,134,149,163,172,176,181,188,192,196,206,211,216,217,234,0.0,0.0,2020-09-10 09:38:13,2019-10-18 15:55:00,2019-10-18
9457416,10810ABA95B2501,10810ABA95B2501,15,66000,TXG,236,2525,66000130013,2,31046,2019-10-18 20:26:00,10810182026,臺中市沙鹿區晉江里晉文路20巷晉文路,0,1,111,114,120,50,126,141,163,172,176,181,186,192,196,206,211,216,218,234,24.2237177871068,120.579081872247,2020-09-10 09:38:13,2019-10-18 20:26:00,2019-10-18
9457457,10810AB591B0854,10810AB591B0854,15,66000,TXG,233,2410,66000080038,2,30602,2019-10-18 21:22:00,10810182122,臺中市北屯區平陽里大連路山西路,0,2,111,114,120,40,128,141,163,172,176,181,188,189,193,206,211,216,218,234,24.1773224034555,120.676680905395,2020-09-10 09:38:13,2019-10-18 21:22:00,2019-10-18
9456782,10810AB691B1204,10810AB691B1204,15,66000,TXG,232,2318,66000060033,2,30612,2019-10-18 10:48:00,10810181048,臺中市西屯區福和里臺灣大道四段00106燈桿附近00106燈桿,0,1,111,112,120,50,137,147,163,172,176,181,188,192,196,197,210,212,218,231,24.1840881467126,120.608879734571,2020-09-10 09:38:13,2019-10-18 10:48:00,2019-10-18
9457048,10810AB891B1540,10810AB891B1540,15,66000,TXG,247,2238,66000280002,2,31010,2019-10-18 15:45:00,10810181545,臺中市大里區新里里德芳路二段與永隆路口附近與永隆路口,0,1,111,112,120,60,126,141,163,172,176,181,188,189,193,206,211,216,218,234,24.1039159644306,120.677837311193,2020-09-10 09:38:13,2019-10-18 15:45:00,2019-10-18
9456657,10810ABB91B2758,10810ABB91B2758,15,66000,TXG,286,2484,66000110005,2,31061,2019-10-18 08:36:00,10810180836,臺中市大甲區平安里文武路鎮瀾街,0,3,111,112,120,50,127,141,163,172,176,181,188,191,193,206,211,216,218,233,24.3462599732924,120.624538854838,2020-09-10 09:38:13,2019-10-18 08:36:00,2019-10-18
9456921,10810AB691B1225,10810AB691B1225,15,66000,TXG,232,2006,66000060007,2,30612,2019-10-18 13:35:00,10810181335,臺中市西屯區逢甲里西屯路二段寶慶街50巷口附近寶慶街50巷口,0,1,111,112,120,50,127,147,163,172,176,181,188,192,196,205,211,215,218,231,0.0,0.0,2020-09-10 09:38:13,2019-10-18 13:35:00,2019-10-18
9457442,10810AB291B0377,10810AB291B0377,15,66000,TXG,231,1996,66000050033,2,30575,2019-10-18 21:04:00,10810182104,臺中市北區明新里太原路一段500號,0,1,111,114,120,50,137,149,163,172,176,181,188,192,196,197,210,216,218,231,24.1649032841993,120.671192618751,2020-09-10 09:38:13,2019-10-18 21:04:00,2019-10-18
9456843,10810AB691B1205,10810AB691B1205,15,66000,TXG,232,2372,66000060020,2,30612,2019-10-18 12:07:00,10810181207,臺中市西屯區協和里工業區一路工業區七路,0,2,111,112,120,40,137,148,163,172,176,181,188,189,193,201,210,215,218,235,24.1707727939938,120.605586327534,2020-09-10 09:38:13,2019-10-18 12:07:00,2019-10-18
9456749,10810AB691B1207,10810AB691B1207,15,66000,TXG,232,2318,66000060033,2,30612,2019-10-18 10:18:00,10810181018,臺中市西屯區福和里臺灣大道四段5巷涵洞178K+991附近涵洞178K+991,0,1,111,112,120,30,129,149,163,172,176,181,188,192,196,206,209,216,218,235,0.0,0.0,2020-09-10 09:38:13,2019-10-18 10:18:00,2019-10-18
9457443,10810AB891B1543,10810AB891B1543,15,66000,TXG,247,2237,66000280001,2,31010,2019-10-18 21:05:00,10810182105,臺中市大里區大里里大里路與大里街口附近與大里街口,0,3,111,114,120,50,127,141,163,172,176,181,188,191,193,206,211,216,217,231,0.0,0.0,2020-09-10 09:38:13,2019-10-18 21:05:00,2019-10-18
9457508,10810AB591B0847,10810AB591B0847,15,66000,TXG,233,2410,66000080038,2,30602,2019-10-18 22:30:00,10810182230,臺中市北屯區平陽里崇德路二段255號,0,1,111,114,120,50,137,149,163,172,176,181,188,192,196,197,210,216,218,235,24.176373107514,120.685744155043,2020-09-10 09:38:13,2019-10-18 22:30:00,2019-10-18
9456707,10810ABA93B2482,10810ABA93B2482,15,66000,TXG,311,1981,66000120022,2,31044,2019-10-18 09:30:00,10810180930,臺中市清水區高美里三美路溪頭路,0,1,111,112,120,50,126,142,163,172,176,181,188,192,196,206,211,216,218,232,24.3083993827591,120.57487453321,2020-09-10 09:38:13,2019-10-18 09:30:00,2019-10-18
9457256,10810AB691B1210,10810AB691B1210,15,66000,TXG,232,2367,66000060015,2,30612,2019-10-18 18:03:00,10810181803,臺中市西屯區港尾里中清路三段550號,0,1,111,114,120,50,126,141,163,172,176,181,188,192,196,197,211,216,218,230,24.2082831268614,120.651392823469,2020-09-10 09:38:13,2019-10-18 18:03:00,2019-10-18
9456666,10810AB591B0849,10810AB591B0849,15,66000,TXG,233,2394,66000080001,2,30602,2019-10-18 08:45:00,10810180845,臺中市北屯區北興里東光路太原路三段,0,1,111,112,120,50,127,141,163,172,176,181,188,189,193,206,211,216,218,231,24.1648903721878,120.700141732235,2020-09-10 09:38:13,2019-10-18 08:45:00,2019-10-18
9457177,10810ABA94B2496,10810ABA94B2496,15,66000,TXG,312,2542,66000140011,2,31045,2019-10-18 17:15:00,10810181715,臺中市梧棲區大村里中央路一段536-3號對面附近對面,0,1,111,112,120,50,137,149,163,172,176,181,186,192,196,201,211,216,218,235,0.0,0.0,2020-09-10 09:38:13,2019-10-18 17:15:00,2019-10-18
9456991,10810AB291B0321,10810AB291B0321,15,66000,TXG,231,1998,66000050035,2,30575,2019-10-18 14:50:00,10810181450,臺中市北區梅川里漢口路四段357號,0,1,111,112,120,50,137,149,163,172,176,181,188,192,196,201,210,216,218,235,24.1670487045641,120.682403365622,2020-09-10 09:38:13,2019-10-18 14:50:00,2019-10-18
9457472,10810AB996B2161,10810AB996B2161,15,66000,TXG,288,2181,66000250013,2,31027,2019-10-18 21:44:00,10810182144,臺中市龍井區新庄里遊園南路210號,0,1,111,114,120,50,127,141,163,172,176,181,188,190,193,206,211,216,218,227,0.0,0.0,2020-09-10 09:38:13,2019-10-18 21:44:00,2019-10-18
9457250,10810ABC91B1959,10810ABC91B1959,15,66000,TXG,246,2230,66000270033,2,31077,2019-10-18 17:59:00,10810181759,臺中市太平區光明里大興九街與大興路附近與大興路,0,1,111,114,120,50,126,141,163,172,176,181,188,192,196,206,211,216,218,231,24.1538356059871,120.733449234046,2020-09-10 09:38:13,2019-10-18 17:59:00,2019-10-18
9456870,10810AB691B1214,10810AB691B1214,15,66000,TXG,232,2010,66000060011,2,30612,2019-10-18 12:39:00,10810181239,臺中市西屯區大河里大河一巷1-13號,0,2,111,112,120,40,126,142,163,172,176,181,188,192,196,206,211,216,218,235,0.0,0.0,2020-09-10 09:38:13,2019-10-18 12:39:00,2019-10-18
9456757,10810ABC91B1954,10810ABC91B1954,15,66000,TXG,246,2215,66000270017,2,31077,2019-10-18 10:25:00,10810181025,臺中市太平區光隆里光興路733巷光興路,0,1,111,112,120,50,127,141,163,172,176,181,188,191,193,206,211,216,218,231,24.1098784145359,120.730006553545,2020-09-10 09:38:13,2019-10-18 10:25:00,2019-10-18
9457248,10810ABC91B1966,10810ABC91B1966,15,66000,TXG,246,2226,66000270029,2,31077,2019-10-18 17:58:00,10810181758,臺中市太平區新吉里中山路三段祥順路一段附近祥順路一段,0,3,111,114,120,40,127,142,163,172,176,181,188,189,193,201,211,215,217,230,24.1494367112472,120.723210638955,2020-09-10 09:38:13,2019-10-18 17:58:00,2019-10-18
9457244,10810AB591B0853,10810AB591B0853,15,66000,TXG,233,2394,66000080001,2,30602,2019-10-18 17:55:00,10810181755,臺中市北屯區北興里國強街200號,0,2,111,113,120,50,127,141,163,172,176,181,188,192,196,206,211,216,218,234,0.0,0.0,2020-09-10 09:38:13,2019-10-18 17:55:00,2019-10-18
9456895,10810AB191B0152,10810AB191B0152,15,66000,TXG,230,2306,66000040010,2,30566,2019-10-18 13:00:00,10810181300,臺中市西區和龍里五權路201號,0,1,111,112,120,50,137,147,163,172,176,181,188,192,196,197,209,215,218,235,24.1488164123699,120.674651114805,2020-09-10 09:38:13,2019-10-18 13:00:00,2019-10-18
9457296,10810AB891B1555,10810AB891B1555,15,66000,TXG,245,2186,66000260003,2,31010,2019-10-18 18:24:00,10810181824,臺中市霧峰區甲寅里吉峰路32巷,0,1,111,114,120,50,126,141,163,172,176,181,188,192,196,206,211,216,218,234,24.0757997985623,120.701414518685,2020-09-10 09:38:13,2019-10-18 18:24:00,2019-10-18
9456465,10810AB891B1548,10810AB891B1548,15,66000,TXG,245,2196,66000260017,2,31010,2019-10-18 05:30:00,10810180530,臺中市霧峰區六股里山腳巷15號,0,2,111,114,120,30,137,149,163,172,176,181,188,192,196,206,211,216,217,220,0.0,0.0,2020-09-10 09:38:13,2019-10-18 05:30:00,2019-10-18