識別碼,案件編號,交通事故主表,縣市識別碼,縣市代碼,所屬縣市簡碼,鄉縣市區識別碼,村里識別碼,里代碼,事故類(A1、A2...An),處理單位代碼,案件時間(西元),案件時間(民國),發生地點,死亡人數,受傷人數(含2~30日內死亡),天氣識別碼,光線識別碼,道路類別識別碼,速限,道路型態識別碼,事故位置識別碼,路面鋪裝識別碼,路面狀態識別碼,路面缺陷識別碼,障礙物視距識別碼,視距識別碼,號誌種類識別碼,號誌動作識別碼,車道劃分設施-分向設施識別碼,快車道或一般車道間識別碼,快慢車道間識別碼,路面邊線識別碼,事故類型及型態識別碼,緯度,經度,本平台資料更新時間(yyyy-MM-dd HH:mm:ss),資料代表時間(yyyy-MM-dd HH:mm:ss),資料代表日期(yyyy-MM-dd)
9459804,10810AB191B0176,10810AB191B0176,15,66000,TXG,227,2059,66000010007,2,30566,2019-10-21 17:20:00,10810211720,臺中市中區大誠里中華路與公園路口附近與公園路口,0,1,111,112,120,50,127,141,163,172,176,181,188,189,193,206,211,216,218,230,24.1471778820232,120.678809672166,2020-09-10 09:38:13,2019-10-21 17:20:00,2019-10-21
9459341,10810AB591B0869,10810AB591B0869,15,66000,TXG,233,2404,66000080012,2,30602,2019-10-21 08:16:00,10810210816,臺中市北屯區民政里苧園巷路燈08438前附近路燈08438前,0,1,111,112,120,40,134,149,163,172,176,181,188,192,196,206,211,216,217,228,0.0,0.0,2020-09-10 09:38:13,2019-10-21 08:16:00,2019-10-21
9459912,10810ABA95B2525,10810ABA95B2525,15,66000,TXG,236,2520,66000130008,2,31046,2019-10-21 19:03:00,10810211903,臺中市沙鹿區鹿寮里成功東街137巷4號,0,1,111,114,120,50,137,149,163,172,176,181,188,192,196,201,211,216,217,220,0.0,0.0,2020-09-10 09:38:13,2019-10-21 19:03:00,2019-10-21
9459489,10810AB891B1848,10810AB891B1848,15,66000,TXG,247,2255,66000280014,2,31010,2019-10-21 10:39:00,10810211039,臺中市大里區仁化里善化路123號,0,1,111,112,120,50,127,141,163,172,176,181,188,192,196,206,211,216,218,234,24.0980071173633,120.702534221337,2020-09-10 09:38:13,2019-10-21 10:39:00,2019-10-21
9459172,10810ABC91B1985,10810ABC91B1985,15,66000,TXG,246,2200,66000270001,2,31077,2019-10-21 01:18:00,10810210118,臺中市太平區太平里永豐路18巷24號,0,1,111,114,120,30,137,149,163,172,176,181,188,192,196,206,211,216,218,234,0.0,0.0,2020-09-10 09:38:13,2019-10-21 01:18:00,2019-10-21
9459988,10810ABA95B2595,10810ABA95B2595,15,66000,TXG,236,2521,66000130009,2,31046,2019-10-21 20:55:00,10810212055,臺中市沙鹿區竹林里臺灣大道路七段沙鹿之翼下方附近沙鹿之翼下方,0,1,111,114,120,40,137,148,163,172,176,181,188,192,196,197,210,212,217,236,0.0,0.0,2020-09-10 09:38:13,2019-10-21 20:55:00,2019-10-21
9459302,10810AB891B1845,10810AB891B1845,15,66000,TXG,247,2262,66000280021,2,31010,2019-10-21 07:51:00,10810210751,臺中市大里區國光里德芳南路251號,0,1,111,112,120,50,137,153,163,172,176,181,188,192,196,197,210,215,217,235,24.1023607524193,120.687093524274,2020-09-10 09:38:13,2019-10-21 07:51:00,2019-10-21
9459214,10810AB691B1294,10810AB691B1294,15,66000,TXG,232,2002,66000060003,2,30612,2019-10-21 07:01:00,10810210701,臺中市西屯區潮洋里朝富一街朝馬二街,0,1,111,112,120,30,127,141,163,172,176,181,188,192,196,206,211,216,218,233,24.1676777864459,120.636950492317,2020-09-10 09:38:13,2019-10-21 07:01:00,2019-10-21
9459731,10810ABA93B2522,10810ABA93B2522,15,66000,TXG,311,191,66000120008,2,31044,2019-10-21 16:00:00,10810211600,臺中市清水區中興里新興路清水街,0,1,111,112,120,50,127,141,163,172,176,181,188,192,196,201,210,215,218,233,24.2689617378473,120.576932301976,2020-09-10 09:38:13,2019-10-21 16:00:00,2019-10-21
9459532,10810AB891B1849,10810AB891B1849,15,66000,TXG,247,2268,66000280027,2,31010,2019-10-21 11:30:00,10810211130,臺中市大里區仁德里上興街二段向學一路,0,1,111,112,120,50,127,141,163,172,176,181,188,192,196,206,211,216,218,235,24.0921961911457,120.699260826458,2020-09-10 09:38:13,2019-10-21 11:30:00,2019-10-21
9459424,10810AB795B3078,10810AB795B3078,15,66000,TXG,240,2089,66000180008,2,30625,2019-10-21 09:17:00,10810210917,臺中市大雅區西寶里昌平路四段558巷G5761CB84電桿處附近G5761CB84電桿處,0,1,111,112,120,50,127,141,163,172,176,181,188,191,193,201,211,216,217,235,24.228930709312,120.672094108705,2020-09-10 09:38:13,2019-10-21 09:17:00,2019-10-21
9459315,10810AB795B3076,10810AB795B3076,15,66000,TXG,240,2090,66000180010,2,30625,2019-10-21 08:00:00,10810210800,臺中市大雅區二和里雅潭路四段476號,0,2,111,112,120,50,127,148,163,172,176,181,188,189,193,197,210,215,217,235,0.0,0.0,2020-09-10 09:38:13,2019-10-21 08:00:00,2019-10-21
9459641,10810AB795B3092,10810AB795B3092,15,66000,TXG,240,2082,66000180001,2,30625,2019-10-21 13:51:00,10810211351,臺中市大雅區大雅里中清路四段39之3號,0,1,111,112,120,50,126,141,163,172,176,181,188,189,193,197,211,216,217,231,0.0,0.0,2020-09-10 09:38:13,2019-10-21 13:51:00,2019-10-21
9459935,10810AB291B0360,10810AB291B0360,15,66000,TXG,231,1999,66000050036,2,30575,2019-10-21 19:37:00,10810211937,臺中市北區賴福里中清路進化北路附近進化北路,0,1,111,114,120,50,138,145,163,172,176,181,188,192,196,199,208,216,218,241,24.1628857654226,120.674644783234,2020-09-10 09:38:13,2019-10-21 19:37:00,2019-10-21
9459687,10810AB795B3082,10810AB795B3082,15,66000,TXG,240,2082,66000180001,2,30625,2019-10-21 15:11:00,10810211511,臺中市大雅區大雅里雅環路二段82號前附近82號前,0,2,111,112,120,50,137,149,163,172,176,181,188,192,196,201,208,216,217,231,24.2292593779776,120.647601489565,2020-09-10 09:38:13,2019-10-21 15:11:00,2019-10-21
9459657,10810AB993B2181,10810AB993B2181,15,66000,TXG,14,2144,66000230006,2,31024,2019-10-21 14:16:00,10810211416,臺中市烏日區九德里中山路一段616號,0,1,111,112,120,60,137,148,163,172,176,181,188,192,196,205,210,215,217,231,0.0,0.0,2020-09-10 09:38:13,2019-10-21 14:16:00,2019-10-21
9459278,10810AB891B1593,10810AB891B1593,15,66000,TXG,247,2254,66000280013,2,31010,2019-10-21 07:43:00,10810210743,臺中市大里區夏田里環河路一段550號,0,1,111,112,120,40,137,148,163,172,176,181,188,189,193,197,211,212,217,230,0.0,0.0,2020-09-10 09:38:13,2019-10-21 07:43:00,2019-10-21
9460012,10810AB591B0872,10810AB591B0872,15,66000,TXG,233,2402,66000080010,2,30602,2019-10-21 21:30:00,10810212130,臺中市北屯區和平里軍福十三路198號,0,1,111,114,120,50,127,141,163,172,176,181,188,189,193,201,211,215,218,230,24.1722061604519,120.724375471773,2020-09-10 09:38:13,2019-10-21 21:30:00,2019-10-21
9459789,10810AB291B0355,10810AB291B0355,15,66000,TXG,231,2354,66000050012,2,30575,2019-10-21 17:10:00,10810211710,臺中市北區邱厝里崇德路美德街附近美德街,0,2,111,112,120,50,126,141,163,172,176,181,188,189,193,206,211,216,218,233,24.1576200826246,120.685083249411,2020-09-10 09:38:13,2019-10-21 17:10:00,2019-10-21
9459816,10810AB191B0175,10810AB191B0175,15,66000,TXG,227,2059,66000010007,2,30566,2019-10-21 17:30:00,10810211730,臺中市中區大誠里臺灣大道大誠街,0,1,111,112,120,50,127,141,163,172,176,181,188,190,193,206,211,216,218,234,24.1440851799696,120.677636701134,2020-09-10 09:38:13,2019-10-21 17:30:00,2019-10-21
9459194,10810AB891B1607,10810AB891B1607,15,66000,TXG,245,2186,66000260003,2,31010,2019-10-21 06:21:00,10810210621,臺中市霧峰區甲寅里中正路1069號,0,1,111,112,120,50,126,141,163,172,176,181,188,192,196,201,210,215,217,231,24.0681219026188,120.699137696329,2020-09-10 09:38:13,2019-10-21 06:21:00,2019-10-21
9459453,10810AB591B0976,10810AB591B0976,15,66000,TXG,233,2019,66000080020,2,30602,2019-10-21 09:58:00,10810210958,臺中市北屯區后庄里后庄北路22號,0,1,111,112,120,30,126,141,163,172,176,181,188,192,196,206,211,216,218,234,0.0,0.0,2020-09-10 09:38:13,2019-10-21 09:58:00,2019-10-21
9459609,10810ABA95B2521,10810ABA95B2521,15,66000,TXG,236,2513,66000130001,2,31046,2019-10-21 12:50:00,10810211250,臺中市沙鹿區居仁里和平街與大新街口附近與大新街口,0,1,111,112,120,50,127,149,163,172,176,181,188,192,196,201,211,216,218,233,24.2400079016513,120.561351544507,2020-09-10 09:38:13,2019-10-21 12:50:00,2019-10-21
9460039,10810AB591B0873,10810AB591B0873,15,66000,TXG,233,2026,66000080027,2,30602,2019-10-21 22:30:00,10810212230,臺中市北屯區平順里崇德二路一段202號,0,1,111,112,120,50,126,141,163,172,176,181,188,192,196,206,211,216,218,234,24.1765125748036,120.693049351436,2020-09-10 09:38:13,2019-10-21 22:30:00,2019-10-21
9459536,10810AB691B1245,10810AB691B1245,15,66000,TXG,232,2369,66000060017,2,30612,2019-10-21 11:31:00,10810211131,臺中市西屯區林厝里西平南巷2-3號,0,1,111,112,120,25,137,149,163,172,176,181,188,192,196,206,211,216,218,228,0.0,0.0,2020-09-10 09:38:13,2019-10-21 11:31:00,2019-10-21
9459801,10810A2AZKB0087,10810A2AZKB0087,15,66000,TXG,232,0,66000060000,2,28839,2019-10-21 17:18:00,10810211718,臺中市西屯區中科路(西往東)與科雅路口附近,0,2,111,112,120,40,127,141,163,172,176,181,188,190,193,197,210,212,217,230,0.0,0.0,2020-09-10 09:38:13,2019-10-21 17:18:00,2019-10-21
9459874,10810AB993B2186,10810AB993B2186,15,66000,TXG,14,2277,66000230005,2,31024,2019-10-21 18:24:00,10810211824,臺中市烏日區學田里學田路435號,0,2,111,114,120,40,126,142,163,172,176,181,188,192,196,201,211,216,217,231,24.1176832996941,120.608075231949,2020-09-10 09:38:13,2019-10-21 18:24:00,2019-10-21
9460023,10810AB191B0213,10810AB191B0213,15,66000,TXG,230,0,66000040000,2,30566,2019-10-21 21:54:00,10810212154,臺中市西區三民路與建國北路口附近與建國北路口,0,1,111,114,120,50,128,141,163,172,176,181,188,189,193,206,211,216,218,234,24.1293367158575,120.667028495395,2020-09-10 09:38:13,2019-10-21 21:54:00,2019-10-21
9459245,10810ABC91B1968,10810ABC91B1968,15,66000,TXG,246,2207,66000270008,2,31077,2019-10-21 07:25:00,10810210725,臺中市太平區中山里中山路二段525號,0,1,111,112,120,50,137,147,163,172,176,181,188,192,196,201,211,215,217,230,24.149716691422,120.725258931876,2020-09-10 09:38:13,2019-10-21 07:25:00,2019-10-21
9459848,10810ABA94B2523,10810ABA94B2523,15,66000,TXG,312,2542,66000140011,2,31045,2019-10-21 18:01:00,10810211801,臺中市梧棲區大村里港埠路一段文昌路口附近文昌路口,0,2,111,112,120,60,127,141,163,172,176,181,188,189,193,206,211,216,217,234,24.2464694452894,120.534598244373,2020-09-10 09:38:13,2019-10-21 18:01:00,2019-10-21
9459160,10810AB291B0347,10810AB291B0347,15,66000,TXG,231,2344,66000050002,2,30575,2019-10-21 00:10:00,10810210010,臺中市北區文莊里篤行路文化街附近文化街,0,2,111,114,120,50,127,141,163,172,176,181,188,191,193,206,211,216,218,234,24.1521884810042,120.673643946224,2020-09-10 09:38:13,2019-10-21 00:10:00,2019-10-21
9459249,10810AB291B0349,10810AB291B0349,15,66000,TXG,231,1987,66000050024,2,30575,2019-10-21 07:27:00,10810210727,臺中市北區賴明里中清路一段590號,0,1,111,112,120,50,137,147,163,172,176,181,188,192,196,198,210,215,218,235,24.1673487953971,120.673172218665,2020-09-10 09:38:13,2019-10-21 07:27:00,2019-10-21
9459916,10810AB891B1598,10810AB891B1598,15,66000,TXG,245,2185,66000260002,2,31010,2019-10-21 19:10:00,10810211910,臺中市霧峰區吉峰里民生路217號,0,1,111,114,120,40,134,153,163,172,176,181,188,192,196,201,211,216,217,235,24.0737997431551,120.707057565255,2020-09-10 09:38:13,2019-10-21 19:10:00,2019-10-21
9459401,10810AB691B0008,10810AB691B0008,15,66000,TXG,232,2001,66000060002,2,30612,2019-10-21 08:56:00,10810210856,臺中市西屯區西墩里環中路二段1036巷第07804號燈桿附近第07804號燈桿,0,1,111,112,120,50,127,141,163,172,176,181,188,192,196,206,211,216,218,234,24.1859063638793,120.637068286482,2020-09-10 09:38:13,2019-10-21 08:56:00,2019-10-21
9459759,10810AB691B1395,10810AB691B1395,15,66000,TXG,232,2010,66000060011,2,30612,2019-10-21 16:39:00,10810211639,臺中市西屯區大河里河南路近文心路附近近文心路,0,1,111,112,120,50,137,149,163,172,176,181,188,189,193,205,210,216,218,230,0.0,0.0,2020-09-10 09:38:13,2019-10-21 16:39:00,2019-10-21
9459568,10810AB291B0356,10810AB291B0356,15,66000,TXG,231,2343,66000050001,2,30575,2019-10-21 12:07:00,10810211207,臺中市北區光大里中清路太平路口附近太平路口,0,2,111,112,120,50,127,141,163,172,176,181,188,189,193,206,211,216,218,226,0.0,0.0,2020-09-10 09:38:13,2019-10-21 12:07:00,2019-10-21
9459624,10810AB891B1591,10810AB891B1591,15,66000,TXG,247,2257,66000280016,2,31010,2019-10-21 13:23:00,10810211323,臺中市大里區塗城里向學路57號,0,1,111,112,120,40,127,141,163,172,176,181,188,192,196,206,211,216,218,233,24.0910609120615,120.700416048956,2020-09-10 09:38:13,2019-10-21 13:23:00,2019-10-21
9459711,10810AB891B1597,10810AB891B1597,15,66000,TXG,245,2185,66000260002,2,31010,2019-10-21 15:40:00,10810211540,臺中市霧峰區吉峰里吉峰東路76-4號,0,1,111,112,120,50,128,141,163,172,176,181,188,189,193,206,211,216,218,235,0.0,0.0,2020-09-10 09:38:13,2019-10-21 15:40:00,2019-10-21
9459607,10810AB795B3091,10810AB795B3091,15,66000,TXG,240,2088,66000180007,2,30625,2019-10-21 12:49:00,10810211249,臺中市大雅區三和里義和路39號,0,1,111,112,120,40,127,141,163,172,176,181,188,192,196,206,211,216,217,234,24.2158646161639,120.654492613908,2020-09-10 09:38:13,2019-10-21 12:49:00,2019-10-21
9459668,10810AB795B3081,10810AB795B3081,15,66000,TXG,240,2082,66000180001,2,30625,2019-10-21 14:31:00,10810211431,臺中市大雅區大雅里雅環路二段135巷口附近135巷口,0,1,111,112,120,50,126,141,163,172,176,181,188,192,196,206,211,216,218,236,0.0,0.0,2020-09-10 09:38:13,2019-10-21 14:31:00,2019-10-21
9459831,10810AB291B0357,10810AB291B0357,15,66000,TXG,231,2357,66000050015,2,30575,2019-10-21 17:49:00,10810211749,臺中市北區賴厝里太原路二段207號,0,1,111,112,120,50,137,149,163,172,176,181,188,192,196,206,211,216,218,234,24.1653705166428,120.681495737795,2020-09-10 09:38:13,2019-10-21 17:49:00,2019-10-21
9459834,10810AB795B3093,10810AB795B3093,15,66000,TXG,240,2091,66000180011,2,30625,2019-10-21 17:50:00,10810211750,臺中市大雅區四德里龍善一街51號旁附近旁,0,1,111,114,120,40,127,141,163,172,176,181,188,192,196,206,211,215,218,234,0.0,0.0,2020-09-10 09:38:13,2019-10-21 17:50:00,2019-10-21
9459604,10810AB891B1589,10810AB891B1589,15,66000,TXG,245,2188,66000260005,2,31010,2019-10-21 12:45:00,10810211245,臺中市霧峰區中正里四德路76號,0,1,111,112,120,50,126,141,163,172,176,181,188,192,196,206,211,216,218,235,24.06539187638,120.69635861,2020-09-10 09:38:13,2019-10-21 12:45:00,2019-10-21
9459809,10810AB891B1602,10810AB891B1602,15,66000,TXG,247,2237,66000280001,2,31010,2019-10-21 17:22:00,10810211722,臺中市大里區大里里爽文路與大里路口附近與大里路口,0,1,111,114,120,50,137,149,163,172,176,181,188,192,196,201,208,216,217,230,24.1026760821418,120.674610089472,2020-09-10 09:38:13,2019-10-21 17:22:00,2019-10-21
9459867,10810AB795B3080,10810AB795B3080,15,66000,TXG,240,2083,66000180002,2,30625,2019-10-21 18:20:00,10810211820,臺中市大雅區員林里大林路271巷39號旁附近旁,0,1,111,115,120,40,137,149,163,172,176,181,188,192,196,206,211,216,217,235,0.0,0.0,2020-09-10 09:38:13,2019-10-21 18:20:00,2019-10-21
9459279,10810ABA94B2527,10810ABA94B2527,15,66000,TXG,312,2539,66000140007,2,31045,2019-10-21 07:43:00,10810210743,臺中市梧棲區草湳里自立一街196號,0,1,111,112,120,50,137,149,163,172,176,181,188,192,196,205,211,216,217,231,24.2390215272674,120.52956766114,2020-09-10 09:38:13,2019-10-21 07:43:00,2019-10-21
9459503,10810AB691B1246,10810AB691B1246,15,66000,TXG,232,2006,66000060007,2,30612,2019-10-21 10:56:00,10810211056,臺中市西屯區逢甲里福星路557-1號,0,1,111,112,120,50,137,149,163,172,176,181,188,192,196,205,210,216,218,235,0.0,0.0,2020-09-10 09:38:13,2019-10-21 10:56:00,2019-10-21
9459903,10810AB995B2185,10810AB995B2185,15,66000,TXG,288,2175,66000250007,2,31026,2019-10-21 18:53:00,10810211853,臺中市龍井區龍津里中央路一段224號,0,1,111,114,120,50,137,149,163,172,176,181,188,192,196,201,211,216,217,221,24.2020675510105,120.523438499998,2020-09-10 09:38:13,2019-10-21 18:53:00,2019-10-21
9459994,10810AB491B0656,10810AB491B0656,15,66000,TXG,13,2393,66000070025,2,30594,2019-10-21 21:02:00,10810212102,臺中市南屯區三義里黎明路市政南二路,0,1,111,114,120,50,127,141,163,172,176,181,188,190,193,206,211,216,218,234,24.1557014837549,120.63444464908,2020-09-10 09:38:13,2019-10-21 21:02:00,2019-10-21
9459324,10810AB191B0174,10810AB191B0174,15,66000,TXG,230,2338,66000040021,2,30566,2019-10-21 08:05:00,10810210805,臺中市西區中興里中興街與向上北路口附近與向上北路口,0,1,111,112,120,50,127,141,163,172,176,181,188,191,193,206,211,216,218,233,24.1478722750584,120.663068134442,2020-09-10 09:38:13,2019-10-21 08:05:00,2019-10-21
9459499,10810AB691B1252,10810AB691B1252,15,66000,TXG,232,2368,66000060016,2,30612,2019-10-21 10:46:00,10810211046,臺中市西屯區廣福里環中路3P-186(橋墩)附近3P-186(橋墩),0,1,111,112,120,60,137,148,163,172,176,181,188,192,196,197,209,215,217,231,0.0,0.0,2020-09-10 09:38:13,2019-10-21 10:46:00,2019-10-21
9460043,10810AB891B1608,10810AB891B1608,15,66000,TXG,245,2185,66000260002,2,31010,2019-10-21 22:38:00,10810212238,臺中市霧峰區吉峰里吉峰西路74巷105弄口附近口,0,2,111,114,120,40,126,141,163,172,176,181,188,192,196,206,211,216,218,229,0.0,0.0,2020-09-10 09:38:13,2019-10-21 22:38:00,2019-10-21
9459202,10810ABA95B2583,10810ABA95B2583,15,66000,TXG,236,2533,66000130021,2,31046,2019-10-21 06:44:00,10810210644,臺中市沙鹿區三鹿里自立路近自強路口附近近自強路口,0,1,111,112,120,50,127,141,163,172,176,181,188,189,193,206,211,216,218,233,0.0,0.0,2020-09-10 09:38:13,2019-10-21 06:44:00,2019-10-21
9459438,10810AB591B0890,10810AB591B0890,15,66000,TXG,233,2032,66000080033,2,30602,2019-10-21 09:35:00,10810210935,臺中市北屯區松勇里松竹北路213號,0,1,111,112,120,50,137,149,163,172,176,181,188,192,196,200,209,216,218,234,24.1853574374704,120.695575783685,2020-09-10 09:38:13,2019-10-21 09:35:00,2019-10-21
9459846,10810AB691B1257,10810AB691B1257,15,66000,TXG,232,2372,66000060020,2,30612,2019-10-21 18:00:00,10810211800,臺中市西屯區協和里工業區一路工業區八路,0,1,111,114,120,50,128,141,163,172,176,181,188,192,196,205,210,216,218,229,24.1733023347837,120.60441205732,2020-09-10 09:38:13,2019-10-21 18:00:00,2019-10-21
9459492,10810AB891B1588,10810AB891B1588,15,66000,TXG,247,2267,66000280026,2,31010,2019-10-21 10:40:00,10810211040,臺中市大里區立德里甲堤南路與立元一橋附近與立元一橋,0,1,111,112,120,50,127,141,163,172,176,181,188,189,193,206,211,216,218,234,0.0,0.0,2020-09-10 09:38:13,2019-10-21 10:40:00,2019-10-21
9460013,10810AB191B0184,10810AB191B0184,15,66000,TXG,230,0,66000040000,2,30566,2019-10-21 21:30:00,10810212130,臺中市西區五權路與樂群街口附近與樂群街口,0,1,111,114,120,50,127,141,163,172,176,181,188,189,193,206,211,216,218,234,24.1336103519785,120.6664248286,2020-09-10 09:38:13,2019-10-21 21:30:00,2019-10-21
9459567,10810AB691B1241,10810AB691B1241,15,66000,TXG,232,2000,66000060001,2,30612,2019-10-21 12:07:00,10810211207,臺中市西屯區西安里僑光路100號,0,2,111,112,120,50,138,162,163,172,176,177,188,191,193,206,211,216,218,235,0.0,0.0,2020-09-10 09:38:13,2019-10-21 12:07:00,2019-10-21
9459290,10810AB891B1585,10810AB891B1585,15,66000,TXG,247,2254,66000280013,2,31010,2019-10-21 07:47:00,10810210747,臺中市大里區夏田里頂厝路19號,0,1,111,112,120,40,126,141,163,172,176,181,188,192,196,206,211,216,218,234,24.0877890008715,120.675819259162,2020-09-10 09:38:13,2019-10-21 07:47:00,2019-10-21
9459822,10810AB795B3083,10810AB795B3083,15,66000,TXG,240,2093,66000180013,2,30625,2019-10-21 17:38:00,10810211738,臺中市大雅區文雅里中山北路428號前附近428號前,0,1,111,114,120,50,137,149,163,172,176,181,188,192,196,205,210,216,217,231,24.2173821874807,120.647530542118,2020-09-10 09:38:13,2019-10-21 17:38:00,2019-10-21
9459795,10810ABB91B2771,10810ABB91B2771,15,66000,TXG,287,2133,66000220006,2,31061,2019-10-21 17:14:00,10810211714,臺中市大安區東安里中山南路157號,0,1,111,114,120,50,137,149,163,172,176,181,188,192,196,205,211,216,217,234,0.0,0.0,2020-09-10 09:38:13,2019-10-21 17:14:00,2019-10-21
9459468,10810AB591B0870,10810AB591B0870,15,66000,TXG,233,2025,66000080026,2,30602,2019-10-21 10:12:00,10810211012,臺中市北屯區平安里崇德路二段10號,0,2,111,112,120,50,137,149,163,172,176,181,188,192,196,197,210,216,218,231,24.1686599284573,120.685286413928,2020-09-10 09:38:13,2019-10-21 10:12:00,2019-10-21
9460045,10810AB491B0652,10810AB491B0652,15,66000,TXG,13,2388,66000070020,2,30594,2019-10-21 22:42:00,10810212242,臺中市南屯區大興里南屯路東興路,0,1,111,112,120,50,127,141,163,172,176,181,188,189,193,206,211,216,218,235,24.1357345208773,120.653035186687,2020-09-10 09:38:13,2019-10-21 22:42:00,2019-10-21
9459714,10810AB891B1596,10810AB891B1596,15,66000,TXG,247,2253,66000280012,2,31010,2019-10-21 15:44:00,10810211544,臺中市大里區大元里國光路一段大里橋北上側車道附近大里橋北上側車道,0,2,111,112,120,40,131,149,163,172,176,181,188,192,196,197,211,216,217,235,24.0955139408344,120.686652520794,2020-09-10 09:38:13,2019-10-21 15:44:00,2019-10-21
9459364,10810AB993B2180,10810AB993B2180,15,66000,TXG,14,2147,66000230009,2,31024,2019-10-21 08:30:00,10810210830,臺中市烏日區五光里五光路189巷41號,0,1,111,112,120,50,126,141,163,172,176,181,188,192,196,201,210,216,218,235,24.0945354238433,120.652892606845,2020-09-10 09:38:13,2019-10-21 08:30:00,2019-10-21
9459448,10810AB891B1594,10810AB891B1594,15,66000,TXG,247,2260,66000280019,2,31010,2019-10-21 09:55:00,10810210955,臺中市大里區東湖里中興路一段草溪東路附近草溪東路,0,1,111,112,120,50,137,149,163,172,176,181,188,189,193,201,210,215,217,234,24.0794951593357,120.698685648842,2020-09-10 09:38:13,2019-10-21 09:55:00,2019-10-21
9459706,10810AB591B0881,10810AB591B0881,15,66000,TXG,233,2408,66000080036,2,30602,2019-10-21 15:37:00,10810211537,臺中市北屯區平福里大連路熱河路,0,2,111,112,120,50,127,141,163,172,176,181,188,190,193,206,211,216,218,234,24.175634317971,120.688189577052,2020-09-10 09:38:13,2019-10-21 15:37:00,2019-10-21
9459167,10810ABA94B2524,10810ABA94B2524,15,66000,TXG,312,2535,66000140003,2,31045,2019-10-21 00:38:00,10810210038,臺中市梧棲區中正里文化路二段138號,0,1,111,112,120,50,137,147,163,172,176,181,188,192,196,206,211,216,218,235,24.2551141512661,120.530649025078,2020-09-10 09:38:13,2019-10-21 00:38:00,2019-10-21
9459669,10810ABA93B2520,10810ABA93B2520,15,66000,TXG,311,187,66000120004,2,31044,2019-10-21 14:35:00,10810211435,臺中市清水區文昌里中山路中興街,0,1,111,112,120,50,127,141,163,172,176,181,188,189,193,197,210,215,218,234,24.2715064644186,120.576371598169,2020-09-10 09:38:13,2019-10-21 14:35:00,2019-10-21
9459879,10810AB391B0556,10810AB391B0556,15,66000,TXG,228,2076,66000020016,2,30584,2019-10-21 18:26:00,10810211826,臺中市東區東信里振興路與振興路262巷口附近與振興路262巷口,0,1,111,113,120,50,126,141,163,172,176,181,188,192,196,206,211,216,218,236,0.0,0.0,2020-09-10 09:38:13,2019-10-21 18:26:00,2019-10-21
9459997,10810ABC91B1991,10810ABC91B1991,15,66000,TXG,246,2200,66000270001,2,31077,2019-10-21 21:09:00,10810212109,臺中市太平區太平里永豐路277巷永豐路,0,1,111,114,120,40,126,141,163,172,176,181,188,192,196,206,211,216,218,245,24.1157522315898,120.704533244699,2020-09-10 09:38:13,2019-10-21 21:09:00,2019-10-21
9459370,10810AB795B3077,10810AB795B3077,15,66000,TXG,240,2090,66000180010,2,30625,2019-10-21 08:36:00,10810210836,臺中市大雅區二和里前村東路78號,0,1,111,112,120,30,127,141,163,172,176,181,188,192,196,206,211,216,218,234,24.226216114684,120.662896923687,2020-09-10 09:38:13,2019-10-21 08:36:00,2019-10-21
9459710,10810AB793B3079,10810AB793B3079,15,66000,TXG,239,2567,66000170007,2,30623,2019-10-21 15:40:00,10810211540,臺中市潭子區東寶里雅潭路二段22號,0,1,111,112,120,50,137,147,163,172,176,181,188,192,196,197,210,215,217,230,24.2167276625823,120.697217100972,2020-09-10 09:38:13,2019-10-21 15:40:00,2019-10-21
9459748,10810AB995B2182,10810AB995B2182,15,66000,TXG,288,2170,66000250002,2,31026,2019-10-21 16:30:00,10810211630,臺中市龍井區龍東里舊車路87號,0,1,111,112,120,50,127,149,163,172,176,181,188,192,196,206,211,216,218,235,0.0,0.0,2020-09-10 09:38:13,2019-10-21 16:30:00,2019-10-21
9459337,10810AB291B0351,10810AB291B0351,15,66000,TXG,231,1996,66000050033,2,30575,2019-10-21 08:15:00,10810210815,臺中市北區明新里忠明路499號,0,1,111,112,120,50,137,149,163,172,176,181,188,189,193,206,211,216,218,234,0.0,0.0,2020-09-10 09:38:13,2019-10-21 08:15:00,2019-10-21
9459892,10810AB891B1613,10810AB891B1613,15,66000,TXG,245,2193,66000260011,2,31010,2019-10-21 18:40:00,10810211840,臺中市霧峰區南柳里柳豐路460號,0,1,111,114,120,50,137,147,163,172,176,181,188,192,196,201,210,215,218,235,24.0449312267587,120.68822445446,2020-09-10 09:38:13,2019-10-21 18:40:00,2019-10-21
9459368,10810AB291B0350,10810AB291B0350,15,66000,TXG,231,1999,66000050036,2,30575,2019-10-21 08:35:00,10810210835,臺中市北區賴福里中清路一段436號,0,2,111,112,120,50,127,141,163,172,176,181,188,192,196,199,210,216,218,235,0.0,0.0,2020-09-10 09:38:13,2019-10-21 08:35:00,2019-10-21
9459740,10810AB591B0894,10810AB591B0894,15,66000,TXG,233,2397,66000080005,2,30602,2019-10-21 16:21:00,10810211621,臺中市北屯區平和里山西路二段大連路三段,0,1,111,112,120,50,128,141,163,172,176,181,188,189,193,206,211,216,218,234,0.0,0.0,2020-09-10 09:38:13,2019-10-21 16:21:00,2019-10-21