識別碼,案件編號,交通事故主表,縣市識別碼,縣市代碼,所屬縣市簡碼,鄉縣市區識別碼,村里識別碼,里代碼,事故類(A1、A2...An),處理單位代碼,案件時間(西元),案件時間(民國),發生地點,死亡人數,受傷人數(含2~30日內死亡),天氣識別碼,光線識別碼,道路類別識別碼,速限,道路型態識別碼,事故位置識別碼,路面鋪裝識別碼,路面狀態識別碼,路面缺陷識別碼,障礙物視距識別碼,視距識別碼,號誌種類識別碼,號誌動作識別碼,車道劃分設施-分向設施識別碼,快車道或一般車道間識別碼,快慢車道間識別碼,路面邊線識別碼,事故類型及型態識別碼,緯度,經度,本平台資料更新時間(yyyy-MM-dd HH:mm:ss),資料代表時間(yyyy-MM-dd HH:mm:ss),資料代表日期(yyyy-MM-dd)
9459808,10810AB996B2184,10810AB996B2184,15,66000,TXG,288,2184,66000250016,2,31027,2019-10-21 17:21:00,10810211721,臺中市龍井區東海里遊園北路432號,0,1,111,113,120,50,137,149,163,172,176,181,188,192,196,205,211,216,217,235,24.191568914522,120.589546915675,2020-09-10 09:38:13,2019-10-21 17:21:00,2019-10-21
9459478,10810AB691B1278,10810AB691B1278,15,66000,TXG,232,2372,66000060020,2,30612,2019-10-21 10:23:00,10810211023,臺中市西屯區協和里安和路51-8號,0,1,111,112,120,40,137,148,163,172,176,181,188,192,196,201,210,215,218,230,0.0,0.0,2020-09-10 09:38:13,2019-10-21 10:23:00,2019-10-21
9459656,10810ABA93B2528,10810ABA93B2528,15,66000,TXG,311,1983,66000120024,2,31044,2019-10-21 14:14:00,10810211414,臺中市清水區菁埔里中山路中央北路附近中央北路,0,1,111,112,120,70,126,141,163,172,176,181,188,189,193,206,211,216,218,234,24.2962927615067,120.591117390809,2020-09-10 09:38:13,2019-10-21 14:14:00,2019-10-21
9459330,10810AB993B2176,10810AB993B2176,15,66000,TXG,14,2145,66000230007,2,31024,2019-10-21 08:08:00,10810210808,臺中市烏日區仁德里信義街256號,0,1,111,112,120,50,126,149,163,172,176,181,188,192,196,201,211,216,217,234,0.0,0.0,2020-09-10 09:38:13,2019-10-21 08:08:00,2019-10-21
9459891,10810AB891B1605,10810AB891B1605,15,66000,TXG,247,2267,66000280026,2,31010,2019-10-21 18:40:00,10810211840,臺中市大里區立德里立元路26號,0,1,111,114,120,50,126,149,163,172,176,181,188,189,193,205,210,215,217,221,24.0997584643386,120.695197838746,2020-09-10 09:38:13,2019-10-21 18:40:00,2019-10-21
9459379,10810ABC91B1969,10810ABC91B1969,15,66000,TXG,246,2202,66000270003,2,31077,2019-10-21 08:43:00,10810210843,臺中市太平區中平里成功東路中平路,0,1,111,112,120,50,126,141,163,172,176,181,188,191,193,206,211,216,218,234,24.1267864324893,120.7188076561,2020-09-10 09:38:13,2019-10-21 08:43:00,2019-10-21
9459512,10810ABC91B1970,10810ABC91B1970,15,66000,TXG,246,2205,66000270006,2,31077,2019-10-21 11:07:00,10810211107,臺中市太平區東平里新平路一段196巷,0,2,111,112,120,50,126,141,163,172,176,181,188,191,193,201,211,215,218,231,0.0,0.0,2020-09-10 09:38:13,2019-10-21 11:07:00,2019-10-21
9459675,10810AB591B0892,10810AB591B0892,15,66000,TXG,233,2017,66000080018,2,30602,2019-10-21 14:44:00,10810211444,臺中市北屯區仁美里崇德十二路昌平東二路,0,2,111,112,120,50,127,141,163,172,176,181,188,191,193,206,211,216,218,234,24.1904952598582,120.687577366243,2020-09-10 09:38:13,2019-10-21 14:44:00,2019-10-21
9459357,10810AB691B1244,10810AB691B1244,15,66000,TXG,232,2313,66000060028,2,30612,2019-10-21 08:27:00,10810210827,臺中市西屯區上德里弘孝路智惠街,0,3,111,112,120,50,127,141,163,172,176,181,188,189,193,206,210,216,218,230,24.1681067503212,120.645923969028,2020-09-10 09:38:13,2019-10-21 08:27:00,2019-10-21
9459964,10810AB591B0912,10810AB591B0912,15,66000,TXG,233,0,66000080000,2,30602,2019-10-21 20:22:00,10810212022,臺中市北屯區大連路一段山西路二段,0,1,111,114,120,50,128,141,163,172,176,181,188,189,193,206,211,216,218,235,24.1773224034555,120.676680905395,2020-09-10 09:38:13,2019-10-21 20:22:00,2019-10-21
9459309,10810AB591B0975,10810AB591B0975,15,66000,TXG,233,0,66000080000,2,30602,2019-10-21 07:56:00,10810210756,臺中市北屯區太原路三段1505號,0,2,111,113,120,50,137,149,163,172,176,181,188,192,196,201,210,216,218,231,0.0,0.0,2020-09-10 09:38:13,2019-10-21 07:56:00,2019-10-21
9459360,10810AB691B1239,10810AB691B1239,15,66000,TXG,232,2318,66000060033,2,30612,2019-10-21 08:29:00,10810210829,臺中市西屯區福和里臺灣大道四段00257路燈附近00257路燈,0,1,111,112,120,40,137,148,163,172,176,181,188,192,196,197,211,212,218,230,0.0,0.0,2020-09-10 09:38:13,2019-10-21 08:29:00,2019-10-21
9459520,10810AB891B1610,10810AB891B1610,15,66000,TXG,245,5912,66000260015,2,31010,2019-10-21 11:10:00,10810211110,臺中市霧峰區舊正里峰西路豐正路口附近豐正路口,0,2,111,112,120,40,137,149,163,172,176,181,188,191,193,197,211,216,217,235,0.0,0.0,2020-09-10 09:38:13,2019-10-21 11:10:00,2019-10-21
9459547,10810AB691B1297,10810AB691B1297,15,66000,TXG,232,2323,66000060038,2,30612,2019-10-21 11:44:00,10810211144,臺中市西屯區福林里玉門路56-2號,0,2,111,112,120,40,137,148,163,172,176,181,188,192,196,201,210,215,218,227,0.0,0.0,2020-09-10 09:38:13,2019-10-21 11:44:00,2019-10-21
9459457,10810AB691B1243,10810AB691B1243,15,66000,TXG,232,2010,66000060011,2,30612,2019-10-21 10:03:00,10810211003,臺中市西屯區大河里文心路三段寧夏路,0,2,111,112,120,50,126,141,163,172,176,181,188,190,193,197,210,216,218,230,24.1710844413152,120.659016085117,2020-09-10 09:38:13,2019-10-21 10:03:00,2019-10-21
9459565,10810AB691B1279,10810AB691B1279,15,66000,TXG,232,2309,66000060024,2,30612,2019-10-21 12:06:00,10810211206,臺中市西屯區西平里西安街173號,0,1,111,112,120,50,127,141,163,172,176,181,188,190,193,206,211,216,218,235,24.1817731426202,120.644801280078,2020-09-10 09:38:13,2019-10-21 12:06:00,2019-10-21
9459709,10810AB591B0893,10810AB591B0893,15,66000,TXG,233,0,66000080000,2,30602,2019-10-21 15:40:00,10810211540,臺中市北屯區旱溪西路三段2-3號,0,1,111,112,120,50,137,149,163,172,176,181,188,192,196,200,209,216,218,234,0.0,0.0,2020-09-10 09:38:13,2019-10-21 15:40:00,2019-10-21
9459901,10810AB891B1601,10810AB891B1601,15,66000,TXG,247,2264,66000280023,2,31010,2019-10-21 18:50:00,10810211850,臺中市大里區永隆里環河路137號,0,1,111,114,120,50,137,148,163,172,176,181,188,192,196,201,208,215,218,235,24.1162241269885,120.673652971148,2020-09-10 09:38:13,2019-10-21 18:50:00,2019-10-21
9459952,10810AB891B1606,10810AB891B1606,15,66000,TXG,245,2194,66000260012,2,31010,2019-10-21 20:00:00,10810212000,臺中市霧峰區四德里中投西路二段76號,0,1,111,114,120,40,134,148,163,172,176,181,188,192,196,206,211,215,217,231,0.0,0.0,2020-09-10 09:38:13,2019-10-21 20:00:00,2019-10-21
9459428,10810AB995B2179,10810AB995B2179,15,66000,TXG,288,2172,66000250004,2,31026,2019-10-21 09:21:00,10810210921,臺中市龍井區田中里舊車路79巷與龍北路361巷(口)附近與龍北路361巷(口),0,2,111,112,120,40,127,141,163,172,176,181,188,192,196,206,211,216,218,233,0.0,0.0,2020-09-10 09:38:13,2019-10-21 09:21:00,2019-10-21
9460300,10810AB891B1612,10810AB891B1612,15,66000,TXG,247,2241,66000280005,2,31010,2019-10-22 08:40:00,10810220840,臺中市大里區祥興里環中東路五段260-11號,0,1,111,112,120,40,137,149,163,172,176,181,188,192,196,201,210,216,218,230,0.0,0.0,2020-09-10 09:38:13,2019-10-22 08:40:00,2019-10-22
9460738,10810AB291B0412,10810AB291B0412,15,66000,TXG,231,2358,66000050016,2,30575,2019-10-22 17:05:00,10810221705,臺中市北區賴村里健行路556號,0,1,111,113,120,50,137,147,163,172,176,181,188,192,196,203,211,215,218,234,24.1591621751376,120.678170288999,2020-09-10 09:38:13,2019-10-22 17:05:00,2019-10-22
9460099,10810AB691B1262,10810AB691B1262,15,66000,TXG,232,2006,66000060007,2,30612,2019-10-22 06:38:00,10810220638,臺中市西屯區逢甲里西屯路二段上石北二巷附近上石北二巷,0,1,111,113,120,50,126,141,163,172,176,181,188,192,196,206,211,216,218,234,0.0,0.0,2020-09-10 09:38:13,2019-10-22 06:38:00,2019-10-22
9460491,10810AB691B1265,10810AB691B1265,15,66000,TXG,232,2366,66000060014,2,30612,2019-10-22 11:56:00,10810221156,臺中市西屯區大鵬里大鵬路82-2號,0,1,111,112,120,50,127,142,163,172,176,181,188,192,196,206,211,216,218,231,0.0,0.0,2020-09-10 09:38:13,2019-10-22 11:56:00,2019-10-22
9460197,10810ABB93B2775,10810ABB93B2775,15,66000,TXG,243,2120,66000210004,2,31062,2019-10-22 07:46:00,10810220746,臺中市外埔區大同里大馬路中山路,0,1,111,112,120,40,137,149,163,172,176,181,188,192,196,206,211,216,217,229,24.3388059881319,120.656393914212,2020-09-10 09:38:13,2019-10-22 07:46:00,2019-10-22
9460593,10810AB291B0362,10810AB291B0362,15,66000,TXG,231,1992,66000050029,2,30575,2019-10-22 13:56:00,10810221356,臺中市北區錦平里三民路三段育才北路附近育才北路,0,1,111,112,120,50,137,147,163,172,176,181,188,192,196,201,210,216,218,235,24.1527705564426,120.685408522993,2020-09-10 09:38:13,2019-10-22 13:56:00,2019-10-22
9460501,10810AB291B0369,10810AB291B0369,15,66000,TXG,231,2357,66000050015,2,30575,2019-10-22 12:04:00,10810221204,臺中市北區賴厝里漢口路與梅川東路口附近與梅川東路口,0,1,111,112,120,50,127,141,163,172,176,181,188,189,193,206,211,216,218,233,24.1670528786127,120.678279498568,2020-09-10 09:38:13,2019-10-22 12:04:00,2019-10-22
9460814,10810ABD91B2854,10810ABD91B2854,15,66000,TXG,242,2107,66000200001,2,31087,2019-10-22 18:01:00,10810221801,臺中市石岡區石岡里石岡街103號,0,1,111,112,120,40,137,149,163,172,176,181,188,192,196,200,211,215,217,220,24.2761085676024,120.774932557782,2020-09-10 09:38:13,2019-10-22 18:01:00,2019-10-22
9460255,10810AB691B1258,10810AB691B1258,15,66000,TXG,232,2008,66000060009,2,30612,2019-10-22 08:06:00,10810220806,臺中市西屯區何安里文心路三段67號,0,1,111,112,120,50,126,141,163,172,176,181,188,192,196,197,210,216,218,231,24.1649593262158,120.650690018123,2020-09-10 09:38:13,2019-10-22 08:06:00,2019-10-22
9460663,10810AB691B1259,10810AB691B1259,15,66000,TXG,232,2309,66000060024,2,30612,2019-10-22 15:41:00,10810221541,臺中市西屯區西平里華夏巷華夏巷東三弄,0,2,111,112,120,30,127,141,163,172,176,181,188,192,196,206,211,216,218,234,0.0,0.0,2020-09-10 09:38:13,2019-10-22 15:41:00,2019-10-22
9460213,10810AB691B1247,10810AB691B1247,15,66000,TXG,232,0,66000060000,2,30612,2019-10-22 07:54:00,10810220754,臺中市西屯區五權西路三段第019號燈桿附近第019號燈桿,0,1,111,112,120,50,137,149,163,172,176,181,188,192,196,206,211,216,218,234,24.1662988361352,120.588565710639,2020-09-10 09:38:13,2019-10-22 07:54:00,2019-10-22
9460806,10810AB291B0365,10810AB291B0365,15,66000,TXG,231,2354,66000050012,2,30575,2019-10-22 17:54:00,10810221754,臺中市北區邱厝里崇德路一段150號,0,2,111,114,120,40,137,147,163,172,176,181,188,192,196,197,210,215,218,231,24.1581739834034,120.685089860856,2020-09-10 09:38:13,2019-10-22 17:54:00,2019-10-22
9460711,10810ABA95B2598,10810ABA95B2598,15,66000,TXG,236,2529,66000130017,2,31046,2019-10-22 16:38:00,10810221638,臺中市沙鹿區公明里中清路六段近忠貞路口附近近忠貞路口,0,1,111,112,120,70,127,147,163,172,176,181,188,189,193,197,210,215,217,231,0.0,0.0,2020-09-10 09:38:13,2019-10-22 16:38:00,2019-10-22
9460075,10810AB891B1609,10810AB891B1609,15,66000,TXG,245,2192,66000260010,2,31010,2019-10-22 01:15:00,10810220115,臺中市霧峰區北柳里四德路136巷53弄附近53弄,0,1,111,114,120,30,126,141,163,172,176,181,188,192,196,206,211,216,218,236,0.0,0.0,2020-09-10 09:38:13,2019-10-22 01:15:00,2019-10-22
9460804,10810AB891B1640,10810AB891B1640,15,66000,TXG,247,2253,66000280012,2,31010,2019-10-22 17:53:00,10810221753,臺中市大里區大元里大衛路21-5號,0,1,111,114,120,50,137,149,163,171,176,181,188,192,196,201,211,216,217,235,0.0,0.0,2020-09-10 09:38:13,2019-10-22 17:53:00,2019-10-22
9460948,10810ABA95B2609,10810ABA95B2609,15,66000,TXG,236,2526,66000130014,2,31046,2019-10-22 20:20:00,10810222020,臺中市沙鹿區六路里北勢東路152號,0,2,111,114,120,50,137,147,163,172,176,181,188,192,196,201,211,215,218,234,24.2102163468107,120.58058340515,2020-09-10 09:38:13,2019-10-22 20:20:00,2019-10-22
9460625,10810AB391B0559,10810AB391B0559,15,66000,TXG,229,2279,66000030005,2,30584,2019-10-22 14:54:00,10810221454,臺中市南區積善里國光路與南門路口附近與南門路口,0,1,111,112,120,50,126,141,163,172,176,181,188,190,193,198,210,215,218,231,24.1223486072515,120.679394924368,2020-09-10 09:38:13,2019-10-22 14:54:00,2019-10-22
9460336,10810AB591B0875,10810AB591B0875,15,66000,TXG,233,2397,66000080005,2,30602,2019-10-22 09:12:00,10810220912,臺中市北屯區平和里瀋陽路安順東六街,0,1,111,112,120,50,127,141,163,172,176,181,188,192,196,206,211,216,218,247,24.1734800408053,120.68450936008,2020-09-10 09:38:13,2019-10-22 09:12:00,2019-10-22
9461028,10810AB291B0367,10810AB291B0367,15,66000,TXG,231,2359,66000050017,2,30575,2019-10-22 22:47:00,10810222247,臺中市北區育德里大德街91巷,0,1,110,114,120,50,127,141,163,172,176,181,188,192,196,206,211,216,218,234,24.1587737879334,120.678755831023,2020-09-10 09:38:13,2019-10-22 22:47:00,2019-10-22
9460624,10810ABA95B2599,10810ABA95B2599,15,66000,TXG,236,2525,66000130013,2,31046,2019-10-22 14:50:00,10810221450,臺中市沙鹿區晉江里通山路電桿06252前附近電桿06252前,0,1,111,112,120,30,137,149,163,172,176,181,188,192,196,206,211,216,218,236,0.0,0.0,2020-09-10 09:38:13,2019-10-22 14:50:00,2019-10-22
9460688,10810AB793B3090,10810AB793B3090,15,66000,TXG,239,2564,66000170004,2,30623,2019-10-22 16:05:00,10810221605,臺中市潭子區福仁里中山路二段31號,0,1,111,112,120,60,126,141,163,172,176,181,188,189,193,206,211,216,218,233,24.3766803729983,120.652507714569,2020-09-10 09:38:13,2019-10-22 16:05:00,2019-10-22
9460315,10810ABA93B2529,10810ABA93B2529,15,66000,TXG,311,2508,66000120028,2,31044,2019-10-22 08:51:00,10810220851,臺中市清水區下湳里中山路507巷,0,2,111,112,120,30,127,141,163,172,176,181,188,191,193,206,211,216,218,221,24.2766921127753,120.577778926809,2020-09-10 09:38:13,2019-10-22 08:51:00,2019-10-22
9460332,10810AB691B1249,10810AB691B1249,15,66000,TXG,232,2371,66000060019,2,30612,2019-10-22 09:10:00,10810220910,臺中市西屯區福安里福順路146號,0,2,111,112,120,50,137,149,163,172,176,181,188,192,196,201,211,216,218,235,24.1813669658621,120.622863473413,2020-09-10 09:38:13,2019-10-22 09:10:00,2019-10-22
9460187,10810AB591B0896,10810AB591B0896,15,66000,TXG,233,2024,66000080025,2,30602,2019-10-22 07:42:00,10810220742,臺中市北屯區新平里中平路1099號對面附近對面,0,2,111,112,120,50,126,141,163,172,176,181,188,192,196,206,211,216,218,231,24.1897330149638,120.659747582369,2020-09-10 09:38:13,2019-10-22 07:42:00,2019-10-22
9460863,10810ABC91B1980,10810ABC91B1980,15,66000,TXG,246,2225,66000270028,2,31077,2019-10-22 18:35:00,10810221835,臺中市太平區新高里中山路四段48號,0,1,111,114,120,50,127,141,163,172,176,181,188,189,193,201,211,216,218,247,24.1499832397176,120.711443701379,2020-09-10 09:38:13,2019-10-22 18:35:00,2019-10-22
9460562,10810ABA94B2532,10810ABA94B2532,15,66000,TXG,312,2535,66000140003,2,31045,2019-10-22 13:20:00,10810221320,臺中市梧棲區中正里中和街39號,0,2,111,112,120,50,126,141,163,172,176,181,188,192,196,206,211,216,218,235,24.1345588002363,120.721793979409,2020-09-10 09:38:13,2019-10-22 13:20:00,2019-10-22
9460887,10810AB291B0363,10810AB291B0363,15,66000,TXG,231,2355,66000050013,2,30575,2019-10-22 18:52:00,10810221852,臺中市北區建興里崇德路一段德化街附近德化街,0,2,111,115,120,50,127,141,163,172,176,181,188,189,193,206,211,216,218,235,24.1615513295685,120.685103610228,2020-09-10 09:38:13,2019-10-22 18:52:00,2019-10-22
9460935,10810ABC91B1976,10810ABC91B1976,15,66000,TXG,246,2212,66000270013,2,31077,2019-10-22 20:05:00,10810222005,臺中市太平區新福里旱溪東路二段100號,0,1,111,114,120,40,137,148,163,172,176,181,188,192,196,205,210,215,217,230,24.1520315981609,120.701953933073,2020-09-10 09:38:13,2019-10-22 20:05:00,2019-10-22
9460371,10810AB891B1611,10810AB891B1611,15,66000,TXG,247,2248,66000280007,2,31010,2019-10-22 09:50:00,10810220950,臺中市大里區西榮里西榮路105號,0,2,111,112,120,50,137,149,163,172,176,181,188,192,196,201,208,216,217,220,24.1124197316819,120.686173694766,2020-09-10 09:38:13,2019-10-22 09:50:00,2019-10-22
9460866,10810ABC91B1974,10810ABC91B1974,15,66000,TXG,246,2207,66000270008,2,31077,2019-10-22 18:36:00,10810221836,臺中市太平區中山里中山路二段456號,0,1,111,114,120,50,137,148,163,172,176,181,188,192,196,201,211,215,217,234,24.2164148871762,120.705465369305,2020-09-10 09:38:13,2019-10-22 18:36:00,2019-10-22
9460167,10810ABC91B1982,10810ABC91B1982,15,66000,TXG,246,2230,66000270033,2,31077,2019-10-22 07:32:00,10810220732,臺中市太平區光明里中山路二段408號,0,1,111,112,120,50,126,142,163,172,176,181,188,192,196,201,211,215,217,234,24.2152061208306,120.705205006821,2020-09-10 09:38:13,2019-10-22 07:32:00,2019-10-22
9460755,10810ABA95B2608,10810ABA95B2608,15,66000,TXG,236,2531,66000130019,2,31046,2019-10-22 17:15:00,10810221715,臺中市沙鹿區西勢里和睦路三段與中航路二段2巷口附近與中航路二段2巷口,0,2,111,114,120,50,126,142,163,172,176,181,188,192,196,200,211,216,217,234,0.0,0.0,2020-09-10 09:38:13,2019-10-22 17:15:00,2019-10-22
9460589,10810ABC91B1983,10810ABC91B1983,15,66000,TXG,246,2200,66000270001,2,31077,2019-10-22 13:50:00,10810221350,臺中市太平區太平里永豐路338號,0,1,111,112,120,50,126,142,163,172,176,181,188,192,196,201,211,216,217,234,24.1138372896664,120.703772835106,2020-09-10 09:38:13,2019-10-22 13:50:00,2019-10-22
9460997,10810AB391B0561,10810AB391B0561,15,66000,TXG,229,2287,66000030013,2,30584,2019-10-22 21:50:00,10810222150,臺中市南區樹德里復興路一段359號,0,1,111,114,120,50,137,148,163,172,176,181,188,192,196,197,210,215,218,230,0.0,0.0,2020-09-10 09:38:13,2019-10-22 21:50:00,2019-10-22
9460094,10810AB993B2207,10810AB993B2207,15,66000,TXG,14,2143,66000230004,2,31024,2019-10-22 06:24:00,10810220624,臺中市烏日區榮泉里中山路三段1367號,0,1,111,113,120,70,134,157,163,172,176,181,188,192,196,197,209,212,217,241,24.1117076454487,120.583855856523,2020-09-10 09:38:13,2019-10-22 06:24:00,2019-10-22
9460232,10810AB793B3085,10810AB793B3085,15,66000,TXG,239,2566,66000170006,2,30623,2019-10-22 07:58:00,10810220758,臺中市潭子區甘蔗里勝利路勝利八街,0,1,111,112,120,50,126,141,163,172,173,181,188,192,196,206,211,216,218,234,24.2110405406979,120.700701769803,2020-09-10 09:38:13,2019-10-22 07:58:00,2019-10-22
9460805,10810AB291B0411,10810AB291B0411,15,66000,TXG,231,1993,66000050030,2,30575,2019-10-22 17:53:00,10810221753,臺中市北區建德里瑞祥街國瑞街附近國瑞街,0,2,111,112,120,30,127,141,163,172,176,181,188,192,196,206,211,216,218,234,24.1575967524705,120.695229123698,2020-09-10 09:38:13,2019-10-22 17:53:00,2019-10-22
9460881,10810AB591B0883,10810AB591B0883,15,66000,TXG,233,2402,66000080010,2,30602,2019-10-22 18:47:00,10810221847,臺中市北屯區和平里軍福十五路和順路附近和順路,0,1,111,114,120,50,127,141,163,172,176,181,188,189,193,206,211,216,218,236,24.1740618033787,120.722519870918,2020-09-10 09:38:13,2019-10-22 18:47:00,2019-10-22
9461013,10810AB191B0207,10810AB191B0207,15,66000,TXG,230,2556,66000040011,2,30566,2019-10-22 22:16:00,10810222216,臺中市西區民龍里公益路26號,0,1,111,114,120,40,134,149,167,172,176,181,182,192,196,206,211,216,218,229,0.0,0.0,2020-09-10 09:38:13,2019-10-22 22:16:00,2019-10-22
9460303,10810AB591B0889,10810AB591B0889,15,66000,TXG,233,2022,66000080023,2,30602,2019-10-22 08:42:00,10810220842,臺中市北屯區水湳里中清路文心路,0,3,111,112,120,50,127,141,163,172,176,181,188,189,193,206,211,216,218,230,24.1738975899542,120.671301140227,2020-09-10 09:38:13,2019-10-22 08:42:00,2019-10-22
9460406,10810AB691B1256,10810AB691B1256,15,66000,TXG,232,2309,66000060024,2,30612,2019-10-22 10:24:00,10810221024,臺中市西屯區西平里文華路155巷11號,0,1,111,112,120,30,126,141,163,172,176,181,188,192,196,206,211,216,218,236,24.1811234647759,120.646338201309,2020-09-10 09:38:13,2019-10-22 10:24:00,2019-10-22
9460958,10810AB793B3098,10810AB793B3098,15,66000,TXG,239,2565,66000170005,2,30623,2019-10-22 20:46:00,10810222046,臺中市潭子區頭家里頭張路一段得才街,0,2,111,114,120,50,127,141,163,172,176,181,188,189,193,206,211,216,218,235,24.1944360748188,120.699709805771,2020-09-10 09:38:13,2019-10-22 20:46:00,2019-10-22
9460249,10810AB795B3087,10810AB795B3087,15,66000,TXG,240,2089,66000180008,2,30625,2019-10-22 08:03:00,10810220803,臺中市大雅區西寶里雅潭路三段482巷8號,0,1,111,112,120,40,137,149,163,172,176,181,188,192,196,206,211,216,217,234,0.0,0.0,2020-09-10 09:38:13,2019-10-22 08:03:00,2019-10-22
9460654,10810AB891B1621,10810AB891B1621,15,66000,TXG,245,2186,66000260003,2,31010,2019-10-22 15:35:00,10810221535,臺中市霧峰區甲寅里林森路970號,0,2,111,112,120,70,137,153,163,172,176,181,188,192,196,197,210,215,217,235,24.071028042199,120.697590461273,2020-09-10 09:38:13,2019-10-22 15:35:00,2019-10-22
9460180,10810AB291B0359,10810AB291B0359,15,66000,TXG,231,2356,66000050014,2,30575,2019-10-22 07:40:00,10810220740,臺中市北區頂厝里永興街178號,0,2,111,112,120,50,126,141,163,172,176,181,188,192,196,206,211,216,218,235,24.1636208253009,120.682367351808,2020-09-10 09:38:13,2019-10-22 07:40:00,2019-10-22
9460345,10810ABC91B1971,10810ABC91B1971,15,66000,TXG,246,2227,66000270030,2,31077,2019-10-22 09:20:00,10810220920,臺中市太平區新城里中山路三段樹孝路,0,1,111,112,120,50,127,141,163,172,176,181,188,190,193,206,211,216,218,234,24.1488177693041,120.71595433413,2020-09-10 09:38:13,2019-10-22 09:20:00,2019-10-22
9460168,10810AB995B2188,10810AB995B2188,15,66000,TXG,288,2171,66000250003,2,31026,2019-10-22 07:32:00,10810220732,臺中市龍井區龍西里茄投路龍門路,0,2,111,112,120,50,127,141,163,172,176,181,188,189,193,206,211,216,218,231,24.1789423991416,120.528647529717,2020-09-10 09:38:13,2019-10-22 07:32:00,2019-10-22
9460309,10810AB591B0977,10810AB591B0977,15,66000,TXG,233,2400,66000080008,2,30602,2019-10-22 08:47:00,10810220847,臺中市北屯區水景里太原路三段766號,0,1,111,112,120,50,127,141,163,172,176,181,188,189,193,206,211,216,218,233,0.0,0.0,2020-09-10 09:38:13,2019-10-22 08:47:00,2019-10-22
9460777,10810AB591B0886,10810AB591B0886,15,66000,TXG,233,2399,66000080007,2,30602,2019-10-22 17:33:00,10810221733,臺中市北屯區舊社里松竹路南興路,0,1,111,113,120,50,127,141,163,172,176,181,188,189,193,206,211,216,218,231,24.1823320235344,120.703974074301,2020-09-10 09:38:13,2019-10-22 17:33:00,2019-10-22
9460628,10810AB691B1314,10810AB691B1314,15,66000,TXG,232,2002,66000060003,2,30612,2019-10-22 15:00:00,10810221500,臺中市西屯區潮洋里環中路三段762號,0,1,111,112,120,40,137,148,163,172,176,181,188,192,196,201,210,215,218,234,0.0,0.0,2020-09-10 09:38:13,2019-10-22 15:00:00,2019-10-22
9460640,10810AB891B1638,10810AB891B1638,15,66000,TXG,247,2260,66000280019,2,31010,2019-10-22 15:15:00,10810221515,臺中市大里區東湖里東南路1號,0,2,111,112,120,40,127,141,163,172,176,181,188,192,196,201,211,216,217,233,24.0804275430013,120.697961839876,2020-09-10 09:38:13,2019-10-22 15:15:00,2019-10-22
9460590,10810AB793B3089,10810AB793B3089,15,66000,TXG,239,2079,66000170014,2,30623,2019-10-22 13:50:00,10810221350,臺中市潭子區頭家東里中山路一段168號,0,1,111,112,120,60,127,141,163,172,176,181,188,190,193,206,211,216,218,235,24.1094389032193,120.643325452214,2020-09-10 09:38:13,2019-10-22 13:50:00,2019-10-22
9460329,10810AB591B0884,10810AB591B0884,15,66000,TXG,233,2402,66000080010,2,30602,2019-10-22 09:07:00,10810220907,臺中市北屯區和平里和福路40號,0,1,111,112,120,50,137,147,163,172,176,181,188,192,196,201,208,215,218,235,24.1705525437619,120.723532952777,2020-09-10 09:38:13,2019-10-22 09:07:00,2019-10-22
9460942,10810AB691B1277,10810AB691B1277,15,66000,TXG,232,2367,66000060015,2,30612,2019-10-22 20:16:00,10810222016,臺中市西屯區港尾里西村路10號,0,1,111,114,120,30,134,149,163,172,176,181,188,192,196,206,211,216,218,236,24.1177428698931,120.688340502728,2020-09-10 09:38:13,2019-10-22 20:16:00,2019-10-22
9460724,10810AB795B3095,10810AB795B3095,15,66000,TXG,240,2429,66000180009,2,30625,2019-10-22 16:53:00,10810221653,臺中市大雅區上楓里民生路三段494巷雅楓街,0,2,111,113,120,40,127,141,163,172,176,181,188,192,196,206,211,216,218,233,24.2339798741349,120.669418345905,2020-09-10 09:38:13,2019-10-22 16:53:00,2019-10-22
9460280,10810AB691B1250,10810AB691B1250,15,66000,TXG,232,2317,66000060032,2,30612,2019-10-22 08:27:00,10810220827,臺中市西屯區何福里漢口路二段249號,0,2,111,112,120,50,128,141,163,172,176,181,188,189,193,206,211,216,218,234,0.0,0.0,2020-09-10 09:38:13,2019-10-22 08:27:00,2019-10-22
9460848,10810AB891B1642,10810AB891B1642,15,66000,TXG,245,2191,66000260008,2,31010,2019-10-22 18:25:00,10810221825,臺中市霧峰區本堂里中正路557巷,0,1,111,114,120,50,128,141,163,172,176,181,188,189,193,206,211,216,218,234,24.0463529014975,120.692515915799,2020-09-10 09:38:13,2019-10-22 18:25:00,2019-10-22
9460699,10810ABC91B1972,10810ABC91B1972,15,66000,TXG,246,2225,66000270028,2,31077,2019-10-22 16:20:00,10810221620,臺中市太平區新高里中山路四段28巷中山路,0,1,111,112,120,30,126,141,163,172,176,181,188,192,196,206,211,216,218,234,24.149948087701,120.712129006625,2020-09-10 09:38:13,2019-10-22 16:20:00,2019-10-22
9460813,10810AB691B1317,10810AB691B1317,15,66000,TXG,232,2001,66000060002,2,30612,2019-10-22 18:01:00,10810221801,臺中市西屯區西墩里西安街173號,0,2,111,112,120,30,137,149,163,172,176,181,188,192,196,206,211,216,218,219,24.1817731426202,120.644801280078,2020-09-10 09:38:13,2019-10-22 18:01:00,2019-10-22