識別碼,案件編號,交通事故主表,縣市識別碼,縣市代碼,所屬縣市簡碼,鄉縣市區識別碼,村里識別碼,里代碼,事故類(A1、A2...An),處理單位代碼,案件時間(西元),案件時間(民國),發生地點,死亡人數,受傷人數(含2~30日內死亡),天氣識別碼,光線識別碼,道路類別識別碼,速限,道路型態識別碼,事故位置識別碼,路面鋪裝識別碼,路面狀態識別碼,路面缺陷識別碼,障礙物視距識別碼,視距識別碼,號誌種類識別碼,號誌動作識別碼,車道劃分設施-分向設施識別碼,快車道或一般車道間識別碼,快慢車道間識別碼,路面邊線識別碼,事故類型及型態識別碼,緯度,經度,本平台資料更新時間(yyyy-MM-dd HH:mm:ss),資料代表時間(yyyy-MM-dd HH:mm:ss),資料代表日期(yyyy-MM-dd)
9464050,10810AB691B1301,10810AB691B1301,15,66000,TXG,232,0,66000060000,2,30612,2019-10-25 22:55:00,10810252255,臺中市西屯區西屯路二段284-11號,0,1,111,114,120,50,126,141,163,172,176,181,188,192,196,206,211,216,218,231,0.0,0.0,2020-09-10 09:38:13,2019-10-25 22:55:00,2019-10-25
9463282,10810AB491B0663,10810AB491B0663,15,66000,TXG,13,2392,66000070024,2,30594,2019-10-25 09:39:00,10810250939,臺中市南屯區三和里河南路公益路,0,1,111,112,120,50,127,141,163,172,176,181,188,190,193,206,211,216,218,234,24.1515479923078,120.63734123696,2020-09-10 09:38:13,2019-10-25 09:39:00,2019-10-25
9463068,10810AB891B1752,10810AB891B1752,15,66000,TXG,245,2187,66000260004,2,31010,2019-10-25 06:58:00,10810250658,臺中市霧峰區本鄉里林森路與林森路891巷附近與林森路891巷,0,1,111,112,120,70,127,141,163,172,176,181,188,192,196,197,210,215,217,235,0.0,0.0,2020-09-10 09:38:13,2019-10-25 06:58:00,2019-10-25
9463915,10810AB291B0403,10810AB291B0403,15,66000,TXG,231,2358,66000050016,2,30575,2019-10-25 19:33:00,10810251933,臺中市北區賴村里尚德街與德化街口附近與德化街口,0,2,111,112,120,50,127,142,163,172,176,181,188,192,196,201,211,216,218,235,24.1616788813731,120.677348647927,2020-09-10 09:38:13,2019-10-25 19:33:00,2019-10-25
9463951,10810AB793B3131,10810AB793B3131,15,66000,TXG,239,2561,66000170001,2,30623,2019-10-25 20:28:00,10810252028,臺中市潭子區潭陽里中山路二段391巷,0,3,111,114,120,60,126,141,163,172,176,181,188,189,193,206,211,216,218,234,24.2132545974351,120.705326740467,2020-09-10 09:38:13,2019-10-25 20:28:00,2019-10-25
9463853,10810AB793B3125,10810AB793B3125,15,66000,TXG,239,2566,66000170006,2,30623,2019-10-25 18:23:00,10810251823,臺中市潭子區甘蔗里台74線快速公路18.3公里(西向)附近18.3公里(西向),0,2,111,114,120,80,137,147,163,172,176,181,188,192,196,199,210,216,217,231,0.0,0.0,2020-09-10 09:38:13,2019-10-25 18:23:00,2019-10-25
9463991,10810AB891B1699,10810AB891B1699,15,66000,TXG,247,2253,66000280012,2,31010,2019-10-25 21:04:00,10810252104,臺中市大里區大元里國光路一段環中東路六段,0,1,111,114,120,40,127,141,163,172,176,181,188,189,193,206,211,216,218,234,24.0945186055209,120.687975546191,2020-09-10 09:38:13,2019-10-25 21:04:00,2019-10-25
9463092,10810AB591B0922,10810AB591B0922,15,66000,TXG,233,2397,66000080005,2,30602,2019-10-25 07:20:00,10810250720,臺中市北屯區平和里文心路四段麻園東街,0,1,111,112,120,50,128,141,163,172,176,181,188,189,193,206,211,216,218,230,24.1740199173337,120.674062010109,2020-09-10 09:38:13,2019-10-25 07:20:00,2019-10-25
9463717,10810AB591B0936,10810AB591B0936,15,66000,TXG,233,2398,66000080006,2,30602,2019-10-25 16:53:00,10810251653,臺中市北屯區東光里東山路旱溪西路,0,2,111,112,120,50,127,142,163,172,176,181,188,190,193,206,211,216,218,231,24.1694777936766,120.704813181637,2020-09-10 09:38:13,2019-10-25 16:53:00,2019-10-25
9463511,10810AB691B1296,10810AB691B1296,15,66000,TXG,232,2006,66000060007,2,30612,2019-10-25 13:14:00,10810251314,臺中市西屯區逢甲里河南路二段388號,0,1,111,112,120,50,137,149,163,172,176,181,188,192,196,204,209,216,217,230,24.173143798353,120.646463507622,2020-09-10 09:38:13,2019-10-25 13:14:00,2019-10-25
9463347,10810AB891B1762,10810AB891B1762,15,66000,TXG,245,2185,66000260002,2,31010,2019-10-25 10:35:00,10810251035,臺中市霧峰區吉峰里民生路127號,0,3,111,112,120,50,126,142,163,172,176,181,188,192,196,201,211,216,217,235,24.0677669207067,120.70150043443,2020-09-10 09:38:13,2019-10-25 10:35:00,2019-10-25
9463214,10810ABC91B1996,10810ABC91B1996,15,66000,TXG,246,0,66000270000,2,31077,2019-10-25 08:30:00,10810250830,臺中市太平區大源路20號,0,1,111,112,120,50,137,149,163,172,176,181,188,192,196,201,211,216,218,230,24.1447027290428,120.725321827172,2020-09-10 09:38:13,2019-10-25 08:30:00,2019-10-25
9463806,10810AB891B1724,10810AB891B1724,15,66000,TXG,247,2249,66000280008,2,31010,2019-10-25 17:45:00,10810251745,臺中市大里區內新里益民路一段209巷3弄7號,0,1,111,112,120,40,127,141,163,172,176,181,188,192,196,206,211,216,218,229,0.0,0.0,2020-09-10 09:38:13,2019-10-25 17:45:00,2019-10-25
9463407,10810AB591B0926,10810AB591B0926,15,66000,TXG,233,2395,66000080003,2,30602,2019-10-25 11:33:00,10810251133,臺中市北屯區三光里太原路三段460號,0,1,111,112,120,50,127,141,163,172,176,181,182,189,193,206,211,216,218,234,24.1647158303295,120.695329744598,2020-09-10 09:38:13,2019-10-25 11:33:00,2019-10-25
9463392,10810AB591B0931,10810AB591B0931,15,66000,TXG,233,2401,66000080009,2,30602,2019-10-25 11:20:00,10810251120,臺中市北屯區軍功里東山路一段220巷,0,1,111,112,120,50,126,141,163,172,176,181,188,192,196,206,211,216,218,235,24.1745806885121,120.715604009607,2020-09-10 09:38:13,2019-10-25 11:20:00,2019-10-25
9463798,10810AB591B0964,10810AB591B0964,15,66000,TXG,233,2408,66000080036,2,30602,2019-10-25 17:40:00,10810251740,臺中市北屯區平福里崇德路二段262號,0,1,111,114,120,50,137,149,163,172,176,181,188,192,196,197,210,216,218,234,24.1752939056102,120.685944429883,2020-09-10 09:38:13,2019-10-25 17:40:00,2019-10-25
9464030,10810ABD91B2848,10810ABD91B2848,15,66000,TXG,242,2115,66000200009,2,31087,2019-10-25 22:20:00,10810252220,臺中市石岡區德興里和盛街南眉巷電桿(土新幹6號)(順天宮前)附近電桿(土新幹6號)(順天宮前),0,1,110,114,120,50,137,149,163,172,176,181,188,192,196,201,211,216,217,236,0.0,0.0,2020-09-10 09:38:13,2019-10-25 22:20:00,2019-10-25
9463684,10810AB891B1692,10810AB891B1692,15,66000,TXG,247,2253,66000280012,2,31010,2019-10-25 16:20:00,10810251620,臺中市大里區大元里環中東路六段與大元路口附近與大元路口,0,1,111,112,120,40,126,142,163,172,176,181,188,189,193,205,210,215,217,234,24.0979671496456,120.690391407836,2020-09-10 09:38:13,2019-10-25 16:20:00,2019-10-25
9464031,10810AB793B3130,10810AB793B3130,15,66000,TXG,239,2564,66000170004,2,30623,2019-10-25 22:22:00,10810252222,臺中市潭子區福仁里中山路與環中路附近與環中路,0,1,111,112,120,50,128,141,163,172,176,181,188,189,193,197,210,216,217,235,24.2007324514711,120.703400460252,2020-09-10 09:38:13,2019-10-25 22:22:00,2019-10-25
9463414,10810AB993B2218,10810AB993B2218,15,66000,TXG,14,2143,66000230004,2,31024,2019-10-25 11:40:00,10810251140,臺中市烏日區榮泉里榮和路198號前附近前,0,1,111,112,120,50,137,149,163,172,176,179,188,192,196,197,209,216,218,234,24.1103775844638,120.598014927832,2020-09-10 09:38:13,2019-10-25 11:40:00,2019-10-25
9463670,10810AB793B3141,10810AB793B3141,15,66000,TXG,239,2561,66000170001,2,30623,2019-10-25 16:10:00,10810251610,臺中市潭子區潭陽里潭興路二段483號,0,2,111,112,120,30,127,142,163,172,176,181,188,189,193,206,211,216,218,236,0.0,0.0,2020-09-10 09:38:13,2019-10-25 16:10:00,2019-10-25
9463095,10810AB995B2215,10810AB995B2215,15,66000,TXG,288,2178,66000250010,2,31026,2019-10-25 07:21:00,10810250721,臺中市龍井區山腳里中山一路一段7巷中山一路一段,0,1,111,112,120,50,137,149,163,172,176,181,188,192,196,205,210,216,217,234,24.2131866811183,120.551062977744,2020-09-10 09:38:13,2019-10-25 07:21:00,2019-10-25
9463304,10810AB591B0923,10810AB591B0923,15,66000,TXG,233,2396,66000080004,2,30602,2019-10-25 09:56:00,10810250956,臺中市北屯區平田里瀋陽路三段389號,0,1,111,112,120,50,126,141,163,172,176,181,188,192,196,206,211,216,218,221,0.0,0.0,2020-09-10 09:38:13,2019-10-25 09:56:00,2019-10-25
9463075,10810AB291B0404,10810AB291B0404,15,66000,TXG,231,2362,66000050020,2,30575,2019-10-25 07:08:00,10810250708,臺中市北區錦祥里興進路育祥街附近育祥街,0,2,111,112,120,50,127,141,163,172,176,181,188,192,196,197,208,216,218,234,0.0,0.0,2020-09-10 09:38:13,2019-10-25 07:08:00,2019-10-25
9463873,10810AB793B3129,10810AB793B3129,15,66000,TXG,239,2567,66000170007,2,30623,2019-10-25 18:40:00,10810251840,臺中市潭子區東寶里台74線快速公路18.3K(往西)附近18.3K(往西),0,3,111,114,122,80,137,149,163,172,176,181,188,192,196,197,209,216,217,231,0.0,0.0,2020-09-10 09:38:13,2019-10-25 18:40:00,2019-10-25
9463899,10810A2AZKB0112,10810A2AZKB0112,15,66000,TXG,240,0,66000180000,2,28839,2019-10-25 19:17:00,10810251917,臺中市大雅區科雅路R43路燈附近附近縣101甲線,0,1,111,114,122,40,137,151,163,172,176,181,188,192,196,206,210,216,217,231,0.0,0.0,2020-09-10 09:38:13,2019-10-25 19:17:00,2019-10-25
9463181,10810ABC91B1995,10810ABC91B1995,15,66000,TXG,246,2217,66000270020,2,31077,2019-10-25 08:06:00,10810250806,臺中市太平區永成里長億六街126巷永成北路110弄附近110弄,0,1,111,112,120,30,126,141,163,172,176,181,188,192,196,206,211,216,218,234,0.0,0.0,2020-09-10 09:38:13,2019-10-25 08:06:00,2019-10-25
9463394,10810AB591B0927,10810AB591B0927,15,66000,TXG,233,2407,66000080035,2,30602,2019-10-25 11:21:00,10810251121,臺中市北屯區平心里文心路昌平路,0,2,111,112,120,50,127,141,163,172,176,181,188,189,193,206,211,216,218,231,24.171607302876,120.69094368365501,2020-09-10 09:38:13,2019-10-25 11:21:00,2019-10-25
9463275,10810AB891B1688,10810AB891B1688,15,66000,TXG,245,2192,66000260010,2,31010,2019-10-25 09:28:00,10810250928,臺中市霧峰區北柳里四德路與霧工一路附近與霧工一路,0,2,111,112,120,40,127,141,163,172,176,181,188,189,193,206,211,216,218,230,24.0647915960776,120.678871081589,2020-09-10 09:38:13,2019-10-25 09:28:00,2019-10-25
9463024,10810ABC91B1994,10810ABC91B1994,15,66000,TXG,246,2227,66000270030,2,31077,2019-10-25 00:11:00,10810250011,臺中市太平區新城里樹孝路317號,0,1,111,114,120,50,137,149,163,172,176,181,188,192,196,201,211,216,217,236,24.154396360377,120.718754657876,2020-09-10 09:38:13,2019-10-25 00:11:00,2019-10-25
9463247,10810ABA94B2642,10810ABA94B2642,15,66000,TXG,312,2540,66000140009,2,31045,2019-10-25 08:57:00,10810250857,臺中市梧棲區福德里光榮街139號東側側,0,1,111,112,120,40,127,141,163,172,176,181,188,192,196,206,211,216,218,234,24.111568805018,120.68787050488,2020-09-10 09:38:13,2019-10-25 08:57:00,2019-10-25
9463541,10810AB891B1698,10810AB891B1698,15,66000,TXG,245,2191,66000260008,2,31010,2019-10-25 13:37:00,10810251337,臺中市霧峰區本堂里育群路156-5號,0,2,111,112,120,50,127,141,163,172,176,181,188,191,193,205,211,216,217,234,0.0,0.0,2020-09-10 09:38:13,2019-10-25 13:37:00,2019-10-25
9463364,10810AB191B0204,10810AB191B0204,15,66000,TXG,227,2059,66000010007,2,30566,2019-10-25 10:56:00,10810251056,臺中市中區大誠里中華路二段與公園路口附近與公園路口,0,2,111,112,120,40,127,141,163,172,176,181,188,189,193,206,211,216,218,235,24.1471778820232,120.678809672166,2020-09-10 09:38:13,2019-10-25 10:56:00,2019-10-25
9463115,10810AB891B1695,10810AB891B1695,15,66000,TXG,245,5909,66000260014,2,31010,2019-10-25 07:30:00,10810250730,臺中市霧峰區萬豐里中正路126巷口附近口,0,3,111,112,120,70,128,148,163,172,176,181,188,189,193,199,210,215,217,234,24.0219527734243,120.696382462855,2020-09-10 09:38:13,2019-10-25 07:30:00,2019-10-25
9463601,10810AB891B1643,10810AB891B1643,15,66000,TXG,245,2194,66000260012,2,31010,2019-10-25 15:00:00,10810251500,臺中市霧峰區四德里四德路504號,0,1,111,112,120,30,137,149,163,172,176,181,188,191,193,201,211,216,217,235,24.0606914336946,120.667723877801,2020-09-10 09:38:13,2019-10-25 15:00:00,2019-10-25
9463208,10810AB291B0465,10810AB291B0465,15,66000,TXG,231,2344,66000050002,2,30575,2019-10-25 08:25:00,10810250825,臺中市北區文莊里中清路一段及文化街路口附近及文化街路口,0,1,111,112,120,50,126,141,163,172,176,181,188,192,196,206,211,216,218,234,0.0,0.0,2020-09-10 09:38:13,2019-10-25 08:25:00,2019-10-25
9463760,10810AB795B3126,10810AB795B3126,15,66000,TXG,240,2084,66000180003,2,30625,2019-10-25 17:19:00,10810251719,臺中市大雅區六寶里中清路五段141號,0,1,111,112,120,40,137,148,163,172,176,181,188,192,196,197,210,215,217,235,24.2422886444179,120.626700334997,2020-09-10 09:38:13,2019-10-25 17:19:00,2019-10-25
9463458,10810AB794B3121,10810AB794B3121,15,66000,TXG,238,2042,66000160006,2,30624,2019-10-25 12:21:00,10810251221,臺中市神岡區社南里中山路667巷127-3號,0,1,111,112,120,30,126,142,163,172,176,181,184,192,196,206,211,216,217,235,24.2481993831476,120.680232486304,2020-09-10 09:38:13,2019-10-25 12:21:00,2019-10-25
9463310,10810ABA94B2643,10810ABA94B2643,15,66000,TXG,312,2539,66000140007,2,31045,2019-10-25 10:01:00,10810251001,臺中市梧棲區草湳里臨港路三段168巷自立路,0,1,111,112,120,50,127,141,163,172,176,181,188,189,193,206,211,216,218,235,0.0,0.0,2020-09-10 09:38:13,2019-10-25 10:01:00,2019-10-25
9463376,10810AB691B1302,10810AB691B1302,15,66000,TXG,232,2315,66000060030,2,30612,2019-10-25 11:08:00,10810251108,臺中市西屯區何明里漢口路一段大有二街,0,2,111,112,120,40,126,141,163,172,176,181,188,192,196,205,210,215,218,234,24.1610068306954,120.656639790614,2020-09-10 09:38:13,2019-10-25 11:08:00,2019-10-25
9463300,10810AB391B0566,10810AB391B0566,15,66000,TXG,229,2246,66000030003,2,30584,2019-10-25 09:54:00,10810250954,臺中市南區南門里忠明南路明德街,0,2,111,112,120,50,126,142,163,172,176,181,188,189,193,197,210,216,218,231,24.1191442956957,120.683369694834,2020-09-10 09:38:13,2019-10-25 09:54:00,2019-10-25
9463427,10810ABD91B2846,10810ABD91B2846,15,66000,TXG,242,2107,66000200001,2,31087,2019-10-25 11:55:00,10810251155,臺中市石岡區石岡里豐勢路1240號,0,1,111,112,120,50,126,142,163,172,176,181,188,189,193,204,209,216,217,234,0.0,0.0,2020-09-10 09:38:13,2019-10-25 11:55:00,2019-10-25
9463755,10810AB591B0933,10810AB591B0933,15,66000,TXG,233,2401,66000080009,2,30602,2019-10-25 17:16:00,10810251716,臺中市北屯區軍功里軍功路二段347巷110號,0,2,111,113,120,30,126,141,163,172,176,181,188,192,196,206,211,216,218,234,24.1836734425101,120.71917455233,2020-09-10 09:38:13,2019-10-25 17:16:00,2019-10-25
9463905,10810AB994B2226,10810AB994B2226,15,66000,TXG,244,2165,66000240014,2,31025,2019-10-25 19:24:00,10810251924,臺中市大肚區頂街里自由路399號,0,3,111,114,120,70,126,141,163,172,176,181,188,189,193,206,211,216,218,234,0.0,0.0,2020-09-10 09:38:13,2019-10-25 19:24:00,2019-10-25
9463441,10810AB793B3123,10810AB793B3123,15,66000,TXG,239,2571,66000170011,2,30623,2019-10-25 12:08:00,10810251208,臺中市潭子區嘉仁里嘉豐路祥和路,0,2,111,112,120,50,127,141,163,172,176,181,188,191,193,201,211,216,217,229,24.2295388537771,120.71500816057,2020-09-10 09:38:13,2019-10-25 12:08:00,2019-10-25
9463193,10810AB591B0919,10810AB591B0919,15,66000,TXG,233,2022,66000080023,2,30602,2019-10-25 08:16:00,10810250816,臺中市北屯區水湳里文心路三段過陜西路附近過陜西路,0,1,111,112,120,50,137,149,163,172,176,181,188,192,196,197,210,216,218,230,0.0,0.0,2020-09-10 09:38:13,2019-10-25 08:16:00,2019-10-25
9463489,10810AB191B0246,10810AB191B0246,15,66000,TXG,230,0,66000040000,2,30566,2019-10-25 12:49:00,10810251249,臺中市西區成功路168號,0,1,111,112,120,50,137,149,163,172,176,181,188,192,196,205,210,216,218,235,24.1412073334027,120.682442201143,2020-09-10 09:38:13,2019-10-25 12:49:00,2019-10-25
9463909,10810AB591B0943,10810AB591B0943,15,66000,TXG,233,2019,66000080020,2,30602,2019-10-25 19:25:00,10810251925,臺中市北屯區后庄里后庄北路后庄七街,0,1,111,114,120,50,127,158,163,172,176,181,188,189,193,206,211,216,218,221,24.1911896389252,120.665396939795,2020-09-10 09:38:13,2019-10-25 19:25:00,2019-10-25
9463084,10810ABA93B2562,10810ABA93B2562,15,66000,TXG,311,193,66000120010,2,31044,2019-10-25 07:15:00,10810250715,臺中市清水區南社里南社路199號,0,1,111,112,120,30,126,141,163,172,176,181,188,192,196,206,211,216,218,234,0.0,0.0,2020-09-10 09:38:13,2019-10-25 07:15:00,2019-10-25
9463373,10810AB591B0924,10810AB591B0924,15,66000,TXG,233,2397,66000080005,2,30602,2019-10-25 11:04:00,10810251104,臺中市北屯區平和里文心路四段153號,0,1,111,112,120,50,127,141,163,172,176,181,188,189,193,206,211,216,218,230,24.1735376393354,120.676387081778,2020-09-10 09:38:13,2019-10-25 11:04:00,2019-10-25
9463732,10810AB291B0399,10810AB291B0399,15,66000,TXG,231,1992,66000050029,2,30575,2019-10-25 17:05:00,10810251705,臺中市北區錦平里三民路三段近錦平街附近近錦平街,0,1,111,112,120,50,126,142,163,172,176,181,188,192,196,206,210,216,218,236,0.0,0.0,2020-09-10 09:38:13,2019-10-25 17:05:00,2019-10-25
9463884,10810AB993B2221,10810AB993B2221,15,66000,TXG,14,2143,66000230004,2,31024,2019-10-25 18:52:00,10810251852,臺中市烏日區榮泉里中山路三段1185號,0,1,111,114,120,50,134,149,163,172,176,181,182,192,196,205,210,216,217,230,0.0,0.0,2020-09-10 09:38:13,2019-10-25 18:52:00,2019-10-25
9463851,10810AB691B1304,10810AB691B1304,15,66000,TXG,232,2000,66000060001,2,30612,2019-10-25 18:21:00,10810251821,臺中市西屯區西安里漢翔路福星北路,0,3,111,114,120,50,127,142,163,172,176,181,188,189,193,201,210,216,218,229,24.1850700083152,120.644568776453,2020-09-10 09:38:13,2019-10-25 18:21:00,2019-10-25
9464053,10810AB996B2230,10810AB996B2230,15,66000,TXG,288,0,66000250000,2,31027,2019-10-25 23:10:00,10810252310,臺中市龍井區遊園路一段電桿-(遊園幹141-G4443-GD09)前附近電桿-(遊園幹141-G4443-GD09)前,0,1,110,114,120,50,134,149,163,172,176,181,182,192,196,201,211,216,217,236,0.0,0.0,2020-09-10 09:38:13,2019-10-25 23:10:00,2019-10-25
9463482,10810AB691B1299,10810AB691B1299,15,66000,TXG,232,2323,66000060038,2,30612,2019-10-25 12:40:00,10810251240,臺中市西屯區福林里臺灣大道近福康路附近近福康路,0,1,111,112,120,40,137,148,163,172,176,181,188,189,193,206,210,216,218,231,0.0,0.0,2020-09-10 09:38:13,2019-10-25 12:40:00,2019-10-25
9463859,10810AB491B0659,10810AB491B0659,15,66000,TXG,13,2389,66000070021,2,30594,2019-10-25 18:26:00,10810251826,臺中市南屯區大業里東興路三段與大業路口附近與大業路口,0,2,111,114,120,50,127,141,163,172,176,181,188,190,193,201,208,216,218,234,0.0,0.0,2020-09-10 09:38:13,2019-10-25 18:26:00,2019-10-25
9463705,10810AB993B2228,10810AB993B2228,15,66000,TXG,14,2140,66000230001,2,31024,2019-10-25 16:46:00,10810251646,臺中市烏日區烏日里公園二街一德街,0,1,111,112,120,50,127,141,163,172,176,181,188,192,196,201,211,216,218,233,24.1027464394295,120.625775539179,2020-09-10 09:38:13,2019-10-25 16:46:00,2019-10-25
9463431,10810AB491B0664,10810AB491B0664,15,66000,TXG,13,2387,66000070019,2,30594,2019-10-25 11:56:00,10810251156,臺中市南屯區大誠里南屯路二段138號,0,1,111,112,120,50,137,149,163,172,176,181,188,192,196,205,210,216,218,234,24.1360911238792,120.651819468992,2020-09-10 09:38:13,2019-10-25 11:56:00,2019-10-25
9463257,10810AB691B1293,10810AB691B1293,15,66000,TXG,232,2010,66000060011,2,30612,2019-10-25 09:07:00,10810250907,臺中市西屯區大河里甘肅路福上巷,0,1,111,112,120,50,126,141,163,172,176,181,188,189,193,206,211,216,218,234,0.0,0.0,2020-09-10 09:38:13,2019-10-25 09:07:00,2019-10-25
9463189,10810AB891B1687,10810AB891B1687,15,66000,TXG,245,2191,66000260008,2,31010,2019-10-25 08:15:00,10810250815,臺中市霧峰區本堂里大同路8號,0,1,111,112,120,40,126,141,163,172,176,181,188,192,196,206,211,216,218,234,24.1104155635951,120.625983017685,2020-09-10 09:38:13,2019-10-25 08:15:00,2019-10-25
9463327,10810AB291B0413,10810AB291B0413,15,66000,TXG,231,2364,66000050022,2,30575,2019-10-25 10:16:00,10810251016,臺中市北區明德里太原路一段華美街附近華美街,0,1,111,112,120,50,127,141,163,172,176,181,188,189,193,201,211,216,218,233,24.1647457572096,120.664828008845,2020-09-10 09:38:13,2019-10-25 10:16:00,2019-10-25
9464034,10810AB891B1709,10810AB891B1709,15,66000,TXG,247,2264,66000280023,2,31010,2019-10-25 22:25:00,10810252225,臺中市大里區永隆里國光路二段東榮路,0,3,111,114,120,50,127,142,163,172,176,181,188,189,193,205,210,215,217,234,24.1093414204726,120.679877715978,2020-09-10 09:38:13,2019-10-25 22:25:00,2019-10-25
9463232,10810AB591B0928,10810AB591B0928,15,66000,TXG,233,2017,66000080018,2,30602,2019-10-25 08:45:00,10810250845,臺中市北屯區仁美里昌平路崇德十二路,0,2,111,112,120,50,127,141,163,172,176,181,188,189,193,206,211,216,218,234,24.1904764640353,120.685026305508,2020-09-10 09:38:13,2019-10-25 08:45:00,2019-10-25
9463902,10810AB793B3132,10810AB793B3132,15,66000,TXG,239,2079,66000170014,2,30623,2019-10-25 19:21:00,10810251921,臺中市潭子區頭家東里中山路一段298-21號,0,1,111,114,120,50,137,149,163,172,176,181,188,189,193,199,210,216,217,234,0.0,0.0,2020-09-10 09:38:13,2019-10-25 19:21:00,2019-10-25
9463714,10810AB591B0930,10810AB591B0930,15,66000,TXG,233,2027,66000080028,2,30602,2019-10-25 16:52:00,10810251652,臺中市北屯區平德里文心路四段450號,0,2,111,112,120,50,137,149,163,172,176,181,188,192,196,197,210,216,218,230,24.1723890236158,120.682332152835,2020-09-10 09:38:13,2019-10-25 16:52:00,2019-10-25
9463083,10810ABA95B2560,10810ABA95B2560,15,66000,TXG,236,2524,66000130012,2,31046,2019-10-25 07:13:00,10810250713,臺中市沙鹿區福興里鎮南路二段183號,0,2,111,112,120,50,126,141,163,172,176,181,188,191,193,206,211,216,218,221,24.2219515084336,120.568869521209,2020-09-10 09:38:13,2019-10-25 07:13:00,2019-10-25
9463152,10810AB993B2222,10810AB993B2222,15,66000,TXG,14,0,66000230000,2,31024,2019-10-25 07:45:00,10810250745,臺中市烏日區溪南路一段736號,0,1,111,112,120,50,137,149,163,172,176,181,188,192,196,201,210,216,217,235,24.0747785244847,120.642914352788,2020-09-10 09:38:13,2019-10-25 07:45:00,2019-10-25
9463333,10810AB891B1704,10810AB891B1704,15,66000,TXG,247,2259,66000280018,2,31010,2019-10-25 10:20:00,10810251020,臺中市大里區金城里向學路62巷58號,0,2,111,112,120,30,127,141,163,172,176,181,188,192,196,206,211,216,218,233,24.0904881859643,120.700465545272,2020-09-10 09:38:13,2019-10-25 10:20:00,2019-10-25
9463582,10810AB795B3124,10810AB795B3124,15,66000,TXG,240,2429,66000180009,2,30625,2019-10-25 14:30:00,10810251430,臺中市大雅區上楓里鳳鳴路7-68號,0,2,111,112,120,30,134,149,163,172,176,181,188,192,196,206,211,216,217,235,0.0,0.0,2020-09-10 09:38:13,2019-10-25 14:30:00,2019-10-25
9463481,10810AB891B1691,10810AB891B1691,15,66000,TXG,247,2268,66000280027,2,31010,2019-10-25 12:40:00,10810251240,臺中市大里區仁德里仁化路541號,0,1,111,112,120,50,137,153,163,172,176,181,188,192,196,201,211,216,217,247,0.0,0.0,2020-09-10 09:38:13,2019-10-25 12:40:00,2019-10-25
9463969,10810ABD91B2847,10810ABD91B2847,15,66000,TXG,235,2473,66000100019,2,31087,2019-10-25 20:42:00,10810252042,臺中市東勢區粵寧里東蘭路99-11號,0,1,110,114,120,60,137,147,163,172,176,181,188,192,196,200,211,215,217,221,0.0,0.0,2020-09-10 09:38:13,2019-10-25 20:42:00,2019-10-25
9463573,10810AB691B1295,10810AB691B1295,15,66000,TXG,232,2309,66000060024,2,30612,2019-10-25 14:09:00,10810251409,臺中市西屯區西平里逢甲路至善路,0,2,111,112,120,50,127,141,163,172,176,181,188,189,193,206,211,216,218,234,24.1784121665468,120.643373165636,2020-09-10 09:38:13,2019-10-25 14:09:00,2019-10-25
9463625,10810AB691B1353,10810AB691B1353,15,66000,TXG,232,2318,66000060033,2,30612,2019-10-25 15:23:00,10810251523,臺中市西屯區福和里臺灣大道四段福安路至安和路路段附近福安路至安和路路段,0,1,111,112,120,40,137,148,163,172,176,181,188,192,196,197,211,212,218,231,24.1799158617989,120.621410139458,2020-09-10 09:38:13,2019-10-25 15:23:00,2019-10-25
9463513,10810AB291B0394,10810AB291B0394,15,66000,TXG,231,2345,66000050003,2,30575,2019-10-25 13:15:00,10810251315,臺中市北區五常里五順街與錦平街口附近與錦平街口,0,1,111,112,120,50,127,141,163,172,176,181,188,192,196,206,211,216,218,234,0.0,0.0,2020-09-10 09:38:13,2019-10-25 13:15:00,2019-10-25
9463554,10810AB191B0254,10810AB191B0254,15,66000,TXG,230,2339,66000040022,2,30566,2019-10-25 13:47:00,10810251347,臺中市西區公平里精誠路與精忠街口附近與精忠街口,0,1,111,112,120,50,127,141,163,172,176,181,188,189,193,200,211,215,218,234,24.1523382212823,120.65511765146,2020-09-10 09:38:13,2019-10-25 13:47:00,2019-10-25
9463526,10810AB591B0950,10810AB591B0950,15,66000,TXG,233,0,66000080000,2,30602,2019-10-25 13:26:00,10810251326,臺中市北屯區景賢路太和路,0,1,111,112,120,50,126,141,163,172,176,181,188,192,196,206,211,216,218,234,24.1667802888489,120.72552814769,2020-09-10 09:38:13,2019-10-25 13:26:00,2019-10-25
9463927,10810AB691B1300,10810AB691B1300,15,66000,TXG,232,2318,66000060033,2,30612,2019-10-25 19:54:00,10810251954,臺中市西屯區福和里福玄路132號,0,1,111,114,120,40,137,149,163,172,176,181,188,192,196,204,211,216,218,236,24.1773036867061,120.622725881928,2020-09-10 09:38:13,2019-10-25 19:54:00,2019-10-25
9463223,10810AB795B3122,10810AB795B3122,15,66000,TXG,240,2092,66000180012,2,30625,2019-10-25 08:39:00,10810250839,臺中市大雅區上雅里中山北路369號,0,2,111,112,120,50,137,149,163,172,176,181,188,192,196,205,211,216,217,234,24.2213350956779,120.645676232085,2020-09-10 09:38:13,2019-10-25 08:39:00,2019-10-25
9463187,10810AB591B0925,10810AB591B0925,15,66000,TXG,233,2015,66000080016,2,30602,2019-10-25 08:14:00,10810250814,臺中市北屯區松竹里崇德路二段313號,0,2,111,112,120,40,137,148,163,172,176,181,188,192,196,197,211,215,218,231,24.1778212989525,120.685845955505,2020-09-10 09:38:13,2019-10-25 08:14:00,2019-10-25