識別碼,案件編號,交通事故主表,縣市識別碼,縣市代碼,所屬縣市簡碼,鄉縣市區識別碼,村里識別碼,里代碼,事故類(A1、A2...An),處理單位代碼,案件時間(西元),案件時間(民國),發生地點,死亡人數,受傷人數(含2~30日內死亡),天氣識別碼,光線識別碼,道路類別識別碼,速限,道路型態識別碼,事故位置識別碼,路面鋪裝識別碼,路面狀態識別碼,路面缺陷識別碼,障礙物視距識別碼,視距識別碼,號誌種類識別碼,號誌動作識別碼,車道劃分設施-分向設施識別碼,快車道或一般車道間識別碼,快慢車道間識別碼,路面邊線識別碼,事故類型及型態識別碼,緯度,經度,本平台資料更新時間(yyyy-MM-dd HH:mm:ss),資料代表時間(yyyy-MM-dd HH:mm:ss),資料代表日期(yyyy-MM-dd)
9463329,10810ABC91B1997,10810ABC91B1997,15,66000,TXG,246,2225,66000270028,2,31077,2019-10-25 10:17:00,10810251017,臺中市太平區新高里樹德路86號,0,1,111,112,120,50,137,149,163,172,176,181,188,192,196,201,210,216,217,234,0.0,0.0,2020-09-10 09:38:13,2019-10-25 10:17:00,2019-10-25
9463494,10810AB291B0466,10810AB291B0466,15,66000,TXG,231,2345,66000050003,2,30575,2019-10-25 12:53:00,10810251253,臺中市北區五常里崇德路一段及五順街路口附近及五順街路口,0,1,111,112,120,50,137,149,163,172,176,181,188,192,196,198,210,216,218,231,0.0,0.0,2020-09-10 09:38:13,2019-10-25 12:53:00,2019-10-25
9463151,10810AB891B1703,10810AB891B1703,15,66000,TXG,247,2241,66000280005,2,31010,2019-10-25 07:45:00,10810250745,臺中市大里區祥興里大智路559號,0,2,111,112,120,50,137,148,163,172,176,181,188,192,196,197,210,215,217,231,24.1234975430159,120.690324843941,2020-09-10 09:38:13,2019-10-25 07:45:00,2019-10-25
9464020,10810AB291B0396,10810AB291B0396,15,66000,TXG,231,1992,66000050029,2,30575,2019-10-25 22:06:00,10810252206,臺中市北區錦平里五權路育才北路口附近育才北路口,0,1,111,114,120,50,137,147,163,172,176,181,188,189,193,197,211,215,218,235,24.1536695662372,120.683446158919,2020-09-10 09:38:13,2019-10-25 22:06:00,2019-10-25
9463117,10810AB891B1686,10810AB891B1686,15,66000,TXG,247,2250,66000280009,2,31010,2019-10-25 07:30:00,10810250730,臺中市大里區東昇里鐵路街(電桿G6036BE7374)附近(電桿G6036BE7374),0,2,111,112,120,40,137,149,163,172,176,181,188,192,196,206,211,216,217,231,24.1171633955647,120.693621332129,2020-09-10 09:38:13,2019-10-25 07:30:00,2019-10-25
9463690,10810ABA95B2671,10810ABA95B2671,15,66000,TXG,236,2528,66000130016,2,31046,2019-10-25 16:25:00,10810251625,臺中市沙鹿區埔子里臺灣大道路六段近鎮南路一段口附近近鎮南路一段口,0,2,111,112,120,40,137,148,163,172,176,181,188,192,196,197,210,214,217,231,0.0,0.0,2020-09-10 09:38:13,2019-10-25 16:25:00,2019-10-25
9463977,10810AB795B3127,10810AB795B3127,15,66000,TXG,240,2088,66000180007,2,30625,2019-10-25 20:50:00,10810252050,臺中市大雅區三和里雅潭路三段602號,0,1,111,114,120,40,128,141,163,172,176,181,188,189,193,197,210,215,217,235,0.0,0.0,2020-09-10 09:38:13,2019-10-25 20:50:00,2019-10-25
9463408,10810AB591B0921,10810AB591B0921,15,66000,TXG,233,2397,66000080005,2,30602,2019-10-25 11:34:00,10810251134,臺中市北屯區平和里文心路四段219號,0,1,111,112,120,50,137,149,163,172,176,181,188,192,196,197,210,216,218,231,0.0,0.0,2020-09-10 09:38:13,2019-10-25 11:34:00,2019-10-25
9463201,10810AB996B2217,10810AB996B2217,15,66000,TXG,288,2184,66000250016,2,31027,2019-10-25 08:21:00,10810250821,臺中市龍井區東海里遊園北路575巷口附近口,0,1,111,112,120,50,126,141,163,172,176,181,188,192,196,206,211,216,217,235,24.1909592967565,120.592082585007,2020-09-10 09:38:13,2019-10-25 08:21:00,2019-10-25
9463374,10810AB891B1705,10810AB891B1705,15,66000,TXG,247,2256,66000280015,2,31010,2019-10-25 11:05:00,10810251105,臺中市大里區健民里健東路(路燈14530)附近(路燈14530),0,1,111,112,120,50,137,147,163,172,176,181,188,192,196,201,211,216,217,230,0.0,0.0,2020-09-10 09:38:13,2019-10-25 11:05:00,2019-10-25
9463170,10810AB891B1696,10810AB891B1696,15,66000,TXG,247,2268,66000280027,2,31010,2019-10-25 07:59:00,10810250759,臺中市大里區仁德里仁化路慈德路,0,2,111,112,120,50,127,141,163,172,176,181,188,189,193,205,211,216,217,234,24.0965088647875,120.698966245007,2020-09-10 09:38:13,2019-10-25 07:59:00,2019-10-25
9463828,10810AB891B1702,10810AB891B1702,15,66000,TXG,247,2259,66000280018,2,31010,2019-10-25 18:04:00,10810251804,臺中市大里區金城里成功路與中興路一段口附近與中興路一段口,0,1,111,115,120,50,128,141,163,172,176,181,188,189,193,206,211,216,218,234,24.0843437464608,120.697117378158,2020-09-10 09:38:13,2019-10-25 18:04:00,2019-10-25
9463165,10810AB996B2216,10810AB996B2216,15,66000,TXG,288,2183,66000250015,2,31027,2019-10-25 07:53:00,10810250753,臺中市龍井區新東里臺灣大道五段109巷口附近口,0,2,111,112,120,40,137,148,163,172,176,181,188,192,196,197,210,212,218,231,0.0,0.0,2020-09-10 09:38:13,2019-10-25 07:53:00,2019-10-25
9463022,10810AB191B0200,10810AB191B0200,15,66000,TXG,227,2060,66000010008,2,30566,2019-10-25 00:05:00,10810250005,臺中市中區中華里民權路196號,0,3,111,114,120,50,127,141,163,172,176,181,188,190,193,206,211,216,218,234,0.0,0.0,2020-09-10 09:38:13,2019-10-25 00:05:00,2019-10-25
9463990,10810AB591B0935,10810AB591B0935,15,66000,TXG,233,2395,66000080003,2,30602,2019-10-25 21:02:00,10810252102,臺中市北屯區三光里北屯路240巷南京東路,0,3,111,114,120,50,126,142,163,172,176,181,188,192,196,206,211,216,218,230,24.1694733248355,120.700203557363,2020-09-10 09:38:13,2019-10-25 21:02:00,2019-10-25
9463517,10810AB891B1685,10810AB891B1685,15,66000,TXG,245,2193,66000260011,2,31010,2019-10-25 13:17:00,10810251317,臺中市霧峰區南柳里新厝路550巷清潔隊後方附近清潔隊後方,0,2,111,112,120,40,127,141,163,172,176,181,188,192,196,206,211,216,217,233,24.0523795127955,120.687964102104,2020-09-10 09:38:13,2019-10-25 13:17:00,2019-10-25
9463645,10810AB993B2223,10810AB993B2223,15,66000,TXG,14,0,66000230000,2,31024,2019-10-25 15:45:00,10810251545,臺中市烏日區溪南路一段1巷89號,0,1,111,112,120,50,126,141,163,172,176,181,188,192,196,206,211,216,218,236,24.0853378690217,120.644125710616,2020-09-10 09:38:13,2019-10-25 15:45:00,2019-10-25
9463034,10810AB891B1671,10810AB891B1671,15,66000,TXG,245,2186,66000260003,2,31010,2019-10-25 02:05:00,10810250205,臺中市霧峰區甲寅里峰堤路50號,0,1,111,114,120,30,126,141,163,172,176,181,188,192,196,206,211,216,218,234,0.0,0.0,2020-09-10 09:38:13,2019-10-25 02:05:00,2019-10-25
9463297,10810AB591B0920,10810AB591B0920,15,66000,TXG,233,2020,66000080021,2,30602,2019-10-25 09:51:00,10810250951,臺中市北屯區同榮里昌平路崇德十九路附近崇德十九路,0,2,111,112,120,50,127,141,163,172,176,181,188,191,193,206,211,216,218,234,24.1978884435673,120.679332208769,2020-09-10 09:38:13,2019-10-25 09:51:00,2019-10-25
9463106,10810ABA93B2563,10810ABA93B2563,15,66000,TXG,311,0,66000120000,2,31044,2019-10-25 07:28:00,10810250728,臺中市清水區鰲峰路&#27130;榔三街33巷附近&#27130;榔三街33巷,0,1,111,112,120,50,128,141,163,172,176,181,188,192,196,206,211,216,218,234,0.0,0.0,2020-09-10 09:38:13,2019-10-25 07:28:00,2019-10-25
9463611,10810ABA94B2568,10810ABA94B2568,15,66000,TXG,312,2542,66000140011,2,31045,2019-10-25 15:10:00,10810251510,臺中市梧棲區大村里中央路一段808號,0,2,111,112,120,50,137,149,163,172,176,181,188,192,196,201,211,216,217,234,24.2446887368232,120.537406209422,2020-09-10 09:38:13,2019-10-25 15:10:00,2019-10-25
9463795,10810AB993B2220,10810AB993B2220,15,66000,TXG,14,2140,66000230001,2,31024,2019-10-25 17:38:00,10810251738,臺中市烏日區烏日里中山路二段136號,0,2,111,114,120,50,137,147,163,172,176,181,188,192,196,200,209,215,217,235,24.106162371304,120.6255083587,2020-09-10 09:38:13,2019-10-25 17:38:00,2019-10-25
9463415,10810AB891B1690,10810AB891B1690,15,66000,TXG,247,2240,66000280004,2,31010,2019-10-25 11:41:00,10810251141,臺中市大里區東興里東興路與大明路附近與大明路,0,1,111,112,120,30,128,141,163,172,176,181,188,191,193,206,211,216,218,233,24.115038281861,120.680266561104,2020-09-10 09:38:13,2019-10-25 11:41:00,2019-10-25
9463989,10810AB491B0657,10810AB491B0657,15,66000,TXG,13,2377,66000070009,2,30594,2019-10-25 21:01:00,10810252101,臺中市南屯區永定里永春東路永鎮巷,0,1,111,114,120,40,127,141,163,172,173,181,188,189,193,201,210,215,218,234,0.0,0.0,2020-09-10 09:38:13,2019-10-25 21:01:00,2019-10-25
9463894,10810AB591B0932,10810AB591B0932,15,66000,TXG,233,2395,66000080003,2,30602,2019-10-25 19:07:00,10810251907,臺中市北屯區三光里北屯路文心路,0,1,111,114,120,50,128,141,163,172,176,181,188,190,193,206,211,216,218,234,24.1703942381112,120.697798374714,2020-09-10 09:38:13,2019-10-25 19:07:00,2019-10-25
9463740,10810AB691B1354,10810AB691B1354,15,66000,TXG,232,2370,66000060018,2,30612,2019-10-25 17:11:00,10810251711,臺中市西屯區永安里西林巷１－１號,0,1,111,113,120,30,134,149,163,172,176,181,188,192,196,206,211,216,218,229,0.0,0.0,2020-09-10 09:38:13,2019-10-25 17:11:00,2019-10-25
9463575,10810AB891B1707,10810AB891B1707,15,66000,TXG,247,2240,66000280004,2,31010,2019-10-25 14:10:00,10810251410,臺中市大里區東興里永興路149號,0,1,111,112,120,50,126,141,163,172,176,181,188,192,196,206,211,216,218,234,24.2233160499156,120.648558374729,2020-09-10 09:38:13,2019-10-25 14:10:00,2019-10-25
9463398,10810AB793B3133,10810AB793B3133,15,66000,TXG,239,2081,66000170016,2,30623,2019-10-25 11:27:00,10810251127,臺中市潭子區家福里頭家路二段89巷32號,0,3,111,112,120,50,127,141,163,172,176,181,187,192,196,206,211,216,218,234,0.0,0.0,2020-09-10 09:38:13,2019-10-25 11:27:00,2019-10-25
9463586,10810AB591B0941,10810AB591B0941,15,66000,TXG,233,2015,66000080016,2,30602,2019-10-25 14:33:00,10810251433,臺中市北屯區松竹里崇德路崇德六路,0,1,111,112,120,50,127,141,163,172,176,181,188,189,193,206,211,216,218,233,24.1802278747919,120.686014102163,2020-09-10 09:38:13,2019-10-25 14:33:00,2019-10-25
9463069,10810AB491B0662,10810AB491B0662,15,66000,TXG,13,2390,66000070022,2,30594,2019-10-25 06:59:00,10810250659,臺中市南屯區惠中里向學路大觀路,0,1,111,112,120,50,127,141,163,172,176,181,188,192,196,206,211,216,218,233,24.1454986715928,120.6426095948,2020-09-10 09:38:13,2019-10-25 06:59:00,2019-10-25
9463662,10810ABA95B2570,10810ABA95B2570,15,66000,TXG,236,2523,66000130011,2,31046,2019-10-25 16:00:00,10810251600,臺中市沙鹿區北勢里北勢東路517號,0,2,111,112,120,50,137,147,163,172,176,181,188,192,196,205,211,215,218,221,24.2256926254184,120.575877381311,2020-09-10 09:38:13,2019-10-25 16:00:00,2019-10-25
9463627,10810AB691B1298,10810AB691B1298,15,66000,TXG,232,2001,66000060002,2,30612,2019-10-25 15:29:00,10810251529,臺中市西屯區西墩里黎明路三段僑大三街,0,2,111,112,120,30,127,141,163,172,176,181,188,191,193,201,211,216,218,233,24.1907307893857,120.642614083678,2020-09-10 09:38:13,2019-10-25 15:29:00,2019-10-25
9463439,10810AB891B1763,10810AB891B1763,15,66000,TXG,247,2262,66000280021,2,31010,2019-10-25 12:07:00,10810251207,臺中市大里區國光里文芳街92號,0,1,111,112,120,30,126,142,163,172,176,181,188,192,196,201,211,216,218,235,24.1056357320579,120.682468778014,2020-09-10 09:38:13,2019-10-25 12:07:00,2019-10-25
9463995,10810AB291B0402,10810AB291B0402,15,66000,TXG,231,2354,66000050012,2,30575,2019-10-25 21:08:00,10810252108,臺中市北區邱厝里學士路與育德路口附近與育德路口,0,1,111,114,120,50,127,158,163,172,176,181,188,190,193,206,211,216,218,221,24.1575741092963,120.681091676561,2020-09-10 09:38:13,2019-10-25 21:08:00,2019-10-25
9463341,10810AB891B1689,10810AB891B1689,15,66000,TXG,245,2185,66000260002,2,31010,2019-10-25 10:29:00,10810251029,臺中市霧峰區吉峰里民生路258號,0,1,111,112,120,50,126,141,163,172,176,181,188,192,196,201,211,216,217,230,24.0758384401562,120.714465119066,2020-09-10 09:38:13,2019-10-25 10:29:00,2019-10-25
9463516,10810ABA95B2565,10810ABA95B2565,15,66000,TXG,236,2515,66000130003,2,31046,2019-10-25 13:17:00,10810251317,臺中市沙鹿區沙鹿里中山路四平街,0,1,111,112,120,50,126,141,163,172,176,181,188,192,196,206,211,215,218,234,24.2378104074423,120.560964867911,2020-09-10 09:38:13,2019-10-25 13:17:00,2019-10-25
9463842,10810AB191B0206,10810AB191B0206,15,66000,TXG,230,2297,66000040001,2,30566,2019-10-25 18:15:00,10810251815,臺中市西區民生里居仁街繼光街,0,1,111,112,120,50,127,142,163,172,176,181,188,189,193,201,211,216,218,232,24.1364340181008,120.679974916644,2020-09-10 09:38:13,2019-10-25 18:15:00,2019-10-25
9463461,10810AB891B1706,10810AB891B1706,15,66000,TXG,247,2260,66000280019,2,31010,2019-10-25 12:25:00,10810251225,臺中市大里區東湖里仁化路770號,0,2,111,112,120,50,126,141,163,172,176,181,188,192,196,206,211,216,218,234,24.0913430713148,120.690933352801,2020-09-10 09:38:13,2019-10-25 12:25:00,2019-10-25
9464044,10810AB191B0208,10810AB191B0208,15,66000,TXG,230,2333,66000040016,2,30566,2019-10-25 22:40:00,10810252240,臺中市西區忠明里臺灣大道太原路,0,1,111,114,120,40,128,141,163,172,176,181,188,189,193,197,209,212,218,235,0.0,0.0,2020-09-10 09:38:13,2019-10-25 22:40:00,2019-10-25
9464055,10810AB591B0960,10810AB591B0960,15,66000,TXG,233,2027,66000080028,2,30602,2019-10-25 23:15:00,10810252315,臺中市北屯區平德里崇德路二段101號,0,1,111,114,120,50,137,149,163,172,176,181,188,192,196,197,208,216,218,234,0.0,0.0,2020-09-10 09:38:13,2019-10-25 23:15:00,2019-10-25
9464017,10810AB795B3143,10810AB795B3143,15,66000,TXG,240,2429,66000180009,2,30625,2019-10-25 21:53:00,10810252153,臺中市大雅區上楓里民生路四段樹德街,0,2,111,115,120,60,127,142,163,172,176,181,188,190,193,199,210,215,217,230,24.2368862272803,120.66877709184,2020-09-10 09:38:13,2019-10-25 21:53:00,2019-10-25
9463600,10810AB291B0393,10810AB291B0393,15,66000,TXG,231,2360,66000050018,2,30575,2019-10-25 14:59:00,10810251459,臺中市北區淡溝里健行路華中街附近華中街,0,1,111,112,120,40,127,141,163,172,176,181,188,189,193,206,211,216,218,230,24.1592029747551,120.672071477474,2020-09-10 09:38:13,2019-10-25 14:59:00,2019-10-25
9463237,10810AB191B0249,10810AB191B0249,15,66000,TXG,230,2333,66000040016,2,30566,2019-10-25 08:49:00,10810250849,臺中市西區忠明里臺灣大道二段479號,0,1,111,112,120,50,126,148,163,172,176,181,188,192,196,197,208,212,218,230,0.0,0.0,2020-09-10 09:38:13,2019-10-25 08:49:00,2019-10-25
9463633,10810AB591B0942,10810AB591B0942,15,66000,TXG,233,2400,66000080008,2,30602,2019-10-25 15:34:00,10810251534,臺中市北屯區水景里太原路三段645號,0,1,111,112,120,60,137,149,163,172,176,181,188,192,196,197,210,216,217,231,24.1647896434841,120.707490694684,2020-09-10 09:38:13,2019-10-25 15:34:00,2019-10-25
9463796,10810AB491B0658,10810AB491B0658,15,66000,TXG,13,2386,66000070018,2,30594,2019-10-25 17:39:00,10810251739,臺中市南屯區向心里文心南路與南屯路二段口附近與南屯路二段口,0,2,111,114,120,5,127,141,163,172,176,181,188,190,193,197,208,216,218,235,24.1374763526569,120.646431371035,2020-09-10 09:38:13,2019-10-25 17:39:00,2019-10-25
9463199,10810A24NUB0125,10810A24NUB0125,15,66000,TXG,245,0,66000260000,2,28683,2019-10-25 08:20:00,10810250820,臺中市霧峰區國道3號208.0公里500.0公尺北側側交流道車道,0,1,111,112,116,40,134,147,163,172,176,181,188,192,196,197,209,212,217,238,24.1610081713125,120.528080022784,2020-09-10 09:38:13,2019-10-25 08:20:00,2019-10-25
9463731,10810AB993B2224,10810AB993B2224,15,66000,TXG,14,2142,66000230003,2,31024,2019-10-25 17:05:00,10810251705,臺中市烏日區三和里三榮九路健行路,0,1,111,112,120,50,126,141,163,172,176,181,188,192,196,206,211,216,218,234,24.109405128078,120.601027732641,2020-09-10 09:38:13,2019-10-25 17:05:00,2019-10-25
9463972,10810AB591B0959,10810AB591B0959,15,66000,TXG,233,2032,66000080033,2,30602,2019-10-25 20:47:00,10810252047,臺中市北屯區松勇里松竹北路松明街9巷附近松明街9巷,0,1,111,114,120,50,127,141,163,172,176,181,188,192,196,206,211,216,218,234,0.0,0.0,2020-09-10 09:38:13,2019-10-25 20:47:00,2019-10-25
9463463,10810AB993B2227,10810AB993B2227,15,66000,TXG,14,2140,66000230001,2,31024,2019-10-25 12:26:00,10810251226,臺中市烏日區烏日里新興路光日路,0,2,111,112,120,60,127,141,163,172,176,181,188,189,193,206,211,216,218,234,24.1041435067432,120.62459558331,2020-09-10 09:38:13,2019-10-25 12:26:00,2019-10-25
9464048,10810AB996B2229,10810AB996B2229,15,66000,TXG,288,2183,66000250015,2,31027,2019-10-25 22:53:00,10810252253,臺中市龍井區新東里遊園南路183號,0,2,110,114,120,50,127,141,163,172,176,181,188,189,193,206,211,216,218,234,0.0,0.0,2020-09-10 09:38:13,2019-10-25 22:53:00,2019-10-25
9463720,10810AB391B0568,10810AB391B0568,15,66000,TXG,229,2286,66000030012,2,30584,2019-10-25 16:57:00,10810251657,臺中市南區樹義里文心南路大慶街一段,0,1,111,112,120,50,127,147,163,172,176,181,188,190,193,197,210,215,218,231,24.113826677761,120.656556764088,2020-09-10 09:38:13,2019-10-25 16:57:00,2019-10-25
9463826,10810AB793B3128,10810AB793B3128,15,66000,TXG,239,2078,66000170013,2,30623,2019-10-25 18:01:00,10810251801,臺中市潭子區聚興里豐興路一段192巷,0,1,111,114,120,50,126,141,163,172,176,181,188,189,193,201,210,216,217,234,0.0,0.0,2020-09-10 09:38:13,2019-10-25 18:01:00,2019-10-25
9463091,10810ABA93B2561,10810ABA93B2561,15,66000,TXG,311,2511,66000120031,2,31044,2019-10-25 07:20:00,10810250720,臺中市清水區海風里和睦路一段1092巷18號,0,2,111,112,120,30,134,149,163,172,176,181,187,192,196,206,210,216,218,229,0.0,0.0,2020-09-10 09:38:13,2019-10-25 07:20:00,2019-10-25
9464037,10810AB891B1725,10810AB891B1725,15,66000,TXG,245,2186,66000260003,2,31010,2019-10-25 22:32:00,10810252232,臺中市霧峰區甲寅里中正路德泰街,0,3,111,114,120,50,126,141,163,172,176,181,188,192,196,206,211,216,218,234,24.0685394544617,120.699182102559,2020-09-10 09:38:13,2019-10-25 22:32:00,2019-10-25
9463824,10810AB491B0669,10810AB491B0669,15,66000,TXG,13,2375,66000070007,2,30594,2019-10-25 18:00:00,10810251800,臺中市南屯區文山里向上路五段路燈28區305065附近路燈28區305065,0,1,111,114,120,60,137,147,163,172,176,181,188,192,196,197,210,212,218,231,0.0,0.0,2020-09-10 09:38:13,2019-10-25 18:00:00,2019-10-25
9463258,10810AB994B2219,10810AB994B2219,15,66000,TXG,244,2431,66000240001,2,31025,2019-10-25 09:07:00,10810250907,臺中市大肚區王田里沙田路一段王田陸橋路燈04723前附近王田陸橋路燈04723前,0,1,111,112,120,40,134,148,163,172,176,181,188,192,196,197,211,214,217,238,24.1186449379145,120.576761731831,2020-09-10 09:38:13,2019-10-25 09:07:00,2019-10-25
9463537,10810AB191B0205,10810AB191B0205,15,66000,TXG,230,2332,66000040015,2,30566,2019-10-25 13:34:00,10810251334,臺中市西區昇平里向上路一段與美村路一段口附近與美村路一段口,0,1,111,112,120,50,127,141,163,172,176,181,188,189,193,206,211,216,218,234,24.1467023351638,120.661689649045,2020-09-10 09:38:13,2019-10-25 13:34:00,2019-10-25
9463595,10810ABC91B1998,10810ABC91B1998,15,66000,TXG,246,2229,66000270032,2,31077,2019-10-25 14:51:00,10810251451,臺中市太平區宜昌里宜昌路375巷宜昌路,0,1,111,112,120,50,126,141,163,172,176,181,188,192,196,206,211,216,218,234,24.1447197377288,120.713733233605,2020-09-10 09:38:13,2019-10-25 14:51:00,2019-10-25
9463437,10810AB891B1697,10810AB891B1697,15,66000,TXG,247,2262,66000280021,2,31010,2019-10-25 12:02:00,10810251202,臺中市大里區國光里德芳南三街41號,0,1,111,112,120,50,127,149,163,172,176,181,188,189,193,201,210,215,217,234,24.1040876083432,120.684103533852,2020-09-10 09:38:13,2019-10-25 12:02:00,2019-10-25
9463815,10810AB291B0395,10810AB291B0395,15,66000,TXG,231,1994,66000050031,2,30575,2019-10-25 17:55:00,10810251755,臺中市北區崇德里榮華街158巷,0,1,111,113,120,50,126,141,163,172,176,181,188,192,196,206,211,216,218,231,24.1642205179218,120.686705456434,2020-09-10 09:38:13,2019-10-25 17:55:00,2019-10-25
9463843,10810AB591B0934,10810AB591B0934,15,66000,TXG,233,2027,66000080028,2,30602,2019-10-25 18:15:00,10810251815,臺中市北屯區平德里文心路文心國小公車亭前附近文心國小公車亭前,0,1,111,114,120,50,137,149,163,172,176,181,188,192,196,197,210,216,218,231,0.0,0.0,2020-09-10 09:38:13,2019-10-25 18:15:00,2019-10-25
9463721,10810AB591B0958,10810AB591B0958,15,66000,TXG,233,2020,66000080021,2,30602,2019-10-25 16:57:00,10810251657,臺中市北屯區同榮里台74線快速公路15-92號電桿附近15-92號電桿,0,1,111,112,122,80,137,149,163,172,176,181,188,192,196,197,210,216,217,234,0.0,0.0,2020-09-10 09:38:13,2019-10-25 16:57:00,2019-10-25
9463580,10810AB191B0247,10810AB191B0247,15,66000,TXG,230,2556,66000040011,2,30566,2019-10-25 14:25:00,10810251425,臺中市西區民龍里英才路與公益路附近與公益路,0,1,111,112,120,50,127,141,163,172,176,181,188,189,193,206,211,216,218,234,24.1508850455982,120.665285212094,2020-09-10 09:38:13,2019-10-25 14:25:00,2019-10-25
9463931,10810ABB93B2780,10810ABB93B2780,15,66000,TXG,243,2120,66000210004,2,31062,2019-10-25 20:00:00,10810252000,臺中市外埔區大同里六分路390號,0,2,111,112,120,50,127,141,163,172,176,181,188,192,196,206,211,216,218,229,0.0,0.0,2020-09-10 09:38:13,2019-10-25 20:00:00,2019-10-25
9463177,10810AB691B1292,10810AB691B1292,15,66000,TXG,232,2324,66000060039,2,30612,2019-10-25 08:04:00,10810250804,臺中市西屯區福雅里臺灣大道四段838號,0,1,111,112,120,40,137,148,163,172,176,181,188,192,196,199,211,216,218,231,24.1811544010484,120.619554698087,2020-09-10 09:38:13,2019-10-25 08:04:00,2019-10-25
9463648,10810AB891B1723,10810AB891B1723,15,66000,TXG,247,2263,66000280022,2,31010,2019-10-25 15:48:00,10810251548,臺中市大里區大明里國光路二段國光橋上附近國光橋上,0,1,111,112,120,50,131,149,163,172,176,181,188,192,196,197,210,215,218,230,24.1061296051064,120.680707479017,2020-09-10 09:38:13,2019-10-25 15:48:00,2019-10-25
9463484,10810AB691B1306,10810AB691B1306,15,66000,TXG,232,2367,66000060015,2,30612,2019-10-25 12:41:00,10810251241,臺中市西屯區港尾里黎明路三段路燈0600317附近路燈0600317,0,1,111,112,120,50,137,149,163,172,176,181,188,189,193,205,210,216,218,231,0.0,0.0,2020-09-10 09:38:13,2019-10-25 12:41:00,2019-10-25
9463531,10810AB191B0253,10810AB191B0253,15,66000,TXG,230,2336,66000040019,2,30566,2019-10-25 13:29:00,10810251329,臺中市西區忠誠里華美西街與忠義街八巷口附近與忠義街八巷口,0,1,111,112,120,50,126,141,163,172,176,181,188,192,196,206,211,216,218,234,0.0,0.0,2020-09-10 09:38:13,2019-10-25 13:29:00,2019-10-25
9463632,10810AB591B0951,10810AB591B0951,15,66000,TXG,233,2015,66000080016,2,30602,2019-10-25 15:31:00,10810251531,臺中市北屯區松竹里昌平路二段1-17號,0,2,111,112,120,50,126,141,163,172,176,181,188,192,196,206,211,216,218,221,0.0,0.0,2020-09-10 09:38:13,2019-10-25 15:31:00,2019-10-25
9463080,10810AB794B3120,10810AB794B3120,15,66000,TXG,238,2043,66000160007,2,30624,2019-10-25 07:12:00,10810250712,臺中市神岡區三角里大富路156巷2號,0,3,111,112,120,30,126,141,163,172,176,181,188,192,196,206,211,216,218,235,24.241571933223,120.688901131555,2020-09-10 09:38:13,2019-10-25 07:12:00,2019-10-25
9463878,10810AB591B0939,10810AB591B0939,15,66000,TXG,233,2413,66000080041,2,30602,2019-10-25 18:47:00,10810251847,臺中市北屯區三和里東山路50巷與東光路822巷口附近與東光路822巷口,0,1,111,114,120,25,127,141,163,172,176,181,188,192,196,206,211,216,218,233,0.0,0.0,2020-09-10 09:38:13,2019-10-25 18:47:00,2019-10-25
9463026,10810AB691B1289,10810AB691B1289,15,66000,TXG,232,2008,66000060009,2,30612,2019-10-25 00:33:00,10810250033,臺中市西屯區何安里西屯路二段90-18號,0,1,111,114,120,40,126,142,163,172,176,181,188,192,196,205,210,216,218,230,0.0,0.0,2020-09-10 09:38:13,2019-10-25 00:33:00,2019-10-25
9463888,10810AB691B1313,10810AB691B1313,15,66000,TXG,232,2373,66000060021,2,30612,2019-10-25 18:56:00,10810251856,臺中市西屯區何仁里櫻花路近長安路附近近長安路,0,1,111,114,120,50,137,148,163,172,176,181,188,192,196,204,210,215,218,232,0.0,0.0,2020-09-10 09:38:13,2019-10-25 18:56:00,2019-10-25
9463786,10810AB996B2225,10810AB996B2225,15,66000,TXG,288,2183,66000250015,2,31027,2019-10-25 17:33:00,10810251733,臺中市龍井區新東里新興路58號,0,3,111,112,120,40,127,141,163,172,176,181,188,192,196,206,211,216,218,235,24.1816890675318,120.586540128633,2020-09-10 09:38:13,2019-10-25 17:33:00,2019-10-25
9463185,10810AB591B0929,10810AB591B0929,15,66000,TXG,233,2024,66000080025,2,30602,2019-10-25 08:12:00,10810250812,臺中市北屯區新平里中平路路燈16779號附近路燈16779號,0,4,111,112,120,50,137,148,163,172,176,181,188,192,196,205,211,215,218,235,0.0,0.0,2020-09-10 09:38:13,2019-10-25 08:12:00,2019-10-25
9464139,10810ABA95B2579,10810ABA95B2579,15,66000,TXG,236,2521,66000130009,2,31046,2019-10-26 06:45:00,10810260645,臺中市沙鹿區竹林里臺灣大道路七段529弄89號,0,2,111,112,120,40,137,149,163,172,176,181,188,192,196,206,211,216,218,238,0.0,0.0,2020-09-10 09:38:13,2019-10-26 06:45:00,2019-10-26
9464833,10810ABA95B2591,10810ABA95B2591,15,66000,TXG,236,2523,66000130011,2,31046,2019-10-26 19:20:00,10810261920,臺中市沙鹿區北勢里北勢東路北中路,0,1,111,112,120,50,127,141,163,172,176,181,188,189,193,206,211,216,218,235,24.2297629097346,120.568731307169,2020-09-10 09:38:13,2019-10-26 19:20:00,2019-10-26
9464383,10810AB491B0665,10810AB491B0665,15,66000,TXG,13,2375,66000070007,2,30594,2019-10-26 11:31:00,10810261131,臺中市南屯區文山里忠勇路文山十街,0,1,111,112,120,50,126,141,163,172,176,181,188,192,196,206,211,216,218,230,24.1512498997842,120.615890564141,2020-09-10 09:38:13,2019-10-26 11:31:00,2019-10-26