識別碼,案件編號,交通事故主表,縣市識別碼,縣市代碼,所屬縣市簡碼,鄉縣市區識別碼,村里識別碼,里代碼,事故類(A1、A2...An),處理單位代碼,案件時間(西元),案件時間(民國),發生地點,死亡人數,受傷人數(含2~30日內死亡),天氣識別碼,光線識別碼,道路類別識別碼,速限,道路型態識別碼,事故位置識別碼,路面鋪裝識別碼,路面狀態識別碼,路面缺陷識別碼,障礙物視距識別碼,視距識別碼,號誌種類識別碼,號誌動作識別碼,車道劃分設施-分向設施識別碼,快車道或一般車道間識別碼,快慢車道間識別碼,路面邊線識別碼,事故類型及型態識別碼,緯度,經度,本平台資料更新時間(yyyy-MM-dd HH:mm:ss),資料代表時間(yyyy-MM-dd HH:mm:ss),資料代表日期(yyyy-MM-dd)
9465714,10810ABA95B2603,10810ABA95B2603,15,66000,TXG,236,2528,66000130016,2,31046,2019-10-28 02:03:00,10810280203,臺中市沙鹿區埔子里臺灣大道路六段288號,0,1,111,114,120,40,137,148,163,172,176,181,188,192,196,197,210,212,217,236,0.0,0.0,2020-09-10 09:38:13,2019-10-28 02:03:00,2019-10-28
9466103,10810AB591B0991,10810AB591B0991,15,66000,TXG,233,2406,66000080034,2,30602,2019-10-28 11:48:00,10810281148,臺中市北屯區北京里天祥街19號,0,1,111,112,120,50,126,141,163,172,176,181,188,192,196,206,211,216,218,234,24.1604323612558,120.699574427762,2020-09-10 09:38:13,2019-10-28 11:48:00,2019-10-28
9466278,10810AB891B1765,10810AB891B1765,15,66000,TXG,247,2248,66000280007,2,31010,2019-10-28 15:16:00,10810281516,臺中市大里區西榮里中興路二段與東榮路附近與東榮路,0,1,111,112,120,50,127,141,163,172,176,181,188,189,193,206,211,216,218,234,24.110011778363,120.689977269513,2020-09-10 09:38:13,2019-10-28 15:16:00,2019-10-28
9465794,10810AB591B0988,10810AB591B0988,15,66000,TXG,233,2408,66000080036,2,30602,2019-10-28 07:17:00,10810280717,臺中市北屯區平福里崇德路二段262號,0,3,111,112,120,50,137,149,163,172,176,181,188,192,196,197,210,216,218,230,24.1752939056102,120.685944429883,2020-09-10 09:38:13,2019-10-28 07:17:00,2019-10-28
9466030,10810AB691B1348,10810AB691B1348,15,66000,TXG,232,2010,66000060011,2,30612,2019-10-28 10:22:00,10810281022,臺中市西屯區大河里甘肅路美滿東一巷,0,1,111,112,120,50,126,141,163,172,176,181,188,190,193,206,211,216,218,235,0.0,0.0,2020-09-10 09:38:13,2019-10-28 10:22:00,2019-10-28
9466201,10810AB691B1350,10810AB691B1350,15,66000,TXG,232,2309,66000060024,2,30612,2019-10-28 13:28:00,10810281328,臺中市西屯區西平里福星北路福星北三街,0,1,111,112,120,50,127,158,163,172,176,181,188,190,193,206,211,216,218,221,24.1844151538009,120.644652626257,2020-09-10 09:38:13,2019-10-28 13:28:00,2019-10-28
9465754,10810AB993B2289,10810AB993B2289,15,66000,TXG,14,0,66000230000,2,31024,2019-10-28 06:50:00,10810280650,臺中市烏日區溪南路一段458號,0,1,111,112,120,50,127,141,163,172,176,181,188,192,196,201,210,215,217,234,24.0799210477093,120.64320254523,2020-09-10 09:38:13,2019-10-28 06:50:00,2019-10-28
9466533,10810AB591B0994,10810AB591B0994,15,66000,TXG,233,2024,66000080025,2,30602,2019-10-28 18:49:00,10810281849,臺中市北屯區新平里中清路二段363號,0,2,111,114,120,50,137,147,163,172,176,181,188,192,196,197,210,215,218,231,24.1793231475272,120.667723745042,2020-09-10 09:38:13,2019-10-28 18:49:00,2019-10-28
9465706,10810ABC91B2005,10810ABC91B2005,15,66000,TXG,246,2205,66000270006,2,31077,2019-10-28 00:14:00,10810280014,臺中市太平區東平里中和街322號,0,1,111,114,120,50,137,149,163,172,176,181,188,192,196,201,211,215,218,235,24.1361966291709,120.725997889995,2020-09-10 09:38:13,2019-10-28 00:14:00,2019-10-28
9466434,10810AB891B1773,10810AB891B1773,15,66000,TXG,247,2257,66000280016,2,31010,2019-10-28 17:43:00,10810281743,臺中市大里區塗城里光正路8巷口附近8巷口,0,2,111,112,120,30,126,141,163,172,176,181,188,192,196,206,211,216,218,234,0.0,0.0,2020-09-10 09:38:13,2019-10-28 17:43:00,2019-10-28
9466309,10810AB191B0221,10810AB191B0221,15,66000,TXG,230,2331,66000040014,2,30566,2019-10-28 15:47:00,10810281547,臺中市西區吉龍里五權六街五權六街79巷附近79巷,0,3,111,112,120,50,127,141,163,172,176,181,188,192,196,206,211,216,218,233,0.0,0.0,2020-09-10 09:38:13,2019-10-28 15:47:00,2019-10-28
9466602,10810AB891B1802,10810AB891B1802,15,66000,TXG,245,2194,66000260012,2,31010,2019-10-28 20:25:00,10810282025,臺中市霧峰區四德里中投西路二段176-1號,0,2,111,114,120,40,126,141,163,172,176,181,188,189,193,197,210,215,217,234,0.0,0.0,2020-09-10 09:38:13,2019-10-28 20:25:00,2019-10-28
9466241,10810AB891B1754,10810AB891B1754,15,66000,TXG,247,2263,66000280022,2,31010,2019-10-28 14:20:00,10810281420,臺中市大里區大明里大明路299號,0,1,111,112,120,50,137,148,163,172,176,181,188,192,196,201,211,215,218,232,0.0,0.0,2020-09-10 09:38:13,2019-10-28 14:20:00,2019-10-28
9466655,10810AB996B2266,10810AB996B2266,15,66000,TXG,288,2182,66000250014,2,31027,2019-10-28 21:54:00,10810282154,臺中市龍井區南寮里遊園南路與向上路六段路口附近與向上路六段路口,0,3,111,114,120,50,127,141,163,172,176,181,188,190,193,206,211,216,218,230,24.1759980279006,120.581825817112,2020-09-10 09:38:13,2019-10-28 21:54:00,2019-10-28
9465962,10810AB691B1347,10810AB691B1347,15,66000,TXG,232,2314,66000060029,2,30612,2019-10-28 09:15:00,10810280915,臺中市西屯區逢福里福星路525號旁附近旁,0,2,111,112,120,50,127,142,163,172,176,181,188,192,196,201,211,216,218,235,0.0,0.0,2020-09-10 09:38:13,2019-10-28 09:15:00,2019-10-28
9465854,10810AB996B2255,10810AB996B2255,15,66000,TXG,244,2166,66000240015,2,31027,2019-10-28 07:54:00,10810280754,臺中市大肚區瑞井里瑞井路150之2號,0,3,111,112,120,40,137,149,163,172,176,181,188,192,196,206,211,216,217,235,0.0,0.0,2020-09-10 09:38:13,2019-10-28 07:54:00,2019-10-28
9466541,10810A2AZKB0123,10810A2AZKB0123,15,66000,TXG,240,0,66000180000,2,28839,2019-10-28 19:00:00,10810281900,臺中市大雅區科雅西路R45路燈附近附近,0,1,110,115,120,60,126,148,163,172,176,181,188,189,193,197,210,212,217,229,0.0,0.0,2020-09-10 09:38:13,2019-10-28 19:00:00,2019-10-28
9466300,10810AB591B0993,10810AB591B0993,15,66000,TXG,233,2400,66000080008,2,30602,2019-10-28 15:33:00,10810281533,臺中市北屯區水景里水景街1號,0,1,111,112,120,50,137,147,163,172,176,181,188,192,196,201,211,215,218,235,24.1697334980935,120.711626211912,2020-09-10 09:38:13,2019-10-28 15:33:00,2019-10-28
9466059,10810AB691B1327,10810AB691B1327,15,66000,TXG,232,2367,66000060015,2,30612,2019-10-28 10:54:00,10810281054,臺中市西屯區港尾里中清路路燈00669附近路燈00669,0,2,111,112,120,60,127,142,163,172,176,181,188,190,193,197,209,212,217,231,0.0,0.0,2020-09-10 09:38:13,2019-10-28 10:54:00,2019-10-28
9466038,10810AB691B1331,10810AB691B1331,15,66000,TXG,232,2000,66000060001,2,30612,2019-10-28 10:30:00,10810281030,臺中市西屯區西安里西屯路二段300號,0,3,111,112,120,50,137,149,163,172,176,181,188,192,196,201,211,216,218,230,24.1791688794922,120.640384524075,2020-09-10 09:38:13,2019-10-28 10:30:00,2019-10-28
9465789,10810AB591B0982,10810AB591B0982,15,66000,TXG,233,2025,66000080026,2,30602,2019-10-28 07:15:00,10810280715,臺中市北屯區平安里崇德路二段近文心路附近近文心路,0,2,111,112,120,50,137,149,163,172,176,181,188,189,193,197,210,216,218,227,0.0,0.0,2020-09-10 09:38:13,2019-10-28 07:15:00,2019-10-28
9466235,10810AB191B0223,10810AB191B0223,15,66000,TXG,230,2336,66000040019,2,30566,2019-10-28 14:12:00,10810281412,臺中市西區忠誠里大隆路精明二街,0,3,111,112,120,50,126,142,163,172,176,181,188,192,196,206,211,216,218,235,24.1554143626968,120.654500814614,2020-09-10 09:38:13,2019-10-28 14:12:00,2019-10-28
9466409,10810AB795B3161,10810AB795B3161,15,66000,TXG,240,2082,66000180001,2,30625,2019-10-28 17:25:00,10810281725,臺中市大雅區大雅里大雅路中清北街,0,1,111,113,120,50,127,141,163,172,176,181,188,192,196,206,210,215,218,234,24.225694163196,120.647230780019,2020-09-10 09:38:13,2019-10-28 17:25:00,2019-10-28
9466625,10810AB291B0430,10810AB291B0430,15,66000,TXG,231,2365,66000050023,2,30575,2019-10-28 20:59:00,10810282059,臺中市北區長青里中清路武昌路附近武昌路,0,2,110,114,120,50,126,147,163,172,176,181,188,189,193,201,211,215,218,231,24.1688072260103,120.672695565374,2020-09-10 09:38:13,2019-10-28 20:59:00,2019-10-28
9466698,10810AB891B1788,10810AB891B1788,15,66000,TXG,247,2252,66000280011,2,31010,2019-10-28 22:57:00,10810282257,臺中市大里區新仁里立仁路立仁路256巷口附近立仁路256巷口,0,1,111,114,120,50,127,141,163,172,176,181,188,189,193,206,211,216,218,241,0.0,0.0,2020-09-10 09:38:13,2019-10-28 22:57:00,2019-10-28
9466376,10810AB891B1801,10810AB891B1801,15,66000,TXG,247,2258,66000280017,2,31010,2019-10-28 17:03:00,10810281703,臺中市大里區瑞城里美村街72號,0,1,111,112,120,40,128,142,163,172,176,181,188,192,196,206,211,216,218,235,0.0,0.0,2020-09-10 09:38:13,2019-10-28 17:03:00,2019-10-28
9466454,10810AB191B0258,10810AB191B0258,15,66000,TXG,227,2059,66000010007,2,30566,2019-10-28 17:55:00,10810281755,臺中市中區大誠里中華路與公園路口附近與公園路口,0,3,111,114,120,50,127,141,163,172,176,181,188,189,193,201,211,216,218,231,24.1471778820232,120.678809672166,2020-09-10 09:38:13,2019-10-28 17:55:00,2019-10-28
9465870,10810AB591B0984,10810AB591B0984,15,66000,TXG,233,2409,66000080037,2,30602,2019-10-28 08:00:00,10810280800,臺中市北屯區松和里崇德二路一段302號,0,1,111,112,120,50,137,147,163,172,176,181,188,192,196,201,210,215,218,235,0.0,0.0,2020-09-10 09:38:13,2019-10-28 08:00:00,2019-10-28
9466350,10810AB191B0257,10810AB191B0257,15,66000,TXG,230,2299,66000040003,2,30566,2019-10-28 16:34:00,10810281634,臺中市西區三民里三民路一段181號,0,2,111,112,123,50,127,141,163,172,176,181,188,192,196,201,211,216,218,235,24.1385223628167,120.675232213859,2020-09-10 09:38:13,2019-10-28 16:34:00,2019-10-28
9466664,10810AB996B2264,10810AB996B2264,15,66000,TXG,288,2181,66000250013,2,31027,2019-10-28 22:07:00,10810282207,臺中市龍井區新庄里臺灣大道六段中港004路燈前附近中港004路燈前,0,1,111,114,120,40,137,148,163,172,176,181,188,192,196,197,210,212,217,236,0.0,0.0,2020-09-10 09:38:13,2019-10-28 22:07:00,2019-10-28
9467341,10810AB591B1003,10810AB591B1003,15,66000,TXG,233,2400,66000080008,2,30602,2019-10-29 17:00:00,10810291700,臺中市北屯區水景里太原路旱溪東路附近旱溪東路,0,1,111,112,120,50,127,142,163,172,176,181,188,189,193,197,210,215,218,234,24.1648205220754,120.705776095998,2020-09-10 09:38:13,2019-10-29 17:00:00,2019-10-29
9467330,10810AB994B2285,10810AB994B2285,15,66000,TXG,244,2165,66000240014,2,31025,2019-10-29 16:54:00,10810291654,臺中市大肚區頂街里沙田路三段466號,0,1,111,112,120,50,137,149,163,172,176,181,188,192,196,201,210,216,217,234,24.1623392078139,120.543121323809,2020-09-10 09:38:13,2019-10-29 16:54:00,2019-10-29
9466890,10810ABA95B2620,10810ABA95B2620,15,66000,TXG,236,2520,66000130008,2,31046,2019-10-29 08:10:00,10810290810,臺中市沙鹿區鹿寮里中山路與中山路480巷口附近與中山路480巷口,0,2,111,112,120,40,137,148,163,172,176,181,188,192,196,197,210,215,218,231,0.0,0.0,2020-09-10 09:38:13,2019-10-29 08:10:00,2019-10-29
9467529,10810AB993B2283,10810AB993B2283,15,66000,TXG,14,2145,66000230007,2,31024,2019-10-29 19:12:00,10810291912,臺中市烏日區仁德里中山路一段497號明道中學前附近明道中學前,0,3,111,114,120,60,137,148,163,172,176,181,188,192,196,197,210,215,217,221,24.1069446889943,120.635616149686,2020-09-10 09:38:13,2019-10-29 19:12:00,2019-10-29
9467389,10810ABC91B2010,10810ABC91B2010,15,66000,TXG,246,2228,66000270031,2,31077,2019-10-29 17:38:00,10810291738,臺中市太平區宜佳里新平路二段宜佳街,0,1,111,114,120,50,126,141,163,172,176,181,188,192,196,206,211,216,218,234,24.1400239134348,120.71488569441,2020-09-10 09:38:13,2019-10-29 17:38:00,2019-10-29
9467600,10810AB891B1785,10810AB891B1785,15,66000,TXG,247,2260,66000280019,2,31010,2019-10-29 21:01:00,10810292101,臺中市大里區東湖里中興路一段163號,0,1,111,114,120,50,137,148,163,172,176,181,188,192,196,197,210,215,217,234,24.0877447053186,120.695855326228,2020-09-10 09:38:13,2019-10-29 21:01:00,2019-10-29
9467140,10810AB994B2284,10810AB994B2284,15,66000,TXG,244,2430,66000240006,2,31025,2019-10-29 12:30:00,10810291230,臺中市大肚區新興里沙田路二段20號,0,1,111,112,120,40,137,148,163,172,176,181,188,192,196,197,210,215,217,232,24.1366303366622,120.552184013602,2020-09-10 09:38:13,2019-10-29 12:30:00,2019-10-29
9466840,10810AB691B1342,10810AB691B1342,15,66000,TXG,232,2010,66000060011,2,30612,2019-10-29 07:45:00,10810290745,臺中市西屯區大河里甘肅路二段158號,0,2,111,112,120,50,126,142,163,172,176,181,188,190,193,201,208,215,218,231,0.0,0.0,2020-09-10 09:38:13,2019-10-29 07:45:00,2019-10-29
9467183,10810AB891B1812,10810AB891B1812,15,66000,TXG,245,2191,66000260008,2,31010,2019-10-29 13:45:00,10810291345,臺中市霧峰區本堂里中正路與仁義路附近與仁義路,0,1,111,112,120,50,126,142,163,172,176,181,188,189,193,206,211,216,218,247,24.0629328046964,120.698492383659,2020-09-10 09:38:13,2019-10-29 13:45:00,2019-10-29
9467200,10810AB291B0437,10810AB291B0437,15,66000,TXG,231,2353,66000050011,2,30575,2019-10-29 14:16:00,10810291416,臺中市北區金龍里北屯路47巷2-1號,0,2,111,112,120,50,127,141,163,172,176,181,188,192,196,206,211,216,218,233,24.1604943738622,120.691881857034,2020-09-10 09:38:13,2019-10-29 14:16:00,2019-10-29
9467478,10810AB191B0225,10810AB191B0225,15,66000,TXG,230,2339,66000040022,2,30566,2019-10-29 18:28:00,10810291828,臺中市西區公平里東興路與大業路口附近與大業路口,0,1,111,114,120,50,127,141,163,172,176,181,188,189,193,206,211,216,218,235,24.1535938242248,120.653009449655,2020-09-10 09:38:13,2019-10-29 18:28:00,2019-10-29
9467451,10810AB891B1839,10810AB891B1839,15,66000,TXG,247,2260,66000280019,2,31010,2019-10-29 18:10:00,10810291810,臺中市大里區東湖里中興路一段101號,0,1,111,114,120,50,127,141,163,172,176,181,188,189,193,197,210,215,217,230,24.0825112423379,120.697608702249,2020-09-10 09:38:13,2019-10-29 18:10:00,2019-10-29
9466930,10810AB691B1363,10810AB691B1363,15,66000,TXG,232,2310,66000060025,2,30612,2019-10-29 08:27:00,10810290827,臺中市西屯區何南里臺灣大道二段689號,0,1,111,112,120,50,127,141,163,172,176,181,188,190,193,206,211,216,218,220,0.0,0.0,2020-09-10 09:38:13,2019-10-29 08:27:00,2019-10-29
9466969,10810AB291B0434,10810AB291B0434,15,66000,TXG,231,1997,66000050034,2,30575,2019-10-29 08:54:00,10810290854,臺中市北區立人里中清路一段華美街二段附近華美街二段,0,1,111,112,120,40,126,141,163,172,176,181,188,192,196,206,211,216,218,235,24.1733332321491,120.671428011086,2020-09-10 09:38:13,2019-10-29 08:54:00,2019-10-29
9466783,10810ABB91B2796,10810ABB91B2796,15,66000,TXG,286,2491,66000110012,2,31061,2019-10-29 07:05:00,10810290705,臺中市大甲區義和里義和一街133巷22號,0,2,111,112,120,30,126,141,163,172,176,181,188,192,196,206,211,216,218,234,24.3389756110875,120.621093181348,2020-09-10 09:38:13,2019-10-29 07:05:00,2019-10-29
9467394,10810AB995B2279,10810AB995B2279,15,66000,TXG,288,2169,66000250001,2,31026,2019-10-29 17:40:00,10810291740,臺中市龍井區竹坑里沙田路四段與中華路一段221巷(口)附近與中華路一段221巷(口),0,1,111,114,120,50,127,141,163,172,176,181,188,189,193,201,211,215,217,233,0.0,0.0,2020-09-10 09:38:13,2019-10-29 17:40:00,2019-10-29
9466954,10810AB795B3169,10810AB795B3169,15,66000,TXG,240,2094,66000180015,2,30625,2019-10-29 08:45:00,10810290845,臺中市大雅區雅楓里神林南路332號,0,3,111,112,120,50,137,149,163,172,176,181,188,192,196,201,211,216,217,234,24.222225234879,120.65683787274,2020-09-10 09:38:13,2019-10-29 08:45:00,2019-10-29
9467401,10810AB993B2277,10810AB993B2277,15,66000,TXG,14,2142,66000230003,2,31024,2019-10-29 17:45:00,10810291745,臺中市烏日區三和里中山路三段集泉橋附近集泉橋,0,1,111,114,120,60,127,141,163,172,176,181,188,190,193,206,211,216,218,234,0.0,0.0,2020-09-10 09:38:13,2019-10-29 17:45:00,2019-10-29
9467482,10810AB795B3175,10810AB795B3175,15,66000,TXG,240,2087,66000180006,2,30625,2019-10-29 18:30:00,10810291830,臺中市大雅區橫山里永和路上山路,0,2,111,114,120,50,126,141,163,172,176,181,188,189,193,201,211,215,217,234,24.2186921594202,120.639510370724,2020-09-10 09:38:13,2019-10-29 18:30:00,2019-10-29
9466739,10810AB993B2282,10810AB993B2282,15,66000,TXG,14,2143,66000230004,2,31024,2019-10-29 06:07:00,10810290607,臺中市烏日區榮泉里環河路五段390號,0,1,111,112,120,40,137,148,163,172,176,181,188,192,196,197,210,212,218,244,24.1080207104387,120.594097017513,2020-09-10 09:38:13,2019-10-29 06:07:00,2019-10-29
9467466,10810AB591B1036,10810AB591B1036,15,66000,TXG,233,2394,66000080001,2,30602,2019-10-29 18:16:00,10810291816,臺中市北屯區北興里南京東路江興街,0,1,111,114,120,50,126,141,163,172,176,181,188,192,196,206,211,216,218,235,24.1632411268431,120.699390204406,2020-09-10 09:38:13,2019-10-29 18:16:00,2019-10-29
9466768,10810AB793B3164,10810AB793B3164,15,66000,TXG,239,2078,66000170013,2,30623,2019-10-29 06:55:00,10810290655,臺中市潭子區聚興里豐興路一段192巷,0,1,111,112,120,50,126,141,163,172,176,181,188,189,193,206,211,216,218,234,0.0,0.0,2020-09-10 09:38:13,2019-10-29 06:55:00,2019-10-29
9467120,10810AB691B1344,10810AB691B1344,15,66000,TXG,232,2321,66000060036,2,30612,2019-10-29 12:09:00,10810291209,臺中市西屯區福聯里臺灣大道四段近國際街附近近國際街,0,1,111,112,120,50,137,148,163,172,176,181,188,192,196,197,207,212,218,236,0.0,0.0,2020-09-10 09:38:13,2019-10-29 12:09:00,2019-10-29
9467145,10810AB795B3168,10810AB795B3168,15,66000,TXG,240,2083,66000180002,2,30625,2019-10-29 12:47:00,10810291247,臺中市大雅區員林里大林路140巷大林路,0,2,111,112,120,40,127,141,163,172,176,181,188,192,196,201,211,216,217,234,24.2361647683119,120.645203435297,2020-09-10 09:38:13,2019-10-29 12:47:00,2019-10-29
9467285,10810AB591B1007,10810AB591B1007,15,66000,TXG,233,2403,66000080011,2,30602,2019-10-29 16:09:00,10810291609,臺中市北屯區東山里東山路二段51之16號,0,1,111,112,120,50,126,141,163,172,176,181,188,189,193,201,211,215,218,230,0.0,0.0,2020-09-10 09:38:13,2019-10-29 16:09:00,2019-10-29
9467181,10810AB191B0229,10810AB191B0229,15,66000,TXG,230,0,66000040000,2,30566,2019-10-29 13:45:00,10810291345,臺中市西區英才路公正路,0,1,111,112,120,50,127,141,163,172,176,181,188,189,193,206,211,216,218,233,24.1490202317229,120.665283492283,2020-09-10 09:38:13,2019-10-29 13:45:00,2019-10-29
9467148,10810AB891B1776,10810AB891B1776,15,66000,TXG,247,2268,66000280027,2,31010,2019-10-29 12:55:00,10810291255,臺中市大里區仁德里慈善路126號,0,2,111,112,120,40,126,141,163,172,176,181,188,192,196,206,211,216,218,234,24.0929591843484,120.694297418378,2020-09-10 09:38:13,2019-10-29 12:55:00,2019-10-29
9467278,10810AB191B0165,10810AB191B0165,15,66000,TXG,227,2053,66000010001,2,30566,2019-10-29 16:00:00,10810291600,臺中市中區繼光里自由路二段30號,0,2,111,112,120,50,126,141,163,171,176,181,188,192,196,206,211,216,218,231,0.0,0.0,2020-09-10 09:38:13,2019-10-29 16:00:00,2019-10-29
9467111,10810AB591B1000,10810AB591B1000,15,66000,TXG,233,2397,66000080005,2,30602,2019-10-29 11:56:00,10810291156,臺中市北屯區平和里山西路二段221號,0,1,111,112,120,50,137,147,163,172,176,181,188,192,196,201,210,215,218,234,24.1740853797748,120.676257917707,2020-09-10 09:38:13,2019-10-29 11:56:00,2019-10-29
9467627,10810AB591B1034,10810AB591B1034,15,66000,TXG,233,2013,66000080014,2,30602,2019-10-29 21:36:00,10810292136,臺中市北屯區大坑里東山路二段1巷10號,0,1,111,114,120,50,128,141,163,172,176,181,188,192,196,206,211,216,218,233,24.1974678399324,120.770410654798,2020-09-10 09:38:13,2019-10-29 21:36:00,2019-10-29
9466943,10810AB793B3165,10810AB793B3165,15,66000,TXG,239,2561,66000170001,2,30623,2019-10-29 08:37:00,10810290837,臺中市潭子區潭陽里圓通南路福潭路,0,1,111,112,120,50,127,159,163,172,176,181,188,189,193,206,211,216,218,219,24.2064010253133,120.709963973422,2020-09-10 09:38:13,2019-10-29 08:37:00,2019-10-29
9467440,10810AB891B1784,10810AB891B1784,15,66000,TXG,247,2253,66000280012,2,31010,2019-10-29 18:02:00,10810291802,臺中市大里區大元里國光路一段國中路,0,1,111,114,120,50,127,141,163,172,176,181,188,189,193,206,211,216,218,234,24.0956614409359,120.68625006165,2020-09-10 09:38:13,2019-10-29 18:02:00,2019-10-29
9467186,10810ABA95B2623,10810ABA95B2623,15,66000,TXG,236,2525,66000130013,2,31046,2019-10-29 13:50:00,10810291350,臺中市沙鹿區晉江里臺灣大道路七段與臺灣大道七段346巷口附近與臺灣大道七段346巷口,0,1,111,112,120,40,127,142,163,172,176,181,188,190,193,206,211,216,218,231,0.0,0.0,2020-09-10 09:38:13,2019-10-29 13:50:00,2019-10-29
9467123,10810AB191B0261,10810AB191B0261,15,66000,TXG,230,2556,66000040011,2,30566,2019-10-29 12:10:00,10810291210,臺中市西區民龍里臺灣大道二段與英才路口附近與英才路口,0,1,111,112,120,50,127,141,163,172,176,181,188,189,193,201,211,216,218,234,24.1530627709277,120.666805266932,2020-09-10 09:38:13,2019-10-29 12:10:00,2019-10-29
9467087,10810AB691B1352,10810AB691B1352,15,66000,TXG,232,2373,66000060021,2,30612,2019-10-29 11:17:00,10810291117,臺中市西屯區何仁里西屯路二段104號,0,1,111,112,120,50,126,142,163,172,176,181,188,192,196,205,210,215,218,230,24.1662262662385,120.653495710427,2020-09-10 09:38:13,2019-10-29 11:17:00,2019-10-29
9467215,10810ABA93B2668,10810ABA93B2668,15,66000,TXG,311,1986,66000120027,2,31044,2019-10-29 14:30:00,10810291430,臺中市清水區橋頭里華美街30巷21號,0,1,111,112,120,30,137,149,163,172,176,181,188,192,196,206,211,216,218,235,0.0,0.0,2020-09-10 09:38:13,2019-10-29 14:30:00,2019-10-29
9467279,10810AB891B1813,10810AB891B1813,15,66000,TXG,247,2255,66000280014,2,31010,2019-10-29 16:00:00,10810291600,臺中市大里區仁化里立善橋路,0,1,111,112,120,50,134,149,163,172,176,181,188,192,196,199,211,216,217,236,0.0,0.0,2020-09-10 09:38:13,2019-10-29 16:00:00,2019-10-29
9467455,10810AB795B3173,10810AB795B3173,15,66000,TXG,240,2083,66000180002,2,30625,2019-10-29 18:12:00,10810291812,臺中市大雅區員林里學府路428巷35號,0,3,111,114,120,30,127,141,163,172,176,181,188,192,196,206,211,216,218,235,24.2277965762536,120.64777402223,2020-09-10 09:38:13,2019-10-29 18:12:00,2019-10-29
9466872,10810AB391B0578,10810AB391B0578,15,66000,TXG,228,2243,66000020017,2,30584,2019-10-29 07:56:00,10810290756,臺中市東區東英里東英路與東英十一街附近與東英十一街,0,2,111,112,120,50,127,141,163,172,176,181,188,192,196,206,211,216,218,229,24.1438416294129,120.706063793432,2020-09-10 09:38:13,2019-10-29 07:56:00,2019-10-29
9467252,10810AB191B0185,10810AB191B0185,15,66000,TXG,230,2298,66000040002,2,30566,2019-10-29 15:21:00,10810291521,臺中市西區利民里建國北路光明國中對面附近光明國中對面,0,3,111,112,120,50,137,149,163,172,176,181,188,192,196,197,210,216,218,231,0.0,0.0,2020-09-10 09:38:13,2019-10-29 15:21:00,2019-10-29
9466773,10810ABA94B2630,10810ABA94B2630,15,66000,TXG,312,2543,66000140012,2,31045,2019-10-29 06:58:00,10810290658,臺中市梧棲區興農里中華路一段721巷65號,0,1,111,112,120,30,127,142,163,172,176,181,184,192,196,206,211,216,218,233,24.2324796492932,120.546790940625,2020-09-10 09:38:13,2019-10-29 06:58:00,2019-10-29
9467052,10810AB996B2273,10810AB996B2273,15,66000,TXG,288,2183,66000250015,2,31027,2019-10-29 10:19:00,10810291019,臺中市龍井區新東里臺灣大道五段163號,0,1,111,112,120,40,126,142,163,172,176,181,188,192,196,206,211,212,217,235,24.1845192145929,120.588721133782,2020-09-10 09:38:13,2019-10-29 10:19:00,2019-10-29
9467361,10810ABA93B2669,10810ABA93B2669,15,66000,TXG,311,1983,66000120024,2,31044,2019-10-29 17:15:00,10810291715,臺中市清水區菁埔里三田路三田國小旁附近三田國小旁,0,2,111,113,120,30,126,141,163,172,176,181,188,192,196,206,211,216,218,228,0.0,0.0,2020-09-10 09:38:13,2019-10-29 17:15:00,2019-10-29
9467133,10810ABC91B2013,10810ABC91B2013,15,66000,TXG,246,2208,66000270009,2,31077,2019-10-29 12:24:00,10810291224,臺中市太平區坪林里坪林路31-1號,0,1,111,112,120,30,128,141,163,172,176,181,188,192,196,206,211,216,218,233,0.0,0.0,2020-09-10 09:38:13,2019-10-29 12:24:00,2019-10-29
9467293,10810ABB93B2813,10810ABB93B2813,15,66000,TXG,237,2035,66000150017,2,31062,2019-10-29 16:15:00,10810291615,臺中市后里區月眉里甲后路二段四月路,0,2,111,112,120,40,127,142,163,172,176,181,188,189,193,201,210,215,218,234,24.31444435643,120.689208113629,2020-09-10 09:38:13,2019-10-29 16:15:00,2019-10-29
9467037,10810AB591B0999,10810AB591B0999,15,66000,TXG,233,2401,66000080009,2,30602,2019-10-29 10:06:00,10810291006,臺中市北屯區軍功里旱溪東路三段80號,0,1,111,112,120,50,137,147,163,172,176,181,188,192,196,201,210,215,218,231,0.0,0.0,2020-09-10 09:38:13,2019-10-29 10:06:00,2019-10-29
9467127,10810AB291B0438,10810AB291B0438,15,66000,TXG,231,2359,66000050017,2,30575,2019-10-29 12:15:00,10810291215,臺中市北區育德里中清路一段美德街附近美德街,0,1,111,112,120,50,128,141,163,172,176,181,188,189,193,206,211,216,218,235,24.1582519703624,120.676162218582,2020-09-10 09:38:13,2019-10-29 12:15:00,2019-10-29
9467642,10810AB996B2281,10810AB996B2281,15,66000,TXG,288,2184,66000250016,2,31027,2019-10-29 21:52:00,10810292152,臺中市龍井區東海里遊園北路443號,0,1,111,114,120,50,137,149,163,172,176,181,188,192,196,205,211,216,217,235,24.1912771571667,120.590488598388,2020-09-10 09:38:13,2019-10-29 21:52:00,2019-10-29
9467360,10810AB994B2286,10810AB994B2286,15,66000,TXG,244,2431,66000240001,2,31025,2019-10-29 17:14:00,10810291714,臺中市大肚區王田里沙田路一段167號,0,1,111,113,120,50,137,148,163,172,176,181,188,192,196,197,210,215,217,234,24.1198825255021,120.573502661947,2020-09-10 09:38:13,2019-10-29 17:14:00,2019-10-29