識別碼,案件編號,交通事故主表,縣市識別碼,縣市代碼,所屬縣市簡碼,鄉縣市區識別碼,村里識別碼,里代碼,事故類(A1、A2...An),處理單位代碼,案件時間(西元),案件時間(民國),發生地點,死亡人數,受傷人數(含2~30日內死亡),天氣識別碼,光線識別碼,道路類別識別碼,速限,道路型態識別碼,事故位置識別碼,路面鋪裝識別碼,路面狀態識別碼,路面缺陷識別碼,障礙物視距識別碼,視距識別碼,號誌種類識別碼,號誌動作識別碼,車道劃分設施-分向設施識別碼,快車道或一般車道間識別碼,快慢車道間識別碼,路面邊線識別碼,事故類型及型態識別碼,緯度,經度,本平台資料更新時間(yyyy-MM-dd HH:mm:ss),資料代表時間(yyyy-MM-dd HH:mm:ss),資料代表日期(yyyy-MM-dd)
9466792,10810ABB91B2797,10810ABB91B2797,15,66000,TXG,286,2503,66000110024,2,31061,2019-10-29 07:15:00,10810290715,臺中市大甲區日南里幼獅路幼二路,0,1,111,112,120,50,126,141,163,172,176,181,188,189,193,206,211,216,218,234,24.4071263735571,120.647852461547,2020-09-10 09:38:13,2019-10-29 07:15:00,2019-10-29
9466880,10810AB491B0675,10810AB491B0675,15,66000,TXG,13,2392,66000070024,2,30594,2019-10-29 08:02:00,10810290802,臺中市南屯區三和里黎明路二段307-1號,0,3,111,112,120,40,137,147,163,172,176,181,188,192,196,201,211,215,218,234,0.0,0.0,2020-09-10 09:38:13,2019-10-29 08:02:00,2019-10-29
9467232,10810ABC91B2019,10810ABC91B2019,15,66000,TXG,246,2212,66000270013,2,31077,2019-10-29 14:56:00,10810291456,臺中市太平區新福里中山路四段170號新福路,0,1,111,112,120,50,128,141,163,172,176,181,188,189,193,206,211,216,218,236,24.1481518698542,120.703155975797,2020-09-10 09:38:13,2019-10-29 14:56:00,2019-10-29
9466787,10810AB491B0674,10810AB491B0674,15,66000,TXG,13,2326,66000070002,2,30594,2019-10-29 07:12:00,10810290712,臺中市南屯區豐樂里文心南路與三民西路二段口附近與三民西路二段口,0,1,111,112,120,50,126,142,163,172,176,181,188,189,193,197,208,216,218,247,24.1260153125097,120.6464637233,2020-09-10 09:38:13,2019-10-29 07:12:00,2019-10-29
9467066,10810AB993B2275,10810AB993B2275,15,66000,TXG,14,2144,66000230006,2,31024,2019-10-29 10:33:00,10810291033,臺中市烏日區九德里長春街與中華路口附近與中華路口,0,1,111,112,120,50,128,141,163,172,176,181,188,189,193,206,211,216,218,234,24.1080248542204,120.634119654503,2020-09-10 09:38:13,2019-10-29 10:33:00,2019-10-29
9467224,10810AB691B1351,10810AB691B1351,15,66000,TXG,232,2001,66000060002,2,30612,2019-10-29 14:47:00,10810291447,臺中市西屯區西墩里環中路二段989號,0,1,111,112,120,50,137,148,163,172,176,181,188,192,196,197,207,212,218,234,24.1851958117682,120.637286239703,2020-09-10 09:38:13,2019-10-29 14:47:00,2019-10-29
9467069,10810ABB91B2799,10810ABB91B2799,15,66000,TXG,286,2495,66000110016,2,31061,2019-10-29 10:39:00,10810291039,臺中市大甲區文武里育德路233號,0,2,111,112,120,50,126,141,163,172,176,181,188,191,193,206,211,216,218,234,24.3506131127483,120.626387303255,2020-09-10 09:38:13,2019-10-29 10:39:00,2019-10-29
9467320,10810AB891B1838,10810AB891B1838,15,66000,TXG,247,2253,66000280012,2,31010,2019-10-29 16:43:00,10810291643,臺中市大里區大元里環中東路六段(大里橋)口附近(大里橋)口,0,1,111,112,120,50,127,141,163,172,176,181,188,190,193,197,210,213,217,230,0.0,0.0,2020-09-10 09:38:13,2019-10-29 16:43:00,2019-10-29
9466746,10810AB291B0443,10810AB291B0443,15,66000,TXG,231,2356,66000050014,2,30575,2019-10-29 06:25:00,10810290625,臺中市北區頂厝里衛道路與五常街口附近與五常街口,0,1,111,112,120,50,127,141,163,172,176,181,188,192,196,206,211,216,218,235,24.1625342474277,120.679964220414,2020-09-10 09:38:13,2019-10-29 06:25:00,2019-10-29
9467281,10810AB891B1807,10810AB891B1807,15,66000,TXG,247,2254,66000280013,2,31010,2019-10-29 16:03:00,10810291603,臺中市大里區夏田里頂厝路25號,0,1,111,112,120,30,126,142,163,172,176,181,188,192,196,206,211,216,218,235,24.0874136704451,120.675292165215,2020-09-10 09:38:13,2019-10-29 16:03:00,2019-10-29
9467665,10810ABA95B2637,10810ABA95B2637,15,66000,TXG,236,2525,66000130013,2,31046,2019-10-29 22:54:00,10810292254,臺中市沙鹿區晉江里東英路56巷臺灣大道路七段,0,1,109,115,120,40,126,148,163,171,176,181,188,192,196,206,211,216,218,236,0.0,0.0,2020-09-10 09:38:13,2019-10-29 22:54:00,2019-10-29
9467521,10810AB591B1004,10810AB591B1004,15,66000,TXG,233,2400,66000080008,2,30602,2019-10-29 19:06:00,10810291906,臺中市北屯區水景里環中東路二段景賢路,0,1,111,112,120,50,126,141,163,172,176,181,188,189,193,206,211,216,218,234,24.1669712466463,120.720579051703,2020-09-10 09:38:13,2019-10-29 19:06:00,2019-10-29
9466882,10810AB794B3166,10810AB794B3166,15,66000,TXG,238,2043,66000160007,2,30624,2019-10-29 08:03:00,10810290803,臺中市神岡區三角里三和路131巷20號,0,1,111,112,120,30,126,141,163,172,176,181,188,192,196,206,211,216,218,234,0.0,0.0,2020-09-10 09:38:13,2019-10-29 08:03:00,2019-10-29
9467651,10810ABA93B2625,10810ABA93B2625,15,66000,TXG,311,186,66000120003,2,31044,2019-10-29 22:08:00,10810292208,臺中市清水區清水里中航路三段大街路,0,2,111,115,120,50,127,142,163,172,176,181,188,191,193,206,211,216,218,229,24.2645641234159,120.576057527953,2020-09-10 09:38:13,2019-10-29 22:08:00,2019-10-29
9466771,10810AB995B2268,10810AB995B2268,15,66000,TXG,288,0,66000250000,2,31026,2019-10-29 06:56:00,10810290656,臺中市龍井區西濱路二段三港路,0,1,111,112,120,40,127,141,163,172,176,177,188,190,193,206,211,216,218,234,24.2049877875674,120.517151180122,2020-09-10 09:38:13,2019-10-29 06:56:00,2019-10-29
9467510,10810AB891B1840,10810AB891B1840,15,66000,TXG,245,2193,66000260011,2,31010,2019-10-29 19:00:00,10810291900,臺中市霧峰區南柳里福新路與新厝路口附近與新厝路口,0,1,111,112,120,50,127,141,163,172,176,181,188,189,193,201,210,216,217,229,24.0540339157256,120.686897063631,2020-09-10 09:38:13,2019-10-29 19:00:00,2019-10-29
9467221,10810AB995B2269,10810AB995B2269,15,66000,TXG,288,2169,66000250001,2,31026,2019-10-29 14:35:00,10810291435,臺中市龍井區竹坑里沙田路四段觀光路,0,2,111,112,120,50,137,162,163,172,176,181,188,192,196,206,211,216,218,235,24.1918743367361,120.546009355168,2020-09-10 09:38:13,2019-10-29 14:35:00,2019-10-29
9467126,10810AB793B3172,10810AB793B3172,15,66000,TXG,239,2571,66000170011,2,30623,2019-10-29 12:15:00,10810291215,臺中市潭子區嘉仁里仁愛路二段140巷23-9號,0,2,111,112,120,30,137,149,163,172,176,181,188,192,196,206,210,216,218,229,0.0,0.0,2020-09-10 09:38:13,2019-10-29 12:15:00,2019-10-29
9467199,10810AB993B2276,10810AB993B2276,15,66000,TXG,14,2141,66000230002,2,31024,2019-10-29 14:14:00,10810291414,臺中市烏日區湖日里環河路三段與74號快速公路下方附近與74號快速公路下方,0,1,111,112,120,50,127,142,163,172,176,181,188,189,193,197,210,214,218,231,0.0,0.0,2020-09-10 09:38:13,2019-10-29 14:14:00,2019-10-29
9467629,10810ABC91B2011,10810ABC91B2011,15,66000,TXG,246,2207,66000270008,2,31077,2019-10-29 21:38:00,10810292138,臺中市太平區中山里中山路二段329號,0,1,111,114,120,10,137,147,163,172,176,181,188,192,196,201,211,215,217,221,24.2118529696188,120.705339971257,2020-09-10 09:38:13,2019-10-29 21:38:00,2019-10-29
9467400,10810ABA93B2670,10810ABA93B2670,15,66000,TXG,311,1986,66000120027,2,31044,2019-10-29 17:45:00,10810291745,臺中市清水區橋頭里鎮政路鎮新二街,0,1,111,113,120,50,127,141,163,172,176,181,188,192,196,206,211,216,218,233,0.0,0.0,2020-09-10 09:38:13,2019-10-29 17:45:00,2019-10-29
9467193,10810AB993B2270,10810AB993B2270,15,66000,TXG,14,2145,66000230007,2,31024,2019-10-29 14:06:00,10810291406,臺中市烏日區仁德里中山路一段與信義路口附近與信義路口,0,1,111,112,120,60,127,148,163,172,176,181,188,189,193,197,209,215,217,236,0.0,0.0,2020-09-10 09:38:13,2019-10-29 14:06:00,2019-10-29
9467652,10810AB591B1009,10810AB591B1009,15,66000,TXG,233,2572,66000080002,2,30602,2019-10-29 22:08:00,10810292208,臺中市北屯區北屯里漢口路五段興安路一段,0,2,111,114,120,40,128,141,163,172,176,181,188,189,193,206,211,216,218,233,24.166912013657,120.691411803044,2020-09-10 09:38:13,2019-10-29 22:08:00,2019-10-29
9467350,10810AB993B2278,10810AB993B2278,15,66000,TXG,14,2277,66000230005,2,31024,2019-10-29 17:08:00,10810291708,臺中市烏日區學田里學田路便行巷194號,0,1,111,112,120,40,137,149,163,172,176,181,188,192,196,206,211,216,218,231,0.0,0.0,2020-09-10 09:38:13,2019-10-29 17:08:00,2019-10-29
9466735,10810AB793B3174,10810AB793B3174,15,66000,TXG,239,2567,66000170007,2,30623,2019-10-29 05:32:00,10810290532,臺中市潭子區東寶里崇德路四段482號,0,2,111,113,120,40,137,148,163,172,176,181,188,192,196,197,210,215,217,231,24.2149768577274,120.687982631026,2020-09-10 09:38:13,2019-10-29 05:32:00,2019-10-29
9467147,10810ABC91B2024,10810ABC91B2024,15,66000,TXG,246,2226,66000270029,2,31077,2019-10-29 12:54:00,10810291254,臺中市太平區新吉里中山路三段1巷中山路三段,0,1,111,112,120,50,127,141,163,172,176,181,188,189,193,206,211,216,218,231,24.1487283783385,120.717505930954,2020-09-10 09:38:13,2019-10-29 12:54:00,2019-10-29
9467452,10810ABA94B2649,10810ABA94B2649,15,66000,TXG,312,2539,66000140007,2,31045,2019-10-29 18:10:00,10810291810,臺中市梧棲區草湳里臺灣大道九段199號,0,1,111,114,120,70,137,148,163,172,176,181,188,192,196,197,210,212,217,234,24.2519237819448,120.530420350286,2020-09-10 09:38:13,2019-10-29 18:10:00,2019-10-29
9467415,10810AB591B1006,10810AB591B1006,15,66000,TXG,233,2022,66000080023,2,30602,2019-10-29 17:51:00,10810291751,臺中市北屯區水湳里文心路三段近陝西路附近近陝西路,0,2,111,114,120,50,137,149,163,172,176,181,188,192,196,197,210,216,218,230,0.0,0.0,2020-09-10 09:38:13,2019-10-29 17:51:00,2019-10-29
9466922,10810ABC91B2009,10810ABC91B2009,15,66000,TXG,246,2229,66000270032,2,31077,2019-10-29 08:23:00,10810290823,臺中市太平區宜昌里宜昌路537號,0,1,111,112,120,50,137,147,163,172,176,181,188,192,196,200,210,216,218,231,24.1480830775503,120.715652901993,2020-09-10 09:38:13,2019-10-29 08:23:00,2019-10-29
9467650,10810ABA95B2674,10810ABA95B2674,15,66000,TXG,236,2525,66000130013,2,31046,2019-10-29 22:02:00,10810292202,臺中市沙鹿區晉江里臺灣大道路七段東晉東路,0,1,111,114,120,50,128,141,163,172,176,181,188,189,193,206,211,216,218,234,0.0,0.0,2020-09-10 09:38:13,2019-10-29 22:02:00,2019-10-29
9467545,10810ABA93B2624,10810ABA93B2624,15,66000,TXG,311,190,66000120007,2,31044,2019-10-29 19:46:00,10810291946,臺中市清水區北寧里中山路312號,0,2,111,114,120,50,137,147,163,172,176,181,188,192,196,197,209,215,218,221,24.1437051885979,120.676442926936,2020-09-10 09:38:13,2019-10-29 19:46:00,2019-10-29
9466795,10810ABA95B2619,10810ABA95B2619,15,66000,TXG,236,2523,66000130011,2,31046,2019-10-29 07:18:00,10810290718,臺中市沙鹿區北勢里鎮政路12號,0,2,111,112,120,50,126,141,163,172,175,181,188,192,196,206,211,216,218,234,24.2346260115619,120.566106960168,2020-09-10 09:38:13,2019-10-29 07:18:00,2019-10-29
9467615,10810AB491B0672,10810AB491B0672,15,66000,TXG,13,2327,66000070003,2,30594,2019-10-29 21:16:00,10810292116,臺中市南屯區楓樹里環中路永春東三路,0,1,111,114,120,50,127,141,163,172,176,181,188,189,193,206,211,216,218,236,24.1240058093727,120.6330460384,2020-09-10 09:38:13,2019-10-29 21:16:00,2019-10-29
9467636,10810AB191B0228,10810AB191B0228,15,66000,TXG,227,2059,66000010007,2,30566,2019-10-29 21:46:00,10810292146,臺中市中區大誠里公園路109號,0,2,111,114,120,50,127,149,163,172,176,181,188,192,196,201,210,216,218,231,0.0,0.0,2020-09-10 09:38:13,2019-10-29 21:46:00,2019-10-29
9466847,10810AB591B0998,10810AB591B0998,15,66000,TXG,233,2403,66000080011,2,30602,2019-10-29 07:47:00,10810290747,臺中市北屯區東山里東山路二段50之4號,0,2,111,112,120,50,126,147,163,172,176,181,188,192,196,201,211,215,218,234,0.0,0.0,2020-09-10 09:38:13,2019-10-29 07:47:00,2019-10-29
9467034,10810AB793B3167,10810AB793B3167,15,66000,TXG,239,2567,66000170007,2,30623,2019-10-29 10:00:00,10810291000,臺中市潭子區東寶里崇德路四段1號,0,1,111,112,120,50,127,147,163,172,176,181,188,189,193,197,208,215,218,231,24.2054758659462,120.686528750806,2020-09-10 09:38:13,2019-10-29 10:00:00,2019-10-29
9467443,10810AB691B1361,10810AB691B1361,15,66000,TXG,232,2323,66000060038,2,30612,2019-10-29 18:04:00,10810291804,臺中市西屯區福林里臺灣大道四段1230巷20號,0,1,111,114,120,30,127,141,163,172,176,181,188,192,196,206,211,216,218,234,24.1846676966575,120.611233003341,2020-09-10 09:38:13,2019-10-29 18:04:00,2019-10-29
9466924,10810AB993B2272,10810AB993B2272,15,66000,TXG,14,2142,66000230003,2,31024,2019-10-29 08:23:00,10810290823,臺中市烏日區三和里中山路三段與高鐵東路口附近與高鐵東路口,0,1,111,112,120,70,127,141,163,172,176,181,188,190,193,206,211,216,218,234,24.1065842856382,120.614186435423,2020-09-10 09:38:13,2019-10-29 08:23:00,2019-10-29
9467549,10810AB291B0442,10810AB291B0442,15,66000,TXG,231,2344,66000050002,2,30575,2019-10-29 19:51:00,10810291951,臺中市北區文莊里中清路一段25巷中清路一段,0,2,111,114,120,50,128,141,163,172,176,181,188,189,193,206,211,216,218,234,24.1526668600678,120.67722773732,2020-09-10 09:38:13,2019-10-29 19:51:00,2019-10-29
9467557,10810AB996B2280,10810AB996B2280,15,66000,TXG,244,0,66000240000,2,31027,2019-10-29 20:00:00,10810292000,臺中市大肚區遊園路二段21號,0,1,110,114,120,50,126,141,163,172,176,181,188,192,196,206,211,216,218,234,0.0,0.0,2020-09-10 09:38:13,2019-10-29 20:00:00,2019-10-29
9466757,10810AB891B1789,10810AB891B1789,15,66000,TXG,245,2185,66000260002,2,31010,2019-10-29 06:45:00,10810290645,臺中市霧峰區吉峰里中正路草湖橋附近草湖橋,0,2,111,112,120,50,137,149,163,172,176,181,188,189,193,199,210,216,217,234,24.0540924196808,120.69614529022,2020-09-10 09:38:13,2019-10-29 06:45:00,2019-10-29
9467160,10810AB691B1365,10810AB691B1365,15,66000,TXG,232,2006,66000060007,2,30612,2019-10-29 13:20:00,10810291320,臺中市西屯區逢甲里河南路二段341號,0,2,111,112,120,40,127,141,163,172,176,181,188,190,193,206,211,216,218,230,24.1717448777331,120.645217981031,2020-09-10 09:38:13,2019-10-29 13:20:00,2019-10-29
9467634,10810AB691B1360,10810AB691B1360,15,66000,TXG,232,2308,66000060023,2,30612,2019-10-29 21:44:00,10810292144,臺中市西屯區何源里河南路一段170號,0,2,111,114,120,50,137,149,163,172,176,181,188,192,196,205,211,216,218,221,0.0,0.0,2020-09-10 09:38:13,2019-10-29 21:44:00,2019-10-29
9467435,10810AB691B1356,10810AB691B1356,15,66000,TXG,232,2000,66000060001,2,30612,2019-10-29 18:00:00,10810291800,臺中市西屯區西安里西屯路二段清隆巷,0,1,111,114,120,50,126,149,163,172,176,181,188,192,196,201,211,216,218,230,0.0,0.0,2020-09-10 09:38:13,2019-10-29 18:00:00,2019-10-29
9467355,10810AB691B1358,10810AB691B1358,15,66000,TXG,232,2367,66000060015,2,30612,2019-10-29 17:10:00,10810291710,臺中市西屯區港尾里環中路往北(舊門牌號碼同志巷38-6號)前附近往北(舊門牌號碼同志巷38-6號)前,0,1,111,112,120,50,137,148,163,172,176,181,188,192,196,206,210,215,218,234,0.0,0.0,2020-09-10 09:38:13,2019-10-29 17:10:00,2019-10-29
9467259,10810AB591B1002,10810AB591B1002,15,66000,TXG,233,2016,66000080017,2,30602,2019-10-29 15:29:00,10810291529,臺中市北屯區仁和里松竹路崇德路,0,1,111,112,120,50,127,141,163,172,176,181,188,190,193,206,211,216,218,234,24.1815127764333,120.68619998081,2020-09-10 09:38:13,2019-10-29 15:29:00,2019-10-29
9467674,10810AB591B1035,10810AB591B1035,15,66000,TXG,233,2402,66000080010,2,30602,2019-10-29 23:46:00,10810292346,臺中市北屯區和平里松竹路一段73號對面附近對面,0,4,111,114,120,50,137,149,163,172,176,181,188,192,196,197,211,216,218,247,24.1786403365721,120.728699345516,2020-09-10 09:38:13,2019-10-29 23:46:00,2019-10-29
9466775,10810AB994B2267,10810AB994B2267,15,66000,TXG,244,2165,66000240014,2,31025,2019-10-29 07:00:00,10810290700,臺中市大肚區頂街里大明二街190號,0,2,111,112,120,50,127,141,163,172,176,181,188,192,196,206,211,216,218,233,0.0,0.0,2020-09-10 09:38:13,2019-10-29 07:00:00,2019-10-29
9467668,10810AB291B0476,10810AB291B0476,15,66000,TXG,231,1998,66000050035,2,30575,2019-10-29 23:05:00,10810292305,臺中市北區梅川里漢口路四段與永興街口附近與永興街口,0,2,111,114,120,50,127,141,163,172,176,181,188,189,193,206,211,216,218,234,24.1670415027515,120.682681948411,2020-09-10 09:38:13,2019-10-29 23:05:00,2019-10-29
9466861,10810ABA94B2621,10810ABA94B2621,15,66000,TXG,312,2539,66000140007,2,31045,2019-10-29 07:50:00,10810290750,臺中市梧棲區草湳里臨港路三段與臨港路三段168巷口附近與臨港路三段168巷口,0,1,111,112,120,40,127,141,163,172,176,177,188,189,193,199,211,216,218,235,0.0,0.0,2020-09-10 09:38:13,2019-10-29 07:50:00,2019-10-29
9467245,10810ABB91B2801,10810ABB91B2801,15,66000,TXG,286,2498,66000110019,2,31061,2019-10-29 15:13:00,10810291513,臺中市大甲區江南里南北二路東西四路一段,0,1,111,112,120,50,127,141,163,172,176,181,188,192,196,206,211,216,218,233,24.3766119886593,120.632960019262,2020-09-10 09:38:13,2019-10-29 15:13:00,2019-10-29
9467385,10810AB291B0441,10810AB291B0441,15,66000,TXG,231,2345,66000050003,2,30575,2019-10-29 17:34:00,10810291734,臺中市北區五常里三民路三段五權路附近五權路,0,1,111,113,120,50,128,141,163,172,176,181,188,190,193,206,211,216,218,230,24.154296111598,120.685943192318,2020-09-10 09:38:13,2019-10-29 17:34:00,2019-10-29
9467424,10810AB691B1362,10810AB691B1362,15,66000,TXG,232,2311,66000060026,2,30612,2019-10-29 17:56:00,10810291756,臺中市西屯區至善里上安路逢甲路,0,2,111,112,120,50,127,141,163,172,176,181,188,190,193,205,210,215,218,234,24.1727162017249,120.63800121482,2020-09-10 09:38:13,2019-10-29 17:56:00,2019-10-29
9466863,10810AB291B0432,10810AB291B0432,15,66000,TXG,231,2356,66000050014,2,30575,2019-10-29 07:52:00,10810290752,臺中市北區頂厝里太原路二段永興街附近永興街,0,2,111,112,120,50,127,142,163,172,176,181,188,189,193,201,211,216,218,235,24.165352377172,120.682386841668,2020-09-10 09:38:13,2019-10-29 07:52:00,2019-10-29
9467436,10810AB891B1830,10810AB891B1830,15,66000,TXG,245,2197,66000260018,2,31010,2019-10-29 18:00:00,10810291800,臺中市霧峰區丁台里中投東路一段北上12.2K處附近北上12.2K處,0,1,111,114,120,40,137,148,163,172,176,181,188,192,196,197,211,215,217,234,24.0320599430066,120.684547738099,2020-09-10 09:38:13,2019-10-29 18:00:00,2019-10-29
9467189,10810AB291B0435,10810AB291B0435,15,66000,TXG,231,1998,66000050035,2,30575,2019-10-29 13:56:00,10810291356,臺中市北區梅川里漢口路梅川西路附近梅川西路,0,1,111,112,120,50,127,141,163,172,176,181,188,189,193,206,211,216,218,230,24.1670443393887,120.67796146358,2020-09-10 09:38:13,2019-10-29 13:56:00,2019-10-29
9466892,10810AB291B0433,10810AB291B0433,15,66000,TXG,231,2358,66000050016,2,30575,2019-10-29 08:11:00,10810290811,臺中市北區賴村里健行路梅川西路附近梅川西路,0,1,111,112,120,50,137,147,163,172,176,181,188,189,193,206,211,216,218,230,24.1591848316632,120.676494093785,2020-09-10 09:38:13,2019-10-29 08:11:00,2019-10-29
9467504,10810AB891B1797,10810AB891B1797,15,66000,TXG,245,5907,66000260009,2,31010,2019-10-29 18:50:00,10810291850,臺中市霧峰區坑口里中正路706號附近706號,0,2,111,114,120,70,137,148,163,172,176,181,188,192,196,197,210,215,217,236,24.0751125075725,120.700023524073,2020-09-10 09:38:13,2019-10-29 18:50:00,2019-10-29
9467192,10810AB191B0226,10810AB191B0226,15,66000,TXG,230,2334,66000040017,2,30566,2019-10-29 14:01:00,10810291401,臺中市西區公正里東興路三段向上路一段,0,2,111,112,120,50,127,141,163,172,176,181,188,189,193,206,211,215,218,233,24.1467247490937,120.653004989979,2020-09-10 09:38:13,2019-10-29 14:01:00,2019-10-29
9467614,10810ABA94B2650,10810ABA94B2650,15,66000,TXG,312,2595,66000140001,2,31045,2019-10-29 21:15:00,10810292115,臺中市梧棲區頂寮里臨港路四段臨港路四段906巷口附近906巷口,0,1,111,114,120,40,126,141,163,172,176,181,188,192,196,206,211,216,218,234,0.0,0.0,2020-09-10 09:38:13,2019-10-29 21:15:00,2019-10-29
9467315,10810AB191B0227,10810AB191B0227,15,66000,TXG,230,2333,66000040016,2,30566,2019-10-29 16:39:00,10810291639,臺中市西區忠明里美村路一段忠誠街,0,2,111,112,120,50,127,159,163,172,176,181,188,189,193,206,211,216,218,221,24.1525410094496,120.661690844613,2020-09-10 09:38:13,2019-10-29 16:39:00,2019-10-29
9467035,10810ABA94B2622,10810ABA94B2622,15,66000,TXG,312,2534,66000140002,2,31045,2019-10-29 10:00:00,10810291000,臺中市梧棲區下寮里民生西街頂橫街,0,1,111,112,120,30,126,141,163,172,176,181,188,192,196,206,211,216,218,234,24.2581887739365,120.52772717974,2020-09-10 09:38:13,2019-10-29 10:00:00,2019-10-29
9467332,10810AB891B1787,10810AB891B1787,15,66000,TXG,247,2239,66000280003,2,31010,2019-10-29 16:58:00,10810291658,臺中市大里區樹王里樹王路樹王橋上附近樹王橋上,0,2,111,112,120,50,131,149,163,172,176,181,188,192,196,201,211,216,217,231,24.1094602895814,120.665829792282,2020-09-10 09:38:13,2019-10-29 16:58:00,2019-10-29
9466910,10810ABB91B2798,10810ABB91B2798,15,66000,TXG,287,2128,66000220001,2,31061,2019-10-29 08:20:00,10810290820,臺中市大安區南埔里南安路151號,0,1,111,112,120,50,137,149,163,172,176,181,188,192,196,201,211,216,217,231,24.3501096782413,120.578930276605,2020-09-10 09:38:13,2019-10-29 08:20:00,2019-10-29
9466823,10810AB291B0449,10810AB291B0449,15,66000,TXG,231,0,66000050000,2,30575,2019-10-29 07:36:00,10810290736,臺中市北區國豐街173號,0,1,111,112,120,50,137,149,163,172,176,181,188,192,196,201,211,216,218,235,24.1607287656232,120.696008296584,2020-09-10 09:38:13,2019-10-29 07:36:00,2019-10-29
9467231,10810AB993B2271,10810AB993B2271,15,66000,TXG,14,2142,66000230003,2,31024,2019-10-29 14:52:00,10810291452,臺中市烏日區三和里環河路四段高鐵路一段,0,1,111,112,120,40,126,141,163,172,176,181,188,190,193,206,211,216,218,234,24.1057226881056,120.601527929315,2020-09-10 09:38:13,2019-10-29 14:52:00,2019-10-29
9467112,10810AB891B1777,10810AB891B1777,15,66000,TXG,247,2237,66000280001,2,31010,2019-10-29 11:59:00,10810291159,臺中市大里區大里里國光路一段123號,0,1,111,112,120,50,126,141,163,172,176,179,186,192,196,197,210,216,218,234,24.0975399062333,120.683282747158,2020-09-10 09:38:13,2019-10-29 11:59:00,2019-10-29
9466836,10810AB891B1771,10810AB891B1771,15,66000,TXG,247,2256,66000280015,2,31010,2019-10-29 07:40:00,10810290740,臺中市大里區健民里練武路附近無名路附近附近無名路,0,1,111,112,120,30,126,141,163,172,176,181,188,192,196,206,211,216,217,236,0.0,0.0,2020-09-10 09:38:13,2019-10-29 07:40:00,2019-10-29
9467128,10810AB891B1782,10810AB891B1782,15,66000,TXG,245,2193,66000260011,2,31010,2019-10-29 12:16:00,10810291216,臺中市霧峰區南柳里中正路、柳豐路附近、柳豐路,0,1,111,112,120,50,126,141,163,172,176,181,188,189,193,206,210,215,217,234,24.0427052702863,120.691893315288,2020-09-10 09:38:13,2019-10-29 12:16:00,2019-10-29
9467107,10810AB691B1364,10810AB691B1364,15,66000,TXG,232,2320,66000060035,2,30612,2019-10-29 11:44:00,10810291144,臺中市西屯區福恩里工業區一路6號,0,2,111,112,120,50,137,149,163,172,176,181,188,192,196,201,210,216,218,231,24.1824122343204,120.61491565607,2020-09-10 09:38:13,2019-10-29 11:44:00,2019-10-29
9467481,10810AB891B1783,10810AB891B1783,15,66000,TXG,245,2186,66000260003,2,31010,2019-10-29 18:29:00,10810291829,臺中市霧峰區甲寅里中正路1134號,0,2,111,114,120,50,127,141,163,172,176,181,188,192,196,206,211,216,218,235,24.0700851914264,120.699492346478,2020-09-10 09:38:13,2019-10-29 18:29:00,2019-10-29
9466791,10810ABA95B2626,10810ABA95B2626,15,66000,TXG,236,2531,66000130019,2,31046,2019-10-29 07:15:00,10810290715,臺中市沙鹿區西勢里中山路1-1號,0,1,111,112,120,50,137,148,163,172,176,181,188,192,196,201,210,215,218,236,0.0,0.0,2020-09-10 09:38:13,2019-10-29 07:15:00,2019-10-29
9466980,10810AB191B0161,10810AB191B0161,15,66000,TXG,230,2330,66000040013,2,30566,2019-10-29 09:00:00,10810290900,臺中市西區安龍里忠勤街林森路,0,1,111,112,120,50,127,141,163,172,176,181,188,189,193,206,211,216,218,233,24.1405914375826,120.667331538811,2020-09-10 09:38:13,2019-10-29 09:00:00,2019-10-29
9467082,10810AB191B0260,10810AB191B0260,15,66000,TXG,230,2333,66000040016,2,30566,2019-10-29 11:00:00,10810291100,臺中市西區忠明里健行路1013號,0,1,111,112,120,50,137,147,163,172,176,181,188,192,196,201,211,215,218,235,24.1568706882334,120.66368182864,2020-09-10 09:38:13,2019-10-29 11:00:00,2019-10-29
9467431,10810AB996B2274,10810AB996B2274,15,66000,TXG,244,0,66000240000,2,31027,2019-10-29 17:59:00,10810291759,臺中市大肚區遊園路一段122-3號,0,1,110,114,120,50,137,149,163,172,176,181,188,192,196,201,211,216,217,230,0.0,0.0,2020-09-10 09:38:13,2019-10-29 17:59:00,2019-10-29
9467099,10810AB891B1795,10810AB891B1795,15,66000,TXG,247,2260,66000280019,2,31010,2019-10-29 11:35:00,10810291135,臺中市大里區東湖里忠孝路與長春路口附近與長春路口,0,1,111,112,120,50,127,141,163,172,176,181,188,189,193,206,211,216,217,233,24.0867925284488,120.689102406278,2020-09-10 09:38:13,2019-10-29 11:35:00,2019-10-29
9466865,10810AB891B1772,10810AB891B1772,15,66000,TXG,247,2256,66000280015,2,31010,2019-10-29 07:53:00,10810290753,臺中市大里區健民里健民路10號,0,1,111,112,120,30,134,149,163,172,176,181,188,192,196,206,211,216,218,229,24.0878025656046,120.730466265496,2020-09-10 09:38:13,2019-10-29 07:53:00,2019-10-29
9467465,10810AB591B1005,10810AB591B1005,15,66000,TXG,233,2021,66000080022,2,30602,2019-10-29 18:16:00,10810291816,臺中市北屯區仁愛里水湳路115巷,0,1,111,114,120,50,126,141,163,172,176,181,188,192,196,206,211,216,218,235,24.1804358053067,120.673369278807,2020-09-10 09:38:13,2019-10-29 18:16:00,2019-10-29