識別碼,案件編號,交通事故主表,縣市識別碼,縣市代碼,所屬縣市簡碼,鄉縣市區識別碼,村里識別碼,里代碼,事故類(A1、A2...An),處理單位代碼,案件時間(西元),案件時間(民國),發生地點,死亡人數,受傷人數(含2~30日內死亡),天氣識別碼,光線識別碼,道路類別識別碼,速限,道路型態識別碼,事故位置識別碼,路面鋪裝識別碼,路面狀態識別碼,路面缺陷識別碼,障礙物視距識別碼,視距識別碼,號誌種類識別碼,號誌動作識別碼,車道劃分設施-分向設施識別碼,快車道或一般車道間識別碼,快慢車道間識別碼,路面邊線識別碼,事故類型及型態識別碼,緯度,經度,本平台資料更新時間(yyyy-MM-dd HH:mm:ss),資料代表時間(yyyy-MM-dd HH:mm:ss),資料代表日期(yyyy-MM-dd)
9468320,10810AB191B0236,10810AB191B0236,15,66000,TXG,227,2055,66000010003,2,30566,2019-10-30 17:00:00,10810301700,臺中市中區綠川里成功路綠川西街,0,1,111,114,120,50,127,158,163,172,176,181,188,190,193,206,211,216,218,221,24.1393951783741,120.684523093209,2020-09-10 09:38:13,2019-10-30 17:00:00,2019-10-30
9468197,10810AB591B1016,10810AB591B1016,15,66000,TXG,233,2411,66000080039,2,30602,2019-10-30 14:14:00,10810301414,臺中市北屯區平興里北屯路433號,0,2,111,112,120,50,137,149,163,172,176,181,188,192,196,205,210,216,218,235,24.176891813552,120.699679012226,2020-09-10 09:38:13,2019-10-30 14:14:00,2019-10-30
9467840,10810AB891B1793,10810AB891B1793,15,66000,TXG,247,2267,66000280026,2,31010,2019-10-30 07:55:00,10810300755,臺中市大里區立德里立元路與立仁橋口附近與立仁橋口,0,1,111,112,120,50,128,141,163,172,176,181,188,189,193,206,211,216,218,234,0.0,0.0,2020-09-10 09:38:13,2019-10-30 07:55:00,2019-10-30
9467855,10810AB891B1804,10810AB891B1804,15,66000,TXG,247,2264,66000280023,2,31010,2019-10-30 08:02:00,10810300802,臺中市大里區永隆里國光路二段541號,0,1,111,112,120,50,137,148,163,172,176,181,188,192,196,197,210,215,217,231,24.1118302521366,120.679019817675,2020-09-10 09:38:13,2019-10-30 08:02:00,2019-10-30
9468404,10810AB291B0478,10810AB291B0478,15,66000,TXG,231,1996,66000050033,2,30575,2019-10-30 17:53:00,10810301753,臺中市北區明新里忠明路499號,0,1,111,114,120,50,137,147,163,172,176,181,188,192,196,197,210,215,218,234,0.0,0.0,2020-09-10 09:38:13,2019-10-30 17:53:00,2019-10-30
9468352,10810ABA95B2648,10810ABA95B2648,15,66000,TXG,236,2523,66000130011,2,31046,2019-10-30 17:24:00,10810301724,臺中市沙鹿區北勢里北勢東路536號,0,2,111,112,120,50,137,147,163,172,176,181,188,192,196,200,211,215,218,221,0.0,0.0,2020-09-10 09:38:13,2019-10-30 17:24:00,2019-10-30
9467856,10810AB793B3176,10810AB793B3176,15,66000,TXG,239,2570,66000170010,2,30623,2019-10-30 08:04:00,10810300804,臺中市潭子區栗林里中山路三段287巷9弄154號,0,1,111,112,120,40,126,141,163,172,176,181,188,192,196,206,211,216,218,235,0.0,0.0,2020-09-10 09:38:13,2019-10-30 08:04:00,2019-10-30
9468482,10810AB891B1833,10810AB891B1833,15,66000,TXG,247,2248,66000280007,2,31010,2019-10-30 18:59:00,10810301859,臺中市大里區西榮里西榮路光榮街口附近光榮街口,0,1,111,114,120,50,127,141,163,168,176,181,188,192,196,200,207,216,217,233,24.1120419532797,120.686179298592,2020-09-10 09:38:13,2019-10-30 18:59:00,2019-10-30
9467744,10810ABA93B2632,10810ABA93B2632,15,66000,TXG,311,193,66000120010,2,31044,2019-10-30 07:04:00,10810300704,臺中市清水區南社里010鄰鰲峰路229之01號,0,1,111,112,120,50,137,149,163,172,176,181,188,192,196,205,210,216,217,234,0.0,0.0,2020-09-10 09:38:13,2019-10-30 07:04:00,2019-10-30
9467945,10810AB891B1805,10810AB891B1805,15,66000,TXG,247,2268,66000280027,2,31010,2019-10-30 09:02:00,10810300902,臺中市大里區仁德里仁化路與慈德路口附近與慈德路口,0,3,111,112,120,50,127,141,163,172,176,181,188,190,193,206,211,216,218,231,24.0965088647875,120.698966245007,2020-09-10 09:38:13,2019-10-30 09:02:00,2019-10-30
9467914,10810AB491B0676,10810AB491B0676,15,66000,TXG,13,2375,66000070007,2,30594,2019-10-30 08:47:00,10810300847,臺中市南屯區文山里忠勇路71-5號,0,1,111,112,120,40,137,147,163,172,176,181,188,192,196,205,211,215,218,234,0.0,0.0,2020-09-10 09:38:13,2019-10-30 08:47:00,2019-10-30
9468566,10810ABC91B2015,10810ABC91B2015,15,66000,TXG,246,2220,66000270023,2,31077,2019-10-30 20:54:00,10810302054,臺中市太平區東和里中山路一段146巷中山路一段,0,1,111,114,120,50,126,142,163,172,176,181,188,192,196,201,211,216,217,245,24.1384506593397,120.732460224502,2020-09-10 09:38:13,2019-10-30 20:54:00,2019-10-30
9467931,10810AB591B1017,10810AB591B1017,15,66000,TXG,233,2400,66000080008,2,30602,2019-10-30 08:55:00,10810300855,臺中市北屯區水景里環太東路太原路,0,1,111,112,120,50,127,141,163,172,176,181,188,190,193,206,211,216,218,234,0.0,0.0,2020-09-10 09:38:13,2019-10-30 08:55:00,2019-10-30
9468297,10810AB994B2292,10810AB994B2292,15,66000,TXG,244,2165,66000240014,2,31025,2019-10-30 16:30:00,10810301630,臺中市大肚區頂街里榮華街6號,0,1,111,112,120,50,137,147,163,172,176,181,188,192,196,201,211,215,218,234,24.1549117640596,120.544930935478,2020-09-10 09:38:13,2019-10-30 16:30:00,2019-10-30
9468579,10810AB191B0270,10810AB191B0270,15,66000,TXG,230,2336,66000040019,2,30566,2019-10-30 21:26:00,10810302126,臺中市西區忠誠里精誠路精誠七街附近精誠七街,0,1,111,114,120,50,126,141,163,172,176,181,188,192,196,201,211,216,218,235,24.1551807138017,120.655876233051,2020-09-10 09:38:13,2019-10-30 21:26:00,2019-10-30
9468053,10810AB191B0241,10810AB191B0241,15,66000,TXG,230,2300,66000040004,2,30566,2019-10-30 11:15:00,10810301115,臺中市西區東昇里大全街貴和街附近貴和街,0,1,111,112,120,50,127,141,163,172,176,181,188,192,196,206,211,216,218,233,24.1359492348824,120.671042288347,2020-09-10 09:38:13,2019-10-30 11:15:00,2019-10-30
9468211,10810AB291B0455,10810AB291B0455,15,66000,TXG,231,2345,66000050003,2,30575,2019-10-30 14:27:00,10810301427,臺中市北區五常里三民路三段五權路附近五權路,0,1,111,112,120,50,128,141,163,172,176,181,188,190,193,206,211,216,218,230,24.154296111598,120.685943192318,2020-09-10 09:38:13,2019-10-30 14:27:00,2019-10-30
9468182,10810AB994B2291,10810AB994B2291,15,66000,TXG,244,2165,66000240014,2,31025,2019-10-30 13:42:00,10810301342,臺中市大肚區頂街里紙廠路50號,0,1,111,112,120,40,137,149,163,172,176,181,188,192,196,206,211,216,218,231,24.1514075405072,120.541838815467,2020-09-10 09:38:13,2019-10-30 13:42:00,2019-10-30
9468276,10810AB591B1019,10810AB591B1019,15,66000,TXG,233,2022,66000080023,2,30602,2019-10-30 16:00:00,10810301600,臺中市北屯區水湳里中清路二段93號,0,1,111,112,120,50,137,147,163,172,176,181,188,192,196,197,210,215,218,231,24.1755921492981,120.670603345657,2020-09-10 09:38:13,2019-10-30 16:00:00,2019-10-30
9467770,10810ABC91B2033,10810ABC91B2033,15,66000,TXG,246,2231,66000270034,2,31077,2019-10-30 07:28:00,10810300728,臺中市太平區豐年里大源路大源十街,0,1,111,112,120,50,137,149,163,172,176,181,188,192,196,201,211,216,217,235,24.1432520127186,120.724999419634,2020-09-10 09:38:13,2019-10-30 07:28:00,2019-10-30
9467980,10810AB891B1809,10810AB891B1809,15,66000,TXG,247,2248,66000280007,2,31010,2019-10-30 09:47:00,10810300947,臺中市大里區西榮里中興路二段與德芳路一段路口附近與德芳路一段路口,0,2,111,112,120,50,128,142,163,172,176,181,188,190,193,206,211,216,218,234,24.1128012804676,120.689879910666,2020-09-10 09:38:13,2019-10-30 09:47:00,2019-10-30
9468613,10810AB291B0482,10810AB291B0482,15,66000,TXG,231,2356,66000050014,2,30575,2019-10-30 22:18:00,10810302218,臺中市北區頂厝里北興街212號,0,1,111,114,120,40,137,149,163,172,176,181,188,192,196,201,210,216,218,227,24.1639058075844,120.684742951538,2020-09-10 09:38:13,2019-10-30 22:18:00,2019-10-30
9468574,10810ABC91B2016,10810ABC91B2016,15,66000,TXG,246,2230,66000270033,2,31077,2019-10-30 21:15:00,10810302115,臺中市太平區光明里中山路二段坪林橋燈桿04084號前附近坪林橋燈桿04084號前,0,1,111,114,120,50,137,147,163,172,176,181,188,192,196,201,208,215,217,231,24.1502385415685,120.729295014669,2020-09-10 09:38:13,2019-10-30 21:15:00,2019-10-30
9468311,10810AB795B3183,10810AB795B3183,15,66000,TXG,240,2083,66000180002,2,30625,2019-10-30 16:47:00,10810301647,臺中市大雅區員林里大林路與大林路66巷口附近與大林路66巷口,0,1,111,113,120,50,127,142,163,172,176,181,188,189,193,201,211,216,217,234,0.0,0.0,2020-09-10 09:38:13,2019-10-30 16:47:00,2019-10-30
9467695,10810AB891B1790,10810AB891B1790,15,66000,TXG,247,2237,66000280001,2,31010,2019-10-30 01:38:00,10810300138,臺中市大里區大里里國中路大衛路附近大衛路,0,1,111,114,120,50,137,149,163,172,176,181,188,191,193,201,211,216,217,235,24.0955981411513,120.68005957807,2020-09-10 09:38:13,2019-10-30 01:38:00,2019-10-30
9468571,10810AB795B3187,10810AB795B3187,15,66000,TXG,240,2093,66000180013,2,30625,2019-10-30 21:05:00,10810302105,臺中市大雅區文雅里中山北路235號前附近235號前,0,1,111,114,120,50,126,141,163,172,176,181,188,191,193,206,211,216,218,236,0.0,0.0,2020-09-10 09:38:13,2019-10-30 21:05:00,2019-10-30
9468507,10810AB891B1842,10810AB891B1842,15,66000,TXG,245,2188,66000260005,2,31010,2019-10-30 19:30:00,10810301930,臺中市霧峰區中正里振興街38號,0,3,111,114,120,50,128,142,163,172,176,181,188,191,193,201,210,216,217,227,24.1144318018913,120.588523183429,2020-09-10 09:38:13,2019-10-30 19:30:00,2019-10-30
9468035,10810AB795B3177,10810AB795B3177,15,66000,TXG,240,2083,66000180002,2,30625,2019-10-30 10:48:00,10810301048,臺中市大雅區員林里民生路一段神林路一段,0,1,111,112,120,50,127,141,163,172,176,181,188,189,193,201,211,216,217,235,24.2293843955355,120.654346372893,2020-09-10 09:38:13,2019-10-30 10:48:00,2019-10-30
9467976,10810AB291B0447,10810AB291B0447,15,66000,TXG,231,1999,66000050036,2,30575,2019-10-30 09:40:00,10810300940,臺中市北區賴福里太原路二段梅川西路三段附近梅川西路三段,0,1,111,112,120,50,128,141,163,172,176,181,188,189,193,206,211,216,218,235,24.1651755105226,120.676942810831,2020-09-10 09:38:13,2019-10-30 09:40:00,2019-10-30
9467919,10810AB291B0454,10810AB291B0454,15,66000,TXG,231,1992,66000050029,2,30575,2019-10-30 08:49:00,10810300849,臺中市北區錦平里五權路中華路二段附近中華路二段,0,2,111,112,120,50,127,141,163,172,176,181,188,189,193,206,211,216,218,230,24.153248705427,120.682575296276,2020-09-10 09:38:13,2019-10-30 08:49:00,2019-10-30
9468524,10810AB691B1393,10810AB691B1393,15,66000,TXG,232,2367,66000060015,2,30612,2019-10-30 19:50:00,10810301950,臺中市西屯區港尾里中康街中清路二段1250巷附近1250巷,0,1,111,112,120,50,127,142,163,172,176,181,188,192,196,205,210,215,218,234,0.0,0.0,2020-09-10 09:38:13,2019-10-30 19:50:00,2019-10-30
9468064,10810AB891B1829,10810AB891B1829,15,66000,TXG,245,2185,66000260002,2,31010,2019-10-30 11:26:00,10810301126,臺中市霧峰區吉峰里民生路201號,0,2,111,112,120,40,127,141,163,172,176,181,188,189,193,206,211,216,218,234,24.1444487455086,120.669218049553,2020-09-10 09:38:13,2019-10-30 11:26:00,2019-10-30
9468192,10810AB591B1014,10810AB591B1014,15,66000,TXG,233,2412,66000080040,2,30602,2019-10-30 14:00:00,10810301400,臺中市北屯區平昌里北平路四段興安路一段,0,1,111,112,120,50,127,141,163,172,176,181,188,190,193,206,211,216,218,236,24.1702468200547,120.694127362885,2020-09-10 09:38:13,2019-10-30 14:00:00,2019-10-30
9468215,10810AB795B3182,10810AB795B3182,15,66000,TXG,240,2082,66000180001,2,30625,2019-10-30 14:30:00,10810301430,臺中市大雅區大雅里學府路263號,0,1,111,112,120,40,137,149,163,172,176,181,188,192,196,201,211,216,217,234,24.223315836428,120.649696283363,2020-09-10 09:38:13,2019-10-30 14:30:00,2019-10-30
9468326,10810AB591B1020,10810AB591B1020,15,66000,TXG,233,2402,66000080010,2,30602,2019-10-30 17:06:00,10810301706,臺中市北屯區和平里東山路一段386號,0,2,111,113,120,50,128,158,163,172,176,181,188,190,193,206,211,216,218,221,24.1767686763476,120.733904693172,2020-09-10 09:38:13,2019-10-30 17:06:00,2019-10-30
9468580,10810AB891B1843,10810AB891B1843,15,66000,TXG,245,2185,66000260002,2,31010,2019-10-30 21:30:00,10810302130,臺中市霧峰區吉峰里自強路328巷41號,0,1,111,114,120,40,136,149,163,172,176,181,188,192,196,206,211,216,218,236,0.0,0.0,2020-09-10 09:38:13,2019-10-30 21:30:00,2019-10-30
9467684,10810AB491B0673,10810AB491B0673,15,66000,TXG,13,2390,66000070022,2,30594,2019-10-30 00:25:00,10810300025,臺中市南屯區惠中里大墩路大墩十一街,0,1,111,112,120,50,127,141,163,172,176,181,188,189,193,206,211,216,218,236,24.1488325761424,120.649835921708,2020-09-10 09:38:13,2019-10-30 00:25:00,2019-10-30
9467884,10810AB993B2290,10810AB993B2290,15,66000,TXG,14,2141,66000230002,2,31024,2019-10-30 08:21:00,10810300821,臺中市烏日區湖日里光日路48號,0,1,111,112,120,50,127,141,163,172,176,181,188,192,196,201,211,216,217,234,24.1072826414819,120.625173154559,2020-09-10 09:38:13,2019-10-30 08:21:00,2019-10-30
9467900,10810AB291B0446,10810AB291B0446,15,66000,TXG,231,1989,66000050026,2,30575,2019-10-30 08:38:00,10810300838,臺中市北區中正里中山路427號,0,2,111,112,120,50,137,147,163,172,176,181,188,192,196,206,210,216,218,235,24.1456356435535,120.674007738754,2020-09-10 09:38:13,2019-10-30 08:38:00,2019-10-30
9467705,10810AB993B2296,10810AB993B2296,15,66000,TXG,14,2146,66000230008,2,31024,2019-10-30 03:56:00,10810300356,臺中市烏日區前竹里光明路光明幹38G5433CB69號桿處附近光明幹38G5433CB69號桿處,0,1,111,114,120,50,137,153,163,172,176,181,188,192,196,205,210,215,218,244,24.0990220199669,120.647465352432,2020-09-10 09:38:13,2019-10-30 03:56:00,2019-10-30
9468462,10810ABA94B2653,10810ABA94B2653,15,66000,TXG,312,2542,66000140011,2,31045,2019-10-30 18:40:00,10810301840,臺中市梧棲區大村里文昌路近文昌路407巷附近近文昌路407巷,0,2,111,114,120,50,126,142,163,172,176,181,188,192,196,206,211,216,218,234,0.0,0.0,2020-09-10 09:38:13,2019-10-30 18:40:00,2019-10-30
9467937,10810AB793B3181,10810AB793B3181,15,66000,TXG,239,2562,66000170002,2,30623,2019-10-30 08:58:00,10810300858,臺中市潭子區潭秀里勝利路南門街,0,1,111,112,120,50,126,141,163,172,176,181,188,192,196,201,210,216,217,235,24.2168524202601,120.700822830795,2020-09-10 09:38:13,2019-10-30 08:58:00,2019-10-30
9468415,10810AB291B0020,10810AB291B0020,15,66000,TXG,231,1997,66000050034,2,30575,2019-10-30 18:01:00,10810301801,臺中市北區立人里中清路一段713號,0,1,111,114,120,50,137,147,163,172,176,181,188,192,196,204,209,215,218,230,24.1724500659106,120.671635212988,2020-09-10 09:38:13,2019-10-30 18:01:00,2019-10-30
9468381,10810AB491B0677,10810AB491B0677,15,66000,TXG,13,2390,66000070022,2,30594,2019-10-30 17:40:00,10810301740,臺中市南屯區惠中里公益路二段大墩路,0,1,111,114,120,50,127,141,163,172,176,181,188,190,193,206,211,216,218,233,24.1507863927349,120.649809752168,2020-09-10 09:38:13,2019-10-30 17:40:00,2019-10-30
9468427,10810AB891B1826,10810AB891B1826,15,66000,TXG,247,2249,66000280008,2,31010,2019-10-30 18:10:00,10810301810,臺中市大里區內新里中興路二段229號,0,2,111,112,120,40,126,141,163,172,176,181,188,189,193,201,211,216,217,235,0.0,0.0,2020-09-10 09:38:13,2019-10-30 18:10:00,2019-10-30
9468120,10810AB591B1013,10810AB591B1013,15,66000,TXG,233,2022,66000080023,2,30602,2019-10-30 12:28:00,10810301228,臺中市北屯區水湳里中清路二段水湳路,0,1,111,112,120,50,127,141,163,172,176,181,188,189,193,206,211,216,218,234,24.1765956294652,120.669971351742,2020-09-10 09:38:13,2019-10-30 12:28:00,2019-10-30
9467971,10810AB891B1817,10810AB891B1817,15,66000,TXG,247,2249,66000280008,2,31010,2019-10-30 09:30:00,10810300930,臺中市大里區內新里中興路二段427號,0,1,111,112,120,50,128,141,163,172,176,181,188,189,193,206,211,216,218,234,0.0,0.0,2020-09-10 09:38:13,2019-10-30 09:30:00,2019-10-30
9467959,10810ABA95B2634,10810ABA95B2634,15,66000,TXG,236,2525,66000130013,2,31046,2019-10-30 09:15:00,10810300915,臺中市沙鹿區晉江里臺灣大道路七段與晉文路口附近與晉文路口,0,2,111,112,120,50,126,141,163,172,176,181,188,190,193,206,211,216,218,234,0.0,0.0,2020-09-10 09:38:13,2019-10-30 09:15:00,2019-10-30
9468156,10810AB794B3180,10810AB794B3180,15,66000,TXG,238,2042,66000160006,2,30624,2019-10-30 13:11:00,10810301311,臺中市神岡區社南里昌平路五段三社路,0,1,111,112,120,50,126,141,163,172,176,181,188,189,193,206,211,216,218,235,24.2433416603154,120.682515382082,2020-09-10 09:38:13,2019-10-30 13:11:00,2019-10-30
9467851,10810AB993B2288,10810AB993B2288,15,66000,TXG,14,2141,66000230002,2,31024,2019-10-30 08:00:00,10810300800,臺中市烏日區湖日里新興路626號,0,1,111,112,120,60,137,148,163,172,176,181,188,192,196,197,209,215,217,231,0.0,0.0,2020-09-10 09:38:13,2019-10-30 08:00:00,2019-10-30
9468394,10810AB891B1841,10810AB891B1841,15,66000,TXG,247,2248,66000280007,2,31010,2019-10-30 17:48:00,10810301748,臺中市大里區西榮里大明路(西榮路)口附近(西榮路)口,0,1,111,112,120,50,127,141,163,172,176,181,188,189,193,201,210,215,217,221,24.1152700827883,120.68616622632,2020-09-10 09:38:13,2019-10-30 17:48:00,2019-10-30
9468279,10810AB291B0457,10810AB291B0457,15,66000,TXG,231,2347,66000050005,2,30575,2019-10-30 16:05:00,10810301605,臺中市北區新北里雙十路二段錦新街,0,2,111,112,120,50,128,141,163,172,176,181,188,192,196,206,211,216,218,234,24.1524458454295,120.688700749648,2020-09-10 09:38:13,2019-10-30 16:05:00,2019-10-30
9468568,10810AB795B3199,10810AB795B3199,15,66000,TXG,240,2086,66000180005,2,30625,2019-10-30 21:00:00,10810302100,臺中市大雅區忠義里東大路二段999號對面附近對面,0,1,111,114,120,50,137,153,163,172,176,181,188,192,196,197,210,216,217,230,24.2338874322796,120.613830691353,2020-09-10 09:38:13,2019-10-30 21:00:00,2019-10-30
9467734,10810AB291B0479,10810AB291B0479,15,66000,TXG,231,2345,66000050003,2,30575,2019-10-30 06:52:00,10810300652,臺中市北區五常里五權路與學士路口附近與學士路口,0,1,111,113,120,50,127,141,163,172,176,181,188,190,193,206,211,216,218,221,24.153248705427,120.682575296276,2020-09-10 09:38:13,2019-10-30 06:52:00,2019-10-30
9467794,10810AB891B1791,10810AB891B1791,15,66000,TXG,247,2257,66000280016,2,31010,2019-10-30 07:35:00,10810300735,臺中市大里區塗城里光正路59-7號,0,1,111,112,120,30,134,149,163,172,176,181,182,192,196,206,211,216,218,228,0.0,0.0,2020-09-10 09:38:13,2019-10-30 07:35:00,2019-10-30
9468110,10810AB291B0450,10810AB291B0450,15,66000,TXG,231,2356,66000050014,2,30575,2019-10-30 12:18:00,10810301218,臺中市北區頂厝里崇德路一段太原路二段附近太原路二段,0,1,111,112,120,50,127,141,163,172,176,181,188,189,193,206,211,216,218,234,24.1650439741246,120.685020405587,2020-09-10 09:38:13,2019-10-30 12:18:00,2019-10-30
9467915,10810AB591B1011,10810AB591B1011,15,66000,TXG,233,2397,66000080005,2,30602,2019-10-30 08:47:00,10810300847,臺中市北屯區平和里文心路四段123號MRT側,0,1,111,112,120,50,137,149,163,172,176,181,188,192,196,197,210,216,218,230,24.1737939352665,120.675104999372,2020-09-10 09:38:13,2019-10-30 08:47:00,2019-10-30
9467819,10810A2AZKB0139,10810A2AZKB0139,15,66000,TXG,240,0,66000180000,2,28839,2019-10-30 07:50:00,10810300750,臺中市大雅區科雅路機車專用道附近科雅路R02路燈旁,0,1,111,112,122,40,137,151,163,172,176,181,188,192,196,197,210,212,217,230,0.0,0.0,2020-09-10 09:38:13,2019-10-30 07:50:00,2019-10-30
9468562,10810ABA94B2655,10810ABA94B2655,15,66000,TXG,312,2539,66000140007,2,31045,2019-10-30 20:50:00,10810302050,臺中市梧棲區草湳里臺灣大道九段往港埠路一段引道附近往港埠路一段引道,0,2,111,114,120,40,126,142,163,172,176,181,188,191,193,197,210,214,217,234,0.0,0.0,2020-09-10 09:38:13,2019-10-30 20:50:00,2019-10-30
9468319,10810ABB91B2814,10810ABB91B2814,15,66000,TXG,286,2494,66000110015,2,31061,2019-10-30 17:00:00,10810301700,臺中市大甲區武曲里大安港路194號,0,1,111,112,120,50,137,148,163,172,176,181,188,192,196,206,211,216,218,235,24.352784319413,120.612748718158,2020-09-10 09:38:13,2019-10-30 17:00:00,2019-10-30
9467917,10810AB191B0230,10810AB191B0230,15,66000,TXG,230,2303,66000040007,2,30566,2019-10-30 08:48:00,10810300848,臺中市西區公民里柳川西路與公館路口附近與公館路口,0,2,111,112,120,50,127,141,163,172,176,181,188,189,193,206,211,216,218,234,24.1365446227209,120.667125377631,2020-09-10 09:38:13,2019-10-30 08:48:00,2019-10-30
9468565,10810AB591B1021,10810AB591B1021,15,66000,TXG,233,2398,66000080006,2,30602,2019-10-30 20:53:00,10810302053,臺中市北屯區東光里東山路一段49之1號,0,1,111,114,120,50,126,141,163,172,176,181,188,192,196,201,210,216,218,234,0.0,0.0,2020-09-10 09:38:13,2019-10-30 20:53:00,2019-10-30
9467839,10810AB891B1811,10810AB891B1811,15,66000,TXG,245,2195,66000260013,2,31010,2019-10-30 07:55:00,10810300755,臺中市霧峰區五福里中投西路二段436號,0,1,111,112,120,40,127,141,163,172,176,181,188,189,193,206,211,216,218,234,24.07229684117,120.662580571069,2020-09-10 09:38:13,2019-10-30 07:55:00,2019-10-30
9467749,10810AB691B1386,10810AB691B1386,15,66000,TXG,232,2371,66000060019,2,30612,2019-10-30 07:08:00,10810300708,臺中市西屯區福安里安和路與福泰街(口)附近與福泰街(口),0,1,111,112,120,50,126,141,163,172,176,181,188,189,193,206,211,216,218,234,24.1834505145682,120.625466188724,2020-09-10 09:38:13,2019-10-30 07:08:00,2019-10-30
9468288,10810ABA95B2664,10810ABA95B2664,15,66000,TXG,236,2527,66000130015,2,31046,2019-10-30 16:15:00,10810301615,臺中市沙鹿區南勢里鎮南路一段屏西路,0,2,111,112,120,40,126,141,163,172,176,181,188,189,193,206,211,216,218,235,24.2155624176031,120.570880415489,2020-09-10 09:38:13,2019-10-30 16:15:00,2019-10-30
9467983,10810AB891B1794,10810AB891B1794,15,66000,TXG,247,2238,66000280002,2,31010,2019-10-30 09:48:00,10810300948,臺中市大里區新里里上田街與愛心三街口附近與愛心三街口,0,1,111,112,120,30,127,142,163,171,176,181,186,192,196,206,211,216,218,235,24.1017792012548,120.678670723685,2020-09-10 09:38:13,2019-10-30 09:48:00,2019-10-30
9467953,10810AB691B1384,10810AB691B1384,15,66000,TXG,232,2008,66000060009,2,30612,2019-10-30 09:10:00,10810300910,臺中市西屯區何安里青海路與洛陽路(口)附近與洛陽路(口),0,3,111,112,120,50,137,147,163,172,176,181,188,192,196,206,210,215,218,231,24.1665078500581,120.650879498575,2020-09-10 09:38:13,2019-10-30 09:10:00,2019-10-30
9467899,10810AB691B1385,10810AB691B1385,15,66000,TXG,232,2000,66000060001,2,30612,2019-10-30 08:35:00,10810300835,臺中市西屯區西安里福星路535號,0,1,111,112,120,50,137,148,163,172,176,181,188,192,196,204,210,215,218,235,0.0,0.0,2020-09-10 09:38:13,2019-10-30 08:35:00,2019-10-30
9468616,10810AB691B1372,10810AB691B1372,15,66000,TXG,232,2002,66000060003,2,30612,2019-10-30 22:21:00,10810302221,臺中市西屯區潮洋里臺灣大道四段機車引道(往市區)附近機車引道(往市區),0,1,111,114,120,40,134,148,163,172,176,181,188,192,196,197,211,212,218,241,0.0,0.0,2020-09-10 09:38:13,2019-10-30 22:21:00,2019-10-30
9468287,10810ABC91B2034,10810ABC91B2034,15,66000,TXG,246,2214,66000270016,2,31077,2019-10-30 16:14:00,10810301614,臺中市太平區興隆里光興路興隆路,0,1,111,112,120,50,127,141,163,172,176,181,188,189,193,206,211,216,218,234,24.1121645231283,120.730878472357,2020-09-10 09:38:13,2019-10-30 16:14:00,2019-10-30
9468193,10810AB191B0232,10810AB191B0232,15,66000,TXG,230,2556,66000040011,2,30566,2019-10-30 14:01:00,10810301401,臺中市西區民龍里公益路英才路,0,1,111,112,120,50,127,141,163,172,176,181,188,189,193,206,211,216,218,235,24.1508850455982,120.665285212094,2020-09-10 09:38:13,2019-10-30 14:01:00,2019-10-30
9467776,10810ABB91B2802,10810ABB91B2802,15,66000,TXG,286,2494,66000110015,2,31061,2019-10-30 07:30:00,10810300730,臺中市大甲區武曲里新政路橫圳街,0,1,111,112,120,50,126,141,163,172,176,181,188,191,193,206,211,216,218,234,24.3518236456769,120.617116144849,2020-09-10 09:38:13,2019-10-30 07:30:00,2019-10-30
9468251,10810AB993B2293,10810AB993B2293,15,66000,TXG,14,2143,66000230004,2,31024,2019-10-30 15:29:00,10810301529,臺中市烏日區榮泉里成功西路20155燈桿前附近20155燈桿前,0,2,111,112,120,40,134,149,163,172,176,181,182,192,196,206,211,216,217,236,24.1357228145963,120.588137645824,2020-09-10 09:38:13,2019-10-30 15:29:00,2019-10-30
9468185,10810ABA95B2652,10810ABA95B2652,15,66000,TXG,236,2520,66000130008,2,31046,2019-10-30 13:50:00,10810301350,臺中市沙鹿區鹿寮里光華路成功東街,0,2,111,112,120,50,127,141,163,172,176,181,188,190,193,198,208,215,217,230,24.2418384560339,120.564982887735,2020-09-10 09:38:13,2019-10-30 13:50:00,2019-10-30
9468572,10810AB691B1373,10810AB691B1373,15,66000,TXG,232,2367,66000060015,2,30612,2019-10-30 21:06:00,10810302106,臺中市西屯區港尾里中清路二段1313號,0,1,111,113,120,50,137,148,163,172,176,181,188,192,196,197,210,215,218,235,24.1949684668683,120.658459367419,2020-09-10 09:38:13,2019-10-30 21:06:00,2019-10-30
9467830,10810ABA95B2675,10810ABA95B2675,15,66000,TXG,236,2517,66000130005,2,31046,2019-10-30 07:52:00,10810300752,臺中市沙鹿區興仁里光華路近鎮南路二段口附近近鎮南路二段口,0,2,111,112,120,50,137,147,163,172,176,181,188,192,196,201,208,216,218,234,0.0,0.0,2020-09-10 09:38:13,2019-10-30 07:52:00,2019-10-30
9468433,10810AB691B1378,10810AB691B1378,15,66000,TXG,232,2012,66000060013,2,30612,2019-10-30 18:14:00,10810301814,臺中市西屯區大福里中清路二段229號,0,1,111,114,120,40,127,141,163,172,176,181,188,190,193,206,211,216,218,231,0.0,0.0,2020-09-10 09:38:13,2019-10-30 18:14:00,2019-10-30