識別碼,案件編號,交通事故主表,縣市識別碼,縣市代碼,所屬縣市簡碼,鄉縣市區識別碼,村里識別碼,里代碼,事故類(A1、A2...An),處理單位代碼,案件時間(西元),案件時間(民國),發生地點,死亡人數,受傷人數(含2~30日內死亡),天氣識別碼,光線識別碼,道路類別識別碼,速限,道路型態識別碼,事故位置識別碼,路面鋪裝識別碼,路面狀態識別碼,路面缺陷識別碼,障礙物視距識別碼,視距識別碼,號誌種類識別碼,號誌動作識別碼,車道劃分設施-分向設施識別碼,快車道或一般車道間識別碼,快慢車道間識別碼,路面邊線識別碼,事故類型及型態識別碼,緯度,經度,本平台資料更新時間(yyyy-MM-dd HH:mm:ss),資料代表時間(yyyy-MM-dd HH:mm:ss),資料代表日期(yyyy-MM-dd)
9469296,10810ABB91B2809,10810ABB91B2809,15,66000,TXG,286,2487,66000110008,2,31061,2019-10-31 17:11:00,10810311711,臺中市大甲區岷山里中山路一段908巷61號,0,2,111,112,120,30,126,141,163,172,176,181,188,192,196,206,211,216,218,234,24.3511764015311,120.627623594537,2020-09-10 09:38:13,2019-10-31 17:11:00,2019-10-31
9468829,10810AB891B1836,10810AB891B1836,15,66000,TXG,247,2239,66000280003,2,31010,2019-10-31 08:15:00,10810310815,臺中市大里區樹王里中投東路三段東興路,0,1,111,112,120,50,128,141,163,172,176,181,188,189,193,206,211,216,218,233,0.0,0.0,2020-09-10 09:38:13,2019-10-31 08:15:00,2019-10-31
9469340,10810AB891B1859,10810AB891B1859,15,66000,TXG,245,0,66000260000,2,31010,2019-10-31 17:38:00,10810311738,臺中市霧峰區中興路一段與長春路口附近與長春路口,0,1,111,113,120,50,127,149,163,169,176,181,188,190,193,200,207,215,217,234,0.0,0.0,2020-09-10 09:38:13,2019-10-31 17:38:00,2019-10-31
9469346,10810AB591B1037,10810AB591B1037,15,66000,TXG,233,2407,66000080035,2,30602,2019-10-31 17:41:00,10810311741,臺中市北屯區平心里瀋陽路三段68號,0,2,111,114,120,50,137,147,163,172,176,181,188,192,196,201,211,215,218,229,24.1731319875221,120.687633031093,2020-09-10 09:38:13,2019-10-31 17:41:00,2019-10-31
9468794,10810AB993B2300,10810AB993B2300,15,66000,TXG,14,2148,66000230010,2,31024,2019-10-31 07:55:00,10810310755,臺中市烏日區光明里環中路七段環河路一段,0,1,111,112,120,40,126,141,163,172,176,181,188,189,193,206,211,216,218,234,24.0920119515673,120.648073845201,2020-09-10 09:38:13,2019-10-31 07:55:00,2019-10-31
9469211,10810AB191B0268,10810AB191B0268,15,66000,TXG,230,2337,66000040020,2,30566,2019-10-31 15:28:00,10810311528,臺中市西區公益里忠明南路241號,0,1,111,112,120,40,137,148,163,172,176,181,188,192,196,197,210,215,218,231,24.1475654645314,120.657368305953,2020-09-10 09:38:13,2019-10-31 15:28:00,2019-10-31
9469258,10810ABC91B2029,10810ABC91B2029,15,66000,TXG,246,2201,66000270002,2,31077,2019-10-31 16:24:00,10810311624,臺中市太平區長億里太平三街長億一街,0,2,111,112,120,50,127,141,163,172,176,181,188,192,196,206,211,216,218,233,24.1187191300147,120.721564102764,2020-09-10 09:38:13,2019-10-31 16:24:00,2019-10-31
9469569,10810AB591B1031,10810AB591B1031,15,66000,TXG,233,0,66000080000,2,30602,2019-10-31 21:29:00,10810312129,臺中市北屯區太和路二段太和二街,0,3,111,114,120,50,127,141,163,172,176,181,188,192,196,206,211,216,218,233,24.1634318682784,120.725184760567,2020-09-10 09:38:13,2019-10-31 21:29:00,2019-10-31
9469331,10810AB795B3200,10810AB795B3200,15,66000,TXG,240,2090,66000180010,2,30625,2019-10-31 17:32:00,10810311732,臺中市大雅區二和里雅潭路四段639號前附近639號前,0,3,111,112,120,50,137,147,163,172,176,181,188,192,196,197,210,215,217,234,24.2177973424772,120.664935778839,2020-09-10 09:38:13,2019-10-31 17:32:00,2019-10-31
9469274,10810AB891B1846,10810AB891B1846,15,66000,TXG,245,2195,66000260013,2,31010,2019-10-31 16:48:00,10810311648,臺中市霧峰區五福里中投東路二段320號,0,1,111,112,120,40,137,153,163,172,176,181,188,192,196,197,210,216,217,230,24.0700895386076,120.662498183546,2020-09-10 09:38:13,2019-10-31 16:48:00,2019-10-31
9468648,10810AB691B1376,10810AB691B1376,15,66000,TXG,232,2317,66000060032,2,30612,2019-10-31 00:56:00,10810310056,臺中市西屯區何福里寧夏路漢口路二段,0,1,111,114,120,50,127,141,163,172,176,181,188,189,193,201,210,216,218,236,24.1653382256039,120.662151713135,2020-09-10 09:38:13,2019-10-31 00:56:00,2019-10-31
9468900,10810ABB91B2815,10810ABB91B2815,15,66000,TXG,286,2483,66000110004,2,31061,2019-10-31 09:05:00,10810310905,臺中市大甲區孔門里順天路文武路,0,1,111,112,120,50,127,141,163,172,176,181,188,189,193,206,211,216,218,236,24.3466175330478,120.624132999746,2020-09-10 09:38:13,2019-10-31 09:05:00,2019-10-31
9469078,10810AB291B0486,10810AB291B0486,15,66000,TXG,231,2364,66000050022,2,30575,2019-10-31 12:35:00,10810311235,臺中市北區明德里太原路忠明七街,0,1,111,112,120,50,137,148,163,172,176,181,188,189,193,201,210,216,218,230,24.1649031843541,120.669241865739,2020-09-10 09:38:13,2019-10-31 12:35:00,2019-10-31
9468694,10810AB795B3193,10810AB795B3193,15,66000,TXG,240,2083,66000180002,2,30625,2019-10-31 06:53:00,10810310653,臺中市大雅區員林里雅環路二段253號,0,1,111,112,120,50,137,149,163,172,176,181,188,191,193,201,211,216,217,231,24.2292772278084,120.649911926797,2020-09-10 09:38:13,2019-10-31 06:53:00,2019-10-31
9469367,10810AB791B3207,10810AB791B3207,15,66000,TXG,234,2425,66000090011,2,30622,2019-10-31 17:54:00,10810311754,臺中市豐原區東勢里中山路中興路,0,1,111,114,120,50,128,149,163,172,176,181,188,189,193,201,211,216,218,234,24.2482314634852,120.715382224625,2020-09-10 09:38:13,2019-10-31 17:54:00,2019-10-31
9469235,10810AB691B1402,10810AB691B1402,15,66000,TXG,232,2316,66000060031,2,30612,2019-10-31 15:55:00,10810311555,臺中市西屯區何成里大隆路與大容西街(口)附近與大容西街(口),0,1,111,112,120,50,137,148,163,172,176,181,188,192,196,204,210,215,218,234,24.158179945948,120.649479734708,2020-09-10 09:38:13,2019-10-31 15:55:00,2019-10-31
9469118,10810AB795B3202,10810AB795B3202,15,66000,TXG,240,2278,66000180014,2,30625,2019-10-31 13:33:00,10810311333,臺中市大雅區大楓里民族路雅楓街,0,1,111,112,120,50,127,141,163,172,176,181,188,191,193,201,211,215,217,234,0.0,0.0,2020-09-10 09:38:13,2019-10-31 13:33:00,2019-10-31
9469049,10810AB795B3196,10810AB795B3196,15,66000,TXG,240,2091,66000180011,2,30625,2019-10-31 11:55:00,10810311155,臺中市大雅區四德里學府路105號,0,2,111,112,120,30,126,141,163,172,176,181,188,192,196,206,211,216,218,235,24.2236544611796,120.649643841955,2020-09-10 09:38:13,2019-10-31 11:55:00,2019-10-31
9469112,10810ABC91B2026,10810ABC91B2026,15,66000,TXG,246,2220,66000270023,2,31077,2019-10-31 13:21:00,10810311321,臺中市太平區東和里東村路200號,0,1,111,112,120,50,126,149,163,172,176,181,188,192,196,201,211,216,218,234,24.1375075064,120.724086921035,2020-09-10 09:38:13,2019-10-31 13:21:00,2019-10-31
9469189,10810AB691B1379,10810AB691B1379,15,66000,TXG,232,0,66000060000,2,30612,2019-10-31 15:05:00,10810311505,臺中市西屯區國安二路39區0298-23號路燈前附近39區0298-23號路燈前,0,2,111,112,120,50,137,147,163,172,176,181,188,192,196,205,210,215,218,234,24.1909482049154,120.616434365606,2020-09-10 09:38:13,2019-10-31 15:05:00,2019-10-31
9469558,10810AB793B3204,10810AB793B3204,15,66000,TXG,239,2078,66000170013,2,30623,2019-10-31 21:10:00,10810312110,臺中市潭子區聚興里豐興路一段193號,0,1,111,112,120,50,126,142,163,172,176,181,188,189,193,201,210,216,217,234,24.194975847449,120.720602263353,2020-09-10 09:38:13,2019-10-31 21:10:00,2019-10-31
9469354,10810AB891B1851,10810AB891B1851,15,66000,TXG,247,2260,66000280019,2,31010,2019-10-31 17:46:00,10810311746,臺中市大里區東湖里中興路一段163號,0,1,111,114,120,50,137,148,163,172,176,181,188,192,196,197,210,215,217,230,24.0877447053186,120.695855326228,2020-09-10 09:38:13,2019-10-31 17:46:00,2019-10-31
9469597,10810AB993B2311,10810AB993B2311,15,66000,TXG,14,2147,66000230009,2,31024,2019-10-31 22:15:00,10810312215,臺中市烏日區五光里環河路二段11590號燈桿前附近11590號燈桿前,0,1,111,114,120,40,126,142,163,172,176,181,188,192,196,197,210,215,217,234,0.0,0.0,2020-09-10 09:38:13,2019-10-31 22:15:00,2019-10-31
9468732,10810ABA93B2658,10810ABA93B2658,15,66000,TXG,311,2511,66000120031,2,31044,2019-10-31 07:24:00,10810310724,臺中市清水區海風里海風三街電桿海風幹53旁附近電桿海風幹53旁,0,2,111,112,120,30,126,149,163,172,176,181,188,192,196,206,211,216,218,229,0.0,0.0,2020-09-10 09:38:13,2019-10-31 07:24:00,2019-10-31
9469517,10810AB191B0264,10810AB191B0264,15,66000,TXG,227,2060,66000010008,2,30566,2019-10-31 20:26:00,10810312026,臺中市中區中華里中華路一段77號,0,1,111,114,120,50,127,141,163,172,176,181,188,189,193,206,211,216,218,234,24.1790941336277,120.543560183011,2020-09-10 09:38:13,2019-10-31 20:26:00,2019-10-31
9468811,10810ABA94B2662,10810ABA94B2662,15,66000,TXG,312,2539,66000140007,2,31045,2019-10-31 08:04:00,10810310804,臺中市梧棲區草湳里永興路二段378巷永興路二段,0,2,111,112,120,50,127,141,163,172,176,181,184,192,196,206,211,216,218,233,24.228041584395,120.522316617289,2020-09-10 09:38:13,2019-10-31 08:04:00,2019-10-31
9468801,10810AB591B1039,10810AB591B1039,15,66000,TXG,233,2020,66000080021,2,30602,2019-10-31 07:58:00,10810310758,臺中市北屯區同榮里昌平路三段12號,0,1,111,112,120,50,126,142,163,172,176,181,188,192,196,201,211,216,217,235,24.2017278400061,120.675867599547,2020-09-10 09:38:13,2019-10-31 07:58:00,2019-10-31
9468715,10810AB996B2299,10810AB996B2299,15,66000,TXG,244,2168,66000240017,2,31027,2019-10-31 07:17:00,10810310717,臺中市大肚區自強里遊園路二段無名巷00085燈桿前附近無名巷00085燈桿前,0,1,111,112,120,40,137,149,163,172,176,181,188,192,196,206,211,216,218,234,0.0,0.0,2020-09-10 09:38:13,2019-10-31 07:17:00,2019-10-31
9468796,10810AB891B1820,10810AB891B1820,15,66000,TXG,247,2255,66000280014,2,31010,2019-10-31 07:55:00,10810310755,臺中市大里區仁化里仁化路與至善路口附近與至善路口,0,1,111,112,120,50,127,141,163,172,176,181,188,189,193,206,211,216,218,235,24.0964930201628,120.695773495316,2020-09-10 09:38:13,2019-10-31 07:55:00,2019-10-31
9468755,10810ABB93B2812,10810ABB93B2812,15,66000,TXG,243,2119,66000210003,2,31062,2019-10-31 07:37:00,10810310737,臺中市外埔區三崁里甲后路三段400號,0,2,111,113,120,60,137,148,163,172,176,181,188,192,196,201,210,215,217,234,24.3172513757562,120.672368422042,2020-09-10 09:38:13,2019-10-31 07:37:00,2019-10-31
9469527,10810AB891B1857,10810AB891B1857,15,66000,TXG,247,2249,66000280008,2,31010,2019-10-31 20:34:00,10810312034,臺中市大里區內新里內新街福溝巷口附近福溝巷口,0,1,111,114,120,50,126,141,163,172,176,181,188,192,196,206,211,216,218,234,0.0,0.0,2020-09-10 09:38:13,2019-10-31 20:34:00,2019-10-31
9469466,10810AB891B1847,10810AB891B1847,15,66000,TXG,247,2248,66000280007,2,31010,2019-10-31 19:09:00,10810311909,臺中市大里區西榮里東榮路36號旁附近36號旁,0,2,111,114,120,50,127,142,163,172,176,181,188,192,196,201,211,215,217,235,24.110011778363,120.689977269513,2020-09-10 09:38:13,2019-10-31 19:09:00,2019-10-31
9469143,10810AB995B2309,10810AB995B2309,15,66000,TXG,288,2177,66000250009,2,31026,2019-10-31 14:10:00,10810311410,臺中市龍井區忠和里海尾路256巷台西南路,0,1,111,112,120,50,127,141,163,172,176,181,188,192,196,206,211,216,218,233,24.2207547629784,120.518898661842,2020-09-10 09:38:13,2019-10-31 14:10:00,2019-10-31
9468832,10810AB795B3190,10810AB795B3190,15,66000,TXG,240,2089,66000180008,2,30625,2019-10-31 08:16:00,10810310816,臺中市大雅區西寶里雅潭路三段高速公路陸橋附近高速公路陸橋,0,2,111,112,120,50,134,148,163,172,176,181,188,192,196,197,210,215,217,231,0.0,0.0,2020-09-10 09:38:13,2019-10-31 08:16:00,2019-10-31
9469464,10810AB891B1861,10810AB891B1861,15,66000,TXG,247,2248,66000280007,2,31010,2019-10-31 19:07:00,10810311907,臺中市大里區西榮里益民路二段與立興街口附近與立興街口,0,2,111,114,120,50,126,141,163,171,176,180,188,192,196,200,209,215,217,231,24.1124936525514,120.683864999588,2020-09-10 09:38:13,2019-10-31 19:07:00,2019-10-31
9468856,10810AB994B2306,10810AB994B2306,15,66000,TXG,244,2158,66000240007,2,31025,2019-10-31 08:30:00,10810310830,臺中市大肚區大東里自由路252號,0,1,111,112,120,40,126,141,163,172,176,181,188,192,196,197,211,216,218,236,24.1503646538352,120.549369073111,2020-09-10 09:38:13,2019-10-31 08:30:00,2019-10-31
9468688,10810A24WZB0152,10810A24WZB0152,15,66000,TXG,237,0,66000150000,2,28719,2019-10-31 06:35:00,10810310635,臺中市后里區國道1號162.0公里700.0公尺南側側外側車道,0,1,111,112,116,110,137,147,163,172,176,181,188,192,196,197,209,216,217,231,24.4195588829444,120.775398885666,2020-09-10 09:38:13,2019-10-31 06:35:00,2019-10-31
9469303,10810AB994B2310,10810AB994B2310,15,66000,TXG,244,2157,66000240005,2,31025,2019-10-31 17:14:00,10810311714,臺中市大肚區社腳里沙田路一段662巷與沙田路一段710巷口附近與沙田路一段710巷口,0,1,111,112,120,40,127,141,163,172,176,181,188,192,196,206,211,216,218,233,0.0,0.0,2020-09-10 09:38:13,2019-10-31 17:14:00,2019-10-31
9469128,10810AB591B1028,10810AB591B1028,15,66000,TXG,233,2400,66000080008,2,30602,2019-10-31 13:50:00,10810311350,臺中市北屯區水景里景賢路128號,0,1,111,112,120,50,137,148,163,172,176,181,188,192,196,205,211,215,218,236,24.1667397272841,120.726399960924,2020-09-10 09:38:13,2019-10-31 13:50:00,2019-10-31
9469403,10810AB891B1856,10810AB891B1856,15,66000,TXG,247,2255,66000280014,2,31010,2019-10-31 18:20:00,10810311820,臺中市大里區仁化里仁化路仁祥街,0,1,111,114,120,50,126,141,163,172,176,181,188,192,196,206,211,216,218,234,24.0961676094011,120.702989376922,2020-09-10 09:38:13,2019-10-31 18:20:00,2019-10-31
9469024,10810AB793B3197,10810AB793B3197,15,66000,TXG,239,2567,66000170007,2,30623,2019-10-31 11:30:00,10810311130,臺中市潭子區東寶里雅潭路二段1巷03842燈桿前附近03842燈桿前,0,1,111,112,120,30,134,162,163,172,176,181,188,192,196,206,211,216,217,237,0.0,0.0,2020-09-10 09:38:13,2019-10-31 11:30:00,2019-10-31
9468860,10810AB691B1405,10810AB691B1405,15,66000,TXG,232,2004,66000060005,2,30612,2019-10-31 08:30:00,10810310830,臺中市西屯區惠來里臺灣大道三段389號,0,1,111,112,120,40,137,148,163,172,176,181,188,192,196,205,210,212,218,231,24.1667105144488,120.642040285976,2020-09-10 09:38:13,2019-10-31 08:30:00,2019-10-31
9469052,10810AB191B0239,10810AB191B0239,15,66000,TXG,230,2336,66000040019,2,30566,2019-10-31 11:59:00,10810311159,臺中市西區忠誠里臺灣大道與華美西街口附近與華美西街口,0,1,111,112,120,40,137,148,163,172,176,181,188,192,196,197,209,212,218,234,24.1564914700855,120.66049067079,2020-09-10 09:38:13,2019-10-31 11:59:00,2019-10-31
9469104,10810AB7X1B3192,10810AB7X1B3192,15,66000,TXG,234,2423,66000090009,2,31006,2019-10-31 13:07:00,10810311307,臺中市豐原區西安里中正路與瑞興路口附近與瑞興路口,0,2,111,112,120,50,127,141,163,172,176,181,188,189,193,201,210,215,218,234,24.250557902116,120.710705793119,2020-09-10 09:38:13,2019-10-31 13:07:00,2019-10-31
9468789,10810AB691B1388,10810AB691B1388,15,66000,TXG,232,2370,66000060018,2,30612,2019-10-31 07:53:00,10810310753,臺中市西屯區永安里東大路國安二路,0,1,111,112,120,1,126,142,163,172,176,181,188,189,193,205,210,215,218,234,24.195068269365,120.607458427397,2020-09-10 09:38:13,2019-10-31 07:53:00,2019-10-31
9468915,10810AB691B1404,10810AB691B1404,15,66000,TXG,232,2309,66000060024,2,30612,2019-10-31 09:25:00,10810310925,臺中市西屯區西平里烈美街１０７巷,0,1,111,112,120,50,127,141,163,172,176,181,188,192,196,206,211,216,218,233,0.0,0.0,2020-09-10 09:38:13,2019-10-31 09:25:00,2019-10-31
9469081,10810AB994B2307,10810AB994B2307,15,66000,TXG,244,2165,66000240014,2,31025,2019-10-31 12:40:00,10810311240,臺中市大肚區頂街里華山路00895號路燈前附近00895號路燈前,0,2,111,112,120,50,134,149,163,172,176,181,188,192,196,201,211,216,217,235,24.1547587836622,120.545421327364,2020-09-10 09:38:13,2019-10-31 12:40:00,2019-10-31
9469383,10810AB791B3205,10810AB791B3205,15,66000,TXG,234,2445,66000090027,2,30622,2019-10-31 18:04:00,10810311804,臺中市豐原區北陽里北陽路450巷豐原大道四段,0,2,111,114,120,60,127,141,163,172,176,181,188,189,193,206,211,216,218,233,24.2465880124618,120.734953341722,2020-09-10 09:38:13,2019-10-31 18:04:00,2019-10-31
9468961,10810AB795B3195,10810AB795B3195,15,66000,TXG,240,2084,66000180003,2,30625,2019-10-31 10:19:00,10810311019,臺中市大雅區六寶里和平路195號,0,1,111,112,120,50,137,149,163,172,176,181,188,192,196,201,211,216,218,235,0.0,0.0,2020-09-10 09:38:13,2019-10-31 10:19:00,2019-10-31
9469188,10810AB291B0472,10810AB291B0472,15,66000,TXG,231,2345,66000050003,2,30575,2019-10-31 15:05:00,10810311505,臺中市北區五常里柳川東路五常街附近五常街,0,1,111,112,120,50,128,141,163,172,176,181,188,192,196,206,211,216,218,233,24.1546639112968,120.680462217535,2020-09-10 09:38:13,2019-10-31 15:05:00,2019-10-31
9469092,10810AB291B0471,10810AB291B0471,15,66000,TXG,231,2347,66000050005,2,30575,2019-10-31 12:47:00,10810311247,臺中市北區新北里一中街育才北路附近育才北路,0,1,111,112,120,50,127,141,163,172,176,181,188,189,193,206,211,216,218,233,24.1524365146008,120.686357405276,2020-09-10 09:38:13,2019-10-31 12:47:00,2019-10-31
9469321,10810ABA95B2673,10810ABA95B2673,15,66000,TXG,236,0,66000130000,2,31046,2019-10-31 17:26:00,10810311726,臺中市沙鹿區臺灣大道路六段榜文路,0,1,111,112,120,60,127,141,163,172,176,181,188,189,193,206,211,216,218,235,0.0,0.0,2020-09-10 09:38:13,2019-10-31 17:26:00,2019-10-31
9468890,10810AB795B3194,10810AB795B3194,15,66000,TXG,240,2089,66000180008,2,30625,2019-10-31 08:56:00,10810310856,臺中市大雅區西寶里雅潭路三段356號,0,1,111,112,120,40,137,152,163,172,176,181,188,192,196,197,210,215,217,235,24.2157085040647,120.678143370455,2020-09-10 09:38:13,2019-10-31 08:56:00,2019-10-31
9468956,10810ABA94B2663,10810ABA94B2663,15,66000,TXG,312,2539,66000140007,2,31045,2019-10-31 10:10:00,10810311010,臺中市梧棲區草湳里自強一街28巷自強二街,0,1,111,112,120,30,127,141,163,172,176,181,188,192,196,206,211,216,218,233,24.2406084074998,120.53121572893,2020-09-10 09:38:13,2019-10-31 10:10:00,2019-10-31
9469095,10810AB691B1401,10810AB691B1401,15,66000,TXG,232,0,66000060000,2,30612,2019-10-31 12:50:00,10810311250,臺中市西屯區五權西路工業區二十一路附近工業區二十一路,0,1,111,112,120,50,127,141,163,172,176,181,188,189,193,206,211,216,218,234,0.0,0.0,2020-09-10 09:38:13,2019-10-31 12:50:00,2019-10-31
9468947,10810ABA95B2665,10810ABA95B2665,15,66000,TXG,236,2517,66000130005,2,31046,2019-10-31 09:56:00,10810310956,臺中市沙鹿區興仁里沙田路近光華路口附近近光華路口,0,2,111,112,120,40,137,148,163,172,176,181,188,192,196,197,210,215,218,231,0.0,0.0,2020-09-10 09:38:13,2019-10-31 09:56:00,2019-10-31
9469345,10810AB691B1396,10810AB691B1396,15,66000,TXG,232,2000,66000060001,2,30612,2019-10-31 17:40:00,10810311740,臺中市西屯區西安里西苑路89號,0,1,111,112,120,40,137,149,163,172,176,181,188,192,196,201,211,216,218,234,0.0,0.0,2020-09-10 09:38:13,2019-10-31 17:40:00,2019-10-31
9469035,10810AB691B1380,10810AB691B1380,15,66000,TXG,232,2004,66000060005,2,30612,2019-10-31 11:40:00,10810311140,臺中市西屯區惠來里臺灣大道文心路二段,0,1,111,112,120,50,127,141,163,172,176,181,188,189,193,206,211,216,218,231,24.1624416344933,120.649585215101,2020-09-10 09:38:13,2019-10-31 11:40:00,2019-10-31
9468842,10810AB591B1024,10810AB591B1024,15,66000,TXG,233,2026,66000080027,2,30602,2019-10-31 08:21:00,10810310821,臺中市北屯區平順里昌平路一段406號,0,1,111,112,120,50,137,147,163,172,176,181,188,192,196,201,210,215,218,234,24.1757561771517,120.69055338427,2020-09-10 09:38:13,2019-10-31 08:21:00,2019-10-31
9469073,10810AB291B0469,10810AB291B0469,15,66000,TXG,231,1987,66000050024,2,30575,2019-10-31 12:31:00,10810311231,臺中市北區賴明里青島路二段4號,0,1,111,112,120,40,137,148,163,172,176,181,188,192,196,201,211,215,218,235,24.1686735376675,120.674992040857,2020-09-10 09:38:13,2019-10-31 12:31:00,2019-10-31
9469621,10810AB591B1032,10810AB591B1032,15,66000,TXG,233,2412,66000080040,2,30602,2019-10-31 23:11:00,10810312311,臺中市北屯區平昌里昌平路一段226號,0,2,111,114,120,50,137,147,163,172,176,181,188,192,196,201,210,215,218,234,24.170302527204,120.691414331151,2020-09-10 09:38:13,2019-10-31 23:11:00,2019-10-31
9469501,10810AB691B1397,10810AB691B1397,15,66000,TXG,232,2309,66000060024,2,30612,2019-10-31 20:00:00,10810312000,臺中市西屯區西平里福星路近西安街附近近西安街,0,1,111,114,120,50,137,149,163,172,176,181,188,192,196,201,210,216,218,234,0.0,0.0,2020-09-10 09:38:13,2019-10-31 20:00:00,2019-10-31
9469397,10810AB491B0682,10810AB491B0682,15,66000,TXG,13,2379,66000070011,2,30594,2019-10-31 18:15:00,10810311815,臺中市南屯區溝墘里文心路一段546號,0,1,111,114,120,50,137,160,166,172,176,180,188,192,196,197,210,216,218,234,24.1548182869799,120.646905646299,2020-09-10 09:38:13,2019-10-31 18:15:00,2019-10-31
9469110,10810AB191B0244,10810AB191B0244,15,66000,TXG,230,0,66000040000,2,30566,2019-10-31 13:18:00,10810311318,臺中市西區向上路一段27之8號,0,2,111,112,120,50,137,149,163,172,176,181,188,192,196,201,210,216,218,231,0.0,0.0,2020-09-10 09:38:13,2019-10-31 13:18:00,2019-10-31
9468924,10810AB291B0468,10810AB291B0468,15,66000,TXG,231,1995,66000050032,2,30575,2019-10-31 09:32:00,10810310932,臺中市北區賴旺里進化北路學士路附近學士路,0,1,111,112,120,50,126,141,163,172,176,181,188,190,193,206,211,216,218,236,24.1630606007258,120.680960776641,2020-09-10 09:38:13,2019-10-31 09:32:00,2019-10-31
9469482,10810AB996B0034,10810AB996B0034,15,66000,TXG,288,2182,66000250014,2,31027,2019-10-31 19:21:00,10810311921,臺中市龍井區南寮里向上路六段47號,0,3,110,114,120,40,137,148,163,172,176,181,188,192,196,197,210,212,218,230,24.1759646222674,120.581137501467,2020-09-10 09:38:13,2019-10-31 19:21:00,2019-10-31
9469158,10810AB691B1390,10810AB691B1390,15,66000,TXG,232,2310,66000060025,2,30612,2019-10-31 14:28:00,10810311428,臺中市西屯區何南里臺灣大道二段763號,0,1,111,112,120,40,137,148,163,172,176,181,188,192,196,197,210,212,218,231,24.1597671031037,120.654422205474,2020-09-10 09:38:13,2019-10-31 14:28:00,2019-10-31
9469314,10810ABA94B2666,10810ABA94B2666,15,66000,TXG,312,2596,66000140008,2,31045,2019-10-31 17:20:00,10810311720,臺中市梧棲區南簡里民和路一段492巷86號,0,1,111,112,120,30,137,149,163,172,176,181,188,192,196,206,211,216,217,235,0.0,0.0,2020-09-10 09:38:13,2019-10-31 17:20:00,2019-10-31
9468722,10810AB993B2303,10810AB993B2303,15,66000,TXG,14,2149,66000230011,2,31024,2019-10-31 07:20:00,10810310720,臺中市烏日區東園里溪南路一段680巷167號對面附近對面,0,1,111,112,120,40,126,142,163,172,176,181,188,192,196,206,211,216,218,234,0.0,0.0,2020-09-10 09:38:13,2019-10-31 07:20:00,2019-10-31
9469505,10810AB191B0248,10810AB191B0248,15,66000,TXG,227,2059,66000010007,2,30566,2019-10-31 20:05:00,10810312005,臺中市中區大誠里興民街近臺灣大道一段附近近臺灣大道一段,0,1,111,114,120,50,137,149,163,172,176,181,188,192,196,201,211,216,218,229,0.0,0.0,2020-09-10 09:38:13,2019-10-31 20:05:00,2019-10-31
9469210,10810AB291B0473,10810AB291B0473,15,66000,TXG,231,2348,66000050006,2,30575,2019-10-31 15:27:00,10810311527,臺中市北區樂英里力行路262-1號,0,1,111,112,120,40,137,148,163,172,176,181,188,192,196,205,211,215,218,235,0.0,0.0,2020-09-10 09:38:13,2019-10-31 15:27:00,2019-10-31
9469231,10810AB891B1844,10810AB891B1844,15,66000,TXG,245,5912,66000260015,2,31010,2019-10-31 15:50:00,10810311550,臺中市霧峰區舊正里中投西路與豐正路口附近與豐正路口,0,1,111,112,120,40,127,141,163,172,176,181,188,190,193,200,207,215,217,230,24.0294399040835,120.685235393736,2020-09-10 09:38:13,2019-10-31 15:50:00,2019-10-31
9468844,10810AB891B1821,10810AB891B1821,15,66000,TXG,245,2185,66000260002,2,31010,2019-10-31 08:22:00,10810310822,臺中市霧峰區吉峰里吉峰東路71-7號,0,1,111,112,120,30,134,149,163,172,176,181,188,192,196,206,211,216,218,236,0.0,0.0,2020-09-10 09:38:13,2019-10-31 08:22:00,2019-10-31
9468721,10810ABC91B2020,10810ABC91B2020,15,66000,TXG,246,2236,66000270039,2,31077,2019-10-31 07:20:00,10810310720,臺中市太平區永隆里光德路300巷光德路,0,1,111,112,120,50,127,142,163,172,176,181,188,189,193,206,211,216,218,234,0.0,0.0,2020-09-10 09:38:13,2019-10-31 07:20:00,2019-10-31
9468818,10810AB191B0267,10810AB191B0267,15,66000,TXG,230,0,66000040000,2,30566,2019-10-31 08:09:00,10810310809,臺中市西區三民路民權路,0,2,111,112,120,50,127,141,163,172,176,181,188,190,193,206,211,216,218,230,24.140214218774,120.677259321946,2020-09-10 09:38:13,2019-10-31 08:09:00,2019-10-31
9469546,10810AB291B0477,10810AB291B0477,15,66000,TXG,231,2344,66000050002,2,30575,2019-10-31 20:58:00,10810312058,臺中市北區文莊里篤行路中達街附近中達街,0,1,111,114,120,50,126,141,163,172,176,181,188,192,196,206,211,216,218,235,24.1530539016825,120.673638969127,2020-09-10 09:38:13,2019-10-31 20:58:00,2019-10-31
9468868,10810AB191B0237,10810AB191B0237,15,66000,TXG,230,2335,66000040018,2,30566,2019-10-31 08:35:00,10810310835,臺中市西區土庫里忠明南路406號,0,2,111,112,120,50,137,148,163,172,176,181,188,192,196,197,210,215,218,234,24.1354011565887,120.657269576092,2020-09-10 09:38:13,2019-10-31 08:35:00,2019-10-31
9469512,10810AB591B1030,10810AB591B1030,15,66000,TXG,233,2395,66000080003,2,30602,2019-10-31 20:15:00,10810312015,臺中市北屯區三光里東山路一段120號,0,2,111,114,120,50,128,141,163,172,176,181,188,190,193,206,211,216,218,234,24.169715410992602,120.702123842264,2020-09-10 09:38:13,2019-10-31 20:15:00,2019-10-31